frame,Ankle.R_x,Ankle.R_y,Ankle.R_z,Knee.R_x,Knee.R_y,Knee.R_z,Hip.R_x,Hip.R_y,Hip.R_z,Hip.L_x,Hip.L_y,Hip.L_z,Knee.L_x,Knee.L_y,Knee.L_z,Ankle.L_x,Ankle.L_y,Ankle.L_z,Wrist.R_x,Wrist.R_y,Wrist.R_z,Elbow.R_x,Elbow.R_y,Elbow.R_z,Shoulder.R_x,Shoulder.R_y,Shoulder.R_z,Shoulder.L_x,Shoulder.L_y,Shoulder.L_z,Elbow.L_x,Elbow.L_y,Elbow.L_z,Wrist.L_x,Wrist.L_y,Wrist.L_z,Neck_x,Neck_y,Neck_z,Head_x,Head_y,Head_z,Nose_x,Nose_y,Nose_z,Eye.L_x,Eye.L_y,Eye.L_z,Eye.R_x,Eye.R_y,Eye.R_z,Ear.L_x,Ear.L_y,Ear.L_z,Ear.R_x,Ear.R_y,Ear.R_z,hip.Center_x,hip.Center_y,hip.Center_z
0,0.35593712,0.07924478,-0.76818043,0.14739114,0.11872564,-0.38784957,-0.020947376,0.08382592,-0.018015254,0.028805912,0.3156751,0.033410728,0.20480518,0.29837176,-0.34944686,0.38363305,0.30279893,-0.753559,-0.55902016,-0.14662634,0.09042139,-0.37388784,-0.18668877,-0.05776481,-0.38250422,0.059543706,0.077532865,-0.42961785,0.29694209,0.11177147,-0.61216915,0.4873201,0.11800467,-0.83614457,0.5004042,0.22862506,-0.43570274,0.17658687,0.12326403,-0.61981905,0.21561584,0.16513853,-0.5498338,0.116079226,0.2643617,-0.576403,0.17033109,0.26057804,-0.5901786,0.12033537,0.21947889,-0.53914803,0.2492258,0.21108389,-0.5677696,0.14762865,0.12109927,0.0039292676374316216,0.19975051283836365,0.007697736844420433
