frame,Ankle.R_x,Ankle.R_y,Ankle.R_z,Knee.R_x,Knee.R_y,Knee.R_z,Hip.R_x,Hip.R_y,Hip.R_z,Hip.L_x,Hip.L_y,Hip.L_z,Knee.L_x,Knee.L_y,Knee.L_z,Ankle.L_x,Ankle.L_y,Ankle.L_z,Wrist.R_x,Wrist.R_y,Wrist.R_z,Elbow.R_x,Elbow.R_y,Elbow.R_z,Shoulder.R_x,Shoulder.R_y,Shoulder.R_z,Shoulder.L_x,Shoulder.L_y,Shoulder.L_z,Elbow.L_x,Elbow.L_y,Elbow.L_z,Wrist.L_x,Wrist.L_y,Wrist.L_z,Neck_x,Neck_y,Neck_z,Head_x,Head_y,Head_z,Nose_x,Nose_y,Nose_z,Eye.L_x,Eye.L_y,Eye.L_z,Eye.R_x,Eye.R_y,Eye.R_z,Ear.L_x,Ear.L_y,Ear.L_z,Ear.R_x,Ear.R_y,Ear.R_z,hip.Center_x,hip.Center_y,hip.Center_z
0,0.34959733,0.076842025,-0.7695163,0.14943491,0.11295541,-0.38471177,-0.0094386935,0.08239299,-0.009405869,0.018995808,0.32041416,0.026030758,0.19167869,0.30229166,-0.35709357,0.38293916,0.28623557,-0.75254226,-0.60607356,-0.18557513,0.08651529,-0.40159562,-0.18902054,-0.043263175,-0.3854587,0.05701933,0.08722474,-0.42184865,0.30013922,0.11111711,-0.5847007,0.50819176,0.11585277,-0.79275805,0.47352955,0.2455421,-0.4358679,0.17971674,0.12757055,-0.6213005,0.2297363,0.15586309,-0.55751234,0.1478819,0.2736985,-0.5817806,0.20143503,0.25887614,-0.5972416,0.1450919,0.22795802,-0.54018337,0.26690942,0.19674078,-0.57237786,0.15263036,0.12662137,0.0047785574570298195,0.20140357315540314,0.008312445133924484
