frame,Ankle.R_x,Ankle.R_y,Ankle.R_z,Knee.R_x,Knee.R_y,Knee.R_z,Hip.R_x,Hip.R_y,Hip.R_z,Hip.L_x,Hip.L_y,Hip.L_z,Knee.L_x,Knee.L_y,Knee.L_z,Ankle.L_x,Ankle.L_y,Ankle.L_z,Wrist.R_x,Wrist.R_y,Wrist.R_z,Elbow.R_x,Elbow.R_y,Elbow.R_z,Shoulder.R_x,Shoulder.R_y,Shoulder.R_z,Shoulder.L_x,Shoulder.L_y,Shoulder.L_z,Elbow.L_x,Elbow.L_y,Elbow.L_z,Wrist.L_x,Wrist.L_y,Wrist.L_z,Neck_x,Neck_y,Neck_z,Head_x,Head_y,Head_z,Nose_x,Nose_y,Nose_z,Eye.L_x,Eye.L_y,Eye.L_z,Eye.R_x,Eye.R_y,Eye.R_z,Ear.L_x,Ear.L_y,Ear.L_z,Ear.R_x,Ear.R_y,Ear.R_z,hip.Center_x,hip.Center_y,hip.Center_z
0,0.3890812,0.08203246,-0.74849576,0.19069819,0.108462915,-0.3633117,0.021632701,0.08688772,0.0137043735,-0.0081222765,0.32687277,0.002891706,0.15474837,0.29591328,-0.38038132,0.35221004,0.281266,-0.7682026,-0.66223335,-0.2729751,0.08584266,-0.46214947,-0.18550192,-0.027603775,-0.40570784,0.054200057,0.09697033,-0.41752526,0.29587266,0.09962541,-0.5272234,0.5339299,0.13671298,-0.6687988,0.4180171,0.2935234,-0.4415756,0.18263751,0.12406936,-0.6218942,0.2597027,0.14726305,-0.54131216,0.22798958,0.27850366,-0.5640104,0.2723444,0.24376158,-0.5903778,0.21216998,0.24616125,-0.532991,0.2935484,0.15431017,-0.58775556,0.16910358,0.15011826,0.0067552123218774796,0.20688024163246155,0.008298039436340332
