frame,Ankle.R_x,Ankle.R_y,Ankle.R_z,Knee.R_x,Knee.R_y,Knee.R_z,Hip.R_x,Hip.R_y,Hip.R_z,Hip.L_x,Hip.L_y,Hip.L_z,Knee.L_x,Knee.L_y,Knee.L_z,Ankle.L_x,Ankle.L_y,Ankle.L_z,Wrist.R_x,Wrist.R_y,Wrist.R_z,Elbow.R_x,Elbow.R_y,Elbow.R_z,Shoulder.R_x,Shoulder.R_y,Shoulder.R_z,Shoulder.L_x,Shoulder.L_y,Shoulder.L_z,Elbow.L_x,Elbow.L_y,Elbow.L_z,Wrist.L_x,Wrist.L_y,Wrist.L_z,Neck_x,Neck_y,Neck_z,Head_x,Head_y,Head_z,Nose_x,Nose_y,Nose_z,Eye.L_x,Eye.L_y,Eye.L_z,Eye.R_x,Eye.R_y,Eye.R_z,Ear.L_x,Ear.L_y,Ear.L_z,Ear.R_x,Ear.R_y,Ear.R_z,hip.Center_x,hip.Center_y,hip.Center_z
0,0.39150724,0.101863295,-0.74923176,0.20286736,0.12021655,-0.3582041,0.025530796,0.08778433,0.014896352,-0.012748096,0.32517675,0.0022479787,0.140301,0.30257842,-0.38431948,0.33574075,0.2977982,-0.7721819,-0.7008314,-0.30547547,0.097295545,-0.51143837,-0.16876286,0.010767296,-0.41374958,0.0664335,0.103266366,-0.404997,0.3057952,0.104400665,-0.4947083,0.55079144,0.14701195,-0.5807878,0.4194011,0.327011,-0.4381374,0.195199,0.12791945,-0.6089697,0.28625572,0.13934031,-0.5542502,0.22698185,0.27411294,-0.56836677,0.27825445,0.2446312,-0.59742457,0.22071612,0.2315782,-0.52104807,0.3114879,0.16678952,-0.5803511,0.19473112,0.13179202,0.00639135017991066,0.20648053288459778,0.008572164922952652
