frame,Ankle.R_x,Ankle.R_y,Ankle.R_z,Knee.R_x,Knee.R_y,Knee.R_z,Hip.R_x,Hip.R_y,Hip.R_z,Hip.L_x,Hip.L_y,Hip.L_z,Knee.L_x,Knee.L_y,Knee.L_z,Ankle.L_x,Ankle.L_y,Ankle.L_z,Wrist.R_x,Wrist.R_y,Wrist.R_z,Elbow.R_x,Elbow.R_y,Elbow.R_z,Shoulder.R_x,Shoulder.R_y,Shoulder.R_z,Shoulder.L_x,Shoulder.L_y,Shoulder.L_z,Elbow.L_x,Elbow.L_y,Elbow.L_z,Wrist.L_x,Wrist.L_y,Wrist.L_z,Neck_x,Neck_y,Neck_z,Head_x,Head_y,Head_z,Nose_x,Nose_y,Nose_z,Eye.L_x,Eye.L_y,Eye.L_z,Eye.R_x,Eye.R_y,Eye.R_z,Ear.L_x,Ear.L_y,Ear.L_z,Ear.R_x,Ear.R_y,Ear.R_z,hip.Center_x,hip.Center_y,hip.Center_z
0,0.41672936,0.12880573,-0.7405831,0.21996647,0.13716602,-0.35179794,0.023729855,0.08711044,0.012040077,-0.011267079,0.32518905,0.005457276,0.13276178,0.30806395,-0.3850738,0.2990075,0.30908862,-0.7883862,-0.7150274,-0.32330394,0.11747541,-0.5559359,-0.14286701,0.0500581,-0.42301068,0.08042624,0.110317186,-0.39719552,0.31842193,0.11372409,-0.46413767,0.5693712,0.16674301,-0.51370305,0.42840743,0.35203183,-0.43895206,0.20726609,0.1340786,-0.60615087,0.2932492,0.12839286,-0.57471085,0.22180596,0.2651263,-0.58590406,0.27569777,0.23863909,-0.608325,0.21874526,0.21428794,-0.52599967,0.31924438,0.1753046,-0.5713272,0.20494144,0.118584685,0.006231388077139854,0.20614974200725555,0.008748676627874374
