frame,Ankle.R_x,Ankle.R_y,Ankle.R_z,Knee.R_x,Knee.R_y,Knee.R_z,Hip.R_x,Hip.R_y,Hip.R_z,Hip.L_x,Hip.L_y,Hip.L_z,Knee.L_x,Knee.L_y,Knee.L_z,Ankle.L_x,Ankle.L_y,Ankle.L_z,Wrist.R_x,Wrist.R_y,Wrist.R_z,Elbow.R_x,Elbow.R_y,Elbow.R_z,Shoulder.R_x,Shoulder.R_y,Shoulder.R_z,Shoulder.L_x,Shoulder.L_y,Shoulder.L_z,Elbow.L_x,Elbow.L_y,Elbow.L_z,Wrist.L_x,Wrist.L_y,Wrist.L_z,Neck_x,Neck_y,Neck_z,Head_x,Head_y,Head_z,Nose_x,Nose_y,Nose_z,Eye.L_x,Eye.L_y,Eye.L_z,Eye.R_x,Eye.R_y,Eye.R_z,Ear.L_x,Ear.L_y,Ear.L_z,Ear.R_x,Ear.R_y,Ear.R_z,hip.Center_x,hip.Center_y,hip.Center_z
0,0.39798617,0.13198206,-0.7416508,0.24103667,0.12607823,-0.3392537,0.005778525,0.08169724,0.00511011,0.0032376123,0.32689738,0.0074645155,0.23175378,0.2834614,-0.34229568,0.4081005,0.34307817,-0.7435637,-0.78721774,-0.15741806,0.17811397,-0.5490811,-0.13616589,0.10738187,-0.41756767,0.09394529,0.14247413,-0.41196734,0.34183714,0.12343392,-0.42971095,0.5849173,0.23254058,-0.5745059,0.5889558,0.43971026,-0.45054603,0.22221525,0.14257196,-0.6392283,0.21644782,0.18623881,-0.57615846,0.2990148,0.071563765,-0.60420597,0.24846107,0.08610047,-0.61243975,0.30515933,0.11804972,-0.56638694,0.1814887,0.14112046,-0.58039117,0.29036108,0.21897592,0.004508068785071373,0.20429730415344238,0.006287313066422939
