frame,Ankle.R_x,Ankle.R_y,Ankle.R_z,Knee.R_x,Knee.R_y,Knee.R_z,Hip.R_x,Hip.R_y,Hip.R_z,Hip.L_x,Hip.L_y,Hip.L_z,Knee.L_x,Knee.L_y,Knee.L_z,Ankle.L_x,Ankle.L_y,Ankle.L_z,Wrist.R_x,Wrist.R_y,Wrist.R_z,Elbow.R_x,Elbow.R_y,Elbow.R_z,Shoulder.R_x,Shoulder.R_y,Shoulder.R_z,Shoulder.L_x,Shoulder.L_y,Shoulder.L_z,Elbow.L_x,Elbow.L_y,Elbow.L_z,Wrist.L_x,Wrist.L_y,Wrist.L_z,Neck_x,Neck_y,Neck_z,Head_x,Head_y,Head_z,Nose_x,Nose_y,Nose_z,Eye.L_x,Eye.L_y,Eye.L_z,Eye.R_x,Eye.R_y,Eye.R_z,Ear.L_x,Ear.L_y,Ear.L_z,Ear.R_x,Ear.R_y,Ear.R_z,hip.Center_x,hip.Center_y,hip.Center_z
0,0.40748724,0.13292181,-0.7407763,0.2416005,0.12810248,-0.34286278,-0.0029597846,0.080395564,-0.0064969994,0.0128665725,0.32480222,0.017093582,0.23035845,0.2839232,-0.3420891,0.4022635,0.35073504,-0.7424503,-0.7815706,-0.08524582,0.17259082,-0.5474257,-0.1397145,0.11390935,-0.4187092,0.09555866,0.1344282,-0.41451865,0.33795696,0.13712904,-0.45154792,0.579047,0.24220976,-0.5886264,0.6360379,0.44762856,-0.44950855,0.22228692,0.146393,-0.63631994,0.20969643,0.17827755,-0.56935847,0.31445414,0.08537729,-0.59635186,0.26133993,0.08794202,-0.6080575,0.31053406,0.12998217,-0.5599408,0.18506657,0.13120417,-0.58118117,0.27724904,0.2278998,0.004953393712639809,0.20259889960289001,0.005298291333019733
