frame,Ankle.R_x,Ankle.R_y,Ankle.R_z,Knee.R_x,Knee.R_y,Knee.R_z,Hip.R_x,Hip.R_y,Hip.R_z,Hip.L_x,Hip.L_y,Hip.L_z,Knee.L_x,Knee.L_y,Knee.L_z,Ankle.L_x,Ankle.L_y,Ankle.L_z,Wrist.R_x,Wrist.R_y,Wrist.R_z,Elbow.R_x,Elbow.R_y,Elbow.R_z,Shoulder.R_x,Shoulder.R_y,Shoulder.R_z,Shoulder.L_x,Shoulder.L_y,Shoulder.L_z,Elbow.L_x,Elbow.L_y,Elbow.L_z,Wrist.L_x,Wrist.L_y,Wrist.L_z,Neck_x,Neck_y,Neck_z,Head_x,Head_y,Head_z,Nose_x,Nose_y,Nose_z,Eye.L_x,Eye.L_y,Eye.L_z,Eye.R_x,Eye.R_y,Eye.R_z,Ear.L_x,Ear.L_y,Ear.L_z,Ear.R_x,Ear.R_y,Ear.R_z,hip.Center_x,hip.Center_y,hip.Center_z
0,0.41254166,0.11990624,-0.74178344,0.23005365,0.118956104,-0.35045868,-0.0028898276,0.07974645,-0.0072907456,0.0129881585,0.3244306,0.017258726,0.22020923,0.29460567,-0.34872514,0.38016295,0.3534478,-0.7543147,-0.734408,-0.03998264,0.172987,-0.52974224,-0.16340598,0.1172157,-0.4118926,0.07824335,0.121809,-0.41777948,0.32021484,0.13156088,-0.48527104,0.55733556,0.22192433,-0.61906725,0.69191706,0.39167026,-0.4473053,0.20204636,0.13944288,-0.63608766,0.18767336,0.13763975,-0.57100016,0.32540295,0.17351785,-0.5968823,0.2936329,0.13009574,-0.6099503,0.2852121,0.19374445,-0.5579306,0.21515588,0.09049623,-0.5838585,0.18587072,0.21978718,0.005049165338277817,0.20208853483200073,0.004983990453183651
