frame,Ankle.R_x,Ankle.R_y,Ankle.R_z,Knee.R_x,Knee.R_y,Knee.R_z,Hip.R_x,Hip.R_y,Hip.R_z,Hip.L_x,Hip.L_y,Hip.L_z,Knee.L_x,Knee.L_y,Knee.L_z,Ankle.L_x,Ankle.L_y,Ankle.L_z,Wrist.R_x,Wrist.R_y,Wrist.R_z,Elbow.R_x,Elbow.R_y,Elbow.R_z,Shoulder.R_x,Shoulder.R_y,Shoulder.R_z,Shoulder.L_x,Shoulder.L_y,Shoulder.L_z,Elbow.L_x,Elbow.L_y,Elbow.L_z,Wrist.L_x,Wrist.L_y,Wrist.L_z,Neck_x,Neck_y,Neck_z,Head_x,Head_y,Head_z,Nose_x,Nose_y,Nose_z,Eye.L_x,Eye.L_y,Eye.L_z,Eye.R_x,Eye.R_y,Eye.R_z,Ear.L_x,Ear.L_y,Ear.L_z,Ear.R_x,Ear.R_y,Ear.R_z,hip.Center_x,hip.Center_y,hip.Center_z
0,0.40739557,0.089440145,-0.7476628,0.20325209,0.111239314,-0.3645722,-0.0013277361,0.08046311,-0.004146911,0.010643876,0.32475334,0.017030487,0.21367571,0.30402842,-0.35262245,0.40042442,0.3259475,-0.7497087,-0.67638284,-0.0055083837,0.16526482,-0.52055687,-0.17515153,0.08221899,-0.41035846,0.07141019,0.100133665,-0.41888773,0.31154063,0.12214793,-0.5063434,0.55293924,0.18319856,-0.62761176,0.72433513,0.3248142,-0.4456694,0.19441816,0.12948605,-0.6298698,0.23473063,0.11659926,-0.5731703,0.24300237,0.2628188,-0.5937649,0.27575976,0.21678762,-0.6118648,0.213442,0.22764091,-0.5476022,0.28570038,0.1305511,-0.5850086,0.15504815,0.14473163,0.0046580699272453785,0.20260822772979736,0.00644178781658411
