frame,Ankle.R_x,Ankle.R_y,Ankle.R_z,Knee.R_x,Knee.R_y,Knee.R_z,Hip.R_x,Hip.R_y,Hip.R_z,Hip.L_x,Hip.L_y,Hip.L_z,Knee.L_x,Knee.L_y,Knee.L_z,Ankle.L_x,Ankle.L_y,Ankle.L_z,Wrist.R_x,Wrist.R_y,Wrist.R_z,Elbow.R_x,Elbow.R_y,Elbow.R_z,Shoulder.R_x,Shoulder.R_y,Shoulder.R_z,Shoulder.L_x,Shoulder.L_y,Shoulder.L_z,Elbow.L_x,Elbow.L_y,Elbow.L_z,Wrist.L_x,Wrist.L_y,Wrist.L_z,Neck_x,Neck_y,Neck_z,Head_x,Head_y,Head_z,Nose_x,Nose_y,Nose_z,Eye.L_x,Eye.L_y,Eye.L_z,Eye.R_x,Eye.R_y,Eye.R_z,Ear.L_x,Ear.L_y,Ear.L_z,Ear.R_x,Ear.R_y,Ear.R_z,hip.Center_x,hip.Center_y,hip.Center_z
0,0.4403766,0.08621119,-0.7166526,0.25359535,0.12709269,-0.3281889,0.0034443964,0.081650026,-0.0005220175,0.003211392,0.32402578,0.017509071,0.20752817,0.29245475,-0.3496331,0.38339132,0.28985882,-0.7466411,-0.13132803,-0.34955215,0.1975141,-0.24967523,-0.17118452,0.066455916,-0.39580745,0.055931773,0.064509995,-0.4003606,0.31816122,0.102323145,-0.3083103,0.5425867,0.19923922,-0.25739908,0.7482178,0.32752073,-0.44772738,0.19189826,0.09688921,-0.64522135,0.24448144,0.09608048,-0.5818722,0.18500687,0.22443306,-0.60635626,0.23462026,0.20107123,-0.62075496,0.1745688,0.18010709,-0.5653968,0.2869436,0.13035259,-0.59615046,0.16498896,0.08138952,0.0033278942573815584,0.20283789932727814,0.008493526838719845
