frame,Ankle.R_x,Ankle.R_y,Ankle.R_z,Knee.R_x,Knee.R_y,Knee.R_z,Hip.R_x,Hip.R_y,Hip.R_z,Hip.L_x,Hip.L_y,Hip.L_z,Knee.L_x,Knee.L_y,Knee.L_z,Ankle.L_x,Ankle.L_y,Ankle.L_z,Wrist.R_x,Wrist.R_y,Wrist.R_z,Elbow.R_x,Elbow.R_y,Elbow.R_z,Shoulder.R_x,Shoulder.R_y,Shoulder.R_z,Shoulder.L_x,Shoulder.L_y,Shoulder.L_z,Elbow.L_x,Elbow.L_y,Elbow.L_z,Wrist.L_x,Wrist.L_y,Wrist.L_z,Neck_x,Neck_y,Neck_z,Head_x,Head_y,Head_z,Nose_x,Nose_y,Nose_z,Eye.L_x,Eye.L_y,Eye.L_z,Eye.R_x,Eye.R_y,Eye.R_z,Ear.L_x,Ear.L_y,Ear.L_z,Ear.R_x,Ear.R_y,Ear.R_z,hip.Center_x,hip.Center_y,hip.Center_z
0,0.38637874,0.07458447,-0.7559278,0.22392732,0.105945356,-0.3539644,-0.008741835,0.08152216,-0.018503707,0.016894307,0.3172395,0.031723514,0.2134771,0.3053677,-0.34313565,0.32748827,0.3443842,-0.7674976,-0.74682295,-0.17326353,0.08648756,-0.5121221,-0.17523262,0.00394473,-0.39832234,0.0496194,0.093009956,-0.41141808,0.28568858,0.14006442,-0.47422463,0.5443208,0.16133244,-0.5832514,0.7109825,0.31131947,-0.43504077,0.15946811,0.14525713,-0.6238635,0.17682697,0.17481767,-0.5492388,0.08694618,0.2784051,-0.58171886,0.13680676,0.272961,-0.5868993,0.08635451,0.23148002,-0.5500468,0.21793167,0.2260693,-0.5632798,0.11667055,0.13572295,0.004076235927641392,0.19938082993030548,0.006609903648495674
