frame,Ankle.R_x,Ankle.R_y,Ankle.R_z,Knee.R_x,Knee.R_y,Knee.R_z,Hip.R_x,Hip.R_y,Hip.R_z,Hip.L_x,Hip.L_y,Hip.L_z,Knee.L_x,Knee.L_y,Knee.L_z,Ankle.L_x,Ankle.L_y,Ankle.L_z,Wrist.R_x,Wrist.R_y,Wrist.R_z,Elbow.R_x,Elbow.R_y,Elbow.R_z,Shoulder.R_x,Shoulder.R_y,Shoulder.R_z,Shoulder.L_x,Shoulder.L_y,Shoulder.L_z,Elbow.L_x,Elbow.L_y,Elbow.L_z,Wrist.L_x,Wrist.L_y,Wrist.L_z,Neck_x,Neck_y,Neck_z,Head_x,Head_y,Head_z,Nose_x,Nose_y,Nose_z,Eye.L_x,Eye.L_y,Eye.L_z,Eye.R_x,Eye.R_y,Eye.R_z,Ear.L_x,Ear.L_y,Ear.L_z,Ear.R_x,Ear.R_y,Ear.R_z,hip.Center_x,hip.Center_y,hip.Center_z
0,0.38233125,0.09439,-0.7601497,0.2315789,0.0978879,-0.3499946,-0.013323573,0.08381313,-0.025055883,0.018629381,0.31470117,0.03832586,0.20220833,0.3322931,-0.34166732,0.31955513,0.376204,-0.76621,-0.78045803,-0.23138826,0.074898355,-0.5417768,-0.16070572,0.025337063,-0.40487522,0.052826714,0.08445788,-0.40557942,0.29349118,0.13586837,-0.4489674,0.55483204,0.17322864,-0.58075386,0.69012207,0.33435956,-0.4372916,0.16369076,0.13936009,-0.6296803,0.16651818,0.19070268,-0.5337059,0.07499482,0.2719494,-0.57082045,0.121614516,0.27657822,-0.5775138,0.07559086,0.23057497,-0.55323267,0.20942014,0.23582065,-0.5707557,0.117844574,0.13671334,0.0026529040187597275,0.19925715029239655,0.006634988822042942
