frame,Ankle.R_x,Ankle.R_y,Ankle.R_z,Knee.R_x,Knee.R_y,Knee.R_z,Hip.R_x,Hip.R_y,Hip.R_z,Hip.L_x,Hip.L_y,Hip.L_z,Knee.L_x,Knee.L_y,Knee.L_z,Ankle.L_x,Ankle.L_y,Ankle.L_z,Wrist.R_x,Wrist.R_y,Wrist.R_z,Elbow.R_x,Elbow.R_y,Elbow.R_z,Shoulder.R_x,Shoulder.R_y,Shoulder.R_z,Shoulder.L_x,Shoulder.L_y,Shoulder.L_z,Elbow.L_x,Elbow.L_y,Elbow.L_z,Wrist.L_x,Wrist.L_y,Wrist.L_z,Neck_x,Neck_y,Neck_z,Head_x,Head_y,Head_z,Nose_x,Nose_y,Nose_z,Eye.L_x,Eye.L_y,Eye.L_z,Eye.R_x,Eye.R_y,Eye.R_z,Ear.L_x,Ear.L_y,Ear.L_z,Ear.R_x,Ear.R_y,Ear.R_z,hip.Center_x,hip.Center_y,hip.Center_z
0,0.3918232,0.09676119,-0.76147795,0.20991246,0.11880962,-0.3664625,-0.015933778,0.08513524,-0.031967137,0.025303692,0.31022966,0.04498391,0.19420835,0.3385699,-0.34166634,0.3364247,0.37081307,-0.75473773,-0.7564827,-0.30047393,0.067416385,-0.55144006,-0.15590504,0.032962378,-0.4104097,0.054544605,0.07917386,-0.40098357,0.28774613,0.1388415,-0.42356873,0.5444159,0.20541176,-0.59278727,0.66034496,0.33884972,-0.4369541,0.16091557,0.13586536,-0.62843615,0.16196945,0.18940467,-0.53041625,0.06575295,0.26238495,-0.56760025,0.11205923,0.2708197,-0.57515967,0.06904047,0.22217786,-0.5517364,0.2021037,0.23510242,-0.5704559,0.11669062,0.13118546,0.00468495674431324,0.1976824402809143,0.0065083857625722885
