frame,Ankle.R_x,Ankle.R_y,Ankle.R_z,Knee.R_x,Knee.R_y,Knee.R_z,Hip.R_x,Hip.R_y,Hip.R_z,Hip.L_x,Hip.L_y,Hip.L_z,Knee.L_x,Knee.L_y,Knee.L_z,Ankle.L_x,Ankle.L_y,Ankle.L_z,Wrist.R_x,Wrist.R_y,Wrist.R_z,Elbow.R_x,Elbow.R_y,Elbow.R_z,Shoulder.R_x,Shoulder.R_y,Shoulder.R_z,Shoulder.L_x,Shoulder.L_y,Shoulder.L_z,Elbow.L_x,Elbow.L_y,Elbow.L_z,Wrist.L_x,Wrist.L_y,Wrist.L_z,Neck_x,Neck_y,Neck_z,Head_x,Head_y,Head_z,Nose_x,Nose_y,Nose_z,Eye.L_x,Eye.L_y,Eye.L_z,Eye.R_x,Eye.R_y,Eye.R_z,Ear.L_x,Ear.L_y,Ear.L_z,Ear.R_x,Ear.R_y,Ear.R_z,hip.Center_x,hip.Center_y,hip.Center_z
0,0.37924525,0.0983687,-0.77053297,0.2000797,0.13303211,-0.3735165,-0.007684306,0.08437127,-0.026659893,0.018272515,0.31499118,0.040363465,0.1981746,0.33734223,-0.34214565,0.38610148,0.3470655,-0.73547876,-0.73770463,-0.335111,0.06430706,-0.5779578,-0.14156967,0.035520274,-0.42646617,0.06327441,0.08107726,-0.4008513,0.29548702,0.13001886,-0.41390815,0.54325205,0.22518821,-0.613526,0.6129335,0.34447992,-0.44284785,0.17054342,0.13098226,-0.62992644,0.18543167,0.17759424,-0.54224014,0.0866501,0.26174963,-0.5764143,0.13620113,0.2652766,-0.58477616,0.09057717,0.21889356,-0.5525647,0.22254348,0.22449091,-0.5723562,0.13175683,0.12518978,0.005294105038046837,0.19968122243881226,0.006851785816252232
