frame,Ankle.R_x,Ankle.R_y,Ankle.R_z,Knee.R_x,Knee.R_y,Knee.R_z,Hip.R_x,Hip.R_y,Hip.R_z,Hip.L_x,Hip.L_y,Hip.L_z,Knee.L_x,Knee.L_y,Knee.L_z,Ankle.L_x,Ankle.L_y,Ankle.L_z,Wrist.R_x,Wrist.R_y,Wrist.R_z,Elbow.R_x,Elbow.R_y,Elbow.R_z,Shoulder.R_x,Shoulder.R_y,Shoulder.R_z,Shoulder.L_x,Shoulder.L_y,Shoulder.L_z,Elbow.L_x,Elbow.L_y,Elbow.L_z,Wrist.L_x,Wrist.L_y,Wrist.L_z,Neck_x,Neck_y,Neck_z,Head_x,Head_y,Head_z,Nose_x,Nose_y,Nose_z,Eye.L_x,Eye.L_y,Eye.L_z,Eye.R_x,Eye.R_y,Eye.R_z,Ear.L_x,Ear.L_y,Ear.L_z,Ear.R_x,Ear.R_y,Ear.R_z,hip.Center_x,hip.Center_y,hip.Center_z
0,0.35114983,0.09395894,-0.7756546,0.19869596,0.13103756,-0.36876595,0.0007983891,0.083100945,-0.014328465,0.009033822,0.32001433,0.02951454,0.20445372,0.32733458,-0.34335843,0.40455744,0.3370033,-0.72942424,-0.6982284,-0.35853863,0.08042283,-0.5539795,-0.15796576,0.034612738,-0.4238715,0.06312803,0.08662389,-0.40298706,0.301406,0.12468282,-0.42429775,0.55224484,0.21199541,-0.6245244,0.5621722,0.3447648,-0.44423535,0.17616162,0.13055964,-0.6320477,0.20371312,0.16800627,-0.55569303,0.09848525,0.25530535,-0.58729184,0.14983964,0.25772572,-0.5951652,0.10562856,0.20990792,-0.5559782,0.23524123,0.2204094,-0.57443637,0.14766529,0.11815582,0.0049161058850586414,0.20155763626098633,0.007593037560582161
