frame,Ankle.R_x,Ankle.R_y,Ankle.R_z,Knee.R_x,Knee.R_y,Knee.R_z,Hip.R_x,Hip.R_y,Hip.R_z,Hip.L_x,Hip.L_y,Hip.L_z,Knee.L_x,Knee.L_y,Knee.L_z,Ankle.L_x,Ankle.L_y,Ankle.L_z,Wrist.R_x,Wrist.R_y,Wrist.R_z,Elbow.R_x,Elbow.R_y,Elbow.R_z,Shoulder.R_x,Shoulder.R_y,Shoulder.R_z,Shoulder.L_x,Shoulder.L_y,Shoulder.L_z,Elbow.L_x,Elbow.L_y,Elbow.L_z,Wrist.L_x,Wrist.L_y,Wrist.L_z,Neck_x,Neck_y,Neck_z,Head_x,Head_y,Head_z,Nose_x,Nose_y,Nose_z,Eye.L_x,Eye.L_y,Eye.L_z,Eye.R_x,Eye.R_y,Eye.R_z,Ear.L_x,Ear.L_y,Ear.L_z,Ear.R_x,Ear.R_y,Ear.R_z,hip.Center_x,hip.Center_y,hip.Center_z
0,0.39737168,0.07410944,-0.7526909,0.19999704,0.1210039,-0.3679231,-0.0027303381,0.083283424,-0.01470951,0.01377009,0.3198356,0.02891139,0.20022331,0.31921545,-0.34894785,0.39694306,0.32070398,-0.73886704,-0.6840348,-0.3565031,0.083219655,-0.5324262,-0.16339551,0.02952606,-0.4278295,0.07450914,0.093453355,-0.4081335,0.31060103,0.120651804,-0.42829314,0.5592527,0.21367875,-0.6312542,0.5149407,0.3317329,-0.44711557,0.18891402,0.13085051,-0.62635314,0.2353739,0.14832625,-0.5747345,0.12618397,0.249518,-0.5999359,0.18109977,0.2455328,-0.6069709,0.13531944,0.19881858,-0.5541039,0.26069868,0.20941558,-0.5697308,0.16962187,0.1090246,0.005519876256585121,0.20155951380729675,0.007100939750671387
