frame,Ankle.R_x,Ankle.R_y,Ankle.R_z,Knee.R_x,Knee.R_y,Knee.R_z,Hip.R_x,Hip.R_y,Hip.R_z,Hip.L_x,Hip.L_y,Hip.L_z,Knee.L_x,Knee.L_y,Knee.L_z,Ankle.L_x,Ankle.L_y,Ankle.L_z,Wrist.R_x,Wrist.R_y,Wrist.R_z,Elbow.R_x,Elbow.R_y,Elbow.R_z,Shoulder.R_x,Shoulder.R_y,Shoulder.R_z,Shoulder.L_x,Shoulder.L_y,Shoulder.L_z,Elbow.L_x,Elbow.L_y,Elbow.L_z,Wrist.L_x,Wrist.L_y,Wrist.L_z,Neck_x,Neck_y,Neck_z,Head_x,Head_y,Head_z,Nose_x,Nose_y,Nose_z,Eye.L_x,Eye.L_y,Eye.L_z,Eye.R_x,Eye.R_y,Eye.R_z,Ear.L_x,Ear.L_y,Ear.L_z,Ear.R_x,Ear.R_y,Ear.R_z,hip.Center_x,hip.Center_y,hip.Center_z
0,0.40939817,0.038734715,-0.7367757,0.2051487,0.096330315,-0.3556722,-0.0059038857,0.083500065,-0.0045399824,0.015379904,0.32217434,0.020147644,0.20495129,0.3002993,-0.35368598,0.39677033,0.3025787,-0.7488631,-0.65934104,-0.34848788,0.10870004,-0.47923124,-0.17837445,0.06976317,-0.41676688,0.08497494,0.09490991,-0.40930504,0.3314889,0.10600591,-0.46038097,0.57615143,0.19601144,-0.6125566,0.4622842,0.34315318,-0.4461977,0.21167901,0.12023293,-0.6258778,0.280781,0.12811206,-0.58565617,0.17581658,0.23724037,-0.6050756,0.23273617,0.22847217,-0.6172161,0.18414499,0.18585631,-0.55140555,0.30396384,0.18656397,-0.57625854,0.20693295,0.0935904,0.0047380090691149235,0.20283719897270203,0.007803830783814192
