frame,Ankle.R_x,Ankle.R_y,Ankle.R_z,Knee.R_x,Knee.R_y,Knee.R_z,Hip.R_x,Hip.R_y,Hip.R_z,Hip.L_x,Hip.L_y,Hip.L_z,Knee.L_x,Knee.L_y,Knee.L_z,Ankle.L_x,Ankle.L_y,Ankle.L_z,Wrist.R_x,Wrist.R_y,Wrist.R_z,Elbow.R_x,Elbow.R_y,Elbow.R_z,Shoulder.R_x,Shoulder.R_y,Shoulder.R_z,Shoulder.L_x,Shoulder.L_y,Shoulder.L_z,Elbow.L_x,Elbow.L_y,Elbow.L_z,Wrist.L_x,Wrist.L_y,Wrist.L_z,Neck_x,Neck_y,Neck_z,Head_x,Head_y,Head_z,Nose_x,Nose_y,Nose_z,Eye.L_x,Eye.L_y,Eye.L_z,Eye.R_x,Eye.R_y,Eye.R_z,Ear.L_x,Ear.L_y,Ear.L_z,Ear.R_x,Ear.R_y,Ear.R_z,hip.Center_x,hip.Center_y,hip.Center_z
0,0.44057372,0.061838783,-0.7171745,0.22643979,0.09530954,-0.3404095,-0.0030371547,0.0825893,0.0032528574,0.01078436,0.32550177,0.011502022,0.22528124,0.2916989,-0.34743848,0.41523013,0.30027655,-0.74242395,-0.6879813,-0.30086678,0.14151955,-0.46884024,-0.1820577,0.11749365,-0.40029478,0.07421561,0.098152295,-0.4039193,0.33089808,0.10125078,-0.4596125,0.5672721,0.19904499,-0.6522496,0.5314136,0.3471172,-0.4431765,0.2072875,0.11208125,-0.6369429,0.25760633,0.09012926,-0.586275,0.2223787,0.2332485,-0.60816395,0.26696667,0.1984939,-0.6217933,0.20367302,0.18792,-0.5598712,0.30612323,0.12330115,-0.58790743,0.17645568,0.09319424,0.0038736024871468544,0.20404553413391113,0.007377439644187689
