frame,Ankle.R_x,Ankle.R_y,Ankle.R_z,Knee.R_x,Knee.R_y,Knee.R_z,Hip.R_x,Hip.R_y,Hip.R_z,Hip.L_x,Hip.L_y,Hip.L_z,Knee.L_x,Knee.L_y,Knee.L_z,Ankle.L_x,Ankle.L_y,Ankle.L_z,Wrist.R_x,Wrist.R_y,Wrist.R_z,Elbow.R_x,Elbow.R_y,Elbow.R_z,Shoulder.R_x,Shoulder.R_y,Shoulder.R_z,Shoulder.L_x,Shoulder.L_y,Shoulder.L_z,Elbow.L_x,Elbow.L_y,Elbow.L_z,Wrist.L_x,Wrist.L_y,Wrist.L_z,Neck_x,Neck_y,Neck_z,Head_x,Head_y,Head_z,Nose_x,Nose_y,Nose_z,Eye.L_x,Eye.L_y,Eye.L_z,Eye.R_x,Eye.R_y,Eye.R_z,Ear.L_x,Ear.L_y,Ear.L_z,Ear.R_x,Ear.R_y,Ear.R_z,hip.Center_x,hip.Center_y,hip.Center_z
0,0.4197912,0.06732587,-0.7298259,0.23772888,0.09688216,-0.3358233,-0.0019756653,0.08135682,0.0031254091,0.0087334495,0.32610968,0.010719705,0.23246288,0.2846074,-0.34297135,0.4119634,0.30289844,-0.7433314,-0.70146286,-0.27202684,0.1735916,-0.4709249,-0.1880846,0.12188104,-0.39594376,0.066711456,0.11679042,-0.40884054,0.32226545,0.11606891,-0.47929895,0.5653834,0.18749088,-0.6747523,0.5820441,0.34142095,-0.4425217,0.19680926,0.12795953,-0.6364568,0.19789107,0.09670339,-0.5826084,0.28646478,0.21394442,-0.60503805,0.28755355,0.15773828,-0.6193991,0.2405884,0.20125604,-0.55887973,0.25218636,0.08056207,-0.5876173,0.148205,0.16249545,0.00337889208458364,0.20373325049877167,0.006922557018697262
