frame,Ankle.R_x,Ankle.R_y,Ankle.R_z,Knee.R_x,Knee.R_y,Knee.R_z,Hip.R_x,Hip.R_y,Hip.R_z,Hip.L_x,Hip.L_y,Hip.L_z,Knee.L_x,Knee.L_y,Knee.L_z,Ankle.L_x,Ankle.L_y,Ankle.L_z,Wrist.R_x,Wrist.R_y,Wrist.R_z,Elbow.R_x,Elbow.R_y,Elbow.R_z,Shoulder.R_x,Shoulder.R_y,Shoulder.R_z,Shoulder.L_x,Shoulder.L_y,Shoulder.L_z,Elbow.L_x,Elbow.L_y,Elbow.L_z,Wrist.L_x,Wrist.L_y,Wrist.L_z,Neck_x,Neck_y,Neck_z,Head_x,Head_y,Head_z,Nose_x,Nose_y,Nose_z,Eye.L_x,Eye.L_y,Eye.L_z,Eye.R_x,Eye.R_y,Eye.R_z,Ear.L_x,Ear.L_y,Ear.L_z,Ear.R_x,Ear.R_y,Ear.R_z,hip.Center_x,hip.Center_y,hip.Center_z
0,0.37988794,0.07888309,-0.7543052,0.23817265,0.08895292,-0.3417912,-0.0010182674,0.0804255,0.0006087064,0.00811693,0.32753372,0.008334011,0.25244325,0.26030895,-0.3343432,0.4267892,0.30768135,-0.74244946,-0.6968987,-0.16344287,0.1935861,-0.46669024,-0.19460396,0.10957617,-0.38586488,0.06309445,0.16052663,-0.420496,0.30868268,0.14905149,-0.539447,0.5366722,0.18028769,-0.7032278,0.719471,0.25731078,-0.43708283,0.19253911,0.17166385,-0.62802744,0.19824332,0.20065963,-0.54428095,0.27532372,0.09592512,-0.57713985,0.22712688,0.10612254,-0.5863663,0.28441286,0.13667876,-0.5517053,0.15828378,0.1659608,-0.570257,0.26785988,0.24154584,0.003549331333488226,0.20397961139678955,0.004471358843147755
