frame,Ankle.R_x,Ankle.R_y,Ankle.R_z,Knee.R_x,Knee.R_y,Knee.R_z,Hip.R_x,Hip.R_y,Hip.R_z,Hip.L_x,Hip.L_y,Hip.L_z,Knee.L_x,Knee.L_y,Knee.L_z,Ankle.L_x,Ankle.L_y,Ankle.L_z,Wrist.R_x,Wrist.R_y,Wrist.R_z,Elbow.R_x,Elbow.R_y,Elbow.R_z,Shoulder.R_x,Shoulder.R_y,Shoulder.R_z,Shoulder.L_x,Shoulder.L_y,Shoulder.L_z,Elbow.L_x,Elbow.L_y,Elbow.L_z,Wrist.L_x,Wrist.L_y,Wrist.L_z,Neck_x,Neck_y,Neck_z,Head_x,Head_y,Head_z,Nose_x,Nose_y,Nose_z,Eye.L_x,Eye.L_y,Eye.L_z,Eye.R_x,Eye.R_y,Eye.R_z,Ear.L_x,Ear.L_y,Ear.L_z,Ear.R_x,Ear.R_y,Ear.R_z,hip.Center_x,hip.Center_y,hip.Center_z
0,0.39774975,0.10748144,-0.74508053,0.23900628,0.09927276,-0.3434258,-0.015383036,0.07971775,-0.016553678,0.023339367,0.31947094,0.027530866,0.24190018,0.25945985,-0.33321533,0.41238713,0.33923766,-0.73537743,-0.66196084,-0.013013649,0.17548585,-0.5059442,-0.17327295,0.08843569,-0.39490932,0.070360586,0.13744548,-0.4205227,0.31378973,0.14439772,-0.5061397,0.56427485,0.15675487,-0.64840376,0.74122465,0.27032715,-0.44101244,0.19732785,0.16058835,-0.6339941,0.2069373,0.19726372,-0.5476983,0.28512672,0.096311525,-0.5830337,0.23830159,0.10402712,-0.5885912,0.29396248,0.13796872,-0.5611383,0.16464691,0.15917078,-0.57141197,0.27069435,0.2411749,0.003978165332227945,0.19959434866905212,0.005488594062626362
