frame,Ankle.R_x,Ankle.R_y,Ankle.R_z,Knee.R_x,Knee.R_y,Knee.R_z,Hip.R_x,Hip.R_y,Hip.R_z,Hip.L_x,Hip.L_y,Hip.L_z,Knee.L_x,Knee.L_y,Knee.L_z,Ankle.L_x,Ankle.L_y,Ankle.L_z,Wrist.R_x,Wrist.R_y,Wrist.R_z,Elbow.R_x,Elbow.R_y,Elbow.R_z,Shoulder.R_x,Shoulder.R_y,Shoulder.R_z,Shoulder.L_x,Shoulder.L_y,Shoulder.L_z,Elbow.L_x,Elbow.L_y,Elbow.L_z,Wrist.L_x,Wrist.L_y,Wrist.L_z,Neck_x,Neck_y,Neck_z,Head_x,Head_y,Head_z,Nose_x,Nose_y,Nose_z,Eye.L_x,Eye.L_y,Eye.L_z,Eye.R_x,Eye.R_y,Eye.R_z,Ear.L_x,Ear.L_y,Ear.L_z,Ear.R_x,Ear.R_y,Ear.R_z,hip.Center_x,hip.Center_y,hip.Center_z
0,0.4166103,0.13305573,-0.7430508,0.22208762,0.12293471,-0.35560313,-0.0069386587,0.07981258,-0.012250377,0.014392277,0.3191255,0.026732093,0.22371638,0.32828683,-0.336588,0.3956605,0.39373237,-0.7345586,-0.73555005,-0.018927338,0.14854574,-0.5475753,-0.14393528,0.052041404,-0.41284642,0.08283142,0.09743148,-0.39387593,0.32823798,0.11965103,-0.4481892,0.5799403,0.17786956,-0.66120327,0.65353787,0.2809878,-0.43934956,0.2089133,0.12935698,-0.62881845,0.26302755,0.12832955,-0.57500386,0.20635122,0.2633055,-0.59718406,0.25549963,0.2368961,-0.6115587,0.19476429,0.21683173,-0.549752,0.30620664,0.16689998,-0.5804847,0.18257065,0.11846461,0.003726809285581112,0.19946904480457306,0.007240857928991318
