frame,Ankle.R_x,Ankle.R_y,Ankle.R_z,Knee.R_x,Knee.R_y,Knee.R_z,Hip.R_x,Hip.R_y,Hip.R_z,Hip.L_x,Hip.L_y,Hip.L_z,Knee.L_x,Knee.L_y,Knee.L_z,Ankle.L_x,Ankle.L_y,Ankle.L_z,Wrist.R_x,Wrist.R_y,Wrist.R_z,Elbow.R_x,Elbow.R_y,Elbow.R_z,Shoulder.R_x,Shoulder.R_y,Shoulder.R_z,Shoulder.L_x,Shoulder.L_y,Shoulder.L_z,Elbow.L_x,Elbow.L_y,Elbow.L_z,Wrist.L_x,Wrist.L_y,Wrist.L_z,Neck_x,Neck_y,Neck_z,Head_x,Head_y,Head_z,Nose_x,Nose_y,Nose_z,Eye.L_x,Eye.L_y,Eye.L_z,Eye.R_x,Eye.R_y,Eye.R_z,Ear.L_x,Ear.L_y,Ear.L_z,Ear.R_x,Ear.R_y,Ear.R_z,hip.Center_x,hip.Center_y,hip.Center_z
0,0.41579756,0.13768898,-0.74066883,0.220006,0.13579401,-0.35597023,0.0014033597,0.08051251,-0.00768895,0.008686701,0.32059675,0.021402206,0.22418341,0.32678306,-0.3369482,0.41245475,0.38832688,-0.72540975,-0.7719881,-0.077585176,0.123946875,-0.5490124,-0.1391944,0.04377209,-0.42279503,0.09385795,0.09972287,-0.39831305,0.32615843,0.11811948,-0.43029892,0.58444476,0.16704991,-0.6235628,0.58783984,0.31159067,-0.44114146,0.21192703,0.1342944,-0.6212673,0.27568412,0.1422595,-0.58070385,0.170578,0.25084847,-0.60186994,0.22629791,0.24287477,-0.6107924,0.17851798,0.19892853,-0.54891473,0.3004588,0.20404796,-0.5685351,0.20455521,0.1086507,0.005045030266046524,0.20055463910102844,0.006856628227978945
