frame,Ankle.R_x,Ankle.R_y,Ankle.R_z,Knee.R_x,Knee.R_y,Knee.R_z,Hip.R_x,Hip.R_y,Hip.R_z,Hip.L_x,Hip.L_y,Hip.L_z,Knee.L_x,Knee.L_y,Knee.L_z,Ankle.L_x,Ankle.L_y,Ankle.L_z,Wrist.R_x,Wrist.R_y,Wrist.R_z,Elbow.R_x,Elbow.R_y,Elbow.R_z,Shoulder.R_x,Shoulder.R_y,Shoulder.R_z,Shoulder.L_x,Shoulder.L_y,Shoulder.L_z,Elbow.L_x,Elbow.L_y,Elbow.L_z,Wrist.L_x,Wrist.L_y,Wrist.L_z,Neck_x,Neck_y,Neck_z,Head_x,Head_y,Head_z,Nose_x,Nose_y,Nose_z,Eye.L_x,Eye.L_y,Eye.L_z,Eye.R_x,Eye.R_y,Eye.R_z,Ear.L_x,Ear.L_y,Ear.L_z,Ear.R_x,Ear.R_y,Ear.R_z,hip.Center_x,hip.Center_y,hip.Center_z
0,0.41745454,0.082438864,-0.7308411,0.22995254,0.10946714,-0.33943757,0.006887243,0.08249624,0.0049761003,-0.0016639518,0.3256767,0.011599334,0.19072865,0.29132324,-0.36059555,0.37341568,0.2638314,-0.75619894,-0.2985274,-0.45620668,0.1420309,-0.29936725,-0.2218167,0.050364207,-0.37071425,0.03827604,0.09365235,-0.39331126,0.30286318,0.113626435,-0.4060103,0.56112325,0.15691863,-0.4708825,0.7686286,0.27707192,-0.42898455,0.17478526,0.123279095,-0.62047213,0.24721855,0.12401273,-0.5766843,0.16135672,0.2453129,-0.59380865,0.21643832,0.22880253,-0.61212075,0.16221151,0.19694899,-0.54080963,0.2745434,0.17146617,-0.5784595,0.16635725,0.09918854,0.002611645730212331,0.20408648252487183,0.008287716656923294
