frame,Ankle.R_x,Ankle.R_y,Ankle.R_z,Knee.R_x,Knee.R_y,Knee.R_z,Hip.R_x,Hip.R_y,Hip.R_z,Hip.L_x,Hip.L_y,Hip.L_z,Knee.L_x,Knee.L_y,Knee.L_z,Ankle.L_x,Ankle.L_y,Ankle.L_z,Wrist.R_x,Wrist.R_y,Wrist.R_z,Elbow.R_x,Elbow.R_y,Elbow.R_z,Shoulder.R_x,Shoulder.R_y,Shoulder.R_z,Shoulder.L_x,Shoulder.L_y,Shoulder.L_z,Elbow.L_x,Elbow.L_y,Elbow.L_z,Wrist.L_x,Wrist.L_y,Wrist.L_z,Neck_x,Neck_y,Neck_z,Head_x,Head_y,Head_z,Nose_x,Nose_y,Nose_z,Eye.L_x,Eye.L_y,Eye.L_z,Eye.R_x,Eye.R_y,Eye.R_z,Ear.L_x,Ear.L_y,Ear.L_z,Ear.R_x,Ear.R_y,Ear.R_z,hip.Center_x,hip.Center_y,hip.Center_z
0,0.4150316,0.1465657,-0.7471653,0.21709628,0.14010546,-0.3595022,-0.005256809,0.081396945,-0.012940525,0.01605583,0.31819993,0.02647252,0.23075639,0.31904185,-0.33479556,0.406307,0.38174337,-0.7342396,-0.8126287,-0.13083051,0.10800054,-0.57068026,-0.12232046,0.05393489,-0.4311932,0.10455292,0.10408437,-0.4002638,0.33430666,0.1280797,-0.39272285,0.60010207,0.17278504,-0.57963014,0.5675754,0.31724298,-0.44494614,0.2163833,0.1435008,-0.6266417,0.26191336,0.16028947,-0.57524407,0.14461945,0.25139776,-0.6027924,0.1983905,0.25201738,-0.6054342,0.15828532,0.20029174,-0.5578821,0.28346303,0.22779119,-0.56578827,0.2040371,0.1175154,0.0053995102643966675,0.19979843497276306,0.006765997502952814
