frame,Ankle.R_x,Ankle.R_y,Ankle.R_z,Knee.R_x,Knee.R_y,Knee.R_z,Hip.R_x,Hip.R_y,Hip.R_z,Hip.L_x,Hip.L_y,Hip.L_z,Knee.L_x,Knee.L_y,Knee.L_z,Ankle.L_x,Ankle.L_y,Ankle.L_z,Wrist.R_x,Wrist.R_y,Wrist.R_z,Elbow.R_x,Elbow.R_y,Elbow.R_z,Shoulder.R_x,Shoulder.R_y,Shoulder.R_z,Shoulder.L_x,Shoulder.L_y,Shoulder.L_z,Elbow.L_x,Elbow.L_y,Elbow.L_z,Wrist.L_x,Wrist.L_y,Wrist.L_z,Neck_x,Neck_y,Neck_z,Head_x,Head_y,Head_z,Nose_x,Nose_y,Nose_z,Eye.L_x,Eye.L_y,Eye.L_z,Eye.R_x,Eye.R_y,Eye.R_z,Ear.L_x,Ear.L_y,Ear.L_z,Ear.R_x,Ear.R_y,Ear.R_z,hip.Center_x,hip.Center_y,hip.Center_z
0,0.40623075,0.14393452,-0.75246686,0.22689413,0.13746111,-0.35329878,-0.0010608286,0.08188955,-0.008698961,0.010197399,0.32128775,0.022926902,0.23280361,0.32290247,-0.33465254,0.40654132,0.38030055,-0.73617375,-0.82747483,-0.19133174,0.10476207,-0.5968084,-0.10286809,0.062442537,-0.43627396,0.10577422,0.10300479,-0.3985611,0.33489034,0.1224354,-0.37864417,0.59781814,0.17211396,-0.5342894,0.51856524,0.33183572,-0.44691086,0.21807522,0.13985349,-0.632364,0.2594305,0.16541174,-0.56882083,0.1503089,0.25855505,-0.5983461,0.20318006,0.25813395,-0.60372305,0.15982458,0.20941168,-0.55915934,0.2874372,0.22472662,-0.5731609,0.2013826,0.120872244,0.004568285308778286,0.20158864557743073,0.0071139708161354065
