frame,Ankle.R_x,Ankle.R_y,Ankle.R_z,Knee.R_x,Knee.R_y,Knee.R_z,Hip.R_x,Hip.R_y,Hip.R_z,Hip.L_x,Hip.L_y,Hip.L_z,Knee.L_x,Knee.L_y,Knee.L_z,Ankle.L_x,Ankle.L_y,Ankle.L_z,Wrist.R_x,Wrist.R_y,Wrist.R_z,Elbow.R_x,Elbow.R_y,Elbow.R_z,Shoulder.R_x,Shoulder.R_y,Shoulder.R_z,Shoulder.L_x,Shoulder.L_y,Shoulder.L_z,Elbow.L_x,Elbow.L_y,Elbow.L_z,Wrist.L_x,Wrist.L_y,Wrist.L_z,Neck_x,Neck_y,Neck_z,Head_x,Head_y,Head_z,Nose_x,Nose_y,Nose_z,Eye.L_x,Eye.L_y,Eye.L_z,Eye.R_x,Eye.R_y,Eye.R_z,Ear.L_x,Ear.L_y,Ear.L_z,Ear.R_x,Ear.R_y,Ear.R_z,hip.Center_x,hip.Center_y,hip.Center_z
0,0.29076463,0.13103536,-0.7937578,0.21055837,0.14660819,-0.36310998,0.012298033,0.08371375,0.00046927482,-0.0008035083,0.32440293,0.015297057,0.22047764,0.32100466,-0.34307623,0.39636976,0.34327522,-0.744275,-0.7916447,-0.25991526,0.09738943,-0.6053809,-0.09805572,0.055015523,-0.43662924,0.097911865,0.10144405,-0.3897171,0.33106476,0.11490657,-0.35494125,0.5876559,0.18083236,-0.48167795,0.47982126,0.34810072,-0.44341728,0.21441226,0.13602653,-0.6300687,0.25824556,0.18845513,-0.5440964,0.16411826,0.2791391,-0.57498604,0.21624514,0.2776919,-0.5894536,0.16629675,0.23822843,-0.5476307,0.29371285,0.22499236,-0.5803543,0.19461934,0.13961552,0.005747262388467789,0.20405833423137665,0.007883165962994099
