frame,Ankle.R_x,Ankle.R_y,Ankle.R_z,Knee.R_x,Knee.R_y,Knee.R_z,Hip.R_x,Hip.R_y,Hip.R_z,Hip.L_x,Hip.L_y,Hip.L_z,Knee.L_x,Knee.L_y,Knee.L_z,Ankle.L_x,Ankle.L_y,Ankle.L_z,Wrist.R_x,Wrist.R_y,Wrist.R_z,Elbow.R_x,Elbow.R_y,Elbow.R_z,Shoulder.R_x,Shoulder.R_y,Shoulder.R_z,Shoulder.L_x,Shoulder.L_y,Shoulder.L_z,Elbow.L_x,Elbow.L_y,Elbow.L_z,Wrist.L_x,Wrist.L_y,Wrist.L_z,Neck_x,Neck_y,Neck_z,Head_x,Head_y,Head_z,Nose_x,Nose_y,Nose_z,Eye.L_x,Eye.L_y,Eye.L_z,Eye.R_x,Eye.R_y,Eye.R_z,Ear.L_x,Ear.L_y,Ear.L_z,Ear.R_x,Ear.R_y,Ear.R_z,hip.Center_x,hip.Center_y,hip.Center_z
0,0.26950896,0.095174536,-0.79082656,0.19636735,0.13153636,-0.36533573,0.016279947,0.08420742,0.0047881096,-0.004120654,0.32345894,0.010720565,0.20394063,0.306698,-0.3520379,0.39252126,0.3118617,-0.74238354,-0.7598495,-0.25073862,0.08226983,-0.5364022,-0.15203689,0.04272434,-0.41915447,0.08129099,0.1002101,-0.38700247,0.32195193,0.11489009,-0.37267864,0.57138294,0.19977726,-0.51262915,0.5285642,0.38894498,-0.436094,0.20349327,0.13263837,-0.6171476,0.27245656,0.1685754,-0.5628345,0.15675232,0.25711864,-0.58378756,0.21305573,0.2584895,-0.60049474,0.17035145,0.21178395,-0.536827,0.28977484,0.21963315,-0.5716207,0.2052401,0.11926678,0.00607964675873518,0.2038331776857376,0.007754337042570114
