frame,Ankle.R_x,Ankle.R_y,Ankle.R_z,Knee.R_x,Knee.R_y,Knee.R_z,Hip.R_x,Hip.R_y,Hip.R_z,Hip.L_x,Hip.L_y,Hip.L_z,Knee.L_x,Knee.L_y,Knee.L_z,Ankle.L_x,Ankle.L_y,Ankle.L_z,Wrist.R_x,Wrist.R_y,Wrist.R_z,Elbow.R_x,Elbow.R_y,Elbow.R_z,Shoulder.R_x,Shoulder.R_y,Shoulder.R_z,Shoulder.L_x,Shoulder.L_y,Shoulder.L_z,Elbow.L_x,Elbow.L_y,Elbow.L_z,Wrist.L_x,Wrist.L_y,Wrist.L_z,Neck_x,Neck_y,Neck_z,Head_x,Head_y,Head_z,Nose_x,Nose_y,Nose_z,Eye.L_x,Eye.L_y,Eye.L_z,Eye.R_x,Eye.R_y,Eye.R_z,Ear.L_x,Ear.L_y,Ear.L_z,Ear.R_x,Ear.R_y,Ear.R_z,hip.Center_x,hip.Center_y,hip.Center_z
0,0.40035206,0.04358367,-0.7418749,0.21572113,0.104864605,-0.35368595,0.0008684476,0.082082555,-0.0026233797,0.009075955,0.32382897,0.015185254,0.22013587,0.29417926,-0.34776035,0.42101973,0.29492658,-0.7350729,-0.7205001,-0.17100547,0.09657936,-0.4836315,-0.17428854,0.03454358,-0.41453338,0.082078114,0.102389045,-0.4091388,0.31670776,0.12776585,-0.465905,0.56013787,0.2095522,-0.63528657,0.60927504,0.3819919,-0.4412458,0.20054498,0.13817273,-0.6094662,0.2724293,0.13184512,-0.5912551,0.16691294,0.24642664,-0.6057444,0.22429714,0.23541057,-0.61480576,0.17604622,0.19156337,-0.54179555,0.29236156,0.20082977,-0.5606553,0.19474953,0.105889075,0.004972200840711594,0.20295575261116028,0.006280937232077122
