frame,Ankle.R_x,Ankle.R_y,Ankle.R_z,Knee.R_x,Knee.R_y,Knee.R_z,Hip.R_x,Hip.R_y,Hip.R_z,Hip.L_x,Hip.L_y,Hip.L_z,Knee.L_x,Knee.L_y,Knee.L_z,Ankle.L_x,Ankle.L_y,Ankle.L_z,Wrist.R_x,Wrist.R_y,Wrist.R_z,Elbow.R_x,Elbow.R_y,Elbow.R_z,Shoulder.R_x,Shoulder.R_y,Shoulder.R_z,Shoulder.L_x,Shoulder.L_y,Shoulder.L_z,Elbow.L_x,Elbow.L_y,Elbow.L_z,Wrist.L_x,Wrist.L_y,Wrist.L_z,Neck_x,Neck_y,Neck_z,Head_x,Head_y,Head_z,Nose_x,Nose_y,Nose_z,Eye.L_x,Eye.L_y,Eye.L_z,Eye.R_x,Eye.R_y,Eye.R_z,Ear.L_x,Ear.L_y,Ear.L_z,Ear.R_x,Ear.R_y,Ear.R_z,hip.Center_x,hip.Center_y,hip.Center_z
0,0.4226384,0.031099243,-0.7274073,0.21555921,0.09511201,-0.35079524,-0.0024953461,0.08123256,-0.0024650097,0.009557108,0.3227338,0.016712965,0.22548702,0.28816393,-0.34363845,0.41527903,0.28607613,-0.73843575,-0.677509,-0.1264549,0.10112511,-0.45461613,-0.19140045,0.03254669,-0.40624323,0.07238232,0.099290065,-0.41501257,0.30977565,0.1210035,-0.5135582,0.54394406,0.18765862,-0.6772392,0.65003085,0.34557128,-0.43877,0.19300771,0.13409942,-0.61125594,0.26020283,0.14585869,-0.57413626,0.16285005,0.26228243,-0.5908361,0.21918544,0.2501366,-0.60605955,0.16809568,0.21153295,-0.5339904,0.28539038,0.2015563,-0.5657218,0.18165228,0.1173292,0.0035308811347931623,0.20198318362236023,0.00712397787719965
