frame,Ankle.R_x,Ankle.R_y,Ankle.R_z,Knee.R_x,Knee.R_y,Knee.R_z,Hip.R_x,Hip.R_y,Hip.R_z,Hip.L_x,Hip.L_y,Hip.L_z,Knee.L_x,Knee.L_y,Knee.L_z,Ankle.L_x,Ankle.L_y,Ankle.L_z,Wrist.R_x,Wrist.R_y,Wrist.R_z,Elbow.R_x,Elbow.R_y,Elbow.R_z,Shoulder.R_x,Shoulder.R_y,Shoulder.R_z,Shoulder.L_x,Shoulder.L_y,Shoulder.L_z,Elbow.L_x,Elbow.L_y,Elbow.L_z,Wrist.L_x,Wrist.L_y,Wrist.L_z,Neck_x,Neck_y,Neck_z,Head_x,Head_y,Head_z,Nose_x,Nose_y,Nose_z,Eye.L_x,Eye.L_y,Eye.L_z,Eye.R_x,Eye.R_y,Eye.R_z,Ear.L_x,Ear.L_y,Ear.L_z,Ear.R_x,Ear.R_y,Ear.R_z,hip.Center_x,hip.Center_y,hip.Center_z
0,0.38029644,0.02301199,-0.7451909,0.20341198,0.087885015,-0.35344836,0.0033319034,0.08181125,0.007840571,0.0029960661,0.3261024,0.0067436737,0.23003979,0.2799742,-0.34454778,0.41864288,0.27324048,-0.7392381,-0.6067032,-0.10918637,0.12316765,-0.41039956,-0.19688855,0.017905932,-0.38860708,0.065044194,0.10698728,-0.40843964,0.31096768,0.124482855,-0.52054745,0.5394015,0.17708561,-0.66884136,0.6936641,0.30746448,-0.43178266,0.19104898,0.14040288,-0.6105353,0.2602783,0.14986432,-0.57395196,0.16190627,0.26466063,-0.5910755,0.2181382,0.25339484,-0.60564476,0.16763012,0.21397933,-0.5339837,0.2850828,0.2066243,-0.56475174,0.18327917,0.12052896,0.0031639847438782454,0.20395682752132416,0.007292122580111027
