frame,Ankle.R_x,Ankle.R_y,Ankle.R_z,Knee.R_x,Knee.R_y,Knee.R_z,Hip.R_x,Hip.R_y,Hip.R_z,Hip.L_x,Hip.L_y,Hip.L_z,Knee.L_x,Knee.L_y,Knee.L_z,Ankle.L_x,Ankle.L_y,Ankle.L_z,Wrist.R_x,Wrist.R_y,Wrist.R_z,Elbow.R_x,Elbow.R_y,Elbow.R_z,Shoulder.R_x,Shoulder.R_y,Shoulder.R_z,Shoulder.L_x,Shoulder.L_y,Shoulder.L_z,Elbow.L_x,Elbow.L_y,Elbow.L_z,Wrist.L_x,Wrist.L_y,Wrist.L_z,Neck_x,Neck_y,Neck_z,Head_x,Head_y,Head_z,Nose_x,Nose_y,Nose_z,Eye.L_x,Eye.L_y,Eye.L_z,Eye.R_x,Eye.R_y,Eye.R_z,Ear.L_x,Ear.L_y,Ear.L_z,Ear.R_x,Ear.R_y,Ear.R_z,hip.Center_x,hip.Center_y,hip.Center_z
0,0.384486,0.06864795,-0.74990815,0.20404053,0.10075661,-0.3541837,-9.8595396e-05,0.08183714,-0.0010886551,0.0061854953,0.32405588,0.018019618,0.18928753,0.28884244,-0.3595273,0.36076298,0.26576447,-0.7625098,-0.3862455,-0.45962322,0.12169169,-0.30982834,-0.23284972,0.0396258,-0.3591632,0.028769972,0.092882946,-0.398749,0.288562,0.115288064,-0.45583808,0.5429003,0.14064707,-0.5507784,0.7496635,0.24663165,-0.42399102,0.16096431,0.1256774,-0.6116504,0.23986357,0.14001097,-0.5657315,0.14885268,0.25647005,-0.5798453,0.20531175,0.24192727,-0.6043828,0.15297389,0.21081132,-0.52723074,0.26098594,0.18164916,-0.57685274,0.15637468,0.11030286,0.0030434499494731426,0.2029465138912201,0.008465481922030449
