frame,Ankle.R_x,Ankle.R_y,Ankle.R_z,Knee.R_x,Knee.R_y,Knee.R_z,Hip.R_x,Hip.R_y,Hip.R_z,Hip.L_x,Hip.L_y,Hip.L_z,Knee.L_x,Knee.L_y,Knee.L_z,Ankle.L_x,Ankle.L_y,Ankle.L_z,Wrist.R_x,Wrist.R_y,Wrist.R_z,Elbow.R_x,Elbow.R_y,Elbow.R_z,Shoulder.R_x,Shoulder.R_y,Shoulder.R_z,Shoulder.L_x,Shoulder.L_y,Shoulder.L_z,Elbow.L_x,Elbow.L_y,Elbow.L_z,Wrist.L_x,Wrist.L_y,Wrist.L_z,Neck_x,Neck_y,Neck_z,Head_x,Head_y,Head_z,Nose_x,Nose_y,Nose_z,Eye.L_x,Eye.L_y,Eye.L_z,Eye.R_x,Eye.R_y,Eye.R_z,Ear.L_x,Ear.L_y,Ear.L_z,Ear.R_x,Ear.R_y,Ear.R_z,hip.Center_x,hip.Center_y,hip.Center_z
0,0.4091757,0.010532411,-0.7346727,0.20346956,0.085306056,-0.35670716,-0.006651651,0.0819741,-0.0035907673,0.013593777,0.32332343,0.017618114,0.22000876,0.28282446,-0.34950274,0.41244695,0.271342,-0.7454648,-0.63516426,-0.12958346,0.10858178,-0.42033094,-0.19727568,0.019400401,-0.39873993,0.06997127,0.101194344,-0.41929302,0.30564687,0.12865254,-0.5414058,0.5379223,0.14822009,-0.65652406,0.73638636,0.25466183,-0.4366482,0.18882492,0.14279094,-0.60679233,0.26089036,0.16820946,-0.5756622,0.13869834,0.26026553,-0.5910879,0.19676648,0.26085445,-0.6054437,0.15643919,0.21092579,-0.5307501,0.27115253,0.23122342,-0.56149954,0.19037256,0.124345414,0.003471062984317541,0.20264875888824463,0.0070136734284460545
