frame,Ankle.R_x,Ankle.R_y,Ankle.R_z,Knee.R_x,Knee.R_y,Knee.R_z,Hip.R_x,Hip.R_y,Hip.R_z,Hip.L_x,Hip.L_y,Hip.L_z,Knee.L_x,Knee.L_y,Knee.L_z,Ankle.L_x,Ankle.L_y,Ankle.L_z,Wrist.R_x,Wrist.R_y,Wrist.R_z,Elbow.R_x,Elbow.R_y,Elbow.R_z,Shoulder.R_x,Shoulder.R_y,Shoulder.R_z,Shoulder.L_x,Shoulder.L_y,Shoulder.L_z,Elbow.L_x,Elbow.L_y,Elbow.L_z,Wrist.L_x,Wrist.L_y,Wrist.L_z,Neck_x,Neck_y,Neck_z,Head_x,Head_y,Head_z,Nose_x,Nose_y,Nose_z,Eye.L_x,Eye.L_y,Eye.L_z,Eye.R_x,Eye.R_y,Eye.R_z,Ear.L_x,Ear.L_y,Ear.L_z,Ear.R_x,Ear.R_y,Ear.R_z,hip.Center_x,hip.Center_y,hip.Center_z
0,0.40584126,0.04025919,-0.6491577,0.3463309,0.09954222,-0.22681257,-0.0031973629,0.081163414,-0.0035649417,0.0025897282,0.3231913,0.015086433,0.1876418,0.28726044,-0.35771668,0.30956697,0.28831258,-0.7787344,-0.72523737,-0.30052492,0.10739863,-0.54841095,-0.13231468,0.041967876,-0.40793276,0.076907806,0.10308841,-0.38682932,0.31769317,0.12828152,-0.48731497,0.55449164,0.13383313,-0.6669431,0.71037567,0.20172285,-0.427985,0.19706681,0.14749494,-0.60268444,0.26352653,0.21841908,-0.5577803,0.12137087,0.2551016,-0.573286,0.17359239,0.2784449,-0.59466636,0.15267618,0.22039288,-0.52005804,0.25602573,0.26829636,-0.56428796,0.21685728,0.14653087,-0.0003038173308596015,0.20217734575271606,0.005760745611041784
