frame,Ankle.R_x,Ankle.R_y,Ankle.R_z,Knee.R_x,Knee.R_y,Knee.R_z,Hip.R_x,Hip.R_y,Hip.R_z,Hip.L_x,Hip.L_y,Hip.L_z,Knee.L_x,Knee.L_y,Knee.L_z,Ankle.L_x,Ankle.L_y,Ankle.L_z,Wrist.R_x,Wrist.R_y,Wrist.R_z,Elbow.R_x,Elbow.R_y,Elbow.R_z,Shoulder.R_x,Shoulder.R_y,Shoulder.R_z,Shoulder.L_x,Shoulder.L_y,Shoulder.L_z,Elbow.L_x,Elbow.L_y,Elbow.L_z,Wrist.L_x,Wrist.L_y,Wrist.L_z,Neck_x,Neck_y,Neck_z,Head_x,Head_y,Head_z,Nose_x,Nose_y,Nose_z,Eye.L_x,Eye.L_y,Eye.L_z,Eye.R_x,Eye.R_y,Eye.R_z,Ear.L_x,Ear.L_y,Ear.L_z,Ear.R_x,Ear.R_y,Ear.R_z,hip.Center_x,hip.Center_y,hip.Center_z
0,0.41551116,0.014167878,-0.24875955,0.34292692,0.097814985,0.14529675,-0.025538165,0.078903064,-0.020868488,0.011037421,0.3234347,0.014392167,0.23690572,0.26689646,-0.32726455,0.41777763,0.32390493,-0.72527254,-0.7813152,-0.21301879,0.04405203,-0.5439291,-0.13268338,0.030298812,-0.4176858,0.09551831,0.08003126,-0.39474836,0.33739108,0.120023005,-0.49062595,0.5762414,0.16593133,-0.7322546,0.61734176,0.1721146,-0.43772364,0.21515542,0.12793328,-0.6095061,0.28934443,0.16585666,-0.585157,0.14707357,0.22024149,-0.600201,0.20297517,0.23651251,-0.6122368,0.17774661,0.1771043,-0.53852725,0.28084117,0.23070733,-0.5625747,0.23334411,0.10678497,-0.007250371854752302,0.20116889476776123,-0.003238160163164139
