frame,Ankle.R_x,Ankle.R_y,Ankle.R_z,Knee.R_x,Knee.R_y,Knee.R_z,Hip.R_x,Hip.R_y,Hip.R_z,Hip.L_x,Hip.L_y,Hip.L_z,Knee.L_x,Knee.L_y,Knee.L_z,Ankle.L_x,Ankle.L_y,Ankle.L_z,Wrist.R_x,Wrist.R_y,Wrist.R_z,Elbow.R_x,Elbow.R_y,Elbow.R_z,Shoulder.R_x,Shoulder.R_y,Shoulder.R_z,Shoulder.L_x,Shoulder.L_y,Shoulder.L_z,Elbow.L_x,Elbow.L_y,Elbow.L_z,Wrist.L_x,Wrist.L_y,Wrist.L_z,Neck_x,Neck_y,Neck_z,Head_x,Head_y,Head_z,Nose_x,Nose_y,Nose_z,Eye.L_x,Eye.L_y,Eye.L_z,Eye.R_x,Eye.R_y,Eye.R_z,Ear.L_x,Ear.L_y,Ear.L_z,Ear.R_x,Ear.R_y,Ear.R_z,hip.Center_x,hip.Center_y,hip.Center_z
0,0.4448085,0.004785558,-0.112708546,0.2545567,0.100398906,0.23329097,-0.033133008,0.079930864,-0.026806027,0.0139223095,0.3244478,0.014608568,0.23350152,0.26498768,-0.32592875,0.40586782,0.32973984,-0.7275994,-0.7716469,-0.1740522,0.032724053,-0.52555573,-0.1424788,0.014019686,-0.40866712,0.090514995,0.07036594,-0.39429337,0.33729264,0.11841438,-0.48710537,0.58424175,0.14317241,-0.7288077,0.5804017,0.16937071,-0.43673316,0.21171024,0.121343106,-0.60412055,0.29637513,0.15558416,-0.6015816,0.14443402,0.18295847,-0.6137674,0.19801582,0.2082389,-0.61851645,0.18557906,0.14363372,-0.5447133,0.2684373,0.22692093,-0.5535643,0.24685395,0.09339195,-0.00960534904152155,0.2021893411874771,-0.006098729558289051
