frame,Ankle.R_x,Ankle.R_y,Ankle.R_z,Knee.R_x,Knee.R_y,Knee.R_z,Hip.R_x,Hip.R_y,Hip.R_z,Hip.L_x,Hip.L_y,Hip.L_z,Knee.L_x,Knee.L_y,Knee.L_z,Ankle.L_x,Ankle.L_y,Ankle.L_z,Wrist.R_x,Wrist.R_y,Wrist.R_z,Elbow.R_x,Elbow.R_y,Elbow.R_z,Shoulder.R_x,Shoulder.R_y,Shoulder.R_z,Shoulder.L_x,Shoulder.L_y,Shoulder.L_z,Elbow.L_x,Elbow.L_y,Elbow.L_z,Wrist.L_x,Wrist.L_y,Wrist.L_z,Neck_x,Neck_y,Neck_z,Head_x,Head_y,Head_z,Nose_x,Nose_y,Nose_z,Eye.L_x,Eye.L_y,Eye.L_z,Eye.R_x,Eye.R_y,Eye.R_z,Ear.L_x,Ear.L_y,Ear.L_z,Ear.R_x,Ear.R_y,Ear.R_z,hip.Center_x,hip.Center_y,hip.Center_z
0,0.40464994,0.06532661,-0.7407641,0.19396308,0.10047102,-0.35991237,-0.0056108227,0.08221087,-0.0059525017,0.012448837,0.3226579,0.022584325,0.18771137,0.29064435,-0.35868052,0.37039807,0.26685232,-0.75837016,-0.44038746,-0.42755675,0.12721206,-0.31131926,-0.23895636,0.021652577,-0.357229,0.023037886,0.08910096,-0.40974182,0.27808285,0.11090385,-0.5000732,0.5255197,0.12340653,-0.6419062,0.7023611,0.23150107,-0.42486364,0.15038006,0.12426922,-0.60944974,0.2256397,0.15045005,-0.5584877,0.1328529,0.26421586,-0.57287914,0.18957646,0.25085348,-0.5992161,0.13750184,0.22032946,-0.52309227,0.24628408,0.18823212,-0.5760892,0.14130637,0.118026,0.0034190071746706963,0.20243439078330994,0.008315911516547203
