frame,Ankle.R_x,Ankle.R_y,Ankle.R_z,Knee.R_x,Knee.R_y,Knee.R_z,Hip.R_x,Hip.R_y,Hip.R_z,Hip.L_x,Hip.L_y,Hip.L_z,Knee.L_x,Knee.L_y,Knee.L_z,Ankle.L_x,Ankle.L_y,Ankle.L_z,Wrist.R_x,Wrist.R_y,Wrist.R_z,Elbow.R_x,Elbow.R_y,Elbow.R_z,Shoulder.R_x,Shoulder.R_y,Shoulder.R_z,Shoulder.L_x,Shoulder.L_y,Shoulder.L_z,Elbow.L_x,Elbow.L_y,Elbow.L_z,Wrist.L_x,Wrist.L_y,Wrist.L_z,Neck_x,Neck_y,Neck_z,Head_x,Head_y,Head_z,Nose_x,Nose_y,Nose_z,Eye.L_x,Eye.L_y,Eye.L_z,Eye.R_x,Eye.R_y,Eye.R_z,Ear.L_x,Ear.L_y,Ear.L_z,Ear.R_x,Ear.R_y,Ear.R_z,hip.Center_x,hip.Center_y,hip.Center_z
0,0.46475306,-0.005451037,-0.004805892,0.17989948,0.0897431,0.2735193,-0.034445755,0.08130764,-0.033800513,0.0153817395,0.32466334,0.017423593,0.23001532,0.26130304,-0.32531705,0.39514238,0.31456712,-0.7319275,-0.7257406,-0.14985098,0.022661742,-0.48442712,-0.16940211,-0.008268623,-0.41268784,0.08719569,0.055593386,-0.40851745,0.32597077,0.11647665,-0.46984306,0.589114,0.12580551,-0.6942102,0.53338194,0.18202552,-0.4445932,0.2031971,0.11322955,-0.5960279,0.2990524,0.13506536,-0.61699986,0.14847007,0.1669616,-0.6234299,0.20452304,0.18984532,-0.62486136,0.19012201,0.12526028,-0.54666775,0.26577598,0.21224037,-0.54905266,0.23950002,0.0788189,-0.009532008320093155,0.2029854953289032,-0.008188460022211075
