frame,Ankle.R_x,Ankle.R_y,Ankle.R_z,Knee.R_x,Knee.R_y,Knee.R_z,Hip.R_x,Hip.R_y,Hip.R_z,Hip.L_x,Hip.L_y,Hip.L_z,Knee.L_x,Knee.L_y,Knee.L_z,Ankle.L_x,Ankle.L_y,Ankle.L_z,Wrist.R_x,Wrist.R_y,Wrist.R_z,Elbow.R_x,Elbow.R_y,Elbow.R_z,Shoulder.R_x,Shoulder.R_y,Shoulder.R_z,Shoulder.L_x,Shoulder.L_y,Shoulder.L_z,Elbow.L_x,Elbow.L_y,Elbow.L_z,Wrist.L_x,Wrist.L_y,Wrist.L_z,Neck_x,Neck_y,Neck_z,Head_x,Head_y,Head_z,Nose_x,Nose_y,Nose_z,Eye.L_x,Eye.L_y,Eye.L_z,Eye.R_x,Eye.R_y,Eye.R_z,Ear.L_x,Ear.L_y,Ear.L_z,Ear.R_x,Ear.R_y,Ear.R_z,hip.Center_x,hip.Center_y,hip.Center_z
0,0.41637254,-0.0029123,0.058805965,0.10075058,0.09584375,0.29547045,-0.03497163,0.08251235,-0.040950462,0.017015895,0.32430914,0.02093235,0.2261339,0.2669187,-0.32230663,0.40651813,0.31697288,-0.72291505,-0.68898976,-0.16175628,0.034647003,-0.4557475,-0.18112993,-0.027948009,-0.41750818,0.08356557,0.045154862,-0.41905805,0.31774563,0.11010384,-0.45395067,0.58775234,0.09535425,-0.64998734,0.5098964,0.19347663,-0.451207,0.19670893,0.10483864,-0.58786345,0.3036079,0.12915215,-0.6274667,0.1543836,0.15241726,-0.62788594,0.2100504,0.1781548,-0.62912804,0.19885822,0.11269106,-0.5451735,0.26077506,0.20503974,-0.5470118,0.24109146,0.07054244,-0.008977866731584072,0.20341074466705322,-0.010009055957198143
