frame,Ankle.R_x,Ankle.R_y,Ankle.R_z,Knee.R_x,Knee.R_y,Knee.R_z,Hip.R_x,Hip.R_y,Hip.R_z,Hip.L_x,Hip.L_y,Hip.L_z,Knee.L_x,Knee.L_y,Knee.L_z,Ankle.L_x,Ankle.L_y,Ankle.L_z,Wrist.R_x,Wrist.R_y,Wrist.R_z,Elbow.R_x,Elbow.R_y,Elbow.R_z,Shoulder.R_x,Shoulder.R_y,Shoulder.R_z,Shoulder.L_x,Shoulder.L_y,Shoulder.L_z,Elbow.L_x,Elbow.L_y,Elbow.L_z,Wrist.L_x,Wrist.L_y,Wrist.L_z,Neck_x,Neck_y,Neck_z,Head_x,Head_y,Head_z,Nose_x,Nose_y,Nose_z,Eye.L_x,Eye.L_y,Eye.L_z,Eye.R_x,Eye.R_y,Eye.R_z,Ear.L_x,Ear.L_y,Ear.L_z,Ear.R_x,Ear.R_y,Ear.R_z,hip.Center_x,hip.Center_y,hip.Center_z
0,0.4075618,0.0071546775,0.110069156,0.067099966,0.10008637,0.30357718,-0.032825597,0.08068612,-0.034408376,0.015065818,0.32580036,0.012816818,0.20861785,0.26638392,-0.33075956,0.35400057,0.30909413,-0.7411342,-0.7080189,-0.17454758,0.017661542,-0.47266173,-0.168978,-0.040745694,-0.424369,0.0918442,0.03436559,-0.42077342,0.32550308,0.09263822,-0.4494309,0.59574944,0.08096187,-0.6474689,0.5164677,0.17434007,-0.45422164,0.20531617,0.091386504,-0.5962203,0.30747247,0.11525112,-0.62445694,0.15922265,0.15467294,-0.6257799,0.21671131,0.17544648,-0.6323947,0.1999146,0.11168791,-0.54469323,0.27336648,0.18967246,-0.55742455,0.24235418,0.05846379,-0.0088798888027668,0.20324324071407318,-0.010795778594911098
