frame,Ankle.R_x,Ankle.R_y,Ankle.R_z,Knee.R_x,Knee.R_y,Knee.R_z,Hip.R_x,Hip.R_y,Hip.R_z,Hip.L_x,Hip.L_y,Hip.L_z,Knee.L_x,Knee.L_y,Knee.L_z,Ankle.L_x,Ankle.L_y,Ankle.L_z,Wrist.R_x,Wrist.R_y,Wrist.R_z,Elbow.R_x,Elbow.R_y,Elbow.R_z,Shoulder.R_x,Shoulder.R_y,Shoulder.R_z,Shoulder.L_x,Shoulder.L_y,Shoulder.L_z,Elbow.L_x,Elbow.L_y,Elbow.L_z,Wrist.L_x,Wrist.L_y,Wrist.L_z,Neck_x,Neck_y,Neck_z,Head_x,Head_y,Head_z,Nose_x,Nose_y,Nose_z,Eye.L_x,Eye.L_y,Eye.L_z,Eye.R_x,Eye.R_y,Eye.R_z,Ear.L_x,Ear.L_y,Ear.L_z,Ear.R_x,Ear.R_y,Ear.R_z,hip.Center_x,hip.Center_y,hip.Center_z
0,0.39032507,0.020906264,0.12450002,0.04645292,0.10999425,0.31042317,-0.030425651,0.07929334,-0.023102932,0.009015651,0.32780546,0.0014209499,0.2075391,0.27294374,-0.3348915,0.3129766,0.31320152,-0.76227015,-0.7383272,-0.22150534,0.011926257,-0.5000835,-0.1641386,-0.022473842,-0.42095065,0.090152755,0.032039873,-0.41860226,0.33148843,0.07441279,-0.46050978,0.5995808,0.058154766,-0.65026414,0.5390756,0.18439528,-0.45224681,0.20775525,0.0820903,-0.6146821,0.2935084,0.121298075,-0.6093784,0.14471233,0.16459069,-0.6181898,0.20148006,0.18492243,-0.6309726,0.18213364,0.1230579,-0.54755473,0.2712917,0.18621866,-0.57347834,0.23565942,0.058838744,-0.010704999789595604,0.20354939997196198,-0.010840990580618382
