frame,Ankle.R_x,Ankle.R_y,Ankle.R_z,Knee.R_x,Knee.R_y,Knee.R_z,Hip.R_x,Hip.R_y,Hip.R_z,Hip.L_x,Hip.L_y,Hip.L_z,Knee.L_x,Knee.L_y,Knee.L_z,Ankle.L_x,Ankle.L_y,Ankle.L_z,Wrist.R_x,Wrist.R_y,Wrist.R_z,Elbow.R_x,Elbow.R_y,Elbow.R_z,Shoulder.R_x,Shoulder.R_y,Shoulder.R_z,Shoulder.L_x,Shoulder.L_y,Shoulder.L_z,Elbow.L_x,Elbow.L_y,Elbow.L_z,Wrist.L_x,Wrist.L_y,Wrist.L_z,Neck_x,Neck_y,Neck_z,Head_x,Head_y,Head_z,Nose_x,Nose_y,Nose_z,Eye.L_x,Eye.L_y,Eye.L_z,Eye.R_x,Eye.R_y,Eye.R_z,Ear.L_x,Ear.L_y,Ear.L_z,Ear.R_x,Ear.R_y,Ear.R_z,hip.Center_x,hip.Center_y,hip.Center_z
0,0.3804954,0.055229157,0.15194035,0.02829225,0.11880439,0.32461104,-0.024705518,0.07839196,-0.017682707,-0.0013407288,0.32851166,-0.010648571,0.25387046,0.2928373,-0.30591503,0.32035837,0.33323553,-0.7420316,-0.75794786,-0.2925972,0.014621537,-0.5775201,-0.11129315,-0.018038021,-0.42354402,0.0868262,0.0013858462,-0.4289558,0.32151955,0.041124422,-0.58204854,0.5284208,0.038549203,-0.7782232,0.6686921,0.1067058,-0.45358405,0.20069888,0.049584687,-0.61812735,0.26888412,0.12599018,-0.58630735,0.12042334,0.14897197,-0.5959166,0.17248581,0.17722338,-0.62057084,0.15795591,0.11792981,-0.53529567,0.2508309,0.17103592,-0.58614886,0.22512643,0.049009953,-0.013023123145103455,0.20345181226730347,-0.014165638945996761
