frame,Ankle.R_x,Ankle.R_y,Ankle.R_z,Knee.R_x,Knee.R_y,Knee.R_z,Hip.R_x,Hip.R_y,Hip.R_z,Hip.L_x,Hip.L_y,Hip.L_z,Knee.L_x,Knee.L_y,Knee.L_z,Ankle.L_x,Ankle.L_y,Ankle.L_z,Wrist.R_x,Wrist.R_y,Wrist.R_z,Elbow.R_x,Elbow.R_y,Elbow.R_z,Shoulder.R_x,Shoulder.R_y,Shoulder.R_z,Shoulder.L_x,Shoulder.L_y,Shoulder.L_z,Elbow.L_x,Elbow.L_y,Elbow.L_z,Wrist.L_x,Wrist.L_y,Wrist.L_z,Neck_x,Neck_y,Neck_z,Head_x,Head_y,Head_z,Nose_x,Nose_y,Nose_z,Eye.L_x,Eye.L_y,Eye.L_z,Eye.R_x,Eye.R_y,Eye.R_z,Ear.L_x,Ear.L_y,Ear.L_z,Ear.R_x,Ear.R_y,Ear.R_z,hip.Center_x,hip.Center_y,hip.Center_z
0,0.39159936,0.054200742,0.18034957,0.023938993,0.115348324,0.32524723,-0.024212465,0.07817042,-0.015080434,-0.0018167237,0.32789782,-0.013449569,0.2630312,0.2918451,-0.30102146,0.36842152,0.3454662,-0.72487694,-0.76604545,-0.28957587,0.0036591133,-0.57673943,-0.114773616,-0.016332777,-0.4222245,0.083270974,-0.0017297314,-0.43688133,0.31133217,0.03202506,-0.6094095,0.49841332,0.032633606,-0.7847029,0.66831744,0.093458615,-0.4546792,0.1958888,0.043335855,-0.6159024,0.26906252,0.12167659,-0.58152014,0.12364891,0.15493554,-0.58947283,0.17794141,0.17905867,-0.61795133,0.15832022,0.12318838,-0.5303854,0.2554166,0.16216202,-0.588707,0.2190848,0.04660829,-0.013014594092965126,0.20303411781787872,-0.014265001751482487
