frame,Ankle.R_x,Ankle.R_y,Ankle.R_z,Knee.R_x,Knee.R_y,Knee.R_z,Hip.R_x,Hip.R_y,Hip.R_z,Hip.L_x,Hip.L_y,Hip.L_z,Knee.L_x,Knee.L_y,Knee.L_z,Ankle.L_x,Ankle.L_y,Ankle.L_z,Wrist.R_x,Wrist.R_y,Wrist.R_z,Elbow.R_x,Elbow.R_y,Elbow.R_z,Shoulder.R_x,Shoulder.R_y,Shoulder.R_z,Shoulder.L_x,Shoulder.L_y,Shoulder.L_z,Elbow.L_x,Elbow.L_y,Elbow.L_z,Wrist.L_x,Wrist.L_y,Wrist.L_z,Neck_x,Neck_y,Neck_z,Head_x,Head_y,Head_z,Nose_x,Nose_y,Nose_z,Eye.L_x,Eye.L_y,Eye.L_z,Eye.R_x,Eye.R_y,Eye.R_z,Ear.L_x,Ear.L_y,Ear.L_z,Ear.R_x,Ear.R_y,Ear.R_z,hip.Center_x,hip.Center_y,hip.Center_z
0,0.4239649,0.06064028,0.22446506,0.036546566,0.1221899,0.326185,-0.026170753,0.07833486,-0.013708837,0.0011706302,0.3269408,-0.014045568,0.26616937,0.28784522,-0.3005982,0.4081686,0.35507047,-0.71343094,-0.78710943,-0.25162438,-0.0049237423,-0.5636622,-0.1228734,-0.0033129056,-0.4229728,0.09159177,-0.0029680524,-0.44100782,0.31790686,0.027621092,-0.61787605,0.50052756,0.028242223,-0.80412304,0.6660053,0.07872746,-0.456398,0.20271425,0.04151639,-0.62464476,0.26353282,0.11304968,-0.58125436,0.11990157,0.14584994,-0.59564084,0.17263968,0.17054398,-0.61765134,0.15272121,0.11192788,-0.541394,0.25529447,0.1609673,-0.5870219,0.2181337,0.0398292,-0.01250006165355444,0.20263783633708954,-0.0138772027567029
