frame,Ankle.R_x,Ankle.R_y,Ankle.R_z,Knee.R_x,Knee.R_y,Knee.R_z,Hip.R_x,Hip.R_y,Hip.R_z,Hip.L_x,Hip.L_y,Hip.L_z,Knee.L_x,Knee.L_y,Knee.L_z,Ankle.L_x,Ankle.L_y,Ankle.L_z,Wrist.R_x,Wrist.R_y,Wrist.R_z,Elbow.R_x,Elbow.R_y,Elbow.R_z,Shoulder.R_x,Shoulder.R_y,Shoulder.R_z,Shoulder.L_x,Shoulder.L_y,Shoulder.L_z,Elbow.L_x,Elbow.L_y,Elbow.L_z,Wrist.L_x,Wrist.L_y,Wrist.L_z,Neck_x,Neck_y,Neck_z,Head_x,Head_y,Head_z,Nose_x,Nose_y,Nose_z,Eye.L_x,Eye.L_y,Eye.L_z,Eye.R_x,Eye.R_y,Eye.R_z,Ear.L_x,Ear.L_y,Ear.L_z,Ear.R_x,Ear.R_y,Ear.R_z,hip.Center_x,hip.Center_y,hip.Center_z
0,0.40053007,0.058606874,-0.7405157,0.17855723,0.09956918,-0.36781123,-0.0063592773,0.08240888,-0.006729752,0.013013031,0.3226321,0.023324102,0.18675497,0.29204172,-0.3593164,0.3753619,0.26256734,-0.7554934,-0.48087588,-0.37218463,0.11220557,-0.31237876,-0.23314637,-0.005830036,-0.3570482,0.02410803,0.08703763,-0.4170398,0.27296823,0.11201127,-0.53585756,0.50967157,0.10991182,-0.69468963,0.6573298,0.23500939,-0.42565423,0.14813085,0.12571535,-0.605439,0.22512737,0.15225205,-0.5605534,0.1284864,0.26588333,-0.57304096,0.1859639,0.2533847,-0.599522,0.13506117,0.22060868,-0.5196635,0.24334472,0.19357105,-0.5727403,0.14036953,0.11924133,0.0033268770202994347,0.202520489692688,0.008297175168991089
