frame,Ankle.R_x,Ankle.R_y,Ankle.R_z,Knee.R_x,Knee.R_y,Knee.R_z,Hip.R_x,Hip.R_y,Hip.R_z,Hip.L_x,Hip.L_y,Hip.L_z,Knee.L_x,Knee.L_y,Knee.L_z,Ankle.L_x,Ankle.L_y,Ankle.L_z,Wrist.R_x,Wrist.R_y,Wrist.R_z,Elbow.R_x,Elbow.R_y,Elbow.R_z,Shoulder.R_x,Shoulder.R_y,Shoulder.R_z,Shoulder.L_x,Shoulder.L_y,Shoulder.L_z,Elbow.L_x,Elbow.L_y,Elbow.L_z,Wrist.L_x,Wrist.L_y,Wrist.L_z,Neck_x,Neck_y,Neck_z,Head_x,Head_y,Head_z,Nose_x,Nose_y,Nose_z,Eye.L_x,Eye.L_y,Eye.L_z,Eye.R_x,Eye.R_y,Eye.R_z,Ear.L_x,Ear.L_y,Ear.L_z,Ear.R_x,Ear.R_y,Ear.R_z,hip.Center_x,hip.Center_y,hip.Center_z
0,0.40044484,0.07293391,0.5085899,0.032022618,0.12145649,0.3185474,-0.022940746,0.0790347,-0.011983751,-0.0058214613,0.3278353,-0.015003613,0.22320613,0.28500417,-0.318462,0.31889343,0.32887882,-0.74812925,-0.68582076,-0.35023308,-0.0524511,-0.5107563,-0.16453996,-0.052515853,-0.41832593,0.074422956,-0.0018149624,-0.420531,0.319479,0.03237876,-0.49716613,0.5723895,0.026659302,-0.6897527,0.7202472,0.07617875,-0.45245773,0.19395861,0.044817585,-0.6238216,0.26554912,0.10071988,-0.5894244,0.12334069,0.14883228,-0.6018723,0.17889398,0.16792817,-0.62299514,0.15420799,0.1108191,-0.54299855,0.25700033,0.15329953,-0.58716846,0.21032378,0.033937447,-0.014381103217601776,0.2034350037574768,-0.013493682257831097
