frame,Ankle.R_x,Ankle.R_y,Ankle.R_z,Knee.R_x,Knee.R_y,Knee.R_z,Hip.R_x,Hip.R_y,Hip.R_z,Hip.L_x,Hip.L_y,Hip.L_z,Knee.L_x,Knee.L_y,Knee.L_z,Ankle.L_x,Ankle.L_y,Ankle.L_z,Wrist.R_x,Wrist.R_y,Wrist.R_z,Elbow.R_x,Elbow.R_y,Elbow.R_z,Shoulder.R_x,Shoulder.R_y,Shoulder.R_z,Shoulder.L_x,Shoulder.L_y,Shoulder.L_z,Elbow.L_x,Elbow.L_y,Elbow.L_z,Wrist.L_x,Wrist.L_y,Wrist.L_z,Neck_x,Neck_y,Neck_z,Head_x,Head_y,Head_z,Nose_x,Nose_y,Nose_z,Eye.L_x,Eye.L_y,Eye.L_z,Eye.R_x,Eye.R_y,Eye.R_z,Ear.L_x,Ear.L_y,Ear.L_z,Ear.R_x,Ear.R_y,Ear.R_z,hip.Center_x,hip.Center_y,hip.Center_z
0,0.39620692,0.07449256,0.5834495,0.07124908,0.12214876,0.3193237,-0.026820473,0.08086635,-0.002058196,-0.0066791167,0.32751125,-0.023758238,0.23568498,0.28716996,-0.31742877,0.37533,0.3383386,-0.7335625,-0.48686403,-0.399604,-0.09511966,-0.39604685,-0.16295807,-0.11414033,-0.42212534,0.08919977,-0.010260134,-0.42496663,0.33902776,0.026352517,-0.4288806,0.60559905,0.008023586,-0.5044879,0.82986134,0.08546627,-0.4573013,0.2112146,0.042503994,-0.6268357,0.27840838,0.11173766,-0.58720624,0.13295846,0.14687215,-0.6008706,0.18608314,0.17092326,-0.6217371,0.1662449,0.1119148,-0.5441457,0.2674287,0.16283625,-0.58904105,0.23014727,0.0402254,-0.016749795526266098,0.20418879389762878,-0.012908217497169971
