frame,Ankle.R_x,Ankle.R_y,Ankle.R_z,Knee.R_x,Knee.R_y,Knee.R_z,Hip.R_x,Hip.R_y,Hip.R_z,Hip.L_x,Hip.L_y,Hip.L_z,Knee.L_x,Knee.L_y,Knee.L_z,Ankle.L_x,Ankle.L_y,Ankle.L_z,Wrist.R_x,Wrist.R_y,Wrist.R_z,Elbow.R_x,Elbow.R_y,Elbow.R_z,Shoulder.R_x,Shoulder.R_y,Shoulder.R_z,Shoulder.L_x,Shoulder.L_y,Shoulder.L_z,Elbow.L_x,Elbow.L_y,Elbow.L_z,Wrist.L_x,Wrist.L_y,Wrist.L_z,Neck_x,Neck_y,Neck_z,Head_x,Head_y,Head_z,Nose_x,Nose_y,Nose_z,Eye.L_x,Eye.L_y,Eye.L_z,Eye.R_x,Eye.R_y,Eye.R_z,Ear.L_x,Ear.L_y,Ear.L_z,Ear.R_x,Ear.R_y,Ear.R_z,hip.Center_x,hip.Center_y,hip.Center_z
0,0.39422396,0.08287821,0.5932027,0.07557433,0.12084259,0.32272214,-0.027026149,0.08036886,6.0950406e-06,-0.0065648872,0.32643571,-0.027084848,0.27002677,0.296557,-0.29737788,0.42695192,0.3573352,-0.7018868,-0.31915814,-0.36190832,-0.1449419,-0.3179705,-0.11040385,-0.14859776,-0.42876166,0.10081792,-0.01335582,-0.4180194,0.35118064,0.024719127,-0.32515335,0.60059875,0.017660534,-0.3451423,0.8399677,0.07451004,-0.4626894,0.22632013,0.04017991,-0.6360536,0.29655486,0.07793763,-0.59730864,0.16299586,0.14683041,-0.6147611,0.2190674,0.15759906,-0.62846,0.18674716,0.10239719,-0.5590905,0.2990371,0.1390102,-0.5898425,0.23564288,0.023405436,-0.01679551787674427,0.20340228080749512,-0.01353937666863203
