frame,Ankle.R_x,Ankle.R_y,Ankle.R_z,Knee.R_x,Knee.R_y,Knee.R_z,Hip.R_x,Hip.R_y,Hip.R_z,Hip.L_x,Hip.L_y,Hip.L_z,Knee.L_x,Knee.L_y,Knee.L_z,Ankle.L_x,Ankle.L_y,Ankle.L_z,Wrist.R_x,Wrist.R_y,Wrist.R_z,Elbow.R_x,Elbow.R_y,Elbow.R_z,Shoulder.R_x,Shoulder.R_y,Shoulder.R_z,Shoulder.L_x,Shoulder.L_y,Shoulder.L_z,Elbow.L_x,Elbow.L_y,Elbow.L_z,Wrist.L_x,Wrist.L_y,Wrist.L_z,Neck_x,Neck_y,Neck_z,Head_x,Head_y,Head_z,Nose_x,Nose_y,Nose_z,Eye.L_x,Eye.L_y,Eye.L_z,Eye.R_x,Eye.R_y,Eye.R_z,Ear.L_x,Ear.L_y,Ear.L_z,Ear.R_x,Ear.R_y,Ear.R_z,hip.Center_x,hip.Center_y,hip.Center_z
0,0.39739138,0.081011705,-0.74708784,0.17729513,0.10295121,-0.3721826,-0.012303915,0.08258497,-0.012413093,0.01653766,0.32069245,0.02785287,0.19411156,0.29486176,-0.35518533,0.3796547,0.2655942,-0.7526267,-0.5208288,-0.30072019,0.091067754,-0.32088464,-0.2231599,-0.02891273,-0.35994077,0.030786717,0.07886725,-0.4231788,0.27327976,0.11143295,-0.57447696,0.48695096,0.11164961,-0.7396891,0.6298002,0.2385132,-0.42851472,0.15115733,0.12146911,-0.6136912,0.213728,0.15117747,-0.5597452,0.11683835,0.26031372,-0.57766485,0.1733876,0.2504769,-0.5991447,0.12182866,0.21521215,-0.5292703,0.2386551,0.19397536,-0.5731188,0.13512787,0.11474269,0.0021168729290366173,0.20163871347904205,0.0077198888175189495
