frame,Ankle.R_x,Ankle.R_y,Ankle.R_z,Knee.R_x,Knee.R_y,Knee.R_z,Hip.R_x,Hip.R_y,Hip.R_z,Hip.L_x,Hip.L_y,Hip.L_z,Knee.L_x,Knee.L_y,Knee.L_z,Ankle.L_x,Ankle.L_y,Ankle.L_z,Wrist.R_x,Wrist.R_y,Wrist.R_z,Elbow.R_x,Elbow.R_y,Elbow.R_z,Shoulder.R_x,Shoulder.R_y,Shoulder.R_z,Shoulder.L_x,Shoulder.L_y,Shoulder.L_z,Elbow.L_x,Elbow.L_y,Elbow.L_z,Wrist.L_x,Wrist.L_y,Wrist.L_z,Neck_x,Neck_y,Neck_z,Head_x,Head_y,Head_z,Nose_x,Nose_y,Nose_z,Eye.L_x,Eye.L_y,Eye.L_z,Eye.R_x,Eye.R_y,Eye.R_z,Ear.L_x,Ear.L_y,Ear.L_z,Ear.R_x,Ear.R_y,Ear.R_z,hip.Center_x,hip.Center_y,hip.Center_z
0,0.40447488,0.08298684,0.5592066,0.05282729,0.1236472,0.33262247,-0.028867412,0.08123433,0.0018897406,-0.005803783,0.3267569,-0.031709112,0.28451592,0.29651093,-0.28528234,0.4332174,0.35772434,-0.69536537,-0.22079416,-0.33478498,-0.16721255,-0.27215925,-0.089083806,-0.15345682,-0.42377305,0.1001719,-0.023421034,-0.4131043,0.3600683,0.012332464,-0.26874283,0.5873578,0.0059998753,-0.25732785,0.8159293,0.097537674,-0.46353248,0.23263304,0.026940634,-0.64088124,0.30348292,0.05227373,-0.5974853,0.18975185,0.1484846,-0.61502755,0.24675652,0.14653122,-0.63123304,0.20229402,0.10137972,-0.56125754,0.31946,0.10703084,-0.5967127,0.23074743,0.011107806,-0.017335597425699234,0.20399561524391174,-0.014909685589373112
