frame,Ankle.R_x,Ankle.R_y,Ankle.R_z,Knee.R_x,Knee.R_y,Knee.R_z,Hip.R_x,Hip.R_y,Hip.R_z,Hip.L_x,Hip.L_y,Hip.L_z,Knee.L_x,Knee.L_y,Knee.L_z,Ankle.L_x,Ankle.L_y,Ankle.L_z,Wrist.R_x,Wrist.R_y,Wrist.R_z,Elbow.R_x,Elbow.R_y,Elbow.R_z,Shoulder.R_x,Shoulder.R_y,Shoulder.R_z,Shoulder.L_x,Shoulder.L_y,Shoulder.L_z,Elbow.L_x,Elbow.L_y,Elbow.L_z,Wrist.L_x,Wrist.L_y,Wrist.L_z,Neck_x,Neck_y,Neck_z,Head_x,Head_y,Head_z,Nose_x,Nose_y,Nose_z,Eye.L_x,Eye.L_y,Eye.L_z,Eye.R_x,Eye.R_y,Eye.R_z,Ear.L_x,Ear.L_y,Ear.L_z,Ear.R_x,Ear.R_y,Ear.R_z,hip.Center_x,hip.Center_y,hip.Center_z
0,0.40058842,0.080254205,0.5488056,0.03923527,0.13196294,0.33920217,-0.031036824,0.08259992,0.0052300235,-0.006398037,0.32795003,-0.037025005,0.29906783,0.29756612,-0.2730588,0.41105837,0.35242906,-0.69767576,-0.13368048,-0.30832693,-0.17247698,-0.2415383,-0.08013368,-0.15886919,-0.41163903,0.094244204,-0.027743338,-0.4019724,0.36583534,0.0038235663,-0.21711038,0.5663153,-0.0027559707,-0.16660078,0.77762216,0.11231318,-0.46029004,0.23474368,0.017099818,-0.64994895,0.29837012,0.031842828,-0.59089255,0.22278719,0.15309192,-0.61148113,0.27568066,0.13505673,-0.6302226,0.21880442,0.1090907,-0.5660517,0.33179608,0.06893216,-0.6067221,0.21627674,0.010782942,-0.018717430531978607,0.20527496933937073,-0.015897490084171295
