frame,Ankle.R_x,Ankle.R_y,Ankle.R_z,Knee.R_x,Knee.R_y,Knee.R_z,Hip.R_x,Hip.R_y,Hip.R_z,Hip.L_x,Hip.L_y,Hip.L_z,Knee.L_x,Knee.L_y,Knee.L_z,Ankle.L_x,Ankle.L_y,Ankle.L_z,Wrist.R_x,Wrist.R_y,Wrist.R_z,Elbow.R_x,Elbow.R_y,Elbow.R_z,Shoulder.R_x,Shoulder.R_y,Shoulder.R_z,Shoulder.L_x,Shoulder.L_y,Shoulder.L_z,Elbow.L_x,Elbow.L_y,Elbow.L_z,Wrist.L_x,Wrist.L_y,Wrist.L_z,Neck_x,Neck_y,Neck_z,Head_x,Head_y,Head_z,Nose_x,Nose_y,Nose_z,Eye.L_x,Eye.L_y,Eye.L_z,Eye.R_x,Eye.R_y,Eye.R_z,Ear.L_x,Ear.L_y,Ear.L_z,Ear.R_x,Ear.R_y,Ear.R_z,hip.Center_x,hip.Center_y,hip.Center_z
0,0.39248428,0.06581307,0.56964695,0.051924944,0.13608852,0.3359074,-0.03205493,0.083442345,0.007250079,-0.008773546,0.32912344,-0.039363153,0.3159468,0.31767496,-0.25706452,0.37144476,0.35895503,-0.6886926,0.05427814,-0.13699645,-0.17489852,-0.158655,-0.008471543,-0.12506872,-0.3938075,0.08438562,-0.025021253,-0.39143816,0.3592224,-0.0014282046,-0.13747142,0.44346538,0.009296002,0.049711645,0.56682026,0.11389266,-0.45984823,0.23013258,0.007470084,-0.6512859,0.30831075,-0.0030176626,-0.60257417,0.24980071,0.13025063,-0.6166286,0.3005715,0.102496564,-0.6417349,0.24237984,0.08675004,-0.5651149,0.33900654,0.02918627,-0.616534,0.21897767,-0.008306799,-0.020414238795638084,0.20628288388252258,-0.016056537628173828
