frame,Ankle.R_x,Ankle.R_y,Ankle.R_z,Knee.R_x,Knee.R_y,Knee.R_z,Hip.R_x,Hip.R_y,Hip.R_z,Hip.L_x,Hip.L_y,Hip.L_z,Knee.L_x,Knee.L_y,Knee.L_z,Ankle.L_x,Ankle.L_y,Ankle.L_z,Wrist.R_x,Wrist.R_y,Wrist.R_z,Elbow.R_x,Elbow.R_y,Elbow.R_z,Shoulder.R_x,Shoulder.R_y,Shoulder.R_z,Shoulder.L_x,Shoulder.L_y,Shoulder.L_z,Elbow.L_x,Elbow.L_y,Elbow.L_z,Wrist.L_x,Wrist.L_y,Wrist.L_z,Neck_x,Neck_y,Neck_z,Head_x,Head_y,Head_z,Nose_x,Nose_y,Nose_z,Eye.L_x,Eye.L_y,Eye.L_z,Eye.R_x,Eye.R_y,Eye.R_z,Ear.L_x,Ear.L_y,Ear.L_z,Ear.R_x,Ear.R_y,Ear.R_z,hip.Center_x,hip.Center_y,hip.Center_z
0,0.45007962,0.18435673,-0.54097575,0.35213774,0.3128615,-0.16096807,0.03226299,0.16824238,0.094186775,-0.06691666,0.28386682,-0.103139244,0.26843655,0.39985284,-0.2787454,0.42804372,0.4023779,-0.6694203,0.062032357,0.038944468,0.22356115,-0.17870589,0.03487068,0.16623858,-0.40322167,0.18176529,0.18921418,-0.3913979,0.43226078,0.031762615,-0.13824631,0.49686927,-0.052772395,0.075821936,0.5518421,0.0548194,-0.46264455,0.32384923,0.12753716,-0.67330945,0.32002804,0.13479379,-0.5928481,0.38844448,0.2493723,-0.63275456,0.39773545,0.20391518,-0.6240036,0.3397258,0.23277576,-0.61149955,0.39604223,0.10525364,-0.5953795,0.26758987,0.16497856,-0.01732683554291725,0.2260546088218689,-0.004476234316825867
