frame,Ankle.R_x,Ankle.R_y,Ankle.R_z,Knee.R_x,Knee.R_y,Knee.R_z,Hip.R_x,Hip.R_y,Hip.R_z,Hip.L_x,Hip.L_y,Hip.L_z,Knee.L_x,Knee.L_y,Knee.L_z,Ankle.L_x,Ankle.L_y,Ankle.L_z,Wrist.R_x,Wrist.R_y,Wrist.R_z,Elbow.R_x,Elbow.R_y,Elbow.R_z,Shoulder.R_x,Shoulder.R_y,Shoulder.R_z,Shoulder.L_x,Shoulder.L_y,Shoulder.L_z,Elbow.L_x,Elbow.L_y,Elbow.L_z,Wrist.L_x,Wrist.L_y,Wrist.L_z,Neck_x,Neck_y,Neck_z,Head_x,Head_y,Head_z,Nose_x,Nose_y,Nose_z,Eye.L_x,Eye.L_y,Eye.L_z,Eye.R_x,Eye.R_y,Eye.R_z,Ear.L_x,Ear.L_y,Ear.L_z,Ear.R_x,Ear.R_y,Ear.R_z,hip.Center_x,hip.Center_y,hip.Center_z
0,0.43598613,0.18079296,-0.5477013,0.35211736,0.31020546,-0.16385756,0.0316175,0.16394573,0.09218496,-0.065489054,0.28820625,-0.10122097,0.27422333,0.39442733,-0.2778119,0.44338688,0.4000764,-0.6655643,0.058745984,0.03765814,0.22975056,-0.1833006,0.03378463,0.17340668,-0.40799698,0.18167238,0.18567614,-0.38807195,0.43683696,0.03723095,-0.13504943,0.5066289,-0.04440859,0.08284034,0.56121653,0.057188593,-0.46258646,0.32663888,0.12737057,-0.6738773,0.33151963,0.1335929,-0.59013784,0.3886857,0.2516042,-0.6295861,0.40261087,0.20694515,-0.6236988,0.34258804,0.2321545,-0.6084342,0.4058744,0.108267516,-0.59867096,0.2735123,0.16017507,-0.01693577691912651,0.22607599198818207,-0.00451800599694252
