frame,Ankle.R_x,Ankle.R_y,Ankle.R_z,Knee.R_x,Knee.R_y,Knee.R_z,Hip.R_x,Hip.R_y,Hip.R_z,Hip.L_x,Hip.L_y,Hip.L_z,Knee.L_x,Knee.L_y,Knee.L_z,Ankle.L_x,Ankle.L_y,Ankle.L_z,Wrist.R_x,Wrist.R_y,Wrist.R_z,Elbow.R_x,Elbow.R_y,Elbow.R_z,Shoulder.R_x,Shoulder.R_y,Shoulder.R_z,Shoulder.L_x,Shoulder.L_y,Shoulder.L_z,Elbow.L_x,Elbow.L_y,Elbow.L_z,Wrist.L_x,Wrist.L_y,Wrist.L_z,Neck_x,Neck_y,Neck_z,Head_x,Head_y,Head_z,Nose_x,Nose_y,Nose_z,Eye.L_x,Eye.L_y,Eye.L_z,Eye.R_x,Eye.R_y,Eye.R_z,Ear.L_x,Ear.L_y,Ear.L_z,Ear.R_x,Ear.R_y,Ear.R_z,hip.Center_x,hip.Center_y,hip.Center_z
0,0.21751343,0.23805875,0.14749387,-0.0689935,0.16967794,0.3511062,-0.056605324,0.096087344,-0.01590665,0.045361456,0.33944517,-0.06060778,-0.028346736,0.2423177,0.32386535,0.23907632,0.22855179,0.06057565,-0.28035253,0.36948618,0.3880164,-0.27313307,0.20501067,0.20509835,-0.42689487,0.2468592,-0.007301178,-0.41401446,0.42000142,-0.197331,-0.3164261,0.5076454,-0.4247214,-0.30516207,0.58488965,-0.20229352,-0.4584735,0.3406212,-0.09649886,-0.6395155,0.29779065,-0.03302646,-0.5976937,0.44538033,-0.053872883,-0.6328297,0.4018493,-0.076961555,-0.6109118,0.4044357,-0.014376804,-0.60041875,0.32150847,-0.1224766,-0.55584025,0.3203904,0.011381924,-0.005621934309601784,0.21776625514030457,-0.03825721517205238
