frame,Ankle.R_x,Ankle.R_y,Ankle.R_z,Knee.R_x,Knee.R_y,Knee.R_z,Hip.R_x,Hip.R_y,Hip.R_z,Hip.L_x,Hip.L_y,Hip.L_z,Knee.L_x,Knee.L_y,Knee.L_z,Ankle.L_x,Ankle.L_y,Ankle.L_z,Wrist.R_x,Wrist.R_y,Wrist.R_z,Elbow.R_x,Elbow.R_y,Elbow.R_z,Shoulder.R_x,Shoulder.R_y,Shoulder.R_z,Shoulder.L_x,Shoulder.L_y,Shoulder.L_z,Elbow.L_x,Elbow.L_y,Elbow.L_z,Wrist.L_x,Wrist.L_y,Wrist.L_z,Neck_x,Neck_y,Neck_z,Head_x,Head_y,Head_z,Nose_x,Nose_y,Nose_z,Eye.L_x,Eye.L_y,Eye.L_z,Eye.R_x,Eye.R_y,Eye.R_z,Ear.L_x,Ear.L_y,Ear.L_z,Ear.R_x,Ear.R_y,Ear.R_z,hip.Center_x,hip.Center_y,hip.Center_z
0,0.5259495,0.08982763,-0.5285148,0.36840248,0.17280714,-0.15529491,0.02080778,0.16042013,0.09105079,-0.040524688,0.30485117,-0.10038161,0.31126112,0.2854236,-0.28425065,0.51253396,0.28760377,-0.65153474,-0.26351354,0.3550524,0.38337278,-0.20719872,0.14981349,0.28203192,-0.43466923,0.23342568,0.18264669,-0.43588802,0.44114992,0.0031796265,-0.24508433,0.5807329,-0.12806614,-0.24545705,0.67809653,0.08447563,-0.48468733,0.34575954,0.0993335,-0.6796841,0.3178633,0.090381235,-0.6219845,0.43705705,0.17546593,-0.65627706,0.42205715,0.12682024,-0.6465361,0.381755,0.17764238,-0.6218124,0.3847463,0.04032407,-0.6026137,0.29202384,0.14724872,-0.009858453646302223,0.23263564705848694,-0.00466541200876236
