frame,Ankle.R_x,Ankle.R_y,Ankle.R_z,Knee.R_x,Knee.R_y,Knee.R_z,Hip.R_x,Hip.R_y,Hip.R_z,Hip.L_x,Hip.L_y,Hip.L_z,Knee.L_x,Knee.L_y,Knee.L_z,Ankle.L_x,Ankle.L_y,Ankle.L_z,Wrist.R_x,Wrist.R_y,Wrist.R_z,Elbow.R_x,Elbow.R_y,Elbow.R_z,Shoulder.R_x,Shoulder.R_y,Shoulder.R_z,Shoulder.L_x,Shoulder.L_y,Shoulder.L_z,Elbow.L_x,Elbow.L_y,Elbow.L_z,Wrist.L_x,Wrist.L_y,Wrist.L_z,Neck_x,Neck_y,Neck_z,Head_x,Head_y,Head_z,Nose_x,Nose_y,Nose_z,Eye.L_x,Eye.L_y,Eye.L_z,Eye.R_x,Eye.R_y,Eye.R_z,Ear.L_x,Ear.L_y,Ear.L_z,Ear.R_x,Ear.R_y,Ear.R_z,hip.Center_x,hip.Center_y,hip.Center_z
0,0.54010004,0.09739682,-0.5048553,0.37445873,0.18606506,-0.13878952,0.019189853,0.15931188,0.0908554,-0.03991849,0.30363128,-0.1008212,0.32035324,0.29184967,-0.26765883,0.5251109,0.28492332,-0.63065916,-0.2562837,0.33617476,0.38641286,-0.21194062,0.13162926,0.280355,-0.43325436,0.23133028,0.18279849,-0.4344672,0.4409599,0.0079635205,-0.24551919,0.58202106,-0.12129098,-0.24843189,0.6728789,0.09279603,-0.48224622,0.3453454,0.102898605,-0.67833745,0.3239981,0.09844829,-0.6141393,0.43973935,0.1830534,-0.6500474,0.42663464,0.13519454,-0.64086485,0.3855702,0.18535945,-0.61915165,0.38874805,0.048003204,-0.60136276,0.29460764,0.15333746,-0.010364318266510963,0.23147156834602356,-0.004982899874448776
