frame,Ankle.R_x,Ankle.R_y,Ankle.R_z,Knee.R_x,Knee.R_y,Knee.R_z,Hip.R_x,Hip.R_y,Hip.R_z,Hip.L_x,Hip.L_y,Hip.L_z,Knee.L_x,Knee.L_y,Knee.L_z,Ankle.L_x,Ankle.L_y,Ankle.L_z,Wrist.R_x,Wrist.R_y,Wrist.R_z,Elbow.R_x,Elbow.R_y,Elbow.R_z,Shoulder.R_x,Shoulder.R_y,Shoulder.R_z,Shoulder.L_x,Shoulder.L_y,Shoulder.L_z,Elbow.L_x,Elbow.L_y,Elbow.L_z,Wrist.L_x,Wrist.L_y,Wrist.L_z,Neck_x,Neck_y,Neck_z,Head_x,Head_y,Head_z,Nose_x,Nose_y,Nose_z,Eye.L_x,Eye.L_y,Eye.L_z,Eye.R_x,Eye.R_y,Eye.R_z,Ear.L_x,Ear.L_y,Ear.L_z,Ear.R_x,Ear.R_y,Ear.R_z,hip.Center_x,hip.Center_y,hip.Center_z
0,0.273942,0.14860493,0.15354788,-0.012830782,0.14150861,0.37462166,-0.06016828,0.10177998,-0.0031338674,0.045858666,0.33588564,-0.07282546,0.021768147,0.27066034,0.33246928,0.27276403,0.30099046,0.05337727,-0.2859027,0.37226635,0.31026417,-0.24773769,0.20026655,0.13645665,-0.4402408,0.23337205,-0.024988102,-0.40275145,0.42780885,-0.19678092,-0.29886127,0.5550655,-0.0073756706,-0.2965786,0.6583059,0.2274345,-0.46561182,0.3230045,-0.12186961,-0.6526361,0.28782237,-0.0702187,-0.6014994,0.43155688,-0.0926009,-0.6375895,0.39116958,-0.11636642,-0.6181875,0.39358598,-0.052732497,-0.60874665,0.30649853,-0.15912735,-0.5679496,0.30622837,-0.022627786,-0.007154807448387146,0.2188328206539154,-0.03797966614365578
