frame,Ankle.R_x,Ankle.R_y,Ankle.R_z,Knee.R_x,Knee.R_y,Knee.R_z,Hip.R_x,Hip.R_y,Hip.R_z,Hip.L_x,Hip.L_y,Hip.L_z,Knee.L_x,Knee.L_y,Knee.L_z,Ankle.L_x,Ankle.L_y,Ankle.L_z,Wrist.R_x,Wrist.R_y,Wrist.R_z,Elbow.R_x,Elbow.R_y,Elbow.R_z,Shoulder.R_x,Shoulder.R_y,Shoulder.R_z,Shoulder.L_x,Shoulder.L_y,Shoulder.L_z,Elbow.L_x,Elbow.L_y,Elbow.L_z,Wrist.L_x,Wrist.L_y,Wrist.L_z,Neck_x,Neck_y,Neck_z,Head_x,Head_y,Head_z,Nose_x,Nose_y,Nose_z,Eye.L_x,Eye.L_y,Eye.L_z,Eye.R_x,Eye.R_y,Eye.R_z,Ear.L_x,Ear.L_y,Ear.L_z,Ear.R_x,Ear.R_y,Ear.R_z,hip.Center_x,hip.Center_y,hip.Center_z
0,0.5991305,-0.0044600684,-0.48037055,0.34448186,0.0916723,-0.1607683,0.0030009057,0.14814074,0.08372347,-0.020039514,0.31656203,-0.09099068,0.33316052,0.2361759,-0.26639232,0.5932713,0.15488884,-0.5877591,-0.6007726,0.29646796,0.36843455,-0.45486087,0.10760429,0.3531122,-0.4680657,0.22101274,0.122707024,-0.45124114,0.4215191,-0.0069724508,-0.44007123,0.6708768,-0.07880753,-0.61981845,0.6869398,0.070515946,-0.4919185,0.33121538,0.06494567,-0.68767244,0.3462,0.07086137,-0.60202825,0.4232671,0.17631978,-0.6403389,0.42920792,0.12930429,-0.63783836,0.37551588,0.16652833,-0.6191253,0.41034192,0.03280826,-0.61582834,0.29101145,0.10984318,-0.008519303984940052,0.2323513925075531,-0.0036336034536361694
