frame,Ankle.R_x,Ankle.R_y,Ankle.R_z,Knee.R_x,Knee.R_y,Knee.R_z,Hip.R_x,Hip.R_y,Hip.R_z,Hip.L_x,Hip.L_y,Hip.L_z,Knee.L_x,Knee.L_y,Knee.L_z,Ankle.L_x,Ankle.L_y,Ankle.L_z,Wrist.R_x,Wrist.R_y,Wrist.R_z,Elbow.R_x,Elbow.R_y,Elbow.R_z,Shoulder.R_x,Shoulder.R_y,Shoulder.R_z,Shoulder.L_x,Shoulder.L_y,Shoulder.L_z,Elbow.L_x,Elbow.L_y,Elbow.L_z,Wrist.L_x,Wrist.L_y,Wrist.L_z,Neck_x,Neck_y,Neck_z,Head_x,Head_y,Head_z,Nose_x,Nose_y,Nose_z,Eye.L_x,Eye.L_y,Eye.L_z,Eye.R_x,Eye.R_y,Eye.R_z,Ear.L_x,Ear.L_y,Ear.L_z,Ear.R_x,Ear.R_y,Ear.R_z,hip.Center_x,hip.Center_y,hip.Center_z
0,0.25083345,0.22444484,0.120481655,-0.028299514,0.30542246,0.33502105,-0.06899845,0.102905706,-0.005898275,0.055780068,0.33326834,-0.06274375,-0.036144897,0.20375037,0.32432973,0.28468877,0.13623936,0.12409021,-0.55936813,0.38765043,0.24622107,-0.3728392,0.22567712,0.2542782,-0.40185905,0.23789878,-0.01650212,-0.39366907,0.44112554,-0.19641154,-0.42072484,0.6175639,-0.38753903,-0.5865826,0.5989849,-0.21526709,-0.43763104,0.34109262,-0.09988071,-0.61735284,0.26988405,-0.038777012,-0.5707296,0.4067042,0.01312764,-0.61228514,0.38047603,-0.022516146,-0.5786193,0.35037938,0.026066318,-0.5959152,0.33878005,-0.11164923,-0.52644515,0.26918784,-0.008075193,-0.006609190255403519,0.21808701753616333,-0.03432101383805275
