frame,Ankle.R_x,Ankle.R_y,Ankle.R_z,Knee.R_x,Knee.R_y,Knee.R_z,Hip.R_x,Hip.R_y,Hip.R_z,Hip.L_x,Hip.L_y,Hip.L_z,Knee.L_x,Knee.L_y,Knee.L_z,Ankle.L_x,Ankle.L_y,Ankle.L_z,Wrist.R_x,Wrist.R_y,Wrist.R_z,Elbow.R_x,Elbow.R_y,Elbow.R_z,Shoulder.R_x,Shoulder.R_y,Shoulder.R_z,Shoulder.L_x,Shoulder.L_y,Shoulder.L_z,Elbow.L_x,Elbow.L_y,Elbow.L_z,Wrist.L_x,Wrist.L_y,Wrist.L_z,Neck_x,Neck_y,Neck_z,Head_x,Head_y,Head_z,Nose_x,Nose_y,Nose_z,Eye.L_x,Eye.L_y,Eye.L_z,Eye.R_x,Eye.R_y,Eye.R_z,Ear.L_x,Ear.L_y,Ear.L_z,Ear.R_x,Ear.R_y,Ear.R_z,hip.Center_x,hip.Center_y,hip.Center_z
0,0.632034,0.011411118,-0.4439837,0.3550029,0.099954635,-0.14234778,0.00064369955,0.14694129,0.083338395,-0.019107074,0.31569389,-0.09095124,0.34225613,0.23935394,-0.25108764,0.6184905,0.16337352,-0.5593405,-0.57359666,0.30841857,0.38771608,-0.4363849,0.11533972,0.359258,-0.4646862,0.23086758,0.1308418,-0.44517237,0.4294191,-0.0025318265,-0.41817755,0.67552835,-0.081621654,-0.58565784,0.6842548,0.08015397,-0.48717248,0.34141845,0.07184714,-0.68142045,0.3646428,0.08260915,-0.58973,0.44015047,0.18354201,-0.62891316,0.4466598,0.1374077,-0.627884,0.39401376,0.17605446,-0.6112718,0.42431512,0.041257303,-0.61135685,0.30745926,0.12126772,-0.00923168659210205,0.23131757974624634,-0.003806423395872116
