frame,Ankle.R_x,Ankle.R_y,Ankle.R_z,Knee.R_x,Knee.R_y,Knee.R_z,Hip.R_x,Hip.R_y,Hip.R_z,Hip.L_x,Hip.L_y,Hip.L_z,Knee.L_x,Knee.L_y,Knee.L_z,Ankle.L_x,Ankle.L_y,Ankle.L_z,Wrist.R_x,Wrist.R_y,Wrist.R_z,Elbow.R_x,Elbow.R_y,Elbow.R_z,Shoulder.R_x,Shoulder.R_y,Shoulder.R_z,Shoulder.L_x,Shoulder.L_y,Shoulder.L_z,Elbow.L_x,Elbow.L_y,Elbow.L_z,Wrist.L_x,Wrist.L_y,Wrist.L_z,Neck_x,Neck_y,Neck_z,Head_x,Head_y,Head_z,Nose_x,Nose_y,Nose_z,Eye.L_x,Eye.L_y,Eye.L_z,Eye.R_x,Eye.R_y,Eye.R_z,Ear.L_x,Ear.L_y,Ear.L_z,Ear.R_x,Ear.R_y,Ear.R_z,hip.Center_x,hip.Center_y,hip.Center_z
0,0.2873314,0.20611176,0.10500366,0.00080997625,0.3026019,0.32990965,-0.07408773,0.10465662,-0.0073728682,0.057593368,0.33107722,-0.061539173,-0.02240235,0.20460114,0.32170627,0.27025577,0.13554038,0.083939396,-0.6249925,0.34851858,0.15407968,-0.43432406,0.24797046,0.27581698,-0.39937124,0.24781755,0.009326402,-0.3852932,0.4524347,-0.16469592,-0.4612864,0.5938153,-0.3641128,-0.64457136,0.53949195,-0.21710569,-0.4344375,0.35798782,-0.074492015,-0.6366751,0.32815567,-0.07480007,-0.57439697,0.40291813,0.043945655,-0.612235,0.41010544,-0.003911853,-0.5973066,0.352219,0.025225066,-0.5856817,0.41327944,-0.100573085,-0.5574569,0.28617164,-0.04207261,-0.00824718177318573,0.2178669273853302,-0.03445602208375931
