frame,Ankle.R_x,Ankle.R_y,Ankle.R_z,Knee.R_x,Knee.R_y,Knee.R_z,Hip.R_x,Hip.R_y,Hip.R_z,Hip.L_x,Hip.L_y,Hip.L_z,Knee.L_x,Knee.L_y,Knee.L_z,Ankle.L_x,Ankle.L_y,Ankle.L_z,Wrist.R_x,Wrist.R_y,Wrist.R_z,Elbow.R_x,Elbow.R_y,Elbow.R_z,Shoulder.R_x,Shoulder.R_y,Shoulder.R_z,Shoulder.L_x,Shoulder.L_y,Shoulder.L_z,Elbow.L_x,Elbow.L_y,Elbow.L_z,Wrist.L_x,Wrist.L_y,Wrist.L_z,Neck_x,Neck_y,Neck_z,Head_x,Head_y,Head_z,Nose_x,Nose_y,Nose_z,Eye.L_x,Eye.L_y,Eye.L_z,Eye.R_x,Eye.R_y,Eye.R_z,Ear.L_x,Ear.L_y,Ear.L_z,Ear.R_x,Ear.R_y,Ear.R_z,hip.Center_x,hip.Center_y,hip.Center_z
0,0.33929068,0.10996167,0.15635999,0.04450933,0.23392618,0.3694275,-0.07195796,0.10870876,0.0033599953,0.05635805,0.3274841,-0.071242705,0.038093913,0.23369831,0.33717334,0.33329785,0.21704836,0.08287746,-0.63934267,0.34658673,0.219127,-0.4134805,0.25210756,0.21466339,-0.42991224,0.24066438,-0.047319457,-0.39965153,0.4499957,-0.18648869,-0.45657036,0.61731696,-0.006189959,-0.6554793,0.52424973,0.1097664,-0.4476003,0.3398345,-0.12852576,-0.64358664,0.3096977,-0.117682666,-0.5699047,0.39864054,-0.016999781,-0.61132485,0.4002323,-0.06028665,-0.5939174,0.34643185,-0.026233867,-0.5944382,0.3891883,-0.1587052,-0.5605824,0.27092367,-0.08748126,-0.0077999550849199295,0.21809643507003784,-0.0339413546025753
