frame,Ankle.R_x,Ankle.R_y,Ankle.R_z,Knee.R_x,Knee.R_y,Knee.R_z,Hip.R_x,Hip.R_y,Hip.R_z,Hip.L_x,Hip.L_y,Hip.L_z,Knee.L_x,Knee.L_y,Knee.L_z,Ankle.L_x,Ankle.L_y,Ankle.L_z,Wrist.R_x,Wrist.R_y,Wrist.R_z,Elbow.R_x,Elbow.R_y,Elbow.R_z,Shoulder.R_x,Shoulder.R_y,Shoulder.R_z,Shoulder.L_x,Shoulder.L_y,Shoulder.L_z,Elbow.L_x,Elbow.L_y,Elbow.L_z,Wrist.L_x,Wrist.L_y,Wrist.L_z,Neck_x,Neck_y,Neck_z,Head_x,Head_y,Head_z,Nose_x,Nose_y,Nose_z,Eye.L_x,Eye.L_y,Eye.L_z,Eye.R_x,Eye.R_y,Eye.R_z,Ear.L_x,Ear.L_y,Ear.L_z,Ear.R_x,Ear.R_y,Ear.R_z,hip.Center_x,hip.Center_y,hip.Center_z
0,0.63423526,0.010715097,-0.4482216,0.36434206,0.11045313,-0.13736331,-0.012938898,0.12355905,0.055922747,-0.0026377758,0.33782852,-0.06250672,0.35813704,0.22702476,-0.22176953,0.64501566,0.14578296,-0.5243944,-0.6819079,0.2930227,0.312706,-0.5181262,0.12153004,0.34250653,-0.4837699,0.22843699,0.10691599,-0.44583473,0.4299316,-0.014125777,-0.4651585,0.6856623,-0.005443277,-0.6825224,0.60613257,0.043823004,-0.4960308,0.3370587,0.05061317,-0.6922625,0.3571723,0.051639356,-0.60855925,0.42376003,0.16531008,-0.6451395,0.43424731,0.1174433,-0.64547646,0.37771124,0.15089387,-0.62097996,0.42161024,0.020004978,-0.6232924,0.29686984,0.08860111,-0.007788336835801601,0.2306937873363495,-0.003291986882686615
