frame,Ankle.R_x,Ankle.R_y,Ankle.R_z,Knee.R_x,Knee.R_y,Knee.R_z,Hip.R_x,Hip.R_y,Hip.R_z,Hip.L_x,Hip.L_y,Hip.L_z,Knee.L_x,Knee.L_y,Knee.L_z,Ankle.L_x,Ankle.L_y,Ankle.L_z,Wrist.R_x,Wrist.R_y,Wrist.R_z,Elbow.R_x,Elbow.R_y,Elbow.R_z,Shoulder.R_x,Shoulder.R_y,Shoulder.R_z,Shoulder.L_x,Shoulder.L_y,Shoulder.L_z,Elbow.L_x,Elbow.L_y,Elbow.L_z,Wrist.L_x,Wrist.L_y,Wrist.L_z,Neck_x,Neck_y,Neck_z,Head_x,Head_y,Head_z,Nose_x,Nose_y,Nose_z,Eye.L_x,Eye.L_y,Eye.L_z,Eye.R_x,Eye.R_y,Eye.R_z,Ear.L_x,Ear.L_y,Ear.L_z,Ear.R_x,Ear.R_y,Ear.R_z,hip.Center_x,hip.Center_y,hip.Center_z
0,0.29402685,0.11063548,0.0991507,0.07061283,0.19052598,0.37275726,-0.06888017,0.10777414,0.009073194,0.04789124,0.32874376,-0.082019344,0.091529116,0.3012982,0.32502925,0.3468778,0.24369791,0.05081976,-0.67302334,0.34152102,0.064028844,-0.560809,0.24042773,0.24916807,-0.4429265,0.30222884,0.014477529,-0.3993106,0.44800666,-0.17296866,-0.46545404,0.57833934,-0.3919082,-0.63129354,0.5040141,-0.23644516,-0.44825083,0.38865602,-0.06780455,-0.61629415,0.3362885,-0.0638609,-0.58198994,0.43844962,0.04950741,-0.6173311,0.43055698,0.00048289448,-0.5903448,0.38134688,0.03577307,-0.58607376,0.42992857,-0.09598757,-0.5306375,0.32066816,-0.023106474,-0.010494465008378029,0.21825894713401794,-0.036473073065280914
