frame,Ankle.R_x,Ankle.R_y,Ankle.R_z,Knee.R_x,Knee.R_y,Knee.R_z,Hip.R_x,Hip.R_y,Hip.R_z,Hip.L_x,Hip.L_y,Hip.L_z,Knee.L_x,Knee.L_y,Knee.L_z,Ankle.L_x,Ankle.L_y,Ankle.L_z,Wrist.R_x,Wrist.R_y,Wrist.R_z,Elbow.R_x,Elbow.R_y,Elbow.R_z,Shoulder.R_x,Shoulder.R_y,Shoulder.R_z,Shoulder.L_x,Shoulder.L_y,Shoulder.L_z,Elbow.L_x,Elbow.L_y,Elbow.L_z,Wrist.L_x,Wrist.L_y,Wrist.L_z,Neck_x,Neck_y,Neck_z,Head_x,Head_y,Head_z,Nose_x,Nose_y,Nose_z,Eye.L_x,Eye.L_y,Eye.L_z,Eye.R_x,Eye.R_y,Eye.R_z,Ear.L_x,Ear.L_y,Ear.L_z,Ear.R_x,Ear.R_y,Ear.R_z,hip.Center_x,hip.Center_y,hip.Center_z
0,0.3526033,0.07136527,0.15007906,0.07549218,0.17005935,0.3819109,-0.06789373,0.113053784,0.016089987,0.05206137,0.32343864,-0.08413077,0.10286878,0.28348207,0.32857376,0.3743698,0.22410244,0.056645267,-0.7076812,0.32270038,0.14687827,-0.50527936,0.21355711,0.21469045,-0.44986632,0.2761728,-0.031865504,-0.41181457,0.43556264,-0.1908569,-0.4844354,0.63454634,-0.061779212,-0.6599595,0.49247366,0.03597885,-0.4552603,0.35515895,-0.11493961,-0.6295348,0.31044692,-0.11863862,-0.5929071,0.42804152,-0.023497626,-0.62473315,0.41484308,-0.07302749,-0.606281,0.370838,-0.026939824,-0.58642465,0.39158553,-0.16345072,-0.5489142,0.29415244,-0.06644501,-0.007916178554296494,0.2182462215423584,-0.03402039408683777
