frame,Ankle.R_x,Ankle.R_y,Ankle.R_z,Knee.R_x,Knee.R_y,Knee.R_z,Hip.R_x,Hip.R_y,Hip.R_z,Hip.L_x,Hip.L_y,Hip.L_z,Knee.L_x,Knee.L_y,Knee.L_z,Ankle.L_x,Ankle.L_y,Ankle.L_z,Wrist.R_x,Wrist.R_y,Wrist.R_z,Elbow.R_x,Elbow.R_y,Elbow.R_z,Shoulder.R_x,Shoulder.R_y,Shoulder.R_z,Shoulder.L_x,Shoulder.L_y,Shoulder.L_z,Elbow.L_x,Elbow.L_y,Elbow.L_z,Wrist.L_x,Wrist.L_y,Wrist.L_z,Neck_x,Neck_y,Neck_z,Head_x,Head_y,Head_z,Nose_x,Nose_y,Nose_z,Eye.L_x,Eye.L_y,Eye.L_z,Eye.R_x,Eye.R_y,Eye.R_z,Ear.L_x,Ear.L_y,Ear.L_z,Ear.R_x,Ear.R_y,Ear.R_z,hip.Center_x,hip.Center_y,hip.Center_z
0,0.31704438,0.08694093,0.1310631,0.07325056,0.23835379,0.37126902,-0.059568096,0.10786173,0.020275004,0.043370143,0.32542023,-0.089426965,0.079173386,0.29260802,0.3218148,0.35714364,0.25143144,0.05747102,-0.67421156,0.2899268,0.10873756,-0.52295864,0.13379146,0.20455492,-0.4580421,0.27252474,-0.0048286673,-0.4169586,0.41822168,-0.17416234,-0.43686312,0.6666417,-0.16278332,-0.59326226,0.5230856,-0.049296714,-0.46267128,0.35055545,-0.08671772,-0.621862,0.302796,-0.117575906,-0.6162796,0.42573977,-0.020337097,-0.63440824,0.40889612,-0.07617818,-0.62575936,0.36746383,-0.024535526,-0.5734837,0.38498476,-0.15338397,-0.55617994,0.29364267,-0.04528498,-0.00809897668659687,0.21664097905158997,-0.03457598015666008
