frame,Ankle.R_x,Ankle.R_y,Ankle.R_z,Knee.R_x,Knee.R_y,Knee.R_z,Hip.R_x,Hip.R_y,Hip.R_z,Hip.L_x,Hip.L_y,Hip.L_z,Knee.L_x,Knee.L_y,Knee.L_z,Ankle.L_x,Ankle.L_y,Ankle.L_z,Wrist.R_x,Wrist.R_y,Wrist.R_z,Elbow.R_x,Elbow.R_y,Elbow.R_z,Shoulder.R_x,Shoulder.R_y,Shoulder.R_z,Shoulder.L_x,Shoulder.L_y,Shoulder.L_z,Elbow.L_x,Elbow.L_y,Elbow.L_z,Wrist.L_x,Wrist.L_y,Wrist.L_z,Neck_x,Neck_y,Neck_z,Head_x,Head_y,Head_z,Nose_x,Nose_y,Nose_z,Eye.L_x,Eye.L_y,Eye.L_z,Eye.R_x,Eye.R_y,Eye.R_z,Ear.L_x,Ear.L_y,Ear.L_z,Ear.R_x,Ear.R_y,Ear.R_z,hip.Center_x,hip.Center_y,hip.Center_z
0,0.28170875,0.14815314,0.08889082,0.06731921,0.22971407,0.36238086,-0.063585885,0.10451916,0.014759731,0.04278396,0.32805088,-0.08653747,0.09811951,0.30676705,0.31753436,0.34577343,0.2744347,0.035950534,-0.6381968,0.33068228,0.09382811,-0.5185618,0.19575317,0.24615815,-0.44751018,0.31381273,0.016471777,-0.4010461,0.45227528,-0.16461149,-0.42825136,0.5501355,-0.40779424,-0.56993985,0.5370165,-0.21958652,-0.45013714,0.40020514,-0.06305551,-0.60437346,0.33423477,-0.04874343,-0.5931411,0.4670905,0.03448169,-0.6216041,0.4423127,-0.013852928,-0.59532547,0.4080841,0.036832064,-0.5785369,0.41875494,-0.10189735,-0.52342856,0.34091288,0.0037265494,-0.010400962084531784,0.21628502011299133,-0.03588887304067612
