frame,Ankle.R_x,Ankle.R_y,Ankle.R_z,Knee.R_x,Knee.R_y,Knee.R_z,Hip.R_x,Hip.R_y,Hip.R_z,Hip.L_x,Hip.L_y,Hip.L_z,Knee.L_x,Knee.L_y,Knee.L_z,Ankle.L_x,Ankle.L_y,Ankle.L_z,Wrist.R_x,Wrist.R_y,Wrist.R_z,Elbow.R_x,Elbow.R_y,Elbow.R_z,Shoulder.R_x,Shoulder.R_y,Shoulder.R_z,Shoulder.L_x,Shoulder.L_y,Shoulder.L_z,Elbow.L_x,Elbow.L_y,Elbow.L_z,Wrist.L_x,Wrist.L_y,Wrist.L_z,Neck_x,Neck_y,Neck_z,Head_x,Head_y,Head_z,Nose_x,Nose_y,Nose_z,Eye.L_x,Eye.L_y,Eye.L_z,Eye.R_x,Eye.R_y,Eye.R_z,Ear.L_x,Ear.L_y,Ear.L_z,Ear.R_x,Ear.R_y,Ear.R_z,hip.Center_x,hip.Center_y,hip.Center_z
0,0.65680027,0.0051331213,-0.27568173,0.4064755,0.19883613,-0.0001144361,-0.0044226376,0.15239921,0.08630387,-0.028231313,0.30340004,-0.108030155,0.37071374,0.32272512,-0.18059659,0.6626824,0.15139993,-0.43662998,-0.7001769,0.33395925,0.32253736,-0.5550704,0.1463055,0.33550677,-0.46604156,0.30159798,0.13657388,-0.4167694,0.45197558,-0.051034972,-0.43658048,0.6900122,-0.15187088,-0.6380984,0.64844155,-0.035544388,-0.46822518,0.3978924,0.051568124,-0.6567662,0.43323523,0.050760105,-0.5712775,0.52557003,0.14355397,-0.6075866,0.52429354,0.09474554,-0.60956836,0.47828686,0.14156981,-0.5831783,0.48573786,0.0041800253,-0.5904186,0.38338843,0.10317053,-0.01632697507739067,0.22789962589740753,-0.01086314395070076
