frame,Ankle.R_x,Ankle.R_y,Ankle.R_z,Knee.R_x,Knee.R_y,Knee.R_z,Hip.R_x,Hip.R_y,Hip.R_z,Hip.L_x,Hip.L_y,Hip.L_z,Knee.L_x,Knee.L_y,Knee.L_z,Ankle.L_x,Ankle.L_y,Ankle.L_z,Wrist.R_x,Wrist.R_y,Wrist.R_z,Elbow.R_x,Elbow.R_y,Elbow.R_z,Shoulder.R_x,Shoulder.R_y,Shoulder.R_z,Shoulder.L_x,Shoulder.L_y,Shoulder.L_z,Elbow.L_x,Elbow.L_y,Elbow.L_z,Wrist.L_x,Wrist.L_y,Wrist.L_z,Neck_x,Neck_y,Neck_z,Head_x,Head_y,Head_z,Nose_x,Nose_y,Nose_z,Eye.L_x,Eye.L_y,Eye.L_z,Eye.R_x,Eye.R_y,Eye.R_z,Ear.L_x,Ear.L_y,Ear.L_z,Ear.R_x,Ear.R_y,Ear.R_z,hip.Center_x,hip.Center_y,hip.Center_z
0,0.650737,0.054049913,-0.32647437,0.39799172,0.24795485,-0.05717802,0.012053542,0.20250253,0.10697381,-0.045618962,0.25222734,-0.12693833,0.3244897,0.33606744,-0.24457483,0.63830584,0.17073971,-0.47750998,-0.57177585,0.27289537,0.3135341,-0.46847183,0.06545213,0.28756714,-0.4656425,0.27467754,0.124355525,-0.43727535,0.43715313,-0.05225115,-0.3885186,0.6423682,-0.21103172,-0.5212323,0.64650667,-0.020162033,-0.48156947,0.37530178,0.04739287,-0.67172885,0.39570257,0.034875795,-0.5972158,0.49665874,0.128967,-0.62995017,0.4903678,0.077846184,-0.63372314,0.44757485,0.12686269,-0.5973707,0.448551,-0.007267818,-0.60814583,0.3520397,0.095683396,-0.016782710328698158,0.2273649275302887,-0.009982258081436157
