frame,Ankle.R_x,Ankle.R_y,Ankle.R_z,Knee.R_x,Knee.R_y,Knee.R_z,Hip.R_x,Hip.R_y,Hip.R_z,Hip.L_x,Hip.L_y,Hip.L_z,Knee.L_x,Knee.L_y,Knee.L_z,Ankle.L_x,Ankle.L_y,Ankle.L_z,Wrist.R_x,Wrist.R_y,Wrist.R_z,Elbow.R_x,Elbow.R_y,Elbow.R_z,Shoulder.R_x,Shoulder.R_y,Shoulder.R_z,Shoulder.L_x,Shoulder.L_y,Shoulder.L_z,Elbow.L_x,Elbow.L_y,Elbow.L_z,Wrist.L_x,Wrist.L_y,Wrist.L_z,Neck_x,Neck_y,Neck_z,Head_x,Head_y,Head_z,Nose_x,Nose_y,Nose_z,Eye.L_x,Eye.L_y,Eye.L_z,Eye.R_x,Eye.R_y,Eye.R_z,Ear.L_x,Ear.L_y,Ear.L_z,Ear.R_x,Ear.R_y,Ear.R_z,hip.Center_x,hip.Center_y,hip.Center_z
0,0.67029864,0.06315334,-0.26014146,0.40033054,0.25954482,-0.016687054,0.00818561,0.20383933,0.10653964,-0.042208567,0.24861784,-0.13078919,0.3429561,0.32190716,-0.21330354,0.66240966,0.13231,-0.41161823,-0.5106486,0.32787085,0.34970608,-0.44029608,0.11047345,0.3141482,-0.4511911,0.31086525,0.14271915,-0.43367702,0.4397713,-0.058072556,-0.40045884,0.6129647,-0.251536,-0.49926195,0.63968235,-0.044715323,-0.4695624,0.39788747,0.052273173,-0.6581961,0.4364189,0.051618885,-0.5647636,0.5365838,0.12645847,-0.60265243,0.5291555,0.079531446,-0.60611975,0.49249727,0.13322836,-0.5836551,0.47523367,-0.0025042258,-0.5941906,0.39249918,0.111185044,-0.017011478543281555,0.22622859477996826,-0.012124776840209961
