frame,Ankle.R_x,Ankle.R_y,Ankle.R_z,Knee.R_x,Knee.R_y,Knee.R_z,Hip.R_x,Hip.R_y,Hip.R_z,Hip.L_x,Hip.L_y,Hip.L_z,Knee.L_x,Knee.L_y,Knee.L_z,Ankle.L_x,Ankle.L_y,Ankle.L_z,Wrist.R_x,Wrist.R_y,Wrist.R_z,Elbow.R_x,Elbow.R_y,Elbow.R_z,Shoulder.R_x,Shoulder.R_y,Shoulder.R_z,Shoulder.L_x,Shoulder.L_y,Shoulder.L_z,Elbow.L_x,Elbow.L_y,Elbow.L_z,Wrist.L_x,Wrist.L_y,Wrist.L_z,Neck_x,Neck_y,Neck_z,Head_x,Head_y,Head_z,Nose_x,Nose_y,Nose_z,Eye.L_x,Eye.L_y,Eye.L_z,Eye.R_x,Eye.R_y,Eye.R_z,Ear.L_x,Ear.L_y,Ear.L_z,Ear.R_x,Ear.R_y,Ear.R_z,hip.Center_x,hip.Center_y,hip.Center_z
0,0.6919502,0.1416086,-0.31458727,0.3891704,0.29412496,-0.06823326,0.016003488,0.185967,0.1014498,-0.041287154,0.2754503,-0.12324349,0.35090992,0.34603378,-0.20735607,0.63441014,0.18990499,-0.481521,-0.33559662,0.28810236,0.32261425,-0.36133206,0.07685993,0.22074291,-0.47734725,0.27504617,0.13587706,-0.43276748,0.43102407,-0.027722362,-0.23126532,0.49115416,-0.17618556,-0.29129407,0.6002629,0.020152938,-0.48827523,0.37204033,0.064279094,-0.67700917,0.42043293,0.06186394,-0.5694004,0.5082511,0.1343715,-0.60881335,0.5046681,0.087771066,-0.61596775,0.46975738,0.14241174,-0.59847975,0.44848323,0.0064189583,-0.6169435,0.36830452,0.12203469,-0.012641833163797855,0.23070864379405975,-0.010896842926740646
