frame,Ankle.R_x,Ankle.R_y,Ankle.R_z,Knee.R_x,Knee.R_y,Knee.R_z,Hip.R_x,Hip.R_y,Hip.R_z,Hip.L_x,Hip.L_y,Hip.L_z,Knee.L_x,Knee.L_y,Knee.L_z,Ankle.L_x,Ankle.L_y,Ankle.L_z,Wrist.R_x,Wrist.R_y,Wrist.R_z,Elbow.R_x,Elbow.R_y,Elbow.R_z,Shoulder.R_x,Shoulder.R_y,Shoulder.R_z,Shoulder.L_x,Shoulder.L_y,Shoulder.L_z,Elbow.L_x,Elbow.L_y,Elbow.L_z,Wrist.L_x,Wrist.L_y,Wrist.L_z,Neck_x,Neck_y,Neck_z,Head_x,Head_y,Head_z,Nose_x,Nose_y,Nose_z,Eye.L_x,Eye.L_y,Eye.L_z,Eye.R_x,Eye.R_y,Eye.R_z,Ear.L_x,Ear.L_y,Ear.L_z,Ear.R_x,Ear.R_y,Ear.R_z,hip.Center_x,hip.Center_y,hip.Center_z
0,0.34023038,0.18109624,0.16634132,0.011970301,0.16990954,0.35733134,-0.046182234,0.09317449,-0.013441361,0.028775245,0.3448572,-0.06287466,0.0250023,0.2898735,0.32699704,0.29344615,0.33418494,0.055805515,-0.49858013,0.2835059,0.23483898,-0.3443852,0.11619115,0.15456314,-0.46974045,0.2509169,-0.018126864,-0.4268093,0.4307477,-0.1537349,-0.296362,0.5518636,-0.3409311,-0.3579475,0.64891684,-0.13017271,-0.48229638,0.3553574,-0.08100997,-0.65530986,0.3072991,-0.090305194,-0.63042384,0.45756072,-0.05167459,-0.6502845,0.42129117,-0.09739222,-0.6503184,0.40505937,-0.032446213,-0.5936987,0.3606364,-0.15102386,-0.59288174,0.31865174,-0.013622427,-0.008703494444489479,0.21901583671569824,-0.03815801069140434
