frame,Ankle.R_x,Ankle.R_y,Ankle.R_z,Knee.R_x,Knee.R_y,Knee.R_z,Hip.R_x,Hip.R_y,Hip.R_z,Hip.L_x,Hip.L_y,Hip.L_z,Knee.L_x,Knee.L_y,Knee.L_z,Ankle.L_x,Ankle.L_y,Ankle.L_z,Wrist.R_x,Wrist.R_y,Wrist.R_z,Elbow.R_x,Elbow.R_y,Elbow.R_z,Shoulder.R_x,Shoulder.R_y,Shoulder.R_z,Shoulder.L_x,Shoulder.L_y,Shoulder.L_z,Elbow.L_x,Elbow.L_y,Elbow.L_z,Wrist.L_x,Wrist.L_y,Wrist.L_z,Neck_x,Neck_y,Neck_z,Head_x,Head_y,Head_z,Nose_x,Nose_y,Nose_z,Eye.L_x,Eye.L_y,Eye.L_z,Eye.R_x,Eye.R_y,Eye.R_z,Ear.L_x,Ear.L_y,Ear.L_z,Ear.R_x,Ear.R_y,Ear.R_z,hip.Center_x,hip.Center_y,hip.Center_z
0,0.60588574,0.21917418,-0.32770285,0.36359835,0.37663296,-0.039033487,0.021733508,0.1876407,0.10321154,-0.05616305,0.2588647,-0.12306408,0.29475173,0.41938996,-0.22587839,0.51373124,0.22906598,-0.5262414,-0.22185948,0.312946,0.2774533,-0.26628408,0.09822765,0.19624893,-0.43897432,0.2863804,0.17726286,-0.4088895,0.4414335,-0.03725546,-0.21278448,0.37670803,-0.19984463,-0.13557743,0.48658785,-0.009798266,-0.4674329,0.39073825,0.08069349,-0.66147256,0.4295049,0.06297857,-0.5699392,0.5175732,0.15318912,-0.6040422,0.5158423,0.10231352,-0.6135864,0.4756071,0.15295231,-0.5811825,0.46857008,0.0176678,-0.6036474,0.3772446,0.12426376,-0.01721477136015892,0.22325269877910614,-0.009926270693540573
