frame,Ankle.R_x,Ankle.R_y,Ankle.R_z,Knee.R_x,Knee.R_y,Knee.R_z,Hip.R_x,Hip.R_y,Hip.R_z,Hip.L_x,Hip.L_y,Hip.L_z,Knee.L_x,Knee.L_y,Knee.L_z,Ankle.L_x,Ankle.L_y,Ankle.L_z,Wrist.R_x,Wrist.R_y,Wrist.R_z,Elbow.R_x,Elbow.R_y,Elbow.R_z,Shoulder.R_x,Shoulder.R_y,Shoulder.R_z,Shoulder.L_x,Shoulder.L_y,Shoulder.L_z,Elbow.L_x,Elbow.L_y,Elbow.L_z,Wrist.L_x,Wrist.L_y,Wrist.L_z,Neck_x,Neck_y,Neck_z,Head_x,Head_y,Head_z,Nose_x,Nose_y,Nose_z,Eye.L_x,Eye.L_y,Eye.L_z,Eye.R_x,Eye.R_y,Eye.R_z,Ear.L_x,Ear.L_y,Ear.L_z,Ear.R_x,Ear.R_y,Ear.R_z,hip.Center_x,hip.Center_y,hip.Center_z
0,0.6397257,0.16628963,-0.24189283,0.37638742,0.35381818,0.009851313,0.008905615,0.19076344,0.10449369,-0.044057455,0.25862783,-0.13065244,0.3387471,0.3851009,-0.1844021,0.57701623,0.1293977,-0.41179392,-0.20834436,0.33734393,0.2724042,-0.27340266,0.117482215,0.22380602,-0.43250737,0.3155372,0.17550908,-0.41318157,0.44831434,-0.052228846,-0.23821841,0.3672334,-0.2298713,-0.15331164,0.47997063,-0.04531963,-0.4619444,0.41187814,0.07165824,-0.6486722,0.4831889,0.05657953,-0.5406954,0.5513475,0.14475602,-0.5752027,0.556416,0.09477699,-0.5913844,0.51842403,0.14540052,-0.5637109,0.5059987,0.009762503,-0.60083705,0.42046553,0.116418816,-0.01757591962814331,0.22469563782215118,-0.01307937502861023
