frame,Ankle.R_x,Ankle.R_y,Ankle.R_z,Knee.R_x,Knee.R_y,Knee.R_z,Hip.R_x,Hip.R_y,Hip.R_z,Hip.L_x,Hip.L_y,Hip.L_z,Knee.L_x,Knee.L_y,Knee.L_z,Ankle.L_x,Ankle.L_y,Ankle.L_z,Wrist.R_x,Wrist.R_y,Wrist.R_z,Elbow.R_x,Elbow.R_y,Elbow.R_z,Shoulder.R_x,Shoulder.R_y,Shoulder.R_z,Shoulder.L_x,Shoulder.L_y,Shoulder.L_z,Elbow.L_x,Elbow.L_y,Elbow.L_z,Wrist.L_x,Wrist.L_y,Wrist.L_z,Neck_x,Neck_y,Neck_z,Head_x,Head_y,Head_z,Nose_x,Nose_y,Nose_z,Eye.L_x,Eye.L_y,Eye.L_z,Eye.R_x,Eye.R_y,Eye.R_z,Ear.L_x,Ear.L_y,Ear.L_z,Ear.R_x,Ear.R_y,Ear.R_z,hip.Center_x,hip.Center_y,hip.Center_z
0,0.22591524,0.29484373,0.12485367,-0.03564679,0.20446707,0.37732238,-0.074025005,0.12738052,0.032202207,0.057386033,0.3057094,-0.107559666,-0.027247997,0.31030816,0.27635887,0.2454655,0.30796006,0.008297231,-0.25218618,0.46013698,0.2636058,-0.22593616,0.26378915,0.13771474,-0.42086598,0.39821267,0.036787376,-0.4157692,0.40206966,-0.18836865,-0.23072961,0.2836865,-0.30417854,-0.34586415,0.26468697,-0.090268254,-0.44327235,0.4276373,-0.07110968,-0.5962246,0.52281696,-0.1260041,-0.5606901,0.4825783,0.019509925,-0.57364106,0.5306503,-0.018005418,-0.59121364,0.4681695,-0.030981338,-0.5120158,0.5690886,-0.09009311,-0.5529295,0.43841684,-0.117946155,-0.008319485932588577,0.2165449559688568,-0.03767872974276543
