frame,Ankle.R_x,Ankle.R_y,Ankle.R_z,Knee.R_x,Knee.R_y,Knee.R_z,Hip.R_x,Hip.R_y,Hip.R_z,Hip.L_x,Hip.L_y,Hip.L_z,Knee.L_x,Knee.L_y,Knee.L_z,Ankle.L_x,Ankle.L_y,Ankle.L_z,Wrist.R_x,Wrist.R_y,Wrist.R_z,Elbow.R_x,Elbow.R_y,Elbow.R_z,Shoulder.R_x,Shoulder.R_y,Shoulder.R_z,Shoulder.L_x,Shoulder.L_y,Shoulder.L_z,Elbow.L_x,Elbow.L_y,Elbow.L_z,Wrist.L_x,Wrist.L_y,Wrist.L_z,Neck_x,Neck_y,Neck_z,Head_x,Head_y,Head_z,Nose_x,Nose_y,Nose_z,Eye.L_x,Eye.L_y,Eye.L_z,Eye.R_x,Eye.R_y,Eye.R_z,Ear.L_x,Ear.L_y,Ear.L_z,Ear.R_x,Ear.R_y,Ear.R_z,hip.Center_x,hip.Center_y,hip.Center_z
0,0.1641489,0.3242973,0.12454527,-0.07771524,0.14278178,0.3426002,-0.045865253,0.09272003,-0.01987243,0.027426401,0.34204224,-0.060200267,-0.029802667,0.2673119,0.31787017,0.07643261,0.45195463,0.013211079,-0.10838136,0.29239675,0.2758,-0.22572483,0.17631507,0.09467657,-0.4528264,0.28933367,-0.0017587289,-0.37920362,0.44047952,-0.2047314,-0.1612821,0.37721342,-0.34151974,-0.16022821,0.48095477,-0.12610833,-0.45582652,0.38853252,-0.097624294,-0.6103,0.46393216,-0.16248034,-0.59774506,0.40795714,-0.015501911,-0.61161643,0.45870548,-0.050518326,-0.6144481,0.39632985,-0.07272162,-0.54518545,0.5161633,-0.10072169,-0.5538513,0.38553753,-0.15343533,-0.009219425730407238,0.21738113462924957,-0.04003635048866272
