frame,Ankle.R_x,Ankle.R_y,Ankle.R_z,Knee.R_x,Knee.R_y,Knee.R_z,Hip.R_x,Hip.R_y,Hip.R_z,Hip.L_x,Hip.L_y,Hip.L_z,Knee.L_x,Knee.L_y,Knee.L_z,Ankle.L_x,Ankle.L_y,Ankle.L_z,Wrist.R_x,Wrist.R_y,Wrist.R_z,Elbow.R_x,Elbow.R_y,Elbow.R_z,Shoulder.R_x,Shoulder.R_y,Shoulder.R_z,Shoulder.L_x,Shoulder.L_y,Shoulder.L_z,Elbow.L_x,Elbow.L_y,Elbow.L_z,Wrist.L_x,Wrist.L_y,Wrist.L_z,Neck_x,Neck_y,Neck_z,Head_x,Head_y,Head_z,Nose_x,Nose_y,Nose_z,Eye.L_x,Eye.L_y,Eye.L_z,Eye.R_x,Eye.R_y,Eye.R_z,Ear.L_x,Ear.L_y,Ear.L_z,Ear.R_x,Ear.R_y,Ear.R_z,hip.Center_x,hip.Center_y,hip.Center_z
0,0.4880083,0.17970008,-0.26979584,0.33395195,0.44041005,-0.014668729,0.017719956,0.22545663,0.10888587,-0.06413572,0.2066539,-0.13016088,0.20882688,0.47332373,-0.22136633,0.4327587,0.18088299,-0.40171942,0.0070549636,0.3211832,0.22124775,-0.16033144,0.15512308,0.1960699,-0.373263,0.31694618,0.19746102,-0.38398218,0.4531831,-0.06065838,-0.15183774,0.38938317,-0.18173045,-0.09516014,0.48018298,0.025485847,-0.43861485,0.4123004,0.0801579,-0.6421687,0.48401612,0.07949929,-0.52374524,0.5483172,0.15169068,-0.5626737,0.55366933,0.10631549,-0.57463557,0.51810324,0.15949054,-0.56170315,0.5000603,0.02294215,-0.5921768,0.42063528,0.13589966,-0.023207884281873703,0.2160552591085434,-0.01063750684261322
