frame,Ankle.R_x,Ankle.R_y,Ankle.R_z,Knee.R_x,Knee.R_y,Knee.R_z,Hip.R_x,Hip.R_y,Hip.R_z,Hip.L_x,Hip.L_y,Hip.L_z,Knee.L_x,Knee.L_y,Knee.L_z,Ankle.L_x,Ankle.L_y,Ankle.L_z,Wrist.R_x,Wrist.R_y,Wrist.R_z,Elbow.R_x,Elbow.R_y,Elbow.R_z,Shoulder.R_x,Shoulder.R_y,Shoulder.R_z,Shoulder.L_x,Shoulder.L_y,Shoulder.L_z,Elbow.L_x,Elbow.L_y,Elbow.L_z,Wrist.L_x,Wrist.L_y,Wrist.L_z,Neck_x,Neck_y,Neck_z,Head_x,Head_y,Head_z,Nose_x,Nose_y,Nose_z,Eye.L_x,Eye.L_y,Eye.L_z,Eye.R_x,Eye.R_y,Eye.R_z,Ear.L_x,Ear.L_y,Ear.L_z,Ear.R_x,Ear.R_y,Ear.R_z,hip.Center_x,hip.Center_y,hip.Center_z
0,0.46883583,0.23484118,-0.2942066,0.30800262,0.47143692,-0.021772996,0.021963067,0.22404474,0.1093241,-0.067636475,0.20115633,-0.12769134,0.14974825,0.4939634,-0.24464923,0.4229533,0.24101102,-0.41757312,0.012888426,0.32035556,0.21610811,-0.15614758,0.15437326,0.19596998,-0.37048867,0.31582588,0.1988897,-0.37509876,0.45127407,-0.061695367,-0.14053026,0.38492215,-0.1794003,-0.09120433,0.46898055,0.03326225,-0.43372852,0.4121364,0.07914002,-0.6376275,0.48504698,0.07109549,-0.52174026,0.54884124,0.14752087,-0.5587915,0.5543498,0.100760475,-0.5728253,0.51887494,0.15351605,-0.5551381,0.50075006,0.017290708,-0.59010386,0.42141026,0.129356,-0.022836703807115555,0.21260052919387817,-0.009183622896671295
