frame,Ankle.R_x,Ankle.R_y,Ankle.R_z,Knee.R_x,Knee.R_y,Knee.R_z,Hip.R_x,Hip.R_y,Hip.R_z,Hip.L_x,Hip.L_y,Hip.L_z,Knee.L_x,Knee.L_y,Knee.L_z,Ankle.L_x,Ankle.L_y,Ankle.L_z,Wrist.R_x,Wrist.R_y,Wrist.R_z,Elbow.R_x,Elbow.R_y,Elbow.R_z,Shoulder.R_x,Shoulder.R_y,Shoulder.R_z,Shoulder.L_x,Shoulder.L_y,Shoulder.L_z,Elbow.L_x,Elbow.L_y,Elbow.L_z,Wrist.L_x,Wrist.L_y,Wrist.L_z,Neck_x,Neck_y,Neck_z,Head_x,Head_y,Head_z,Nose_x,Nose_y,Nose_z,Eye.L_x,Eye.L_y,Eye.L_z,Eye.R_x,Eye.R_y,Eye.R_z,Ear.L_x,Ear.L_y,Ear.L_z,Ear.R_x,Ear.R_y,Ear.R_z,hip.Center_x,hip.Center_y,hip.Center_z
0,0.3966634,0.18207574,-0.47008702,0.37386325,0.34364262,-0.098277085,0.026446782,0.15900129,0.09131409,-0.06566973,0.28890422,-0.1035442,0.27732673,0.43494418,-0.24655622,0.36139205,0.40033713,-0.6599956,0.08822111,0.051007226,0.2148108,-0.15874377,0.043940414,0.17507757,-0.3960444,0.17948052,0.18741687,-0.383891,0.43294615,0.027612444,-0.12271236,0.48835555,-0.045323707,0.09592984,0.55064946,0.053721726,-0.46054056,0.32383278,0.12409981,-0.675774,0.3238809,0.12514123,-0.5983214,0.39367783,0.24039939,-0.6360761,0.4024977,0.19310056,-0.63059705,0.3453954,0.22443101,-0.6102043,0.39635924,0.09600937,-0.60113025,0.26975164,0.1604461,-0.019611474126577377,0.2239527553319931,-0.0061150528490543365
