frame,Ankle.R_x,Ankle.R_y,Ankle.R_z,Knee.R_x,Knee.R_y,Knee.R_z,Hip.R_x,Hip.R_y,Hip.R_z,Hip.L_x,Hip.L_y,Hip.L_z,Knee.L_x,Knee.L_y,Knee.L_z,Ankle.L_x,Ankle.L_y,Ankle.L_z,Wrist.R_x,Wrist.R_y,Wrist.R_z,Elbow.R_x,Elbow.R_y,Elbow.R_z,Shoulder.R_x,Shoulder.R_y,Shoulder.R_z,Shoulder.L_x,Shoulder.L_y,Shoulder.L_z,Elbow.L_x,Elbow.L_y,Elbow.L_z,Wrist.L_x,Wrist.L_y,Wrist.L_z,Neck_x,Neck_y,Neck_z,Head_x,Head_y,Head_z,Nose_x,Nose_y,Nose_z,Eye.L_x,Eye.L_y,Eye.L_z,Eye.R_x,Eye.R_y,Eye.R_z,Ear.L_x,Ear.L_y,Ear.L_z,Ear.R_x,Ear.R_y,Ear.R_z,hip.Center_x,hip.Center_y,hip.Center_z
0,0.20623292,0.15935697,0.08392922,-0.047820907,0.12339071,0.35193458,-0.036568955,0.089102,-0.028903333,0.020285605,0.34889868,-0.0571797,-0.024417458,0.26776963,0.32993647,0.18463987,0.34183604,0.025178775,-0.014425062,0.063582964,0.266747,-0.21518986,0.052100603,0.10532648,-0.42785692,0.15605696,-0.015608475,-0.37628055,0.42441243,-0.09677945,-0.19263129,0.43696505,0.09829416,-0.018977333,0.4666167,0.2808663,-0.46413177,0.28918737,-0.07962492,-0.665523,0.24157014,-0.08569568,-0.6145688,0.38519558,-0.06606324,-0.6414702,0.3497286,-0.10646127,-0.64139336,0.3414249,-0.04040798,-0.5989672,0.27388334,-0.15198752,-0.5988871,0.24961829,-0.013364546,-0.008141675032675266,0.21900033950805664,-0.04304151609539986
