frame,Ankle.R_x,Ankle.R_y,Ankle.R_z,Knee.R_x,Knee.R_y,Knee.R_z,Hip.R_x,Hip.R_y,Hip.R_z,Hip.L_x,Hip.L_y,Hip.L_z,Knee.L_x,Knee.L_y,Knee.L_z,Ankle.L_x,Ankle.L_y,Ankle.L_z,Wrist.R_x,Wrist.R_y,Wrist.R_z,Elbow.R_x,Elbow.R_y,Elbow.R_z,Shoulder.R_x,Shoulder.R_y,Shoulder.R_z,Shoulder.L_x,Shoulder.L_y,Shoulder.L_z,Elbow.L_x,Elbow.L_y,Elbow.L_z,Wrist.L_x,Wrist.L_y,Wrist.L_z,Neck_x,Neck_y,Neck_z,Head_x,Head_y,Head_z,Nose_x,Nose_y,Nose_z,Eye.L_x,Eye.L_y,Eye.L_z,Eye.R_x,Eye.R_y,Eye.R_z,Ear.L_x,Ear.L_y,Ear.L_z,Ear.R_x,Ear.R_y,Ear.R_z,hip.Center_x,hip.Center_y,hip.Center_z
0,0.47355974,0.19952337,-0.19773148,0.33530986,0.3656071,0.13186611,-0.014062632,0.16306728,0.09538403,-0.034885697,0.27607608,-0.13349888,0.3002144,0.4720338,-0.039462917,0.4229894,0.20027529,-0.30913016,0.08470487,0.3091315,0.20349458,-0.13882938,0.20735224,0.21740742,-0.3887159,0.30340037,0.1688523,-0.36375454,0.47055754,-0.07332133,-0.12729609,0.4126682,-0.19433205,-0.00982128,0.45363688,0.0047796424,-0.4397997,0.4189492,0.058990344,-0.64402497,0.50267476,0.069666624,-0.5196603,0.55337137,0.14241973,-0.55966026,0.56541014,0.09855549,-0.5719362,0.5257174,0.14898099,-0.5642648,0.51955473,0.01148599,-0.5959868,0.43139577,0.11709844,-0.024474164471030235,0.21957167983055115,-0.019057422876358032
