frame,Ankle.R_x,Ankle.R_y,Ankle.R_z,Knee.R_x,Knee.R_y,Knee.R_z,Hip.R_x,Hip.R_y,Hip.R_z,Hip.L_x,Hip.L_y,Hip.L_z,Knee.L_x,Knee.L_y,Knee.L_z,Ankle.L_x,Ankle.L_y,Ankle.L_z,Wrist.R_x,Wrist.R_y,Wrist.R_z,Elbow.R_x,Elbow.R_y,Elbow.R_z,Shoulder.R_x,Shoulder.R_y,Shoulder.R_z,Shoulder.L_x,Shoulder.L_y,Shoulder.L_z,Elbow.L_x,Elbow.L_y,Elbow.L_z,Wrist.L_x,Wrist.L_y,Wrist.L_z,Neck_x,Neck_y,Neck_z,Head_x,Head_y,Head_z,Nose_x,Nose_y,Nose_z,Eye.L_x,Eye.L_y,Eye.L_z,Eye.R_x,Eye.R_y,Eye.R_z,Ear.L_x,Ear.L_y,Ear.L_z,Ear.R_x,Ear.R_y,Ear.R_z,hip.Center_x,hip.Center_y,hip.Center_z
0,0.06431267,0.3851481,0.118837565,-0.035831586,0.13428184,0.36823183,-0.038073547,0.08970487,-0.015275696,0.02341209,0.3393582,-0.06730895,-0.067195676,0.2528348,0.30704978,-0.04027053,0.47737837,0.012173119,-0.034271188,0.26943454,0.26112038,-0.18244311,0.16557321,0.102532566,-0.40639025,0.3038064,0.023526192,-0.35621327,0.44772524,-0.2070569,-0.15878843,0.44910964,-0.38840634,-0.13497938,0.45610958,-0.14972524,-0.42805448,0.39333376,-0.09137209,-0.60379523,0.42482793,-0.14973567,-0.56144834,0.45874706,-0.0027655289,-0.5840517,0.4837363,-0.05634853,-0.5875848,0.41918594,-0.039087825,-0.5326021,0.49774337,-0.14190479,-0.5427503,0.36106044,-0.10943966,-0.007330728694796562,0.2145315408706665,-0.04129232093691826
