frame,Ankle.R_x,Ankle.R_y,Ankle.R_z,Knee.R_x,Knee.R_y,Knee.R_z,Hip.R_x,Hip.R_y,Hip.R_z,Hip.L_x,Hip.L_y,Hip.L_z,Knee.L_x,Knee.L_y,Knee.L_z,Ankle.L_x,Ankle.L_y,Ankle.L_z,Wrist.R_x,Wrist.R_y,Wrist.R_z,Elbow.R_x,Elbow.R_y,Elbow.R_z,Shoulder.R_x,Shoulder.R_y,Shoulder.R_z,Shoulder.L_x,Shoulder.L_y,Shoulder.L_z,Elbow.L_x,Elbow.L_y,Elbow.L_z,Wrist.L_x,Wrist.L_y,Wrist.L_z,Neck_x,Neck_y,Neck_z,Head_x,Head_y,Head_z,Nose_x,Nose_y,Nose_z,Eye.L_x,Eye.L_y,Eye.L_z,Eye.R_x,Eye.R_y,Eye.R_z,Ear.L_x,Ear.L_y,Ear.L_z,Ear.R_x,Ear.R_y,Ear.R_z,hip.Center_x,hip.Center_y,hip.Center_z
0,-0.055792406,0.44340956,0.14590307,-0.054762304,0.13891956,0.3703258,-0.04896514,0.09598234,-0.007634232,0.03797996,0.33714467,-0.07340578,-0.050787292,0.19020618,0.298621,-0.06704072,0.45231384,0.025764747,-0.023050906,0.30879018,0.2391796,-0.17863329,0.18015705,0.10924398,-0.37166896,0.36497355,0.035549406,-0.34187898,0.46491334,-0.22750148,-0.14182228,0.49382737,-0.4080584,-0.0963687,0.45462263,-0.17334963,-0.40607253,0.43146196,-0.09877996,-0.5907257,0.44499934,-0.12018248,-0.51507795,0.5688329,-0.061204407,-0.54904646,0.55049425,-0.11038414,-0.5494612,0.5232688,-0.048453216,-0.5181472,0.48391342,-0.18059835,-0.523176,0.42306146,-0.05320986,-0.005492590367794037,0.21656350791454315,-0.04052000492811203
