frame,Ankle.R_x,Ankle.R_y,Ankle.R_z,Knee.R_x,Knee.R_y,Knee.R_z,Hip.R_x,Hip.R_y,Hip.R_z,Hip.L_x,Hip.L_y,Hip.L_z,Knee.L_x,Knee.L_y,Knee.L_z,Ankle.L_x,Ankle.L_y,Ankle.L_z,Wrist.R_x,Wrist.R_y,Wrist.R_z,Elbow.R_x,Elbow.R_y,Elbow.R_z,Shoulder.R_x,Shoulder.R_y,Shoulder.R_z,Shoulder.L_x,Shoulder.L_y,Shoulder.L_z,Elbow.L_x,Elbow.L_y,Elbow.L_z,Wrist.L_x,Wrist.L_y,Wrist.L_z,Neck_x,Neck_y,Neck_z,Head_x,Head_y,Head_z,Nose_x,Nose_y,Nose_z,Eye.L_x,Eye.L_y,Eye.L_z,Eye.R_x,Eye.R_y,Eye.R_z,Ear.L_x,Ear.L_y,Ear.L_z,Ear.R_x,Ear.R_y,Ear.R_z,hip.Center_x,hip.Center_y,hip.Center_z
0,0.42046836,0.3276423,-0.1801931,0.31369916,0.29250473,0.20146771,-0.028658248,0.11714161,0.0529804,-0.020484814,0.32720518,-0.098912664,0.31259108,0.4218213,0.11332695,0.40617085,0.35103244,-0.27354535,0.11728841,0.28287277,0.14284812,-0.110810876,0.20979504,0.21065173,-0.36005902,0.33318344,0.20350058,-0.3268524,0.49885094,-0.039382793,-0.08936291,0.41573456,-0.1526228,0.054251008,0.42455587,0.040841106,-0.40937656,0.45181054,0.093378164,-0.61324084,0.53611034,0.11092923,-0.48353532,0.61112696,0.14427787,-0.5300595,0.6079791,0.103998125,-0.53215396,0.586451,0.16678791,-0.54302394,0.5352357,0.038281605,-0.5532791,0.4848417,0.17115963,-0.024571530520915985,0.22217339277267456,-0.022966131567955017
