frame,Ankle.R_x,Ankle.R_y,Ankle.R_z,Knee.R_x,Knee.R_y,Knee.R_z,Hip.R_x,Hip.R_y,Hip.R_z,Hip.L_x,Hip.L_y,Hip.L_z,Knee.L_x,Knee.L_y,Knee.L_z,Ankle.L_x,Ankle.L_y,Ankle.L_z,Wrist.R_x,Wrist.R_y,Wrist.R_z,Elbow.R_x,Elbow.R_y,Elbow.R_z,Shoulder.R_x,Shoulder.R_y,Shoulder.R_z,Shoulder.L_x,Shoulder.L_y,Shoulder.L_z,Elbow.L_x,Elbow.L_y,Elbow.L_z,Wrist.L_x,Wrist.L_y,Wrist.L_z,Neck_x,Neck_y,Neck_z,Head_x,Head_y,Head_z,Nose_x,Nose_y,Nose_z,Eye.L_x,Eye.L_y,Eye.L_z,Eye.R_x,Eye.R_y,Eye.R_z,Ear.L_x,Ear.L_y,Ear.L_z,Ear.R_x,Ear.R_y,Ear.R_z,hip.Center_x,hip.Center_y,hip.Center_z
0,0.4227308,0.28286982,-0.19648978,0.32522798,0.28813234,0.1882975,-0.029465076,0.121623695,0.05834513,-0.019824123,0.32458884,-0.10230163,0.3248306,0.42247313,0.08779599,0.39587784,0.30608436,-0.29118696,0.11342522,0.2818222,0.15505241,-0.116795525,0.20980766,0.21433617,-0.3662735,0.33100778,0.19975385,-0.3332768,0.49816507,-0.04269497,-0.094560914,0.42459747,-0.15830138,0.047836047,0.44622207,0.03404668,-0.4159335,0.44884852,0.088648275,-0.6218211,0.52798104,0.10215805,-0.49479198,0.6050215,0.14078711,-0.54032433,0.6018193,0.09933465,-0.5434979,0.57860976,0.16137263,-0.54984593,0.5307135,0.031416193,-0.562248,0.47657377,0.1623792,-0.024644598364830017,0.2231062650680542,-0.02197824791073799
