frame,Ankle.R_x,Ankle.R_y,Ankle.R_z,Knee.R_x,Knee.R_y,Knee.R_z,Hip.R_x,Hip.R_y,Hip.R_z,Hip.L_x,Hip.L_y,Hip.L_z,Knee.L_x,Knee.L_y,Knee.L_z,Ankle.L_x,Ankle.L_y,Ankle.L_z,Wrist.R_x,Wrist.R_y,Wrist.R_z,Elbow.R_x,Elbow.R_y,Elbow.R_z,Shoulder.R_x,Shoulder.R_y,Shoulder.R_z,Shoulder.L_x,Shoulder.L_y,Shoulder.L_z,Elbow.L_x,Elbow.L_y,Elbow.L_z,Wrist.L_x,Wrist.L_y,Wrist.L_z,Neck_x,Neck_y,Neck_z,Head_x,Head_y,Head_z,Nose_x,Nose_y,Nose_z,Eye.L_x,Eye.L_y,Eye.L_z,Eye.R_x,Eye.R_y,Eye.R_z,Ear.L_x,Ear.L_y,Ear.L_z,Ear.R_x,Ear.R_y,Ear.R_z,hip.Center_x,hip.Center_y,hip.Center_z
0,-0.06138246,0.44464824,0.12073615,-0.0828628,0.15866451,0.36486435,-0.030913914,0.09139528,0.009269884,0.020526584,0.3250368,-0.09404247,-0.050749555,0.35670924,0.2933525,-0.1317007,0.5023353,-0.05116208,-0.079074524,0.33429205,0.18634763,-0.2015653,0.19396456,0.03228762,-0.38586,0.38089597,-0.015673498,-0.31990093,0.4769935,-0.2390514,-0.08990494,0.4740078,-0.37518921,-0.13258818,0.3416726,-0.174855,-0.37768456,0.4399849,-0.1152931,-0.48991776,0.53892815,-0.019299142,-0.37269953,0.44497666,0.024524212,-0.3941247,0.50266486,0.027141482,-0.43089974,0.44940737,0.012098312,-0.3946483,0.57323545,-0.046700686,-0.47777393,0.46305415,-0.07839425,-0.005193664692342281,0.20821604132652283,-0.04238629341125488
