frame,Ankle.R_x,Ankle.R_y,Ankle.R_z,Knee.R_x,Knee.R_y,Knee.R_z,Hip.R_x,Hip.R_y,Hip.R_z,Hip.L_x,Hip.L_y,Hip.L_z,Knee.L_x,Knee.L_y,Knee.L_z,Ankle.L_x,Ankle.L_y,Ankle.L_z,Wrist.R_x,Wrist.R_y,Wrist.R_z,Elbow.R_x,Elbow.R_y,Elbow.R_z,Shoulder.R_x,Shoulder.R_y,Shoulder.R_z,Shoulder.L_x,Shoulder.L_y,Shoulder.L_z,Elbow.L_x,Elbow.L_y,Elbow.L_z,Wrist.L_x,Wrist.L_y,Wrist.L_z,Neck_x,Neck_y,Neck_z,Head_x,Head_y,Head_z,Nose_x,Nose_y,Nose_z,Eye.L_x,Eye.L_y,Eye.L_z,Eye.R_x,Eye.R_y,Eye.R_z,Ear.L_x,Ear.L_y,Ear.L_z,Ear.R_x,Ear.R_y,Ear.R_z,hip.Center_x,hip.Center_y,hip.Center_z
0,0.41153985,0.3357014,-0.1298878,0.28866696,0.2714915,0.23494923,-0.03558767,0.12368604,0.05967985,-0.016958268,0.3204427,-0.109868675,0.26356047,0.42266214,0.14693704,0.35991436,0.3572875,-0.23201557,0.1122638,0.30589563,0.13225476,-0.104210086,0.20426926,0.20546097,-0.35356763,0.3307911,0.1978797,-0.3271183,0.5084961,-0.044272825,-0.083179526,0.44546512,-0.1606714,0.074531466,0.44434318,0.024841737,-0.4069261,0.4559955,0.08968331,-0.6133178,0.5400174,0.09836717,-0.48770922,0.61396503,0.14737298,-0.53088427,0.61323494,0.10338604,-0.537889,0.5870573,0.16405825,-0.53706586,0.5453683,0.032232642,-0.55851406,0.4845304,0.16014451,-0.0262729674577713,0.22206437587738037,-0.0250944122672081
