frame,Ankle.R_x,Ankle.R_y,Ankle.R_z,Knee.R_x,Knee.R_y,Knee.R_z,Hip.R_x,Hip.R_y,Hip.R_z,Hip.L_x,Hip.L_y,Hip.L_z,Knee.L_x,Knee.L_y,Knee.L_z,Ankle.L_x,Ankle.L_y,Ankle.L_z,Wrist.R_x,Wrist.R_y,Wrist.R_z,Elbow.R_x,Elbow.R_y,Elbow.R_z,Shoulder.R_x,Shoulder.R_y,Shoulder.R_z,Shoulder.L_x,Shoulder.L_y,Shoulder.L_z,Elbow.L_x,Elbow.L_y,Elbow.L_z,Wrist.L_x,Wrist.L_y,Wrist.L_z,Neck_x,Neck_y,Neck_z,Head_x,Head_y,Head_z,Nose_x,Nose_y,Nose_z,Eye.L_x,Eye.L_y,Eye.L_z,Eye.R_x,Eye.R_y,Eye.R_z,Ear.L_x,Ear.L_y,Ear.L_z,Ear.R_x,Ear.R_y,Ear.R_z,hip.Center_x,hip.Center_y,hip.Center_z
0,0.38745216,0.32365733,-0.12632926,0.26911917,0.2981754,0.2425532,-0.03502912,0.12132508,0.05997286,-0.017000703,0.31725174,-0.11103337,0.2726603,0.4516173,0.11573118,0.31563345,0.33524567,-0.25717837,0.08086514,0.3187332,0.17338048,-0.13366306,0.19371952,0.19922984,-0.38174775,0.31174064,0.1661948,-0.32367682,0.50706273,-0.053650327,-0.07698248,0.45055467,-0.16382076,0.079625145,0.45116585,0.02127818,-0.41699418,0.44658175,0.06539935,-0.618112,0.5389184,0.06905109,-0.49646682,0.59075844,0.1472901,-0.53467846,0.6032232,0.10088739,-0.54880613,0.56316507,0.15149574,-0.5350719,0.55683434,0.01387643,-0.5714534,0.46730012,0.11872415,-0.026014912873506546,0.2192884087562561,-0.02553025633096695
