frame,Ankle.R_x,Ankle.R_y,Ankle.R_z,Knee.R_x,Knee.R_y,Knee.R_z,Hip.R_x,Hip.R_y,Hip.R_z,Hip.L_x,Hip.L_y,Hip.L_z,Knee.L_x,Knee.L_y,Knee.L_z,Ankle.L_x,Ankle.L_y,Ankle.L_z,Wrist.R_x,Wrist.R_y,Wrist.R_z,Elbow.R_x,Elbow.R_y,Elbow.R_z,Shoulder.R_x,Shoulder.R_y,Shoulder.R_z,Shoulder.L_x,Shoulder.L_y,Shoulder.L_z,Elbow.L_x,Elbow.L_y,Elbow.L_z,Wrist.L_x,Wrist.L_y,Wrist.L_z,Neck_x,Neck_y,Neck_z,Head_x,Head_y,Head_z,Nose_x,Nose_y,Nose_z,Eye.L_x,Eye.L_y,Eye.L_z,Eye.R_x,Eye.R_y,Eye.R_z,Ear.L_x,Ear.L_y,Ear.L_z,Ear.R_x,Ear.R_y,Ear.R_z,hip.Center_x,hip.Center_y,hip.Center_z
0,0.40790355,0.3915329,-0.08457507,0.25484902,0.28618228,0.25994492,-0.035305634,0.118638895,0.053501405,-0.016161507,0.32245004,-0.10869483,0.22849397,0.42484802,0.18041709,0.36772436,0.39817747,-0.19071753,0.109631196,0.2964603,0.11358043,-0.105669625,0.19755304,0.1951068,-0.3518838,0.3297121,0.19486466,-0.31683078,0.5119119,-0.042617053,-0.073514976,0.43947035,-0.155417,0.08009137,0.4183982,0.033051334,-0.40011916,0.4591323,0.08984943,-0.60389876,0.54964983,0.10024978,-0.47591892,0.6191328,0.14991345,-0.51892287,0.6202344,0.10588817,-0.5267911,0.59366345,0.16640925,-0.52748036,0.553161,0.034025062,-0.5509233,0.49183437,0.16177955,-0.025733571499586105,0.2205444723367691,-0.027596712112426758
