frame,Ankle.R_x,Ankle.R_y,Ankle.R_z,Knee.R_x,Knee.R_y,Knee.R_z,Hip.R_x,Hip.R_y,Hip.R_z,Hip.L_x,Hip.L_y,Hip.L_z,Knee.L_x,Knee.L_y,Knee.L_z,Ankle.L_x,Ankle.L_y,Ankle.L_z,Wrist.R_x,Wrist.R_y,Wrist.R_z,Elbow.R_x,Elbow.R_y,Elbow.R_z,Shoulder.R_x,Shoulder.R_y,Shoulder.R_z,Shoulder.L_x,Shoulder.L_y,Shoulder.L_z,Elbow.L_x,Elbow.L_y,Elbow.L_z,Wrist.L_x,Wrist.L_y,Wrist.L_z,Neck_x,Neck_y,Neck_z,Head_x,Head_y,Head_z,Nose_x,Nose_y,Nose_z,Eye.L_x,Eye.L_y,Eye.L_z,Eye.R_x,Eye.R_y,Eye.R_z,Ear.L_x,Ear.L_y,Ear.L_z,Ear.R_x,Ear.R_y,Ear.R_z,hip.Center_x,hip.Center_y,hip.Center_z
0,-0.06207592,0.41654846,0.12099813,-0.09979206,0.16305116,0.3643876,-0.036294542,0.09521791,0.016369365,0.03422881,0.3190517,-0.099519804,-0.033372596,0.41456655,0.27746123,-0.08255592,0.51078606,-0.07341304,-0.07813223,0.3705688,0.1498107,-0.19938675,0.21011558,0.017800665,-0.36879855,0.39958006,-0.025439614,-0.312463,0.5097726,-0.21571207,-0.0872814,0.5328683,-0.3562745,-0.09183927,0.3490912,-0.19356836,-0.37170973,0.45708367,-0.11191094,-0.5060773,0.45484358,-0.024553858,-0.3692033,0.51587325,0.026963294,-0.42860842,0.52833456,0.016609699,-0.40269673,0.46787316,0.023250312,-0.47567898,0.5417017,-0.072979435,-0.42613992,0.41072828,-0.060397238,-0.0010328665375709534,0.20713481307029724,-0.041575219482183456
