frame,Ankle.R_x,Ankle.R_y,Ankle.R_z,Knee.R_x,Knee.R_y,Knee.R_z,Hip.R_x,Hip.R_y,Hip.R_z,Hip.L_x,Hip.L_y,Hip.L_z,Knee.L_x,Knee.L_y,Knee.L_z,Ankle.L_x,Ankle.L_y,Ankle.L_z,Wrist.R_x,Wrist.R_y,Wrist.R_z,Elbow.R_x,Elbow.R_y,Elbow.R_z,Shoulder.R_x,Shoulder.R_y,Shoulder.R_z,Shoulder.L_x,Shoulder.L_y,Shoulder.L_z,Elbow.L_x,Elbow.L_y,Elbow.L_z,Wrist.L_x,Wrist.L_y,Wrist.L_z,Neck_x,Neck_y,Neck_z,Head_x,Head_y,Head_z,Nose_x,Nose_y,Nose_z,Eye.L_x,Eye.L_y,Eye.L_z,Eye.R_x,Eye.R_y,Eye.R_z,Ear.L_x,Ear.L_y,Ear.L_z,Ear.R_x,Ear.R_y,Ear.R_z,hip.Center_x,hip.Center_y,hip.Center_z
0,0.36217752,0.32874542,-0.0819476,0.24714941,0.24170846,0.28004602,-0.036034428,0.10777966,0.037234522,-0.01690241,0.33150288,-0.09734774,0.21998285,0.4427656,0.18803765,0.3134111,0.41906825,-0.1968426,0.11176939,0.30400527,0.1057891,-0.102362454,0.20281197,0.19096844,-0.34894294,0.33206236,0.20253967,-0.30995798,0.50996494,-0.034680035,-0.07067004,0.4488112,-0.16011192,0.10779055,0.4425666,0.008576656,-0.39312667,0.45959786,0.095480055,-0.5949668,0.53881854,0.09908761,-0.47657365,0.61889637,0.15721303,-0.5175799,0.6175952,0.11111796,-0.52498794,0.5879508,0.17051476,-0.51614106,0.55289185,0.035697486,-0.5381478,0.484643,0.16044512,-0.026468418538570404,0.21964126825332642,-0.030056606978178024
