frame,Ankle.R_x,Ankle.R_y,Ankle.R_z,Knee.R_x,Knee.R_y,Knee.R_z,Hip.R_x,Hip.R_y,Hip.R_z,Hip.L_x,Hip.L_y,Hip.L_z,Knee.L_x,Knee.L_y,Knee.L_z,Ankle.L_x,Ankle.L_y,Ankle.L_z,Wrist.R_x,Wrist.R_y,Wrist.R_z,Elbow.R_x,Elbow.R_y,Elbow.R_z,Shoulder.R_x,Shoulder.R_y,Shoulder.R_z,Shoulder.L_x,Shoulder.L_y,Shoulder.L_z,Elbow.L_x,Elbow.L_y,Elbow.L_z,Wrist.L_x,Wrist.L_y,Wrist.L_z,Neck_x,Neck_y,Neck_z,Head_x,Head_y,Head_z,Nose_x,Nose_y,Nose_z,Eye.L_x,Eye.L_y,Eye.L_z,Eye.R_x,Eye.R_y,Eye.R_z,Ear.L_x,Ear.L_y,Ear.L_z,Ear.R_x,Ear.R_y,Ear.R_z,hip.Center_x,hip.Center_y,hip.Center_z
0,0.34330368,0.3739623,-0.028026417,0.19554488,0.25134066,0.310736,-0.03177446,0.102831185,0.030489374,-0.018498007,0.33135664,-0.09834182,0.15285434,0.45108664,0.22091188,0.29916656,0.4707359,-0.14782369,0.10612419,0.31127834,0.082206115,-0.098364145,0.19656916,0.17489399,-0.34603035,0.32194743,0.1969737,-0.30337477,0.5060999,-0.03401765,-0.06156511,0.4441538,-0.15595116,0.11073554,0.41842854,0.018222395,-0.3888944,0.4524165,0.09419545,-0.5907316,0.5310104,0.10131991,-0.4723326,0.6108918,0.1600458,-0.51342237,0.61016554,0.114145964,-0.5202346,0.5793534,0.17315196,-0.5123607,0.5468008,0.03744483,-0.53320414,0.47601467,0.1615484,-0.025136234238743782,0.21709391474723816,-0.03392622619867325
