frame,Ankle.R_x,Ankle.R_y,Ankle.R_z,Knee.R_x,Knee.R_y,Knee.R_z,Hip.R_x,Hip.R_y,Hip.R_z,Hip.L_x,Hip.L_y,Hip.L_z,Knee.L_x,Knee.L_y,Knee.L_z,Ankle.L_x,Ankle.L_y,Ankle.L_z,Wrist.R_x,Wrist.R_y,Wrist.R_z,Elbow.R_x,Elbow.R_y,Elbow.R_z,Shoulder.R_x,Shoulder.R_y,Shoulder.R_z,Shoulder.L_x,Shoulder.L_y,Shoulder.L_z,Elbow.L_x,Elbow.L_y,Elbow.L_z,Wrist.L_x,Wrist.L_y,Wrist.L_z,Neck_x,Neck_y,Neck_z,Head_x,Head_y,Head_z,Nose_x,Nose_y,Nose_z,Eye.L_x,Eye.L_y,Eye.L_z,Eye.R_x,Eye.R_y,Eye.R_z,Ear.L_x,Ear.L_y,Ear.L_z,Ear.R_x,Ear.R_y,Ear.R_z,hip.Center_x,hip.Center_y,hip.Center_z
0,-0.023397483,0.42238402,0.14354749,-0.044030577,0.1479191,0.3807067,-0.03693197,0.09212849,0.0056985607,0.030334415,0.32687682,-0.09227883,-0.11308106,0.31002587,0.27431062,-0.052272227,0.50875,-0.034259144,-0.039133042,0.352428,0.1918019,-0.16166818,0.18086545,0.0865098,-0.34876552,0.37819052,0.03617257,-0.31390822,0.48834968,-0.21401334,-0.16556635,0.49117076,-0.43850964,-0.06730653,0.44171208,-0.225754,-0.37141323,0.45281437,-0.090562716,-0.53907615,0.47983032,-0.095070645,-0.45172152,0.6083107,-0.06567165,-0.49005225,0.5834142,-0.10738478,-0.48624235,0.5683036,-0.04182317,-0.47063875,0.50390565,-0.16697069,-0.46490428,0.46498325,-0.02982419,-0.0032987771555781364,0.20950265228748322,-0.04329013451933861
