frame,Ankle.R_x,Ankle.R_y,Ankle.R_z,Knee.R_x,Knee.R_y,Knee.R_z,Hip.R_x,Hip.R_y,Hip.R_z,Hip.L_x,Hip.L_y,Hip.L_z,Knee.L_x,Knee.L_y,Knee.L_z,Ankle.L_x,Ankle.L_y,Ankle.L_z,Wrist.R_x,Wrist.R_y,Wrist.R_z,Elbow.R_x,Elbow.R_y,Elbow.R_z,Shoulder.R_x,Shoulder.R_y,Shoulder.R_z,Shoulder.L_x,Shoulder.L_y,Shoulder.L_z,Elbow.L_x,Elbow.L_y,Elbow.L_z,Wrist.L_x,Wrist.L_y,Wrist.L_z,Neck_x,Neck_y,Neck_z,Head_x,Head_y,Head_z,Nose_x,Nose_y,Nose_z,Eye.L_x,Eye.L_y,Eye.L_z,Eye.R_x,Eye.R_y,Eye.R_z,Ear.L_x,Ear.L_y,Ear.L_z,Ear.R_x,Ear.R_y,Ear.R_z,hip.Center_x,hip.Center_y,hip.Center_z
0,0.3710102,0.34131193,-0.09831147,0.24361202,0.31382617,0.26730007,-0.027729534,0.120505884,0.06088639,-0.025920141,0.31216717,-0.116289556,0.22836338,0.49050066,0.11787945,0.29687598,0.3597176,-0.24844451,0.10303298,0.28759962,0.16115281,-0.123478204,0.18424778,0.19761635,-0.37181357,0.30835575,0.1761857,-0.32121345,0.4983947,-0.052210584,-0.07083858,0.46269414,-0.1675152,0.0819635,0.4544385,0.023781646,-0.4101183,0.4424374,0.073217824,-0.6096845,0.53437775,0.07414015,-0.48974723,0.59967947,0.14600058,-0.527997,0.605026,0.09800888,-0.54127395,0.5710798,0.1535583,-0.5265036,0.5478669,0.017256878,-0.5609466,0.47059602,0.13312979,-0.026824837550520897,0.21633651852607727,-0.02770158275961876
