frame,Ankle.R_x,Ankle.R_y,Ankle.R_z,Knee.R_x,Knee.R_y,Knee.R_z,Hip.R_x,Hip.R_y,Hip.R_z,Hip.L_x,Hip.L_y,Hip.L_z,Knee.L_x,Knee.L_y,Knee.L_z,Ankle.L_x,Ankle.L_y,Ankle.L_z,Wrist.R_x,Wrist.R_y,Wrist.R_z,Elbow.R_x,Elbow.R_y,Elbow.R_z,Shoulder.R_x,Shoulder.R_y,Shoulder.R_z,Shoulder.L_x,Shoulder.L_y,Shoulder.L_z,Elbow.L_x,Elbow.L_y,Elbow.L_z,Wrist.L_x,Wrist.L_y,Wrist.L_z,Neck_x,Neck_y,Neck_z,Head_x,Head_y,Head_z,Nose_x,Nose_y,Nose_z,Eye.L_x,Eye.L_y,Eye.L_z,Eye.R_x,Eye.R_y,Eye.R_z,Ear.L_x,Ear.L_y,Ear.L_z,Ear.R_x,Ear.R_y,Ear.R_z,hip.Center_x,hip.Center_y,hip.Center_z
0,-0.013421837,0.48006323,0.18493243,-0.021844806,0.16458198,0.384372,-0.035719678,0.094705865,0.016347002,0.02352999,0.32300156,-0.10600039,-0.12834495,0.29958424,0.24899647,-0.014405036,0.4860738,-0.05792183,-0.029506093,0.36242718,0.07810951,-0.16682167,0.18701519,0.17102705,-0.33155522,0.39069015,0.06270462,-0.32158434,0.47547942,-0.21026793,-0.18325998,0.55276316,-0.43066582,-0.065880045,0.44598243,-0.24964371,-0.36789817,0.45413554,-0.078141734,-0.53930306,0.50441885,-0.09186223,-0.43695873,0.62196904,-0.06576019,-0.47685543,0.6001854,-0.10763449,-0.47770795,0.58838016,-0.04129546,-0.46494347,0.5156347,-0.16215104,-0.47111514,0.48376176,-0.022443049,-0.006094844080507755,0.20885372161865234,-0.0448266938328743
