frame,Ankle.R_x,Ankle.R_y,Ankle.R_z,Knee.R_x,Knee.R_y,Knee.R_z,Hip.R_x,Hip.R_y,Hip.R_z,Hip.L_x,Hip.L_y,Hip.L_z,Knee.L_x,Knee.L_y,Knee.L_z,Ankle.L_x,Ankle.L_y,Ankle.L_z,Wrist.R_x,Wrist.R_y,Wrist.R_z,Elbow.R_x,Elbow.R_y,Elbow.R_z,Shoulder.R_x,Shoulder.R_y,Shoulder.R_z,Shoulder.L_x,Shoulder.L_y,Shoulder.L_z,Elbow.L_x,Elbow.L_y,Elbow.L_z,Wrist.L_x,Wrist.L_y,Wrist.L_z,Neck_x,Neck_y,Neck_z,Head_x,Head_y,Head_z,Nose_x,Nose_y,Nose_z,Eye.L_x,Eye.L_y,Eye.L_z,Eye.R_x,Eye.R_y,Eye.R_z,Ear.L_x,Ear.L_y,Ear.L_z,Ear.R_x,Ear.R_y,Ear.R_z,hip.Center_x,hip.Center_y,hip.Center_z
0,0.43942425,0.3653747,-0.07160886,0.24256882,0.3256673,0.26331028,-0.023414647,0.12565826,0.06693149,-0.030040357,0.30535755,-0.121108435,0.20575343,0.4918786,0.12471911,0.39269668,0.4258855,-0.22258659,0.111790076,0.31064978,0.06885793,-0.0775759,0.21175456,0.19809425,-0.33081603,0.3301495,0.20778355,-0.34026545,0.47503123,-0.05618827,-0.09378453,0.43852466,-0.17663747,0.07892095,0.46302217,-0.0053030998,-0.40134817,0.43929404,0.09247412,-0.6008365,0.543135,0.11350998,-0.4650978,0.60637957,0.14644496,-0.5110657,0.6068995,0.106388405,-0.5157261,0.5859324,0.16919798,-0.5310709,0.5352212,0.041621663,-0.5469961,0.48599172,0.17587829,-0.026727501302957535,0.2155078947544098,-0.0270884707570076
