frame,Ankle.R_x,Ankle.R_y,Ankle.R_z,Knee.R_x,Knee.R_y,Knee.R_z,Hip.R_x,Hip.R_y,Hip.R_z,Hip.L_x,Hip.L_y,Hip.L_z,Knee.L_x,Knee.L_y,Knee.L_z,Ankle.L_x,Ankle.L_y,Ankle.L_z,Wrist.R_x,Wrist.R_y,Wrist.R_z,Elbow.R_x,Elbow.R_y,Elbow.R_z,Shoulder.R_x,Shoulder.R_y,Shoulder.R_z,Shoulder.L_x,Shoulder.L_y,Shoulder.L_z,Elbow.L_x,Elbow.L_y,Elbow.L_z,Wrist.L_x,Wrist.L_y,Wrist.L_z,Neck_x,Neck_y,Neck_z,Head_x,Head_y,Head_z,Nose_x,Nose_y,Nose_z,Eye.L_x,Eye.L_y,Eye.L_z,Eye.R_x,Eye.R_y,Eye.R_z,Ear.L_x,Ear.L_y,Ear.L_z,Ear.R_x,Ear.R_y,Ear.R_z,hip.Center_x,hip.Center_y,hip.Center_z
0,-0.08071198,0.47319263,0.17838879,-0.12152376,0.16523437,0.35124645,-0.043737166,0.10585992,0.033989307,0.038179077,0.30610475,-0.12095352,-0.02688784,0.4794146,0.21344276,0.13681549,0.32883853,-0.068799645,-0.09219073,0.37623474,0.0152509855,-0.19465534,0.22867903,0.18708348,-0.37335038,0.3868621,0.05530604,-0.3528407,0.48172346,-0.19134519,-0.14858979,0.56241107,-0.34784505,-0.06651352,0.39562786,-0.1846739,-0.39920062,0.44665086,-0.06984258,-0.56960297,0.5087838,-0.049410943,-0.4497651,0.6104388,-0.041585535,-0.49888578,0.5952537,-0.075039506,-0.48948994,0.580714,-0.0101698935,-0.50971353,0.5136299,-0.13100523,-0.49368235,0.47556344,0.0054962784,-0.002779044210910797,0.20598232746124268,-0.043482109904289246
