frame,Ankle.R_x,Ankle.R_y,Ankle.R_z,Knee.R_x,Knee.R_y,Knee.R_z,Hip.R_x,Hip.R_y,Hip.R_z,Hip.L_x,Hip.L_y,Hip.L_z,Knee.L_x,Knee.L_y,Knee.L_z,Ankle.L_x,Ankle.L_y,Ankle.L_z,Wrist.R_x,Wrist.R_y,Wrist.R_z,Elbow.R_x,Elbow.R_y,Elbow.R_z,Shoulder.R_x,Shoulder.R_y,Shoulder.R_z,Shoulder.L_x,Shoulder.L_y,Shoulder.L_z,Elbow.L_x,Elbow.L_y,Elbow.L_z,Wrist.L_x,Wrist.L_y,Wrist.L_z,Neck_x,Neck_y,Neck_z,Head_x,Head_y,Head_z,Nose_x,Nose_y,Nose_z,Eye.L_x,Eye.L_y,Eye.L_z,Eye.R_x,Eye.R_y,Eye.R_z,Ear.L_x,Ear.L_y,Ear.L_z,Ear.R_x,Ear.R_y,Ear.R_z,hip.Center_x,hip.Center_y,hip.Center_z
0,0.0036893548,0.4867893,0.18346184,-0.012837945,0.17713182,0.38344252,-0.03792969,0.09433605,0.011729568,0.024422456,0.3284711,-0.10026395,-0.14337522,0.24040423,0.23676246,-0.0051814103,0.50019574,-0.00068616605,-0.022593688,0.37394577,0.058492407,-0.13788542,0.21457437,0.20698397,-0.31870458,0.39391595,0.070830755,-0.3145151,0.488067,-0.2023628,-0.18877487,0.6024769,-0.4129895,-0.064696535,0.46147835,-0.25363904,-0.36162937,0.4632254,-0.06861008,-0.5420918,0.518749,-0.076812506,-0.43725705,0.63275814,-0.04970274,-0.47782862,0.6129026,-0.091490336,-0.4790386,0.6000119,-0.025381193,-0.46802348,0.52920604,-0.14721914,-0.47507262,0.4954961,-0.0073331445,-0.006753617897629738,0.21140357851982117,-0.0442671924829483
