frame,Ankle.R_x,Ankle.R_y,Ankle.R_z,Knee.R_x,Knee.R_y,Knee.R_z,Hip.R_x,Hip.R_y,Hip.R_z,Hip.L_x,Hip.L_y,Hip.L_z,Knee.L_x,Knee.L_y,Knee.L_z,Ankle.L_x,Ankle.L_y,Ankle.L_z,Wrist.R_x,Wrist.R_y,Wrist.R_z,Elbow.R_x,Elbow.R_y,Elbow.R_z,Shoulder.R_x,Shoulder.R_y,Shoulder.R_z,Shoulder.L_x,Shoulder.L_y,Shoulder.L_z,Elbow.L_x,Elbow.L_y,Elbow.L_z,Wrist.L_x,Wrist.L_y,Wrist.L_z,Neck_x,Neck_y,Neck_z,Head_x,Head_y,Head_z,Nose_x,Nose_y,Nose_z,Eye.L_x,Eye.L_y,Eye.L_z,Eye.R_x,Eye.R_y,Eye.R_z,Ear.L_x,Ear.L_y,Ear.L_z,Ear.R_x,Ear.R_y,Ear.R_z,hip.Center_x,hip.Center_y,hip.Center_z
0,-0.07833152,0.4520421,0.1806434,-0.114457585,0.14021482,0.35194206,-0.039576977,0.108545616,0.03983169,0.032209247,0.30069423,-0.1271709,-0.02228477,0.50314397,0.19026473,0.21612148,0.32755712,-0.03759043,-0.08529917,0.38648742,0.04630471,-0.21203269,0.2329584,0.19309409,-0.387435,0.3835534,0.055810474,-0.37479308,0.4487512,-0.19969639,-0.1701273,0.5341497,-0.35319412,-0.06832017,0.4162237,-0.16018367,-0.4147569,0.42922437,-0.07315908,-0.57058823,0.5366152,-0.041137904,-0.43013862,0.5985647,-0.0698209,-0.48657072,0.59329486,-0.09236741,-0.4700201,0.5869827,-0.028008074,-0.52884674,0.51054853,-0.12813056,-0.49792516,0.4907083,0.009436011,-0.0036838650703430176,0.20461991429328918,-0.04366960749030113
