frame,Ankle.R_x,Ankle.R_y,Ankle.R_z,Knee.R_x,Knee.R_y,Knee.R_z,Hip.R_x,Hip.R_y,Hip.R_z,Hip.L_x,Hip.L_y,Hip.L_z,Knee.L_x,Knee.L_y,Knee.L_z,Ankle.L_x,Ankle.L_y,Ankle.L_z,Wrist.R_x,Wrist.R_y,Wrist.R_z,Elbow.R_x,Elbow.R_y,Elbow.R_z,Shoulder.R_x,Shoulder.R_y,Shoulder.R_z,Shoulder.L_x,Shoulder.L_y,Shoulder.L_z,Elbow.L_x,Elbow.L_y,Elbow.L_z,Wrist.L_x,Wrist.L_y,Wrist.L_z,Neck_x,Neck_y,Neck_z,Head_x,Head_y,Head_z,Nose_x,Nose_y,Nose_z,Eye.L_x,Eye.L_y,Eye.L_z,Eye.R_x,Eye.R_y,Eye.R_z,Ear.L_x,Ear.L_y,Ear.L_z,Ear.R_x,Ear.R_y,Ear.R_z,hip.Center_x,hip.Center_y,hip.Center_z
0,0.4972299,0.35813212,-0.102583945,0.28607875,0.32697815,0.23049667,-0.02061658,0.13767466,0.07712838,-0.033506878,0.29721785,-0.12572852,0.22686012,0.49155563,0.09411247,0.41715518,0.39011857,-0.2466595,0.09550996,0.30729988,0.06735132,-0.07993413,0.20467763,0.21053539,-0.33340865,0.32865575,0.20658033,-0.3575935,0.4620434,-0.062565655,-0.12100322,0.44066334,-0.20627885,0.022960613,0.47787523,-0.01575534,-0.41011235,0.4338929,0.0904764,-0.6091664,0.54162633,0.11232989,-0.4714233,0.6058879,0.1329537,-0.5191712,0.6028583,0.095058635,-0.5216255,0.58890545,0.15982577,-0.54223657,0.5250821,0.03953201,-0.5537789,0.49057582,0.1784206,-0.02706172876060009,0.2174462527036667,-0.024300068616867065
