frame,Ankle.R_x,Ankle.R_y,Ankle.R_z,Knee.R_x,Knee.R_y,Knee.R_z,Hip.R_x,Hip.R_y,Hip.R_z,Hip.L_x,Hip.L_y,Hip.L_z,Knee.L_x,Knee.L_y,Knee.L_z,Ankle.L_x,Ankle.L_y,Ankle.L_z,Wrist.R_x,Wrist.R_y,Wrist.R_z,Elbow.R_x,Elbow.R_y,Elbow.R_z,Shoulder.R_x,Shoulder.R_y,Shoulder.R_z,Shoulder.L_x,Shoulder.L_y,Shoulder.L_z,Elbow.L_x,Elbow.L_y,Elbow.L_z,Wrist.L_x,Wrist.L_y,Wrist.L_z,Neck_x,Neck_y,Neck_z,Head_x,Head_y,Head_z,Nose_x,Nose_y,Nose_z,Eye.L_x,Eye.L_y,Eye.L_z,Eye.R_x,Eye.R_y,Eye.R_z,Ear.L_x,Ear.L_y,Ear.L_z,Ear.R_x,Ear.R_y,Ear.R_z,hip.Center_x,hip.Center_y,hip.Center_z
0,0.5007916,0.33214346,-0.12631372,0.2927128,0.36400783,0.2076063,-0.011803898,0.14606321,0.085759096,-0.040869545,0.28439856,-0.12929475,0.24769312,0.52153975,0.0030973419,0.42253953,0.3300356,-0.30873773,0.10531276,0.29375502,0.123344734,-0.09581216,0.18541612,0.22600885,-0.3503608,0.30360225,0.20227733,-0.36139998,0.46998024,-0.050718687,-0.13248222,0.48649952,-0.20705582,0.014521319,0.5111209,-0.016877878,-0.4143084,0.42383343,0.093611844,-0.58919036,0.566133,0.11038452,-0.4419011,0.59346795,0.14288335,-0.48601806,0.60326385,0.10268896,-0.49649012,0.58797383,0.16588056,-0.52376354,0.5368023,0.041974686,-0.5529623,0.49986446,0.17687893,-0.02633672207593918,0.21523088216781616,-0.02176782861351967
