frame,Ankle.R_x,Ankle.R_y,Ankle.R_z,Knee.R_x,Knee.R_y,Knee.R_z,Hip.R_x,Hip.R_y,Hip.R_z,Hip.L_x,Hip.L_y,Hip.L_z,Knee.L_x,Knee.L_y,Knee.L_z,Ankle.L_x,Ankle.L_y,Ankle.L_z,Wrist.R_x,Wrist.R_y,Wrist.R_z,Elbow.R_x,Elbow.R_y,Elbow.R_z,Shoulder.R_x,Shoulder.R_y,Shoulder.R_z,Shoulder.L_x,Shoulder.L_y,Shoulder.L_z,Elbow.L_x,Elbow.L_y,Elbow.L_z,Wrist.L_x,Wrist.L_y,Wrist.L_z,Neck_x,Neck_y,Neck_z,Head_x,Head_y,Head_z,Nose_x,Nose_y,Nose_z,Eye.L_x,Eye.L_y,Eye.L_z,Eye.R_x,Eye.R_y,Eye.R_z,Ear.L_x,Ear.L_y,Ear.L_z,Ear.R_x,Ear.R_y,Ear.R_z,hip.Center_x,hip.Center_y,hip.Center_z
0,-0.043715432,0.433301,0.17274657,-0.10800081,0.13298094,0.3459118,-0.03076369,0.106156155,0.043532178,0.022896355,0.29607567,-0.12875578,-0.01674712,0.5343626,0.15613277,0.2759266,0.3348836,0.0043304153,-0.09942395,0.37471253,0.090624206,-0.242091,0.19545782,0.18540256,-0.3802344,0.3912263,0.06574306,-0.3331539,0.4907333,-0.16675171,-0.14982928,0.52684087,-0.35951582,-0.06973684,0.4454304,-0.14291996,-0.3863476,0.45748585,-0.055129122,-0.54714,0.54405046,-0.06370037,-0.41490722,0.6273309,-0.080807105,-0.4642,0.6069949,-0.110274,-0.46012747,0.6168123,-0.044199586,-0.48429245,0.5135202,-0.13261181,-0.47918022,0.52489233,0.009341404,-0.003933667205274105,0.2011159062385559,-0.042611800134181976
