frame,Ankle.R_x,Ankle.R_y,Ankle.R_z,Knee.R_x,Knee.R_y,Knee.R_z,Hip.R_x,Hip.R_y,Hip.R_z,Hip.L_x,Hip.L_y,Hip.L_z,Knee.L_x,Knee.L_y,Knee.L_z,Ankle.L_x,Ankle.L_y,Ankle.L_z,Wrist.R_x,Wrist.R_y,Wrist.R_z,Elbow.R_x,Elbow.R_y,Elbow.R_z,Shoulder.R_x,Shoulder.R_y,Shoulder.R_z,Shoulder.L_x,Shoulder.L_y,Shoulder.L_z,Elbow.L_x,Elbow.L_y,Elbow.L_z,Wrist.L_x,Wrist.L_y,Wrist.L_z,Neck_x,Neck_y,Neck_z,Head_x,Head_y,Head_z,Nose_x,Nose_y,Nose_z,Eye.L_x,Eye.L_y,Eye.L_z,Eye.R_x,Eye.R_y,Eye.R_z,Ear.L_x,Ear.L_y,Ear.L_z,Ear.R_x,Ear.R_y,Ear.R_z,hip.Center_x,hip.Center_y,hip.Center_z
0,0.48280334,0.30895486,-0.112431295,0.2868994,0.35501575,0.22631326,-0.008466159,0.14785095,0.087325156,-0.04531638,0.27941105,-0.12985119,0.23783037,0.5359622,-0.036090538,0.4226435,0.32139882,-0.33207983,0.110819645,0.30568066,0.1332577,-0.08207598,0.18254563,0.23385361,-0.33657408,0.31069827,0.21289021,-0.34669998,0.48669487,-0.0341285,-0.13345249,0.5157392,-0.21301718,0.0082536265,0.54515547,-0.021056745,-0.3970743,0.43695244,0.1072948,-0.5758759,0.56684524,0.111208186,-0.43371433,0.61573154,0.14610709,-0.47725302,0.61686146,0.104039915,-0.48793384,0.60553336,0.16818923,-0.50400686,0.5415785,0.04759612,-0.53417766,0.51125085,0.18417604,-0.02689126878976822,0.21363100409507751,-0.021263018250465393
