frame,Ankle.R_x,Ankle.R_y,Ankle.R_z,Knee.R_x,Knee.R_y,Knee.R_z,Hip.R_x,Hip.R_y,Hip.R_z,Hip.L_x,Hip.L_y,Hip.L_z,Knee.L_x,Knee.L_y,Knee.L_z,Ankle.L_x,Ankle.L_y,Ankle.L_z,Wrist.R_x,Wrist.R_y,Wrist.R_z,Elbow.R_x,Elbow.R_y,Elbow.R_z,Shoulder.R_x,Shoulder.R_y,Shoulder.R_z,Shoulder.L_x,Shoulder.L_y,Shoulder.L_z,Elbow.L_x,Elbow.L_y,Elbow.L_z,Wrist.L_x,Wrist.L_y,Wrist.L_z,Neck_x,Neck_y,Neck_z,Head_x,Head_y,Head_z,Nose_x,Nose_y,Nose_z,Eye.L_x,Eye.L_y,Eye.L_z,Eye.R_x,Eye.R_y,Eye.R_z,Ear.L_x,Ear.L_y,Ear.L_z,Ear.R_x,Ear.R_y,Ear.R_z,hip.Center_x,hip.Center_y,hip.Center_z
0,0.4645483,0.28093037,-0.08080925,0.28678444,0.28355592,0.26320565,-0.025334245,0.1390909,0.07699037,-0.026284143,0.2953452,-0.1264889,0.28005788,0.48234195,0.05567243,0.44888648,0.36161906,-0.29173043,0.09331952,0.35014963,0.09586052,-0.08753531,0.22486766,0.2112125,-0.35451227,0.31409827,0.1841779,-0.36379272,0.46208832,-0.077739924,-0.12460495,0.466212,-0.2184013,0.008443967,0.5065415,-0.023363728,-0.41991803,0.4209388,0.0686973,-0.6054295,0.5383713,0.094112836,-0.46618748,0.58329046,0.14218326,-0.5096351,0.5936967,0.10130455,-0.51947975,0.5644336,0.15944761,-0.5323244,0.5352175,0.025252042,-0.5598836,0.46822733,0.14810686,-0.025809194892644882,0.2172180414199829,-0.024749260395765305
