frame,Ankle.R_x,Ankle.R_y,Ankle.R_z,Knee.R_x,Knee.R_y,Knee.R_z,Hip.R_x,Hip.R_y,Hip.R_z,Hip.L_x,Hip.L_y,Hip.L_z,Knee.L_x,Knee.L_y,Knee.L_z,Ankle.L_x,Ankle.L_y,Ankle.L_z,Wrist.R_x,Wrist.R_y,Wrist.R_z,Elbow.R_x,Elbow.R_y,Elbow.R_z,Shoulder.R_x,Shoulder.R_y,Shoulder.R_z,Shoulder.L_x,Shoulder.L_y,Shoulder.L_z,Elbow.L_x,Elbow.L_y,Elbow.L_z,Wrist.L_x,Wrist.L_y,Wrist.L_z,Neck_x,Neck_y,Neck_z,Head_x,Head_y,Head_z,Nose_x,Nose_y,Nose_z,Eye.L_x,Eye.L_y,Eye.L_z,Eye.R_x,Eye.R_y,Eye.R_z,Ear.L_x,Ear.L_y,Ear.L_z,Ear.R_x,Ear.R_y,Ear.R_z,hip.Center_x,hip.Center_y,hip.Center_z
0,0.033088498,0.47177437,0.21036734,-0.12968591,0.1620134,0.34033966,-0.026023325,0.08844779,0.009235842,0.016981607,0.3277718,-0.09773106,-0.107664414,0.2929224,0.27834433,0.030222956,0.52261925,0.010892303,-0.017554386,0.40738603,0.08281264,-0.1345452,0.22915639,0.20282379,-0.33584788,0.38268057,0.07436261,-0.31839776,0.47181338,-0.18741556,-0.18013477,0.5659545,-0.4013867,-0.097535,0.5151061,-0.1799752,-0.36564466,0.4458128,-0.055167496,-0.5305257,0.521752,-0.03380983,-0.40476102,0.612312,-0.0031190068,-0.4524473,0.60647386,-0.041647412,-0.44815692,0.58158165,0.020697385,-0.46485382,0.5338289,-0.11131944,-0.4599638,0.47595218,0.020216137,-0.004520858637988567,0.2081097960472107,-0.04424760863184929
