frame,Ankle.R_x,Ankle.R_y,Ankle.R_z,Knee.R_x,Knee.R_y,Knee.R_z,Hip.R_x,Hip.R_y,Hip.R_z,Hip.L_x,Hip.L_y,Hip.L_z,Knee.L_x,Knee.L_y,Knee.L_z,Ankle.L_x,Ankle.L_y,Ankle.L_z,Wrist.R_x,Wrist.R_y,Wrist.R_z,Elbow.R_x,Elbow.R_y,Elbow.R_z,Shoulder.R_x,Shoulder.R_y,Shoulder.R_z,Shoulder.L_x,Shoulder.L_y,Shoulder.L_z,Elbow.L_x,Elbow.L_y,Elbow.L_z,Wrist.L_x,Wrist.L_y,Wrist.L_z,Neck_x,Neck_y,Neck_z,Head_x,Head_y,Head_z,Nose_x,Nose_y,Nose_z,Eye.L_x,Eye.L_y,Eye.L_z,Eye.R_x,Eye.R_y,Eye.R_z,Ear.L_x,Ear.L_y,Ear.L_z,Ear.R_x,Ear.R_y,Ear.R_z,hip.Center_x,hip.Center_y,hip.Center_z
0,0.037805423,0.41586962,0.17526151,-0.09506621,0.1226894,0.33231676,-0.033948604,0.10153763,0.0411594,0.007967784,0.29953364,-0.13127273,-0.07132112,0.5374858,0.07523377,0.2709346,0.37791353,0.013795964,-0.028527567,0.43105718,0.13075599,-0.12964772,0.23484011,0.24585018,-0.34399894,0.38531387,0.1321509,-0.29490122,0.49807683,-0.13414226,-0.14657196,0.49922895,-0.36536264,-0.09087875,0.5229182,-0.13230497,-0.36037862,0.47667786,-0.0083401445,-0.5224097,0.55198,-0.0889991,-0.40283823,0.65066016,-0.068165064,-0.4331976,0.618925,-0.110635296,-0.45870012,0.6392393,-0.051762104,-0.43317562,0.52135456,-0.11872497,-0.49260196,0.5551388,0.007563278,-0.012990409508347511,0.2005356252193451,-0.04505666717886925
