frame,Ankle.R_x,Ankle.R_y,Ankle.R_z,Knee.R_x,Knee.R_y,Knee.R_z,Hip.R_x,Hip.R_y,Hip.R_z,Hip.L_x,Hip.L_y,Hip.L_z,Knee.L_x,Knee.L_y,Knee.L_z,Ankle.L_x,Ankle.L_y,Ankle.L_z,Wrist.R_x,Wrist.R_y,Wrist.R_z,Elbow.R_x,Elbow.R_y,Elbow.R_z,Shoulder.R_x,Shoulder.R_y,Shoulder.R_z,Shoulder.L_x,Shoulder.L_y,Shoulder.L_z,Elbow.L_x,Elbow.L_y,Elbow.L_z,Wrist.L_x,Wrist.L_y,Wrist.L_z,Neck_x,Neck_y,Neck_z,Head_x,Head_y,Head_z,Nose_x,Nose_y,Nose_z,Eye.L_x,Eye.L_y,Eye.L_z,Eye.R_x,Eye.R_y,Eye.R_z,Ear.L_x,Ear.L_y,Ear.L_z,Ear.R_x,Ear.R_y,Ear.R_z,hip.Center_x,hip.Center_y,hip.Center_z
0,0.46041596,0.20169327,-0.09991193,0.30325186,0.24324594,0.2518505,-0.030781923,0.13387111,0.06855397,-0.015171987,0.30881393,-0.11693608,0.3282978,0.42146245,0.072479114,0.4815607,0.27683502,-0.26986933,0.09659304,0.36530906,0.09659686,-0.09545567,0.26527977,0.21230556,-0.36137754,0.31678158,0.19128855,-0.37754875,0.46949774,-0.05524403,-0.14378075,0.48525095,-0.18249466,0.043495763,0.5230665,-0.04193425,-0.4285367,0.41944915,0.08199498,-0.6073274,0.54441476,0.09349234,-0.46399945,0.57741356,0.13389958,-0.5063657,0.58689916,0.09181655,-0.5186897,0.5686532,0.15380988,-0.5384647,0.5212345,0.02699409,-0.5699657,0.47803634,0.15807648,-0.022976955398917198,0.2213425189256668,-0.024191055446863174
