frame,Ankle.R_x,Ankle.R_y,Ankle.R_z,Knee.R_x,Knee.R_y,Knee.R_z,Hip.R_x,Hip.R_y,Hip.R_z,Hip.L_x,Hip.L_y,Hip.L_z,Knee.L_x,Knee.L_y,Knee.L_z,Ankle.L_x,Ankle.L_y,Ankle.L_z,Wrist.R_x,Wrist.R_y,Wrist.R_z,Elbow.R_x,Elbow.R_y,Elbow.R_z,Shoulder.R_x,Shoulder.R_y,Shoulder.R_z,Shoulder.L_x,Shoulder.L_y,Shoulder.L_z,Elbow.L_x,Elbow.L_y,Elbow.L_z,Wrist.L_x,Wrist.L_y,Wrist.L_z,Neck_x,Neck_y,Neck_z,Head_x,Head_y,Head_z,Nose_x,Nose_y,Nose_z,Eye.L_x,Eye.L_y,Eye.L_z,Eye.R_x,Eye.R_y,Eye.R_z,Ear.L_x,Ear.L_y,Ear.L_z,Ear.R_x,Ear.R_y,Ear.R_z,hip.Center_x,hip.Center_y,hip.Center_z
0,0.48785886,0.311501,-0.11107231,0.2751633,0.37847343,0.20252578,0.0057459855,0.15406068,0.091072425,-0.06155259,0.27053207,-0.12956107,0.19838877,0.5361036,-0.039992806,0.39187974,0.3141702,-0.30837077,0.11303007,0.3843333,0.123189285,-0.038925182,0.22059539,0.22687578,-0.30083954,0.32308152,0.23957542,-0.3361856,0.48183158,-0.015243601,-0.13006859,0.5166909,-0.19635415,0.016874671,0.57366264,-0.01767502,-0.37778607,0.4433062,0.13304202,-0.55252665,0.5829369,0.108350515,-0.4111129,0.62181085,0.1513448,-0.4493529,0.6201683,0.10474974,-0.4679628,0.6212932,0.16821377,-0.4794244,0.53985804,0.05905047,-0.5265384,0.53660434,0.19484384,-0.027903303503990173,0.21229636669158936,-0.019244320690631866
