frame,Ankle.R_x,Ankle.R_y,Ankle.R_z,Knee.R_x,Knee.R_y,Knee.R_z,Hip.R_x,Hip.R_y,Hip.R_z,Hip.L_x,Hip.L_y,Hip.L_z,Knee.L_x,Knee.L_y,Knee.L_z,Ankle.L_x,Ankle.L_y,Ankle.L_z,Wrist.R_x,Wrist.R_y,Wrist.R_z,Elbow.R_x,Elbow.R_y,Elbow.R_z,Shoulder.R_x,Shoulder.R_y,Shoulder.R_z,Shoulder.L_x,Shoulder.L_y,Shoulder.L_z,Elbow.L_x,Elbow.L_y,Elbow.L_z,Wrist.L_x,Wrist.L_y,Wrist.L_z,Neck_x,Neck_y,Neck_z,Head_x,Head_y,Head_z,Nose_x,Nose_y,Nose_z,Eye.L_x,Eye.L_y,Eye.L_z,Eye.R_x,Eye.R_y,Eye.R_z,Ear.L_x,Ear.L_y,Ear.L_z,Ear.R_x,Ear.R_y,Ear.R_z,hip.Center_x,hip.Center_y,hip.Center_z
0,0.17286913,0.18993539,0.07959512,-0.056528747,0.12428499,0.35074267,-0.039632805,0.0897699,-0.01726904,0.025088288,0.34525362,-0.06982459,-0.049657475,0.2732175,0.30800176,0.1621339,0.34441936,0.012150098,-0.015996723,0.08213874,0.27279067,-0.21025151,0.061232056,0.10918211,-0.4256088,0.17867625,0.023364559,-0.38335705,0.42170596,-0.10993679,-0.19861212,0.44173473,0.07257281,-0.0155155575,0.45969445,0.25092193,-0.46371982,0.30005252,-0.063220374,-0.6646616,0.27894568,-0.06932707,-0.5916747,0.40459406,-0.121374674,-0.6191265,0.35555145,-0.14036565,-0.62877727,0.38649064,-0.08186876,-0.58634216,0.26393998,-0.12664334,-0.6069913,0.32234725,0.0005144514,-0.007272258400917053,0.21751175820827484,-0.04354681447148323
