frame,Ankle.R_x,Ankle.R_y,Ankle.R_z,Knee.R_x,Knee.R_y,Knee.R_z,Hip.R_x,Hip.R_y,Hip.R_z,Hip.L_x,Hip.L_y,Hip.L_z,Knee.L_x,Knee.L_y,Knee.L_z,Ankle.L_x,Ankle.L_y,Ankle.L_z,Wrist.R_x,Wrist.R_y,Wrist.R_z,Elbow.R_x,Elbow.R_y,Elbow.R_z,Shoulder.R_x,Shoulder.R_y,Shoulder.R_z,Shoulder.L_x,Shoulder.L_y,Shoulder.L_z,Elbow.L_x,Elbow.L_y,Elbow.L_z,Wrist.L_x,Wrist.L_y,Wrist.L_z,Neck_x,Neck_y,Neck_z,Head_x,Head_y,Head_z,Nose_x,Nose_y,Nose_z,Eye.L_x,Eye.L_y,Eye.L_z,Eye.R_x,Eye.R_y,Eye.R_z,Ear.L_x,Ear.L_y,Ear.L_z,Ear.R_x,Ear.R_y,Ear.R_z,hip.Center_x,hip.Center_y,hip.Center_z
0,0.38700366,0.20500755,-0.46817887,0.3738467,0.34367952,-0.090058215,0.026712451,0.15768197,0.09072037,-0.06588841,0.28884527,-0.103912145,0.28061062,0.43020606,-0.24283198,0.34554353,0.402185,-0.6570317,0.10161783,0.054484203,0.20244002,-0.14666863,0.054087028,0.17931068,-0.3850946,0.18433386,0.1987876,-0.3825078,0.4321498,0.03144772,-0.121991456,0.48469734,-0.0397172,0.10478638,0.53877735,0.043005966,-0.4551524,0.32454583,0.13184951,-0.67072654,0.3229155,0.13555926,-0.59206903,0.39628282,0.2470967,-0.6303323,0.40365192,0.20008413,-0.6245239,0.34778184,0.2334201,-0.6056312,0.39382383,0.10303088,-0.59605414,0.2701808,0.17182457,-0.019587980583310127,0.22326362133026123,-0.006595887243747711
