frame,Ankle.R_x,Ankle.R_y,Ankle.R_z,Knee.R_x,Knee.R_y,Knee.R_z,Hip.R_x,Hip.R_y,Hip.R_z,Hip.L_x,Hip.L_y,Hip.L_z,Knee.L_x,Knee.L_y,Knee.L_z,Ankle.L_x,Ankle.L_y,Ankle.L_z,Wrist.R_x,Wrist.R_y,Wrist.R_z,Elbow.R_x,Elbow.R_y,Elbow.R_z,Shoulder.R_x,Shoulder.R_y,Shoulder.R_z,Shoulder.L_x,Shoulder.L_y,Shoulder.L_z,Elbow.L_x,Elbow.L_y,Elbow.L_z,Wrist.L_x,Wrist.L_y,Wrist.L_z,Neck_x,Neck_y,Neck_z,Head_x,Head_y,Head_z,Nose_x,Nose_y,Nose_z,Eye.L_x,Eye.L_y,Eye.L_z,Eye.R_x,Eye.R_y,Eye.R_z,Ear.L_x,Ear.L_y,Ear.L_z,Ear.R_x,Ear.R_y,Ear.R_z,hip.Center_x,hip.Center_y,hip.Center_z
0,0.3713413,0.20043094,-0.48165032,0.36915556,0.34356287,-0.104745805,0.028808301,0.16072924,0.09221476,-0.0674936,0.28600287,-0.10438889,0.2738504,0.42846733,-0.25032306,0.34262362,0.40759358,-0.6644897,0.10327676,0.06666089,0.20655082,-0.1445561,0.05891424,0.18334216,-0.38226384,0.19060944,0.20343047,-0.37935418,0.4367674,0.0336291,-0.1190591,0.4878568,-0.039080717,0.10467689,0.5415255,0.05064483,-0.45190668,0.33066082,0.13536474,-0.6672202,0.32932487,0.13906361,-0.588711,0.40607113,0.24856126,-0.6269199,0.4119973,0.20125863,-0.6211307,0.35717922,0.23630354,-0.60206103,0.39928576,0.10462853,-0.59259415,0.27765447,0.1770704,-0.01934264972805977,0.22336605191230774,-0.006087064743041992
