frame,Ankle.R_x,Ankle.R_y,Ankle.R_z,Knee.R_x,Knee.R_y,Knee.R_z,Hip.R_x,Hip.R_y,Hip.R_z,Hip.L_x,Hip.L_y,Hip.L_z,Knee.L_x,Knee.L_y,Knee.L_z,Ankle.L_x,Ankle.L_y,Ankle.L_z,Wrist.R_x,Wrist.R_y,Wrist.R_z,Elbow.R_x,Elbow.R_y,Elbow.R_z,Shoulder.R_x,Shoulder.R_y,Shoulder.R_z,Shoulder.L_x,Shoulder.L_y,Shoulder.L_z,Elbow.L_x,Elbow.L_y,Elbow.L_z,Wrist.L_x,Wrist.L_y,Wrist.L_z,Neck_x,Neck_y,Neck_z,Head_x,Head_y,Head_z,Nose_x,Nose_y,Nose_z,Eye.L_x,Eye.L_y,Eye.L_z,Eye.R_x,Eye.R_y,Eye.R_z,Ear.L_x,Ear.L_y,Ear.L_z,Ear.R_x,Ear.R_y,Ear.R_z,hip.Center_x,hip.Center_y,hip.Center_z
0,0.1950416,0.17273326,0.08351701,-0.04661079,0.10772713,0.35135144,-0.03395178,0.08932383,-0.02176651,0.019250752,0.34747037,-0.063810885,-0.030125989,0.25941816,0.32206014,0.18991633,0.34128544,0.02913513,-0.004269352,0.05752727,0.2653916,-0.20698161,0.033850405,0.1112145,-0.42486033,0.15302984,0.027667657,-0.38514188,0.40399742,-0.0930133,-0.19049095,0.41521427,0.081656635,-0.004690793,0.4499573,0.2514938,-0.4665115,0.27802342,-0.05013695,-0.6676294,0.24843737,-0.049228556,-0.601924,0.38168752,-0.09010207,-0.62868106,0.3339969,-0.11308303,-0.6363246,0.3577586,-0.0512562,-0.59210753,0.24298915,-0.111477375,-0.60773647,0.2860613,0.021999266,-0.007350514642894268,0.2183971107006073,-0.04278869926929474
