frame,Ankle.R_x,Ankle.R_y,Ankle.R_z,Knee.R_x,Knee.R_y,Knee.R_z,Hip.R_x,Hip.R_y,Hip.R_z,Hip.L_x,Hip.L_y,Hip.L_z,Knee.L_x,Knee.L_y,Knee.L_z,Ankle.L_x,Ankle.L_y,Ankle.L_z,Wrist.R_x,Wrist.R_y,Wrist.R_z,Elbow.R_x,Elbow.R_y,Elbow.R_z,Shoulder.R_x,Shoulder.R_y,Shoulder.R_z,Shoulder.L_x,Shoulder.L_y,Shoulder.L_z,Elbow.L_x,Elbow.L_y,Elbow.L_z,Wrist.L_x,Wrist.L_y,Wrist.L_z,Neck_x,Neck_y,Neck_z,Head_x,Head_y,Head_z,Nose_x,Nose_y,Nose_z,Eye.L_x,Eye.L_y,Eye.L_z,Eye.R_x,Eye.R_y,Eye.R_z,Ear.L_x,Ear.L_y,Ear.L_z,Ear.R_x,Ear.R_y,Ear.R_z,hip.Center_x,hip.Center_y,hip.Center_z
0,0.08591679,0.40664178,0.16915594,-0.06754066,0.11309172,0.3277666,-0.032453228,0.08470843,-0.0102865035,0.005280468,0.34166756,-0.07802561,-0.03306404,0.26027483,0.29670906,0.020281175,0.5242043,0.028522503,-0.015013586,0.44132936,0.1617354,-0.11850493,0.23079975,0.23400414,-0.3430885,0.38561863,0.13626176,-0.29516327,0.50051534,-0.12756069,-0.19424693,0.5241439,-0.37842113,-0.15435433,0.563454,-0.14996922,-0.35744193,0.47938326,0.0022447081,-0.51982486,0.56449884,-0.029863972,-0.3980359,0.6656883,-0.016389094,-0.43706793,0.64117306,-0.05718101,-0.4487817,0.6488212,0.008942496,-0.43666354,0.5443387,-0.084544174,-0.46742135,0.5522266,0.05610243,-0.013586379587650299,0.21318799257278442,-0.04415605589747429
