frame,Ankle.R_x,Ankle.R_y,Ankle.R_z,Knee.R_x,Knee.R_y,Knee.R_z,Hip.R_x,Hip.R_y,Hip.R_z,Hip.L_x,Hip.L_y,Hip.L_z,Knee.L_x,Knee.L_y,Knee.L_z,Ankle.L_x,Ankle.L_y,Ankle.L_z,Wrist.R_x,Wrist.R_y,Wrist.R_z,Elbow.R_x,Elbow.R_y,Elbow.R_z,Shoulder.R_x,Shoulder.R_y,Shoulder.R_z,Shoulder.L_x,Shoulder.L_y,Shoulder.L_z,Elbow.L_x,Elbow.L_y,Elbow.L_z,Wrist.L_x,Wrist.L_y,Wrist.L_z,Neck_x,Neck_y,Neck_z,Head_x,Head_y,Head_z,Nose_x,Nose_y,Nose_z,Eye.L_x,Eye.L_y,Eye.L_z,Eye.R_x,Eye.R_y,Eye.R_z,Ear.L_x,Ear.L_y,Ear.L_z,Ear.R_x,Ear.R_y,Ear.R_z,hip.Center_x,hip.Center_y,hip.Center_z
0,0.3880589,0.26470476,-0.06509711,0.22387578,0.2447103,0.28321782,-0.03616881,0.11910297,0.05656403,-0.024116099,0.32003656,-0.10960201,0.21373044,0.47854394,0.12088227,0.3634982,0.32566682,-0.21217678,0.09191438,0.42276797,0.14250751,-0.048486233,0.23992792,0.23588374,-0.32244176,0.31902814,0.223854,-0.33492944,0.49014258,-0.021652184,-0.14516121,0.5094739,-0.22297193,-0.028678726,0.5802622,-0.025719885,-0.38983983,0.4453098,0.116791844,-0.5738032,0.5692957,0.090754256,-0.43986264,0.62866044,0.13909441,-0.4775504,0.62370276,0.09031412,-0.49660832,0.6182653,0.15415429,-0.49256214,0.541314,0.039751768,-0.5407242,0.5227909,0.1742976,-0.03014245443046093,0.21956977248191833,-0.026518991217017174
