frame,Ankle.R_x,Ankle.R_y,Ankle.R_z,Knee.R_x,Knee.R_y,Knee.R_z,Hip.R_x,Hip.R_y,Hip.R_z,Hip.L_x,Hip.L_y,Hip.L_z,Knee.L_x,Knee.L_y,Knee.L_z,Ankle.L_x,Ankle.L_y,Ankle.L_z,Wrist.R_x,Wrist.R_y,Wrist.R_z,Elbow.R_x,Elbow.R_y,Elbow.R_z,Shoulder.R_x,Shoulder.R_y,Shoulder.R_z,Shoulder.L_x,Shoulder.L_y,Shoulder.L_z,Elbow.L_x,Elbow.L_y,Elbow.L_z,Wrist.L_x,Wrist.L_y,Wrist.L_z,Neck_x,Neck_y,Neck_z,Head_x,Head_y,Head_z,Nose_x,Nose_y,Nose_z,Eye.L_x,Eye.L_y,Eye.L_z,Eye.R_x,Eye.R_y,Eye.R_z,Ear.L_x,Ear.L_y,Ear.L_z,Ear.R_x,Ear.R_y,Ear.R_z,hip.Center_x,hip.Center_y,hip.Center_z
0,0.38299128,0.25870958,-0.047996577,0.21223402,0.2201655,0.29489082,-0.039770164,0.11678901,0.05100443,-0.02019967,0.32355195,-0.10743168,0.19860324,0.47188738,0.14365245,0.36311275,0.33927137,-0.19107302,0.08944235,0.42263103,0.14923893,-0.052229512,0.23594967,0.23362608,-0.32422003,0.32152387,0.2219791,-0.33154368,0.4956541,-0.022064872,-0.14235155,0.5173975,-0.22369346,-0.034697022,0.5855766,-0.020306056,-0.3878555,0.4502883,0.11510729,-0.56954825,0.5737915,0.0832518,-0.436249,0.6349765,0.13176113,-0.47309208,0.62828743,0.08246845,-0.49331528,0.6252481,0.14622004,-0.48735738,0.543944,0.034920692,-0.5381476,0.5304541,0.16932523,-0.029984917491674423,0.22017048299312592,-0.0282136257737875
