frame,Ankle.R_x,Ankle.R_y,Ankle.R_z,Knee.R_x,Knee.R_y,Knee.R_z,Hip.R_x,Hip.R_y,Hip.R_z,Hip.L_x,Hip.L_y,Hip.L_z,Knee.L_x,Knee.L_y,Knee.L_z,Ankle.L_x,Ankle.L_y,Ankle.L_z,Wrist.R_x,Wrist.R_y,Wrist.R_z,Elbow.R_x,Elbow.R_y,Elbow.R_z,Shoulder.R_x,Shoulder.R_y,Shoulder.R_z,Shoulder.L_x,Shoulder.L_y,Shoulder.L_z,Elbow.L_x,Elbow.L_y,Elbow.L_z,Wrist.L_x,Wrist.L_y,Wrist.L_z,Neck_x,Neck_y,Neck_z,Head_x,Head_y,Head_z,Nose_x,Nose_y,Nose_z,Eye.L_x,Eye.L_y,Eye.L_z,Eye.R_x,Eye.R_y,Eye.R_z,Ear.L_x,Ear.L_y,Ear.L_z,Ear.R_x,Ear.R_y,Ear.R_z,hip.Center_x,hip.Center_y,hip.Center_z
0,0.32798198,0.382004,-0.016559688,0.1429895,0.33422893,0.30827644,-0.015144953,0.12340367,0.06733374,-0.03881166,0.29620403,-0.1281261,0.07571724,0.5315392,0.11873901,0.3213316,0.4259723,-0.16620563,0.10764336,0.41669732,0.15038687,-0.04279881,0.24504739,0.24898955,-0.31690174,0.3039044,0.2158302,-0.3324088,0.46099496,-0.0394046,-0.12535246,0.5034659,-0.21884046,-0.020384882,0.6076687,-0.030214459,-0.3818057,0.42694739,0.10738984,-0.5351991,0.5956748,0.09874432,-0.38427237,0.61060756,0.12629984,-0.42681026,0.61623657,0.08303426,-0.43839204,0.61853486,0.14889078,-0.4755873,0.5424121,0.040711924,-0.50784516,0.54252833,0.18211445,-0.026978306472301483,0.20980384945869446,-0.030396178364753723
