frame,Ankle.R_x,Ankle.R_y,Ankle.R_z,Knee.R_x,Knee.R_y,Knee.R_z,Hip.R_x,Hip.R_y,Hip.R_z,Hip.L_x,Hip.L_y,Hip.L_z,Knee.L_x,Knee.L_y,Knee.L_z,Ankle.L_x,Ankle.L_y,Ankle.L_z,Wrist.R_x,Wrist.R_y,Wrist.R_z,Elbow.R_x,Elbow.R_y,Elbow.R_z,Shoulder.R_x,Shoulder.R_y,Shoulder.R_z,Shoulder.L_x,Shoulder.L_y,Shoulder.L_z,Elbow.L_x,Elbow.L_y,Elbow.L_z,Wrist.L_x,Wrist.L_y,Wrist.L_z,Neck_x,Neck_y,Neck_z,Head_x,Head_y,Head_z,Nose_x,Nose_y,Nose_z,Eye.L_x,Eye.L_y,Eye.L_z,Eye.R_x,Eye.R_y,Eye.R_z,Ear.L_x,Ear.L_y,Ear.L_z,Ear.R_x,Ear.R_y,Ear.R_z,hip.Center_x,hip.Center_y,hip.Center_z
0,0.37812153,0.30688068,-0.06215089,0.19105117,0.39563385,0.25756663,-0.016465165,0.14004228,0.08286388,-0.039775483,0.2834026,-0.13411145,0.16070735,0.5522707,0.032600716,0.3243556,0.30888447,-0.22463487,0.107437976,0.44162259,0.12765256,-0.03885963,0.2637661,0.22600043,-0.30810007,0.33803225,0.22366259,-0.3178814,0.49473196,-0.034055237,-0.113878235,0.4841373,-0.2223843,0.04467206,0.5855982,-0.071053796,-0.3622853,0.46620712,0.11573784,-0.4898175,0.6532431,0.112151116,-0.3369399,0.64672863,0.1324277,-0.3803345,0.6573607,0.09136315,-0.3883323,0.66175336,0.1575002,-0.44122064,0.59158695,0.05163724,-0.46568662,0.59652185,0.19499038,-0.02812032401561737,0.21172243356704712,-0.025623783469200134
