frame,Ankle.R_x,Ankle.R_y,Ankle.R_z,Knee.R_x,Knee.R_y,Knee.R_z,Hip.R_x,Hip.R_y,Hip.R_z,Hip.L_x,Hip.L_y,Hip.L_z,Knee.L_x,Knee.L_y,Knee.L_z,Ankle.L_x,Ankle.L_y,Ankle.L_z,Wrist.R_x,Wrist.R_y,Wrist.R_z,Elbow.R_x,Elbow.R_y,Elbow.R_z,Shoulder.R_x,Shoulder.R_y,Shoulder.R_z,Shoulder.L_x,Shoulder.L_y,Shoulder.L_z,Elbow.L_x,Elbow.L_y,Elbow.L_z,Wrist.L_x,Wrist.L_y,Wrist.L_z,Neck_x,Neck_y,Neck_z,Head_x,Head_y,Head_z,Nose_x,Nose_y,Nose_z,Eye.L_x,Eye.L_y,Eye.L_z,Eye.R_x,Eye.R_y,Eye.R_z,Ear.L_x,Ear.L_y,Ear.L_z,Ear.R_x,Ear.R_y,Ear.R_z,hip.Center_x,hip.Center_y,hip.Center_z
0,0.15177524,0.41224122,0.13580942,0.0016064624,0.18371944,0.3680777,-0.026665349,0.10605048,0.052050337,-0.007524122,0.2890907,-0.13501395,-0.10326475,0.5312461,0.046379514,0.25992006,0.41696185,-0.009010228,-0.014701068,0.44944143,0.20132257,-0.13487226,0.24031477,0.27618346,-0.34610218,0.3717977,0.12862325,-0.28230232,0.4777022,-0.14197959,-0.15407467,0.44058165,-0.38644722,-0.11934328,0.5548405,-0.17795889,-0.34544086,0.47257677,-0.008213082,-0.47546676,0.6201952,-0.05774268,-0.32467407,0.65861154,-0.044516332,-0.36826295,0.64728785,-0.08490138,-0.37808987,0.6689948,-0.022076942,-0.41029453,0.56008935,-0.100929774,-0.43949205,0.59784484,0.03518141,-0.01709473505616188,0.1975705921649933,-0.041481807827949524
