frame,Ankle.R_x,Ankle.R_y,Ankle.R_z,Knee.R_x,Knee.R_y,Knee.R_z,Hip.R_x,Hip.R_y,Hip.R_z,Hip.L_x,Hip.L_y,Hip.L_z,Knee.L_x,Knee.L_y,Knee.L_z,Ankle.L_x,Ankle.L_y,Ankle.L_z,Wrist.R_x,Wrist.R_y,Wrist.R_z,Elbow.R_x,Elbow.R_y,Elbow.R_z,Shoulder.R_x,Shoulder.R_y,Shoulder.R_z,Shoulder.L_x,Shoulder.L_y,Shoulder.L_z,Elbow.L_x,Elbow.L_y,Elbow.L_z,Wrist.L_x,Wrist.L_y,Wrist.L_z,Neck_x,Neck_y,Neck_z,Head_x,Head_y,Head_z,Nose_x,Nose_y,Nose_z,Eye.L_x,Eye.L_y,Eye.L_z,Eye.R_x,Eye.R_y,Eye.R_z,Ear.L_x,Ear.L_y,Ear.L_z,Ear.R_x,Ear.R_y,Ear.R_z,hip.Center_x,hip.Center_y,hip.Center_z
0,0.18316416,0.35508978,0.1404136,-0.026337361,0.15655881,0.36548677,-0.03616202,0.109717056,0.050187238,0.0006793345,0.29156545,-0.13650872,-0.11481664,0.5109153,0.054188143,0.26402384,0.42971155,-0.0073968656,-0.009400277,0.45039862,0.18471324,-0.11481476,0.2569365,0.3021271,-0.31032726,0.40419886,0.14540914,-0.2825768,0.487185,-0.13942017,-0.15999882,0.46197614,-0.38809556,-0.10387604,0.5476075,-0.17143413,-0.32621795,0.49349546,0.0027022297,-0.45358348,0.63502294,-0.060495935,-0.30863988,0.6838242,-0.027255878,-0.34599534,0.6714021,-0.073402,-0.3651095,0.6888467,-0.011391863,-0.37872553,0.5813574,-0.09785488,-0.42698282,0.6122486,0.034950018,-0.01774134300649166,0.20064124464988708,-0.04316074028611183
