frame,Ankle.R_x,Ankle.R_y,Ankle.R_z,Knee.R_x,Knee.R_y,Knee.R_z,Hip.R_x,Hip.R_y,Hip.R_z,Hip.L_x,Hip.L_y,Hip.L_z,Knee.L_x,Knee.L_y,Knee.L_z,Ankle.L_x,Ankle.L_y,Ankle.L_z,Wrist.R_x,Wrist.R_y,Wrist.R_z,Elbow.R_x,Elbow.R_y,Elbow.R_z,Shoulder.R_x,Shoulder.R_y,Shoulder.R_z,Shoulder.L_x,Shoulder.L_y,Shoulder.L_z,Elbow.L_x,Elbow.L_y,Elbow.L_z,Wrist.L_x,Wrist.L_y,Wrist.L_z,Neck_x,Neck_y,Neck_z,Head_x,Head_y,Head_z,Nose_x,Nose_y,Nose_z,Eye.L_x,Eye.L_y,Eye.L_z,Eye.R_x,Eye.R_y,Eye.R_z,Ear.L_x,Ear.L_y,Ear.L_z,Ear.R_x,Ear.R_y,Ear.R_z,hip.Center_x,hip.Center_y,hip.Center_z
0,0.37318012,0.31182113,-0.048840668,0.18124484,0.35422102,0.278954,-0.021919824,0.13261437,0.075209945,-0.03638948,0.2943351,-0.12867841,0.16820826,0.53680587,0.059895813,0.34346914,0.3320854,-0.22608064,0.1387032,0.4206489,0.13593318,-0.020254213,0.26391393,0.24808854,-0.28302866,0.3646626,0.2362262,-0.29868916,0.50719625,-0.028292853,-0.1128475,0.48224425,-0.23059393,0.07626428,0.57930523,-0.115126446,-0.33292016,0.49211606,0.12440516,-0.44118488,0.68956167,0.10610253,-0.2906458,0.6721529,0.13503799,-0.33076537,0.68413496,0.09099927,-0.34168094,0.692893,0.15639506,-0.39488485,0.6209724,0.051906526,-0.4263066,0.63607144,0.19312367,-0.02915465272963047,0.21347473561763763,-0.026734232902526855
