frame,Ankle.R_x,Ankle.R_y,Ankle.R_z,Knee.R_x,Knee.R_y,Knee.R_z,Hip.R_x,Hip.R_y,Hip.R_z,Hip.L_x,Hip.L_y,Hip.L_z,Knee.L_x,Knee.L_y,Knee.L_z,Ankle.L_x,Ankle.L_y,Ankle.L_z,Wrist.R_x,Wrist.R_y,Wrist.R_z,Elbow.R_x,Elbow.R_y,Elbow.R_z,Shoulder.R_x,Shoulder.R_y,Shoulder.R_z,Shoulder.L_x,Shoulder.L_y,Shoulder.L_z,Elbow.L_x,Elbow.L_y,Elbow.L_z,Wrist.L_x,Wrist.L_y,Wrist.L_z,Neck_x,Neck_y,Neck_z,Head_x,Head_y,Head_z,Nose_x,Nose_y,Nose_z,Eye.L_x,Eye.L_y,Eye.L_z,Eye.R_x,Eye.R_y,Eye.R_z,Ear.L_x,Ear.L_y,Ear.L_z,Ear.R_x,Ear.R_y,Ear.R_z,hip.Center_x,hip.Center_y,hip.Center_z
0,0.3605211,0.43227512,-0.021880982,0.18481022,0.31140083,0.2971152,-0.01893717,0.11793501,0.0608031,-0.036753558,0.30414546,-0.11588444,0.12779647,0.52534306,0.12445955,0.32872245,0.4643296,-0.20946135,0.07642548,0.43102953,0.19247705,-0.055636927,0.22826618,0.25472015,-0.3206463,0.31832516,0.219509,-0.3187967,0.4843142,-0.03069953,-0.110519804,0.48859584,-0.21302171,0.0114941,0.58955836,-0.03125336,-0.36845177,0.45131296,0.11360683,-0.49985373,0.6362353,0.11574522,-0.34614682,0.63305473,0.12996143,-0.39151615,0.644648,0.09095345,-0.39707845,0.64642406,0.1573588,-0.45114595,0.5781697,0.051737532,-0.4718824,0.57786417,0.19492406,-0.027845364063978195,0.21104022860527039,-0.027540668845176697
