frame,Ankle.R_x,Ankle.R_y,Ankle.R_z,Knee.R_x,Knee.R_y,Knee.R_z,Hip.R_x,Hip.R_y,Hip.R_z,Hip.L_x,Hip.L_y,Hip.L_z,Knee.L_x,Knee.L_y,Knee.L_z,Ankle.L_x,Ankle.L_y,Ankle.L_z,Wrist.R_x,Wrist.R_y,Wrist.R_z,Elbow.R_x,Elbow.R_y,Elbow.R_z,Shoulder.R_x,Shoulder.R_y,Shoulder.R_z,Shoulder.L_x,Shoulder.L_y,Shoulder.L_z,Elbow.L_x,Elbow.L_y,Elbow.L_z,Wrist.L_x,Wrist.L_y,Wrist.L_z,Neck_x,Neck_y,Neck_z,Head_x,Head_y,Head_z,Nose_x,Nose_y,Nose_z,Eye.L_x,Eye.L_y,Eye.L_z,Eye.R_x,Eye.R_y,Eye.R_z,Ear.L_x,Ear.L_y,Ear.L_z,Ear.R_x,Ear.R_y,Ear.R_z,hip.Center_x,hip.Center_y,hip.Center_z
0,0.373659,0.4355171,0.01629591,0.13777144,0.32033348,0.30089304,-0.011921162,0.119039744,0.063391276,-0.044927943,0.30381593,-0.12095071,0.07267845,0.5061592,0.14357004,0.29062042,0.48373812,-0.18536188,0.120786086,0.4451167,0.22528253,-0.028857967,0.2564433,0.2919162,-0.2839002,0.3692095,0.24100266,-0.29550987,0.4981079,-0.03231466,-0.113225736,0.49486363,-0.24073325,0.056810234,0.5772244,-0.0881735,-0.3323064,0.48964414,0.12159101,-0.44408897,0.6901831,0.11276688,-0.29516408,0.6691623,0.1452739,-0.3335152,0.68702525,0.101242915,-0.347273,0.68773925,0.16683416,-0.395523,0.62772614,0.05203058,-0.43315455,0.6277723,0.1930436,-0.02842455357313156,0.21142783761024475,-0.028779715299606323
