frame,Ankle.R_x,Ankle.R_y,Ankle.R_z,Knee.R_x,Knee.R_y,Knee.R_z,Hip.R_x,Hip.R_y,Hip.R_z,Hip.L_x,Hip.L_y,Hip.L_z,Knee.L_x,Knee.L_y,Knee.L_z,Ankle.L_x,Ankle.L_y,Ankle.L_z,Wrist.R_x,Wrist.R_y,Wrist.R_z,Elbow.R_x,Elbow.R_y,Elbow.R_z,Shoulder.R_x,Shoulder.R_y,Shoulder.R_z,Shoulder.L_x,Shoulder.L_y,Shoulder.L_z,Elbow.L_x,Elbow.L_y,Elbow.L_z,Wrist.L_x,Wrist.L_y,Wrist.L_z,Neck_x,Neck_y,Neck_z,Head_x,Head_y,Head_z,Nose_x,Nose_y,Nose_z,Eye.L_x,Eye.L_y,Eye.L_z,Eye.R_x,Eye.R_y,Eye.R_z,Ear.L_x,Ear.L_y,Ear.L_z,Ear.R_x,Ear.R_y,Ear.R_z,hip.Center_x,hip.Center_y,hip.Center_z
0,0.20706445,0.44034556,0.20051286,-0.01981666,0.16422425,0.34205058,-0.026622098,0.08693688,0.0012703189,-0.0061049056,0.33855206,-0.086051114,-0.112234406,0.21828362,0.23524697,0.023803568,0.53117245,0.052675873,-0.018864118,0.43860796,0.24380976,-0.12928027,0.23333313,0.33466613,-0.3236761,0.3855597,0.17994566,-0.31521854,0.4698037,-0.106411524,-0.19661316,0.46965766,-0.35568705,-0.112317085,0.531261,-0.13943094,-0.34777206,0.47107178,0.03897416,-0.46737048,0.6257435,-0.006369721,-0.3182875,0.65731704,0.035464853,-0.35686266,0.6576211,-0.012290999,-0.37522948,0.66389465,0.051990375,-0.39423984,0.5741239,-0.053554162,-0.44271004,0.5842631,0.08300986,-0.01636350154876709,0.21274447441101074,-0.04239039868116379
