frame,Ankle.R_x,Ankle.R_y,Ankle.R_z,Knee.R_x,Knee.R_y,Knee.R_z,Hip.R_x,Hip.R_y,Hip.R_z,Hip.L_x,Hip.L_y,Hip.L_z,Knee.L_x,Knee.L_y,Knee.L_z,Ankle.L_x,Ankle.L_y,Ankle.L_z,Wrist.R_x,Wrist.R_y,Wrist.R_z,Elbow.R_x,Elbow.R_y,Elbow.R_z,Shoulder.R_x,Shoulder.R_y,Shoulder.R_z,Shoulder.L_x,Shoulder.L_y,Shoulder.L_z,Elbow.L_x,Elbow.L_y,Elbow.L_z,Wrist.L_x,Wrist.L_y,Wrist.L_z,Neck_x,Neck_y,Neck_z,Head_x,Head_y,Head_z,Nose_x,Nose_y,Nose_z,Eye.L_x,Eye.L_y,Eye.L_z,Eye.R_x,Eye.R_y,Eye.R_z,Ear.L_x,Ear.L_y,Ear.L_z,Ear.R_x,Ear.R_y,Ear.R_z,hip.Center_x,hip.Center_y,hip.Center_z
0,0.16155005,0.39411125,0.18802734,-0.027572453,0.10274066,0.3200886,-0.033019565,0.08719368,-0.012855613,-0.0023760416,0.34649318,-0.06755072,-0.05612186,0.174711,0.25415754,0.018850297,0.50777125,0.07533977,0.010456027,0.43078414,0.24793504,-0.123801105,0.2385625,0.33901402,-0.30959266,0.41575342,0.20163521,-0.29603145,0.49358606,-0.0857438,-0.17120385,0.47785747,-0.33183253,-0.093956396,0.530597,-0.11160742,-0.32958618,0.4968389,0.058898278,-0.44469583,0.65324354,0.011555515,-0.2925853,0.6801573,0.04635732,-0.33375427,0.68058825,0.00033061206,-0.3490798,0.68993723,0.065013885,-0.37583232,0.5971832,-0.035535336,-0.41826266,0.614514,0.10180111,-0.017697803676128387,0.21684342622756958,-0.040203165262937546
