frame,Ankle.R_x,Ankle.R_y,Ankle.R_z,Knee.R_x,Knee.R_y,Knee.R_z,Hip.R_x,Hip.R_y,Hip.R_z,Hip.L_x,Hip.L_y,Hip.L_z,Knee.L_x,Knee.L_y,Knee.L_z,Ankle.L_x,Ankle.L_y,Ankle.L_z,Wrist.R_x,Wrist.R_y,Wrist.R_z,Elbow.R_x,Elbow.R_y,Elbow.R_z,Shoulder.R_x,Shoulder.R_y,Shoulder.R_z,Shoulder.L_x,Shoulder.L_y,Shoulder.L_z,Elbow.L_x,Elbow.L_y,Elbow.L_z,Wrist.L_x,Wrist.L_y,Wrist.L_z,Neck_x,Neck_y,Neck_z,Head_x,Head_y,Head_z,Nose_x,Nose_y,Nose_z,Eye.L_x,Eye.L_y,Eye.L_z,Eye.R_x,Eye.R_y,Eye.R_z,Ear.L_x,Ear.L_y,Ear.L_z,Ear.R_x,Ear.R_y,Ear.R_z,hip.Center_x,hip.Center_y,hip.Center_z
0,0.37159643,0.3682248,-0.006296593,0.13280688,0.33362412,0.29066357,-0.029157598,0.12696816,0.07086175,-0.029863669,0.29988688,-0.12985523,0.089109935,0.50056636,0.1252193,0.33434442,0.41129452,-0.1668637,0.18970092,0.43053448,0.17762752,0.0039194915,0.28903395,0.2685423,-0.23228645,0.4377528,0.2383873,-0.2283984,0.5528962,-0.04060349,-0.06218473,0.48787504,-0.2513362,0.13908884,0.57777137,-0.14715184,-0.26439133,0.5567018,0.1136564,-0.36814442,0.7549479,0.09496166,-0.21801095,0.7389456,0.12582368,-0.25731623,0.7529454,0.08132556,-0.26967704,0.75798714,0.1470752,-0.31912398,0.68943703,0.036913782,-0.3534016,0.69877875,0.17887281,-0.029510632157325745,0.21342751383781433,-0.02949674054980278
