frame,Ankle.R_x,Ankle.R_y,Ankle.R_z,Knee.R_x,Knee.R_y,Knee.R_z,Hip.R_x,Hip.R_y,Hip.R_z,Hip.L_x,Hip.L_y,Hip.L_z,Knee.L_x,Knee.L_y,Knee.L_z,Ankle.L_x,Ankle.L_y,Ankle.L_z,Wrist.R_x,Wrist.R_y,Wrist.R_z,Elbow.R_x,Elbow.R_y,Elbow.R_z,Shoulder.R_x,Shoulder.R_y,Shoulder.R_z,Shoulder.L_x,Shoulder.L_y,Shoulder.L_z,Elbow.L_x,Elbow.L_y,Elbow.L_z,Wrist.L_x,Wrist.L_y,Wrist.L_z,Neck_x,Neck_y,Neck_z,Head_x,Head_y,Head_z,Nose_x,Nose_y,Nose_z,Eye.L_x,Eye.L_y,Eye.L_z,Eye.R_x,Eye.R_y,Eye.R_z,Ear.L_x,Ear.L_y,Ear.L_z,Ear.R_x,Ear.R_y,Ear.R_z,hip.Center_x,hip.Center_y,hip.Center_z
0,0.3573794,0.3808059,0.007937474,0.10734568,0.34718484,0.29294214,-0.0253959,0.12536944,0.06999387,-0.031849362,0.29811198,-0.13128346,0.067378715,0.50201184,0.1319962,0.33991376,0.43289855,-0.14014411,0.19958514,0.42866343,0.18760891,0.011626997,0.2888648,0.27202547,-0.21325345,0.45228618,0.23322204,-0.22003067,0.5490854,-0.053465903,-0.045700304,0.48422277,-0.25711998,0.16311732,0.5627098,-0.1569813,-0.24890697,0.5619555,0.104127795,-0.35188985,0.7616452,0.095921956,-0.20105183,0.74596775,0.12266308,-0.24120727,0.7620965,0.07976044,-0.2526294,0.76243705,0.14603521,-0.30392072,0.70047486,0.031985037,-0.3344987,0.70049536,0.17567602,-0.02862263098359108,0.21174070239067078,-0.030644796788692474
