frame,Ankle.R_x,Ankle.R_y,Ankle.R_z,Knee.R_x,Knee.R_y,Knee.R_z,Hip.R_x,Hip.R_y,Hip.R_z,Hip.L_x,Hip.L_y,Hip.L_z,Knee.L_x,Knee.L_y,Knee.L_z,Ankle.L_x,Ankle.L_y,Ankle.L_z,Wrist.R_x,Wrist.R_y,Wrist.R_z,Elbow.R_x,Elbow.R_y,Elbow.R_z,Shoulder.R_x,Shoulder.R_y,Shoulder.R_z,Shoulder.L_x,Shoulder.L_y,Shoulder.L_z,Elbow.L_x,Elbow.L_y,Elbow.L_z,Wrist.L_x,Wrist.L_y,Wrist.L_z,Neck_x,Neck_y,Neck_z,Head_x,Head_y,Head_z,Nose_x,Nose_y,Nose_z,Eye.L_x,Eye.L_y,Eye.L_z,Eye.R_x,Eye.R_y,Eye.R_z,Ear.L_x,Ear.L_y,Ear.L_z,Ear.R_x,Ear.R_y,Ear.R_z,hip.Center_x,hip.Center_y,hip.Center_z
0,0.14287736,0.369424,0.14636026,-0.049763553,0.13171163,0.33898225,-0.055484816,0.103875026,0.025617678,0.015368642,0.3206849,-0.112702884,-0.08072823,0.39197722,0.2017286,0.25057563,0.44893286,0.008276999,0.046410725,0.43271124,0.19583149,-0.08597687,0.27102292,0.32765272,-0.25210992,0.46037453,0.18077463,-0.26094043,0.48308945,-0.115851216,-0.20902126,0.27815706,-0.3016233,-0.10188009,0.47244608,-0.2251198,-0.2827779,0.5364795,0.02860026,-0.40003425,0.69344014,-0.046675663,-0.25445893,0.7298535,-0.0030130893,-0.28969726,0.72225237,-0.052197322,-0.3115162,0.73954946,0.008916944,-0.32675302,0.63469887,-0.079898745,-0.38186204,0.6677735,0.048399553,-0.02005808800458908,0.21227997541427612,-0.04354260116815567
