frame,Ankle.R_x,Ankle.R_y,Ankle.R_z,Knee.R_x,Knee.R_y,Knee.R_z,Hip.R_x,Hip.R_y,Hip.R_z,Hip.L_x,Hip.L_y,Hip.L_z,Knee.L_x,Knee.L_y,Knee.L_z,Ankle.L_x,Ankle.L_y,Ankle.L_z,Wrist.R_x,Wrist.R_y,Wrist.R_z,Elbow.R_x,Elbow.R_y,Elbow.R_z,Shoulder.R_x,Shoulder.R_y,Shoulder.R_z,Shoulder.L_x,Shoulder.L_y,Shoulder.L_z,Elbow.L_x,Elbow.L_y,Elbow.L_z,Wrist.L_x,Wrist.L_y,Wrist.L_z,Neck_x,Neck_y,Neck_z,Head_x,Head_y,Head_z,Nose_x,Nose_y,Nose_z,Eye.L_x,Eye.L_y,Eye.L_z,Eye.R_x,Eye.R_y,Eye.R_z,Ear.L_x,Ear.L_y,Ear.L_z,Ear.R_x,Ear.R_y,Ear.R_z,hip.Center_x,hip.Center_y,hip.Center_z
0,0.36881107,0.44807407,0.06931507,0.07849753,0.34039578,0.30111232,-0.022633387,0.12071668,0.06488232,-0.032976706,0.301625,-0.12826344,0.037607968,0.501119,0.14403987,0.31697598,0.5007125,-0.13530897,0.15633254,0.4570059,0.299735,-0.030028077,0.29168007,0.3195844,-0.25099814,0.4369868,0.22770731,-0.2305401,0.54308224,-0.055752397,-0.053307943,0.5021509,-0.26411325,0.14416386,0.5903878,-0.14926517,-0.2727756,0.5492408,0.099440545,-0.3839136,0.7449615,0.1048525,-0.23157033,0.73544395,0.1297914,-0.27300638,0.7529964,0.0885114,-0.28421977,0.7469195,0.15461487,-0.33262467,0.69219637,0.035355844,-0.36264807,0.6780458,0.17908981,-0.027805045247077942,0.21117085218429565,-0.0316905602812767
