frame,Ankle.R_x,Ankle.R_y,Ankle.R_z,Knee.R_x,Knee.R_y,Knee.R_z,Hip.R_x,Hip.R_y,Hip.R_z,Hip.L_x,Hip.L_y,Hip.L_z,Knee.L_x,Knee.L_y,Knee.L_z,Ankle.L_x,Ankle.L_y,Ankle.L_z,Wrist.R_x,Wrist.R_y,Wrist.R_z,Elbow.R_x,Elbow.R_y,Elbow.R_z,Shoulder.R_x,Shoulder.R_y,Shoulder.R_z,Shoulder.L_x,Shoulder.L_y,Shoulder.L_z,Elbow.L_x,Elbow.L_y,Elbow.L_z,Wrist.L_x,Wrist.L_y,Wrist.L_z,Neck_x,Neck_y,Neck_z,Head_x,Head_y,Head_z,Nose_x,Nose_y,Nose_z,Eye.L_x,Eye.L_y,Eye.L_z,Eye.R_x,Eye.R_y,Eye.R_z,Ear.L_x,Ear.L_y,Ear.L_z,Ear.R_x,Ear.R_y,Ear.R_z,hip.Center_x,hip.Center_y,hip.Center_z
0,0.35856366,0.44306853,0.08231227,0.05580163,0.34496814,0.30293855,-0.028313516,0.12189388,0.064734735,-0.026271513,0.30079567,-0.13098443,0.026914978,0.5075549,0.13705045,0.33680925,0.49434584,-0.11078278,0.16608074,0.42934087,0.25830385,-0.029605601,0.2834132,0.31050313,-0.24367145,0.44482666,0.22511138,-0.22269651,0.54815793,-0.060150508,-0.048566468,0.4704971,-0.26362106,0.13640776,0.5448198,-0.12371309,-0.2642664,0.5564036,0.09725596,-0.37534714,0.7499211,0.11833463,-0.22061497,0.7423626,0.12908584,-0.2658919,0.760921,0.09266835,-0.2710764,0.7515112,0.15904504,-0.32908523,0.7013029,0.041888837,-0.34611237,0.6801965,0.1870377,-0.027292514219880104,0.21134477853775024,-0.03312484547495842
