frame,Ankle.R_x,Ankle.R_y,Ankle.R_z,Knee.R_x,Knee.R_y,Knee.R_z,Hip.R_x,Hip.R_y,Hip.R_z,Hip.L_x,Hip.L_y,Hip.L_z,Knee.L_x,Knee.L_y,Knee.L_z,Ankle.L_x,Ankle.L_y,Ankle.L_z,Wrist.R_x,Wrist.R_y,Wrist.R_z,Elbow.R_x,Elbow.R_y,Elbow.R_z,Shoulder.R_x,Shoulder.R_y,Shoulder.R_z,Shoulder.L_x,Shoulder.L_y,Shoulder.L_z,Elbow.L_x,Elbow.L_y,Elbow.L_z,Wrist.L_x,Wrist.L_y,Wrist.L_z,Neck_x,Neck_y,Neck_z,Head_x,Head_y,Head_z,Nose_x,Nose_y,Nose_z,Eye.L_x,Eye.L_y,Eye.L_z,Eye.R_x,Eye.R_y,Eye.R_z,Ear.L_x,Ear.L_y,Ear.L_z,Ear.R_x,Ear.R_y,Ear.R_z,hip.Center_x,hip.Center_y,hip.Center_z
0,0.09558989,0.40644532,0.15256658,-0.06215314,0.13524464,0.3349648,-0.059803665,0.10419893,0.018072445,0.022186317,0.3262893,-0.10440371,-0.091858074,0.31804144,0.22745168,0.2139192,0.4486281,0.033494692,0.055530086,0.43119836,0.20864056,-0.08178144,0.25539783,0.31051317,-0.23149621,0.47124583,0.18144275,-0.2825703,0.46698287,-0.11258143,-0.23734206,0.22232313,-0.24753225,-0.12178876,0.42561013,-0.22507173,-0.28302887,0.53521585,0.030436546,-0.39513633,0.6947004,-0.041525975,-0.2480878,0.7271509,0.0032292455,-0.28395832,0.7221168,-0.046299502,-0.3051355,0.7371612,0.015702426,-0.3223806,0.63554215,-0.07815398,-0.3759213,0.6645503,0.052187197,-0.018808674067258835,0.2152441143989563,-0.04316563159227371
