frame,Ankle.R_x,Ankle.R_y,Ankle.R_z,Knee.R_x,Knee.R_y,Knee.R_z,Hip.R_x,Hip.R_y,Hip.R_z,Hip.L_x,Hip.L_y,Hip.L_z,Knee.L_x,Knee.L_y,Knee.L_z,Ankle.L_x,Ankle.L_y,Ankle.L_z,Wrist.R_x,Wrist.R_y,Wrist.R_z,Elbow.R_x,Elbow.R_y,Elbow.R_z,Shoulder.R_x,Shoulder.R_y,Shoulder.R_z,Shoulder.L_x,Shoulder.L_y,Shoulder.L_z,Elbow.L_x,Elbow.L_y,Elbow.L_z,Wrist.L_x,Wrist.L_y,Wrist.L_z,Neck_x,Neck_y,Neck_z,Head_x,Head_y,Head_z,Nose_x,Nose_y,Nose_z,Eye.L_x,Eye.L_y,Eye.L_z,Eye.R_x,Eye.R_y,Eye.R_z,Ear.L_x,Ear.L_y,Ear.L_z,Ear.R_x,Ear.R_y,Ear.R_z,hip.Center_x,hip.Center_y,hip.Center_z
0,0.30753857,0.4456659,0.08770663,0.019020595,0.32102707,0.30904916,-0.02896642,0.121898785,0.06411547,-0.02406455,0.302047,-0.13143703,-0.010358567,0.49010712,0.14093053,0.3221599,0.5028287,-0.07839102,0.16149335,0.4271249,0.23942208,-0.032728057,0.28591207,0.31051484,-0.23991105,0.45718086,0.22859749,-0.22480698,0.55401784,-0.058896504,-0.0651731,0.45890486,-0.26624015,0.116909005,0.53862745,-0.12608516,-0.26017326,0.5664761,0.098086774,-0.36887658,0.760049,0.10894118,-0.21400478,0.7522028,0.12111937,-0.2591056,0.7696247,0.08364589,-0.26478994,0.7633134,0.15037145,-0.32179302,0.7074339,0.03558311,-0.34061867,0.6940874,0.1811791,-0.026515483856201172,0.2119728922843933,-0.033660780638456345
