frame,Ankle.R_x,Ankle.R_y,Ankle.R_z,Knee.R_x,Knee.R_y,Knee.R_z,Hip.R_x,Hip.R_y,Hip.R_z,Hip.L_x,Hip.L_y,Hip.L_z,Knee.L_x,Knee.L_y,Knee.L_z,Ankle.L_x,Ankle.L_y,Ankle.L_z,Wrist.R_x,Wrist.R_y,Wrist.R_z,Elbow.R_x,Elbow.R_y,Elbow.R_z,Shoulder.R_x,Shoulder.R_y,Shoulder.R_z,Shoulder.L_x,Shoulder.L_y,Shoulder.L_z,Elbow.L_x,Elbow.L_y,Elbow.L_z,Wrist.L_x,Wrist.L_y,Wrist.L_z,Neck_x,Neck_y,Neck_z,Head_x,Head_y,Head_z,Nose_x,Nose_y,Nose_z,Eye.L_x,Eye.L_y,Eye.L_z,Eye.R_x,Eye.R_y,Eye.R_z,Ear.L_x,Ear.L_y,Ear.L_z,Ear.R_x,Ear.R_y,Ear.R_z,hip.Center_x,hip.Center_y,hip.Center_z
0,0.12142508,0.38523632,0.16630249,-0.069555245,0.106440745,0.31187955,-0.055303182,0.09511322,-0.016042773,0.02297211,0.34526703,-0.06372095,-0.09064413,0.14622022,0.22596289,0.056390487,0.47428286,0.10467663,0.03778717,0.402454,0.2355433,-0.10693591,0.24210829,0.3522441,-0.25517136,0.4521199,0.22339089,-0.28259388,0.49551564,-0.07232521,-0.13618772,0.3709034,-0.27314004,0.0040211976,0.47929606,-0.110225,-0.29585266,0.5216008,0.07980497,-0.41051644,0.67088425,0.031005938,-0.26030993,0.7051584,0.06697242,-0.3000186,0.70356655,0.020510301,-0.31649458,0.71190125,0.08530887,-0.33895653,0.61791384,-0.016750097,-0.3816439,0.63309646,0.12098941,-0.016165535897016525,0.2201901227235794,-0.039881862699985504
