frame,Ankle.R_x,Ankle.R_y,Ankle.R_z,Knee.R_x,Knee.R_y,Knee.R_z,Hip.R_x,Hip.R_y,Hip.R_z,Hip.L_x,Hip.L_y,Hip.L_z,Knee.L_x,Knee.L_y,Knee.L_z,Ankle.L_x,Ankle.L_y,Ankle.L_z,Wrist.R_x,Wrist.R_y,Wrist.R_z,Elbow.R_x,Elbow.R_y,Elbow.R_z,Shoulder.R_x,Shoulder.R_y,Shoulder.R_z,Shoulder.L_x,Shoulder.L_y,Shoulder.L_z,Elbow.L_x,Elbow.L_y,Elbow.L_z,Wrist.L_x,Wrist.L_y,Wrist.L_z,Neck_x,Neck_y,Neck_z,Head_x,Head_y,Head_z,Nose_x,Nose_y,Nose_z,Eye.L_x,Eye.L_y,Eye.L_z,Eye.R_x,Eye.R_y,Eye.R_z,Ear.L_x,Ear.L_y,Ear.L_z,Ear.R_x,Ear.R_y,Ear.R_z,hip.Center_x,hip.Center_y,hip.Center_z
0,0.12034359,0.40102932,0.18035516,-0.06505823,0.12113454,0.3390413,-0.06446588,0.10619746,0.011775343,0.03006708,0.3283285,-0.09976271,-0.11817714,0.291021,0.21859471,0.20107618,0.44360608,0.05763739,0.052138343,0.42932707,0.2020673,-0.09325361,0.259796,0.2970641,-0.23109153,0.48552898,0.17443527,-0.29313293,0.4664784,-0.11731228,-0.24650338,0.2079486,-0.21955614,-0.112900384,0.4017231,-0.21564937,-0.2850046,0.54069686,0.024141727,-0.39356062,0.6989127,-0.035687104,-0.24530455,0.7308321,0.0084166005,-0.28212985,0.72934556,-0.04063552,-0.30192238,0.73799014,0.023159988,-0.3196569,0.64455414,-0.0805736,-0.3699831,0.6602962,0.053875137,-0.017199400812387466,0.21726298332214355,-0.04399368166923523
