frame,Ankle.R_x,Ankle.R_y,Ankle.R_z,Knee.R_x,Knee.R_y,Knee.R_z,Hip.R_x,Hip.R_y,Hip.R_z,Hip.L_x,Hip.L_y,Hip.L_z,Knee.L_x,Knee.L_y,Knee.L_z,Ankle.L_x,Ankle.L_y,Ankle.L_z,Wrist.R_x,Wrist.R_y,Wrist.R_z,Elbow.R_x,Elbow.R_y,Elbow.R_z,Shoulder.R_x,Shoulder.R_y,Shoulder.R_z,Shoulder.L_x,Shoulder.L_y,Shoulder.L_z,Elbow.L_x,Elbow.L_y,Elbow.L_z,Wrist.L_x,Wrist.L_y,Wrist.L_z,Neck_x,Neck_y,Neck_z,Head_x,Head_y,Head_z,Nose_x,Nose_y,Nose_z,Eye.L_x,Eye.L_y,Eye.L_z,Eye.R_x,Eye.R_y,Eye.R_z,Ear.L_x,Ear.L_y,Ear.L_z,Ear.R_x,Ear.R_y,Ear.R_z,hip.Center_x,hip.Center_y,hip.Center_z
0,0.31329653,0.4483725,0.10362651,0.019542508,0.31264082,0.31344962,-0.031995103,0.121781334,0.06240783,-0.021120789,0.30390108,-0.1310586,-0.008045412,0.48852476,0.14403519,0.334256,0.5100565,-0.06191135,0.16479845,0.4429987,0.2508679,-0.03125661,0.30162016,0.31793156,-0.24089332,0.4640299,0.22518885,-0.22630157,0.5536777,-0.06422265,-0.07239444,0.45399702,-0.2735146,0.11570217,0.53487027,-0.14223714,-0.260767,0.5698839,0.09251132,-0.3699954,0.7631954,0.09968424,-0.21551737,0.75634825,0.11684351,-0.2595142,0.77365214,0.07798684,-0.26738352,0.76697206,0.14447916,-0.32019418,0.71117353,0.027457431,-0.34364587,0.6970513,0.17248645,-0.02655794471502304,0.2128412127494812,-0.034325387328863144
