frame,Ankle.R_x,Ankle.R_y,Ankle.R_z,Knee.R_x,Knee.R_y,Knee.R_z,Hip.R_x,Hip.R_y,Hip.R_z,Hip.L_x,Hip.L_y,Hip.L_z,Knee.L_x,Knee.L_y,Knee.L_z,Ankle.L_x,Ankle.L_y,Ankle.L_z,Wrist.R_x,Wrist.R_y,Wrist.R_z,Elbow.R_x,Elbow.R_y,Elbow.R_z,Shoulder.R_x,Shoulder.R_y,Shoulder.R_z,Shoulder.L_x,Shoulder.L_y,Shoulder.L_z,Elbow.L_x,Elbow.L_y,Elbow.L_z,Wrist.L_x,Wrist.L_y,Wrist.L_z,Neck_x,Neck_y,Neck_z,Head_x,Head_y,Head_z,Nose_x,Nose_y,Nose_z,Eye.L_x,Eye.L_y,Eye.L_z,Eye.R_x,Eye.R_y,Eye.R_z,Ear.L_x,Ear.L_y,Ear.L_z,Ear.R_x,Ear.R_y,Ear.R_z,hip.Center_x,hip.Center_y,hip.Center_z
0,0.34711036,0.4245596,0.05531679,0.064169325,0.3430496,0.30328405,-0.03506149,0.12713437,0.06822004,-0.01997753,0.2985239,-0.13298908,0.06433852,0.49744886,0.14315921,0.38520288,0.45240113,-0.089474365,0.19634145,0.4265271,0.17758648,0.0026609267,0.2953918,0.26713502,-0.21096131,0.4739905,0.22504857,-0.21417579,0.56304234,-0.0640133,-0.07008588,0.45042977,-0.27380118,0.12681453,0.5259434,-0.15260658,-0.24093923,0.57945025,0.09339796,-0.35288185,0.7679127,0.08970322,-0.19853815,0.76801145,0.10682778,-0.24323982,0.7799845,0.066725686,-0.25048,0.7791613,0.13363767,-0.30173278,0.71162283,0.022271648,-0.3238023,0.70939946,0.16794138,-0.027519509196281433,0.21282914280891418,-0.032384518533945084
