frame,Ankle.R_x,Ankle.R_y,Ankle.R_z,Knee.R_x,Knee.R_y,Knee.R_z,Hip.R_x,Hip.R_y,Hip.R_z,Hip.L_x,Hip.L_y,Hip.L_z,Knee.L_x,Knee.L_y,Knee.L_z,Ankle.L_x,Ankle.L_y,Ankle.L_z,Wrist.R_x,Wrist.R_y,Wrist.R_z,Elbow.R_x,Elbow.R_y,Elbow.R_z,Shoulder.R_x,Shoulder.R_y,Shoulder.R_z,Shoulder.L_x,Shoulder.L_y,Shoulder.L_z,Elbow.L_x,Elbow.L_y,Elbow.L_z,Wrist.L_x,Wrist.L_y,Wrist.L_z,Neck_x,Neck_y,Neck_z,Head_x,Head_y,Head_z,Nose_x,Nose_y,Nose_z,Eye.L_x,Eye.L_y,Eye.L_z,Eye.R_x,Eye.R_y,Eye.R_z,Ear.L_x,Ear.L_y,Ear.L_z,Ear.R_x,Ear.R_y,Ear.R_z,hip.Center_x,hip.Center_y,hip.Center_z
0,0.28190145,0.43825102,0.09308717,0.017308949,0.28908178,0.3208724,-0.032053918,0.117858425,0.057463326,-0.019832326,0.30731264,-0.12793063,-0.01187204,0.48159987,0.15346918,0.32155818,0.5294341,-0.059256375,0.17251152,0.4474253,0.22270772,-0.01656915,0.3016162,0.30062008,-0.23342486,0.4637586,0.22765684,-0.2172419,0.5579657,-0.060114004,-0.053191163,0.46242625,-0.26354074,0.12421806,0.54780173,-0.12033477,-0.25338212,0.5706134,0.09663318,-0.36432832,0.7611574,0.10495399,-0.21149635,0.75532484,0.1329715,-0.25295085,0.77459145,0.09218972,-0.26541525,0.763334,0.15728337,-0.30845672,0.7147706,0.033372782,-0.3420905,0.6908823,0.17473267,-0.025943122804164886,0.21258553862571716,-0.03523365035653114
