frame,Ankle.R_x,Ankle.R_y,Ankle.R_z,Knee.R_x,Knee.R_y,Knee.R_z,Hip.R_x,Hip.R_y,Hip.R_z,Hip.L_x,Hip.L_y,Hip.L_z,Knee.L_x,Knee.L_y,Knee.L_z,Ankle.L_x,Ankle.L_y,Ankle.L_z,Wrist.R_x,Wrist.R_y,Wrist.R_z,Elbow.R_x,Elbow.R_y,Elbow.R_z,Shoulder.R_x,Shoulder.R_y,Shoulder.R_z,Shoulder.L_x,Shoulder.L_y,Shoulder.L_z,Elbow.L_x,Elbow.L_y,Elbow.L_z,Wrist.L_x,Wrist.L_y,Wrist.L_z,Neck_x,Neck_y,Neck_z,Head_x,Head_y,Head_z,Nose_x,Nose_y,Nose_z,Eye.L_x,Eye.L_y,Eye.L_z,Eye.R_x,Eye.R_y,Eye.R_z,Ear.L_x,Ear.L_y,Ear.L_z,Ear.R_x,Ear.R_y,Ear.R_z,hip.Center_x,hip.Center_y,hip.Center_z
0,0.18047696,0.18095374,0.07645353,-0.054418765,0.1194154,0.3513071,-0.036455207,0.09049317,-0.018361285,0.020392086,0.34642208,-0.06788259,-0.03193165,0.26753837,0.31815922,0.17265864,0.3447595,0.0109334,0.00720141,0.05470674,0.2576136,-0.19403212,0.055041082,0.099370696,-0.42251834,0.16532588,0.034898147,-0.37635538,0.41217324,-0.1016795,-0.17356427,0.41803953,0.062264916,0.007476705,0.44588256,0.23890752,-0.46483016,0.29111147,-0.047777217,-0.67175275,0.2734077,-0.050927088,-0.59285593,0.3931213,-0.10685548,-0.6225043,0.3446717,-0.12397495,-0.6314546,0.37838802,-0.06703227,-0.5937054,0.2525537,-0.10592455,-0.61310035,0.31698084,0.018588444,-0.008031560108065605,0.21845762431621552,-0.04312193766236305
