frame,Ankle.R_x,Ankle.R_y,Ankle.R_z,Knee.R_x,Knee.R_y,Knee.R_z,Hip.R_x,Hip.R_y,Hip.R_z,Hip.L_x,Hip.L_y,Hip.L_z,Knee.L_x,Knee.L_y,Knee.L_z,Ankle.L_x,Ankle.L_y,Ankle.L_z,Wrist.R_x,Wrist.R_y,Wrist.R_z,Elbow.R_x,Elbow.R_y,Elbow.R_z,Shoulder.R_x,Shoulder.R_y,Shoulder.R_z,Shoulder.L_x,Shoulder.L_y,Shoulder.L_z,Elbow.L_x,Elbow.L_y,Elbow.L_z,Wrist.L_x,Wrist.L_y,Wrist.L_z,Neck_x,Neck_y,Neck_z,Head_x,Head_y,Head_z,Nose_x,Nose_y,Nose_z,Eye.L_x,Eye.L_y,Eye.L_z,Eye.R_x,Eye.R_y,Eye.R_z,Ear.L_x,Ear.L_y,Ear.L_z,Ear.R_x,Ear.R_y,Ear.R_z,hip.Center_x,hip.Center_y,hip.Center_z
0,0.34371516,0.20380431,-0.43612567,0.39382923,0.30807433,-0.054061983,0.018158283,0.14278316,0.08268294,-0.06136076,0.30378214,-0.09770039,0.29851368,0.45108145,-0.19297178,0.31193683,0.40550467,-0.607788,0.11873017,0.057388727,0.20534803,-0.13276185,0.06538531,0.19539449,-0.3773023,0.19246313,0.20377983,-0.37683475,0.44147056,0.03510713,-0.11423351,0.49610433,-0.03417919,0.12179393,0.5307604,0.04207673,-0.45072988,0.3332539,0.13623902,-0.66926575,0.33032116,0.15450825,-0.5856017,0.43459648,0.23248693,-0.62620485,0.4271644,0.18725586,-0.6188391,0.3851902,0.23692787,-0.6056864,0.38623315,0.098737255,-0.5926894,0.29065636,0.20252392,-0.0216012392193079,0.22328265011310577,-0.007508724927902222
