frame,Ankle.R_x,Ankle.R_y,Ankle.R_z,Knee.R_x,Knee.R_y,Knee.R_z,Hip.R_x,Hip.R_y,Hip.R_z,Hip.L_x,Hip.L_y,Hip.L_z,Knee.L_x,Knee.L_y,Knee.L_z,Ankle.L_x,Ankle.L_y,Ankle.L_z,Wrist.R_x,Wrist.R_y,Wrist.R_z,Elbow.R_x,Elbow.R_y,Elbow.R_z,Shoulder.R_x,Shoulder.R_y,Shoulder.R_z,Shoulder.L_x,Shoulder.L_y,Shoulder.L_z,Elbow.L_x,Elbow.L_y,Elbow.L_z,Wrist.L_x,Wrist.L_y,Wrist.L_z,Neck_x,Neck_y,Neck_z,Head_x,Head_y,Head_z,Nose_x,Nose_y,Nose_z,Eye.L_x,Eye.L_y,Eye.L_z,Eye.R_x,Eye.R_y,Eye.R_z,Ear.L_x,Ear.L_y,Ear.L_z,Ear.R_x,Ear.R_y,Ear.R_z,hip.Center_x,hip.Center_y,hip.Center_z
0,0.3558944,0.19528331,-0.40933275,0.40587685,0.27503416,-0.022316318,0.010198682,0.1328659,0.07381646,-0.054452334,0.31562996,-0.0911463,0.3221761,0.44260588,-0.16607136,0.3261101,0.4014942,-0.5806458,0.11312933,0.046677418,0.2156855,-0.13812244,0.052560788,0.19811441,-0.38303825,0.18270035,0.19892098,-0.38067612,0.43298343,0.030653201,-0.11770496,0.48686802,-0.039321262,0.116332054,0.5279748,0.039546445,-0.4562071,0.323903,0.12985158,-0.6755122,0.32082173,0.14067574,-0.59443957,0.42222708,0.22486013,-0.6336948,0.41657528,0.17822334,-0.6278312,0.37276083,0.22654681,-0.610183,0.37892893,0.088989146,-0.6004242,0.27942976,0.18938628,-0.022126825526356697,0.22424793243408203,-0.008664917200803757
