frame,Ankle.R_x,Ankle.R_y,Ankle.R_z,Knee.R_x,Knee.R_y,Knee.R_z,Hip.R_x,Hip.R_y,Hip.R_z,Hip.L_x,Hip.L_y,Hip.L_z,Knee.L_x,Knee.L_y,Knee.L_z,Ankle.L_x,Ankle.L_y,Ankle.L_z,Wrist.R_x,Wrist.R_y,Wrist.R_z,Elbow.R_x,Elbow.R_y,Elbow.R_z,Shoulder.R_x,Shoulder.R_y,Shoulder.R_z,Shoulder.L_x,Shoulder.L_y,Shoulder.L_z,Elbow.L_x,Elbow.L_y,Elbow.L_z,Wrist.L_x,Wrist.L_y,Wrist.L_z,Neck_x,Neck_y,Neck_z,Head_x,Head_y,Head_z,Nose_x,Nose_y,Nose_z,Eye.L_x,Eye.L_y,Eye.L_z,Eye.R_x,Eye.R_y,Eye.R_z,Ear.L_x,Ear.L_y,Ear.L_z,Ear.R_x,Ear.R_y,Ear.R_z,hip.Center_x,hip.Center_y,hip.Center_z
0,0.08988538,0.39266166,0.16882464,-0.06449887,0.09368868,0.31112438,-0.050793566,0.09278961,-0.01845254,0.01925889,0.3459031,-0.06183856,-0.089707926,0.13291705,0.22282995,0.04294062,0.47494364,0.1254504,0.058437336,0.4129845,0.22956726,-0.08048947,0.25075054,0.35467663,-0.2497721,0.44470918,0.22431976,-0.2743777,0.51045424,-0.06436056,-0.112444445,0.45867246,-0.28310898,-0.0003486937,0.48367628,-0.069142446,-0.29177848,0.5180778,0.085617945,-0.40884417,0.66354966,0.03509369,-0.26161528,0.7000444,0.07805399,-0.29936346,0.69860923,0.029944032,-0.3188197,0.70508933,0.094147615,-0.3348731,0.6130463,-0.010611817,-0.38335583,0.62447107,0.12548299,-0.015767337754368782,0.21934635937213898,-0.040145549923181534
