frame,Ankle.R_x,Ankle.R_y,Ankle.R_z,Knee.R_x,Knee.R_y,Knee.R_z,Hip.R_x,Hip.R_y,Hip.R_z,Hip.L_x,Hip.L_y,Hip.L_z,Knee.L_x,Knee.L_y,Knee.L_z,Ankle.L_x,Ankle.L_y,Ankle.L_z,Wrist.R_x,Wrist.R_y,Wrist.R_z,Elbow.R_x,Elbow.R_y,Elbow.R_z,Shoulder.R_x,Shoulder.R_y,Shoulder.R_z,Shoulder.L_x,Shoulder.L_y,Shoulder.L_z,Elbow.L_x,Elbow.L_y,Elbow.L_z,Wrist.L_x,Wrist.L_y,Wrist.L_z,Neck_x,Neck_y,Neck_z,Head_x,Head_y,Head_z,Nose_x,Nose_y,Nose_z,Eye.L_x,Eye.L_y,Eye.L_z,Eye.R_x,Eye.R_y,Eye.R_z,Ear.L_x,Ear.L_y,Ear.L_z,Ear.R_x,Ear.R_y,Ear.R_z,hip.Center_x,hip.Center_y,hip.Center_z
0,0.06736419,0.39023706,0.17830011,-0.04590484,0.08235965,0.3236876,-0.036177278,0.096753605,0.026153859,0.00032291157,0.31870618,-0.11327345,-0.14516492,0.4117793,0.1376045,0.216644,0.41500804,0.0071872156,0.052477915,0.42974594,0.16739415,-0.07210648,0.25636876,0.2965584,-0.26906475,0.44157436,0.19298743,-0.2587686,0.4836376,-0.10202145,-0.20903221,0.25790578,-0.25550222,-0.05285304,0.373129,-0.12032586,-0.29295447,0.52266216,0.043516938,-0.4225304,0.6604068,-0.026701763,-0.27746248,0.71178055,0.0024430454,-0.31567746,0.69787055,-0.04287629,-0.33387643,0.7176367,0.018732816,-0.34695622,0.6062492,-0.062315032,-0.39430356,0.64252424,0.06827069,-0.017927182838320732,0.20772989094257355,-0.04355979710817337
