frame,Ankle.R_x,Ankle.R_y,Ankle.R_z,Knee.R_x,Knee.R_y,Knee.R_z,Hip.R_x,Hip.R_y,Hip.R_z,Hip.L_x,Hip.L_y,Hip.L_z,Knee.L_x,Knee.L_y,Knee.L_z,Ankle.L_x,Ankle.L_y,Ankle.L_z,Wrist.R_x,Wrist.R_y,Wrist.R_z,Elbow.R_x,Elbow.R_y,Elbow.R_z,Shoulder.R_x,Shoulder.R_y,Shoulder.R_z,Shoulder.L_x,Shoulder.L_y,Shoulder.L_z,Elbow.L_x,Elbow.L_y,Elbow.L_z,Wrist.L_x,Wrist.L_y,Wrist.L_z,Neck_x,Neck_y,Neck_z,Head_x,Head_y,Head_z,Nose_x,Nose_y,Nose_z,Eye.L_x,Eye.L_y,Eye.L_z,Eye.R_x,Eye.R_y,Eye.R_z,Ear.L_x,Ear.L_y,Ear.L_z,Ear.R_x,Ear.R_y,Ear.R_z,hip.Center_x,hip.Center_y,hip.Center_z
0,0.08497009,0.39039123,0.16882762,-0.04148209,0.07925632,0.30618212,-0.04518109,0.09016762,-0.025316887,0.012367165,0.34768668,-0.05064492,-0.061511584,0.10634012,0.22543721,0.034815237,0.46208805,0.1347565,0.049012,0.4381764,0.21188024,-0.06794211,0.26235482,0.34054506,-0.25661102,0.44712982,0.22544897,-0.26665434,0.511811,-0.060817014,-0.11409147,0.47517133,-0.28862965,-0.016750442,0.514772,-0.073011175,-0.29269454,0.5169593,0.08499852,-0.41932285,0.6528679,0.036695197,-0.2706536,0.6997746,0.06187342,-0.31309265,0.69278896,0.018290684,-0.32655424,0.7036637,0.08327829,-0.3472588,0.60254,-0.011475667,-0.3834588,0.62294316,0.12702861,-0.016406960785388947,0.21892714500427246,-0.037980902940034866
