frame,Ankle.R_x,Ankle.R_y,Ankle.R_z,Knee.R_x,Knee.R_y,Knee.R_z,Hip.R_x,Hip.R_y,Hip.R_z,Hip.L_x,Hip.L_y,Hip.L_z,Knee.L_x,Knee.L_y,Knee.L_z,Ankle.L_x,Ankle.L_y,Ankle.L_z,Wrist.R_x,Wrist.R_y,Wrist.R_z,Elbow.R_x,Elbow.R_y,Elbow.R_z,Shoulder.R_x,Shoulder.R_y,Shoulder.R_z,Shoulder.L_x,Shoulder.L_y,Shoulder.L_z,Elbow.L_x,Elbow.L_y,Elbow.L_z,Wrist.L_x,Wrist.L_y,Wrist.L_z,Neck_x,Neck_y,Neck_z,Head_x,Head_y,Head_z,Nose_x,Nose_y,Nose_z,Eye.L_x,Eye.L_y,Eye.L_z,Eye.R_x,Eye.R_y,Eye.R_z,Ear.L_x,Ear.L_y,Ear.L_z,Ear.R_x,Ear.R_y,Ear.R_z,hip.Center_x,hip.Center_y,hip.Center_z
0,0.35880077,0.39464837,0.044449322,0.089070454,0.31881228,0.30589935,-0.024092084,0.122959584,0.06649866,-0.034117997,0.30399615,-0.12857333,0.044644177,0.4981181,0.13819267,0.3003373,0.40362003,-0.13980016,0.16513556,0.48690143,0.1318626,0.027562598,0.31523165,0.25481716,-0.2269388,0.43837798,0.23860319,-0.2240842,0.544943,-0.045764767,-0.028786927,0.47521034,-0.23371032,0.13415468,0.5358256,-0.06113337,-0.26857522,0.5518942,0.109494604,-0.39911434,0.7343409,0.08112617,-0.24905714,0.74352,0.11514373,-0.28927845,0.7495197,0.06918119,-0.30385333,0.75491667,0.13479011,-0.33897984,0.6746578,0.026501551,-0.37813383,0.6845784,0.16785447,-0.029105041176080704,0.21347786486148834,-0.031037334352731705
