frame,Ankle.R_x,Ankle.R_y,Ankle.R_z,Knee.R_x,Knee.R_y,Knee.R_z,Hip.R_x,Hip.R_y,Hip.R_z,Hip.L_x,Hip.L_y,Hip.L_z,Knee.L_x,Knee.L_y,Knee.L_z,Ankle.L_x,Ankle.L_y,Ankle.L_z,Wrist.R_x,Wrist.R_y,Wrist.R_z,Elbow.R_x,Elbow.R_y,Elbow.R_z,Shoulder.R_x,Shoulder.R_y,Shoulder.R_z,Shoulder.L_x,Shoulder.L_y,Shoulder.L_z,Elbow.L_x,Elbow.L_y,Elbow.L_z,Wrist.L_x,Wrist.L_y,Wrist.L_z,Neck_x,Neck_y,Neck_z,Head_x,Head_y,Head_z,Nose_x,Nose_y,Nose_z,Eye.L_x,Eye.L_y,Eye.L_z,Eye.R_x,Eye.R_y,Eye.R_z,Ear.L_x,Ear.L_y,Ear.L_z,Ear.R_x,Ear.R_y,Ear.R_z,hip.Center_x,hip.Center_y,hip.Center_z
0,0.05690306,0.37535694,0.18406932,-0.045118075,0.06075765,0.32059264,-0.031644028,0.099319056,0.033151068,-0.001341277,0.31175736,-0.119755395,-0.14996067,0.44307396,0.09804729,0.21966028,0.41158324,-0.00927174,0.03667257,0.44798362,0.12921676,-0.07540466,0.27515316,0.27314028,-0.2797746,0.4536068,0.18644275,-0.2635276,0.4994793,-0.104648046,-0.16843921,0.29501936,-0.26411092,-0.027368411,0.376584,-0.0873909,-0.30313268,0.5267098,0.038632244,-0.43662053,0.6578906,-0.03055348,-0.2914057,0.7087767,-0.0026854724,-0.33066022,0.695866,-0.04738514,-0.34775332,0.7139603,0.014866054,-0.36224267,0.60505694,-0.06885524,-0.40644604,0.6376045,0.06363001,-0.016492651775479317,0.20553821325302124,-0.04330216348171234
