frame,Ankle.R_x,Ankle.R_y,Ankle.R_z,Knee.R_x,Knee.R_y,Knee.R_z,Hip.R_x,Hip.R_y,Hip.R_z,Hip.L_x,Hip.L_y,Hip.L_z,Knee.L_x,Knee.L_y,Knee.L_z,Ankle.L_x,Ankle.L_y,Ankle.L_z,Wrist.R_x,Wrist.R_y,Wrist.R_z,Elbow.R_x,Elbow.R_y,Elbow.R_z,Shoulder.R_x,Shoulder.R_y,Shoulder.R_z,Shoulder.L_x,Shoulder.L_y,Shoulder.L_z,Elbow.L_x,Elbow.L_y,Elbow.L_z,Wrist.L_x,Wrist.L_y,Wrist.L_z,Neck_x,Neck_y,Neck_z,Head_x,Head_y,Head_z,Nose_x,Nose_y,Nose_z,Eye.L_x,Eye.L_y,Eye.L_z,Eye.R_x,Eye.R_y,Eye.R_z,Ear.L_x,Ear.L_y,Ear.L_z,Ear.R_x,Ear.R_y,Ear.R_z,hip.Center_x,hip.Center_y,hip.Center_z
0,0.0811377,0.38126132,0.18546863,-0.058889106,0.06580448,0.29933167,-0.048612677,0.09277596,-0.02900833,0.017128684,0.3499217,-0.047849078,-0.046554416,0.1031029,0.23653464,0.0367342,0.45963883,0.13128299,0.030838627,0.44524458,0.19858357,-0.08664048,0.26969776,0.33001903,-0.27811044,0.45249307,0.21364811,-0.26886344,0.516628,-0.07369441,-0.08869813,0.4639732,-0.279435,-0.0059827194,0.49811274,-0.054759044,-0.30630735,0.52164114,0.07187479,-0.42933494,0.6599711,0.018263038,-0.28429228,0.7050849,0.062251173,-0.32200587,0.7011545,0.013787568,-0.34224063,0.70722705,0.07783075,-0.3518116,0.6128842,-0.02613683,-0.402524,0.62310493,0.10922479,-0.015741996467113495,0.221348837018013,-0.03842870518565178
