frame,Ankle.R_x,Ankle.R_y,Ankle.R_z,Knee.R_x,Knee.R_y,Knee.R_z,Hip.R_x,Hip.R_y,Hip.R_z,Hip.L_x,Hip.L_y,Hip.L_z,Knee.L_x,Knee.L_y,Knee.L_z,Ankle.L_x,Ankle.L_y,Ankle.L_z,Wrist.R_x,Wrist.R_y,Wrist.R_z,Elbow.R_x,Elbow.R_y,Elbow.R_z,Shoulder.R_x,Shoulder.R_y,Shoulder.R_z,Shoulder.L_x,Shoulder.L_y,Shoulder.L_z,Elbow.L_x,Elbow.L_y,Elbow.L_z,Wrist.L_x,Wrist.L_y,Wrist.L_z,Neck_x,Neck_y,Neck_z,Head_x,Head_y,Head_z,Nose_x,Nose_y,Nose_z,Eye.L_x,Eye.L_y,Eye.L_z,Eye.R_x,Eye.R_y,Eye.R_z,Ear.L_x,Ear.L_y,Ear.L_z,Ear.R_x,Ear.R_y,Ear.R_z,hip.Center_x,hip.Center_y,hip.Center_z
0,0.32539943,0.3656133,0.05501636,0.048371233,0.30660596,0.3094679,-0.037455685,0.122583315,0.06129401,-0.019883873,0.3121475,-0.12732223,0.05480845,0.47632962,0.16023785,0.28882137,0.38896126,-0.1359926,0.17447703,0.50598645,0.18333252,0.023696342,0.33185202,0.28729546,-0.22942103,0.44774976,0.23973465,-0.21986443,0.56047374,-0.043749917,-0.025751896,0.5090942,-0.23662531,0.14176898,0.56008875,-0.065191604,-0.26439896,0.5632137,0.11096938,-0.38766944,0.75222117,0.09011326,-0.23831165,0.7533188,0.1300779,-0.27680302,0.76503,0.083386965,-0.29372197,0.764416,0.14875014,-0.32719886,0.69602716,0.03188984,-0.371472,0.693454,0.17218137,-0.028669778257608414,0.21736541390419006,-0.03301410749554634
