frame,Ankle.R_x,Ankle.R_y,Ankle.R_z,Knee.R_x,Knee.R_y,Knee.R_z,Hip.R_x,Hip.R_y,Hip.R_z,Hip.L_x,Hip.L_y,Hip.L_z,Knee.L_x,Knee.L_y,Knee.L_z,Ankle.L_x,Ankle.L_y,Ankle.L_z,Wrist.R_x,Wrist.R_y,Wrist.R_z,Elbow.R_x,Elbow.R_y,Elbow.R_z,Shoulder.R_x,Shoulder.R_y,Shoulder.R_z,Shoulder.L_x,Shoulder.L_y,Shoulder.L_z,Elbow.L_x,Elbow.L_y,Elbow.L_z,Wrist.L_x,Wrist.L_y,Wrist.L_z,Neck_x,Neck_y,Neck_z,Head_x,Head_y,Head_z,Nose_x,Nose_y,Nose_z,Eye.L_x,Eye.L_y,Eye.L_z,Eye.R_x,Eye.R_y,Eye.R_z,Ear.L_x,Ear.L_y,Ear.L_z,Ear.R_x,Ear.R_y,Ear.R_z,hip.Center_x,hip.Center_y,hip.Center_z
0,0.040059913,0.32460007,0.15928406,-0.045198604,0.008989724,0.30582896,-0.032456484,0.101849236,0.031610385,0.0024053585,0.3118546,-0.121829204,-0.16345857,0.46019584,0.05613155,0.21473788,0.39431646,-0.017377783,-0.0074818516,0.4710503,0.0995084,-0.07808038,0.2791218,0.2461349,-0.29655778,0.4464434,0.1730577,-0.27851814,0.4962724,-0.115250535,-0.12974557,0.31823143,-0.2683747,-0.012636753,0.3977516,-0.06986865,-0.32552677,0.5158828,0.027565328,-0.46641445,0.6415372,-0.039384514,-0.3230428,0.6962963,-0.009466603,-0.36183476,0.68299246,-0.0545924,-0.37950087,0.6989993,0.008054599,-0.39068288,0.5917078,-0.07916202,-0.43558443,0.6191311,0.05463355,-0.015025562606751919,0.20685191452503204,-0.04510940983891487
