frame,Ankle.R_x,Ankle.R_y,Ankle.R_z,Knee.R_x,Knee.R_y,Knee.R_z,Hip.R_x,Hip.R_y,Hip.R_z,Hip.L_x,Hip.L_y,Hip.L_z,Knee.L_x,Knee.L_y,Knee.L_z,Ankle.L_x,Ankle.L_y,Ankle.L_z,Wrist.R_x,Wrist.R_y,Wrist.R_z,Elbow.R_x,Elbow.R_y,Elbow.R_z,Shoulder.R_x,Shoulder.R_y,Shoulder.R_z,Shoulder.L_x,Shoulder.L_y,Shoulder.L_z,Elbow.L_x,Elbow.L_y,Elbow.L_z,Wrist.L_x,Wrist.L_y,Wrist.L_z,Neck_x,Neck_y,Neck_z,Head_x,Head_y,Head_z,Nose_x,Nose_y,Nose_z,Eye.L_x,Eye.L_y,Eye.L_z,Eye.R_x,Eye.R_y,Eye.R_z,Ear.L_x,Ear.L_y,Ear.L_z,Ear.R_x,Ear.R_y,Ear.R_z,hip.Center_x,hip.Center_y,hip.Center_z
0,0.3308101,0.337562,0.07797161,0.068779625,0.22999337,0.3327993,-0.051425613,0.12254737,0.050651446,-0.0065694265,0.32241535,-0.12012082,0.086683385,0.45431277,0.1843563,0.29358897,0.37443927,-0.1379578,0.13463537,0.5291748,0.15962656,0.016888306,0.33157188,0.26562315,-0.2376168,0.4559238,0.2365364,-0.21416396,0.5717049,-0.045359865,-0.016823418,0.48104116,-0.2253915,0.1191546,0.5508118,-0.03445866,-0.26985154,0.57333374,0.10720986,-0.41001916,0.7463136,0.07731135,-0.2616554,0.76741314,0.11728048,-0.30138674,0.7720742,0.07004779,-0.31837407,0.7732409,0.13542898,-0.34228393,0.69456816,0.022905275,-0.38756633,0.69476306,0.16261041,-0.028997519984841347,0.222481369972229,-0.03473468869924545
