frame,Ankle.R_x,Ankle.R_y,Ankle.R_z,Knee.R_x,Knee.R_y,Knee.R_z,Hip.R_x,Hip.R_y,Hip.R_z,Hip.L_x,Hip.L_y,Hip.L_z,Knee.L_x,Knee.L_y,Knee.L_z,Ankle.L_x,Ankle.L_y,Ankle.L_z,Wrist.R_x,Wrist.R_y,Wrist.R_z,Elbow.R_x,Elbow.R_y,Elbow.R_z,Shoulder.R_x,Shoulder.R_y,Shoulder.R_z,Shoulder.L_x,Shoulder.L_y,Shoulder.L_z,Elbow.L_x,Elbow.L_y,Elbow.L_z,Wrist.L_x,Wrist.L_y,Wrist.L_z,Neck_x,Neck_y,Neck_z,Head_x,Head_y,Head_z,Nose_x,Nose_y,Nose_z,Eye.L_x,Eye.L_y,Eye.L_z,Eye.R_x,Eye.R_y,Eye.R_z,Ear.L_x,Ear.L_y,Ear.L_z,Ear.R_x,Ear.R_y,Ear.R_z,hip.Center_x,hip.Center_y,hip.Center_z
0,0.059014894,0.29962996,0.112496935,-0.03322511,0.027439183,0.32684168,-0.032132834,0.10175254,0.030640855,0.0061769164,0.30948973,-0.123793356,-0.17346875,0.46052045,0.048817355,0.2041006,0.38818535,-0.009566239,-0.024322996,0.45202318,0.10436812,-0.09545458,0.25564173,0.24177465,-0.31918514,0.41118005,0.15313292,-0.29149616,0.4715342,-0.13352062,-0.12498924,0.29966086,-0.2757961,-0.018577067,0.39789158,-0.08110867,-0.34694466,0.48564827,0.010571282,-0.49680322,0.60782576,-0.03283713,-0.35284472,0.6684086,-0.018499725,-0.39564604,0.6541836,-0.0590925,-0.40620208,0.6681312,0.0056202114,-0.4240716,0.56255955,-0.08338777,-0.45335865,0.5841534,0.056084886,-0.012977958656847477,0.205621138215065,-0.04657625034451485
