frame,Ankle.R_x,Ankle.R_y,Ankle.R_z,Knee.R_x,Knee.R_y,Knee.R_z,Hip.R_x,Hip.R_y,Hip.R_z,Hip.L_x,Hip.L_y,Hip.L_z,Knee.L_x,Knee.L_y,Knee.L_z,Ankle.L_x,Ankle.L_y,Ankle.L_z,Wrist.R_x,Wrist.R_y,Wrist.R_z,Elbow.R_x,Elbow.R_y,Elbow.R_z,Shoulder.R_x,Shoulder.R_y,Shoulder.R_z,Shoulder.L_x,Shoulder.L_y,Shoulder.L_z,Elbow.L_x,Elbow.L_y,Elbow.L_z,Wrist.L_x,Wrist.L_y,Wrist.L_z,Neck_x,Neck_y,Neck_z,Head_x,Head_y,Head_z,Nose_x,Nose_y,Nose_z,Eye.L_x,Eye.L_y,Eye.L_z,Eye.R_x,Eye.R_y,Eye.R_z,Ear.L_x,Ear.L_y,Ear.L_z,Ear.R_x,Ear.R_y,Ear.R_z,hip.Center_x,hip.Center_y,hip.Center_z
0,0.29006875,0.35610378,0.021060267,0.11855434,0.22930034,0.33052725,-0.04024249,0.12160419,0.056839198,-0.018170642,0.31428885,-0.124585696,0.050970014,0.49477684,0.14058097,0.2260472,0.32944107,-0.15769728,0.115828395,0.5023134,0.060542263,0.02434608,0.31358233,0.20496489,-0.23946972,0.41850606,0.23747079,-0.24384107,0.5468226,-0.035819653,-0.057921883,0.44902256,-0.22441337,0.08191286,0.5187012,-0.036342025,-0.29167414,0.54227245,0.117398754,-0.4441641,0.7059686,0.086411,-0.29475796,0.73558056,0.11468939,-0.33742458,0.7343563,0.07001293,-0.35017753,0.7414055,0.13586424,-0.3777932,0.65232295,0.033385903,-0.41485754,0.66322535,0.17414294,-0.029206566512584686,0.21794652938842773,-0.03387324884533882
