frame,Ankle.R_x,Ankle.R_y,Ankle.R_z,Knee.R_x,Knee.R_y,Knee.R_z,Hip.R_x,Hip.R_y,Hip.R_z,Hip.L_x,Hip.L_y,Hip.L_z,Knee.L_x,Knee.L_y,Knee.L_z,Ankle.L_x,Ankle.L_y,Ankle.L_z,Wrist.R_x,Wrist.R_y,Wrist.R_z,Elbow.R_x,Elbow.R_y,Elbow.R_z,Shoulder.R_x,Shoulder.R_y,Shoulder.R_z,Shoulder.L_x,Shoulder.L_y,Shoulder.L_z,Elbow.L_x,Elbow.L_y,Elbow.L_z,Wrist.L_x,Wrist.L_y,Wrist.L_z,Neck_x,Neck_y,Neck_z,Head_x,Head_y,Head_z,Nose_x,Nose_y,Nose_z,Eye.L_x,Eye.L_y,Eye.L_z,Eye.R_x,Eye.R_y,Eye.R_z,Ear.L_x,Ear.L_y,Ear.L_z,Ear.R_x,Ear.R_y,Ear.R_z,hip.Center_x,hip.Center_y,hip.Center_z
0,0.08176621,0.24820937,0.05647159,-0.06666606,0.09909199,0.34983876,-0.039404623,0.10498092,0.033707187,0.01622083,0.3052091,-0.12870768,-0.17420447,0.45762926,0.05195839,0.19754064,0.37244716,0.003787972,-0.032704968,0.429088,0.12213245,-0.09897237,0.22525553,0.24596854,-0.3182719,0.38403127,0.14380646,-0.3183789,0.4433247,-0.14822009,-0.14553882,0.30511978,-0.31943566,-0.035620134,0.39640552,-0.122932896,-0.35983032,0.45509782,0.0009949207,-0.50304806,0.5751638,-0.052400243,-0.36071974,0.63806564,-0.026630215,-0.39925545,0.62194824,-0.07090368,-0.41559348,0.6375047,-0.0074957684,-0.42545116,0.5290419,-0.095914766,-0.46646482,0.55394065,0.041013405,-0.011591896414756775,0.20509500801563263,-0.04750024527311325
