frame,Ankle.R_x,Ankle.R_y,Ankle.R_z,Knee.R_x,Knee.R_y,Knee.R_z,Hip.R_x,Hip.R_y,Hip.R_z,Hip.L_x,Hip.L_y,Hip.L_z,Knee.L_x,Knee.L_y,Knee.L_z,Ankle.L_x,Ankle.L_y,Ankle.L_z,Wrist.R_x,Wrist.R_y,Wrist.R_z,Elbow.R_x,Elbow.R_y,Elbow.R_z,Shoulder.R_x,Shoulder.R_y,Shoulder.R_z,Shoulder.L_x,Shoulder.L_y,Shoulder.L_z,Elbow.L_x,Elbow.L_y,Elbow.L_z,Wrist.L_x,Wrist.L_y,Wrist.L_z,Neck_x,Neck_y,Neck_z,Head_x,Head_y,Head_z,Nose_x,Nose_y,Nose_z,Eye.L_x,Eye.L_y,Eye.L_z,Eye.R_x,Eye.R_y,Eye.R_z,Ear.L_x,Ear.L_y,Ear.L_z,Ear.R_x,Ear.R_y,Ear.R_z,hip.Center_x,hip.Center_y,hip.Center_z
0,0.33306164,0.32424164,0.06399194,0.13570993,0.13705862,0.33389917,-0.048511412,0.11751121,0.039873835,-0.00983949,0.32977065,-0.111966185,0.09863612,0.44640213,0.20258708,0.2886115,0.3654634,-0.12902868,0.11939818,0.48464003,0.081009895,0.012370421,0.30791628,0.2254351,-0.25794038,0.4052491,0.23707566,-0.26343554,0.5258955,-0.037349463,-0.06496978,0.4450551,-0.21863717,0.10012237,0.50720745,-0.050698772,-0.31125957,0.5260408,0.11563982,-0.4442981,0.7052306,0.07289593,-0.2985073,0.7175294,0.12197347,-0.33426243,0.7214319,0.07179047,-0.35519868,0.72963834,0.1354286,-0.37856823,0.6441585,0.02861306,-0.43235707,0.65863985,0.16322586,-0.029175451025366783,0.22364093363285065,-0.03604617714881897
