frame,Ankle.R_x,Ankle.R_y,Ankle.R_z,Knee.R_x,Knee.R_y,Knee.R_z,Hip.R_x,Hip.R_y,Hip.R_z,Hip.L_x,Hip.L_y,Hip.L_z,Knee.L_x,Knee.L_y,Knee.L_z,Ankle.L_x,Ankle.L_y,Ankle.L_z,Wrist.R_x,Wrist.R_y,Wrist.R_z,Elbow.R_x,Elbow.R_y,Elbow.R_z,Shoulder.R_x,Shoulder.R_y,Shoulder.R_z,Shoulder.L_x,Shoulder.L_y,Shoulder.L_z,Elbow.L_x,Elbow.L_y,Elbow.L_z,Wrist.L_x,Wrist.L_y,Wrist.L_z,Neck_x,Neck_y,Neck_z,Head_x,Head_y,Head_z,Nose_x,Nose_y,Nose_z,Eye.L_x,Eye.L_y,Eye.L_z,Eye.R_x,Eye.R_y,Eye.R_z,Ear.L_x,Ear.L_y,Ear.L_z,Ear.R_x,Ear.R_y,Ear.R_z,hip.Center_x,hip.Center_y,hip.Center_z
0,0.15856864,0.43678862,0.21148823,0.00544736,0.11349055,0.32916793,-0.024788998,0.08753157,-0.0150201665,-0.008333879,0.34927347,-0.061602537,-0.037504837,0.12538558,0.24075165,0.020498915,0.4595348,0.065901265,-0.014540506,0.43479094,0.1871742,-0.09344878,0.23793103,0.31680664,-0.30751544,0.40350384,0.21638575,-0.31930256,0.45155293,-0.07759807,-0.14834724,0.33225715,-0.2645777,-0.030233797,0.4434904,-0.08565239,-0.35053018,0.46713746,0.07364456,-0.48809385,0.59446716,0.022453437,-0.3446427,0.65207684,0.05771433,-0.3836223,0.64261717,0.0111579895,-0.40163356,0.65142,0.07557217,-0.4089715,0.5504854,-0.02266337,-0.4545695,0.5651299,0.11499567,-0.016561437398195267,0.21840251982212067,-0.03831135109066963
