frame,Ankle.R_x,Ankle.R_y,Ankle.R_z,Knee.R_x,Knee.R_y,Knee.R_z,Hip.R_x,Hip.R_y,Hip.R_z,Hip.L_x,Hip.L_y,Hip.L_z,Knee.L_x,Knee.L_y,Knee.L_z,Ankle.L_x,Ankle.L_y,Ankle.L_z,Wrist.R_x,Wrist.R_y,Wrist.R_z,Elbow.R_x,Elbow.R_y,Elbow.R_z,Shoulder.R_x,Shoulder.R_y,Shoulder.R_z,Shoulder.L_x,Shoulder.L_y,Shoulder.L_z,Elbow.L_x,Elbow.L_y,Elbow.L_z,Wrist.L_x,Wrist.L_y,Wrist.L_z,Neck_x,Neck_y,Neck_z,Head_x,Head_y,Head_z,Nose_x,Nose_y,Nose_z,Eye.L_x,Eye.L_y,Eye.L_z,Eye.R_x,Eye.R_y,Eye.R_z,Ear.L_x,Ear.L_y,Ear.L_z,Ear.R_x,Ear.R_y,Ear.R_z,hip.Center_x,hip.Center_y,hip.Center_z
0,0.28204516,0.32884988,0.0007544781,0.14301749,0.22647107,0.33517107,-0.032856777,0.122869104,0.05936506,-0.026137779,0.3096057,-0.12767759,0.058822226,0.51928407,0.12063081,0.2392417,0.32799652,-0.16077587,0.11807109,0.4986655,0.017885195,0.023965422,0.3307879,0.18189324,-0.24737142,0.39458194,0.23738682,-0.27658775,0.51941574,-0.03265849,-0.0695793,0.46568993,-0.2123143,0.09815072,0.5318306,-0.046983156,-0.31652114,0.5115967,0.12161581,-0.46821743,0.6738665,0.08534982,-0.32027707,0.7036551,0.119104534,-0.3607413,0.7007388,0.07259664,-0.37625754,0.71020454,0.13767877,-0.4010269,0.61791736,0.03692563,-0.4424479,0.63331175,0.17624693,-0.02949727699160576,0.2162373960018158,-0.03415626287460327
