frame,Ankle.R_x,Ankle.R_y,Ankle.R_z,Knee.R_x,Knee.R_y,Knee.R_z,Hip.R_x,Hip.R_y,Hip.R_z,Hip.L_x,Hip.L_y,Hip.L_z,Knee.L_x,Knee.L_y,Knee.L_z,Ankle.L_x,Ankle.L_y,Ankle.L_z,Wrist.R_x,Wrist.R_y,Wrist.R_z,Elbow.R_x,Elbow.R_y,Elbow.R_z,Shoulder.R_x,Shoulder.R_y,Shoulder.R_z,Shoulder.L_x,Shoulder.L_y,Shoulder.L_z,Elbow.L_x,Elbow.L_y,Elbow.L_z,Wrist.L_x,Wrist.L_y,Wrist.L_z,Neck_x,Neck_y,Neck_z,Head_x,Head_y,Head_z,Nose_x,Nose_y,Nose_z,Eye.L_x,Eye.L_y,Eye.L_z,Eye.R_x,Eye.R_y,Eye.R_z,Ear.L_x,Ear.L_y,Ear.L_z,Ear.R_x,Ear.R_y,Ear.R_z,hip.Center_x,hip.Center_y,hip.Center_z
0,0.1615747,0.43434852,0.1681986,0.008552898,0.1419612,0.33894354,-0.02197922,0.08744329,-0.0020069876,-0.013796122,0.34297833,-0.07643922,-0.060402963,0.1640321,0.24282177,0.022738732,0.4428941,0.005533709,-0.010993548,0.4188911,0.19452965,-0.0724032,0.21976146,0.32733068,-0.29105824,0.37858912,0.21813641,-0.32553142,0.42645878,-0.07916479,-0.15379664,0.3490123,-0.28828135,-0.07404734,0.4605373,-0.09097661,-0.34982705,0.44407326,0.07501417,-0.48890758,0.5716465,0.013837849,-0.3478734,0.6315952,0.05232288,-0.38413548,0.6188228,0.0043317676,-0.4052875,0.6321512,0.0670892,-0.40815985,0.52506506,-0.024124816,-0.46054292,0.54840946,0.10939489,-0.017887670546770096,0.21521081030368805,-0.03922310099005699
