frame,Ankle.R_x,Ankle.R_y,Ankle.R_z,Knee.R_x,Knee.R_y,Knee.R_z,Hip.R_x,Hip.R_y,Hip.R_z,Hip.L_x,Hip.L_y,Hip.L_z,Knee.L_x,Knee.L_y,Knee.L_z,Ankle.L_x,Ankle.L_y,Ankle.L_z,Wrist.R_x,Wrist.R_y,Wrist.R_z,Elbow.R_x,Elbow.R_y,Elbow.R_z,Shoulder.R_x,Shoulder.R_y,Shoulder.R_z,Shoulder.L_x,Shoulder.L_y,Shoulder.L_z,Elbow.L_x,Elbow.L_y,Elbow.L_z,Wrist.L_x,Wrist.L_y,Wrist.L_z,Neck_x,Neck_y,Neck_z,Head_x,Head_y,Head_z,Nose_x,Nose_y,Nose_z,Eye.L_x,Eye.L_y,Eye.L_z,Eye.R_x,Eye.R_y,Eye.R_z,Ear.L_x,Ear.L_y,Ear.L_z,Ear.R_x,Ear.R_y,Ear.R_z,hip.Center_x,hip.Center_y,hip.Center_z
0,0.2717053,0.31331387,-0.0090987915,0.14043607,0.24313831,0.33244997,-0.030673381,0.121938646,0.059862316,-0.02738785,0.30789822,-0.12803127,0.060851313,0.52413,0.11534874,0.24260183,0.32431182,-0.15621203,0.10943907,0.46908754,0.002686831,0.01432986,0.3083224,0.17201369,-0.25596398,0.37235066,0.23459914,-0.28101602,0.51035297,-0.027843073,-0.073770665,0.4658803,-0.21059674,0.07910134,0.5457426,-0.038377933,-0.32691407,0.4945385,0.12425483,-0.48912376,0.6481093,0.09058231,-0.3418116,0.6852373,0.1193429,-0.38332552,0.67923486,0.074188024,-0.3974412,0.69003737,0.1392566,-0.4206672,0.5941786,0.042183757,-0.459371,0.61153066,0.18165755,-0.029030615463852882,0.21491843461990356,-0.03408447653055191
