frame,Ankle.R_x,Ankle.R_y,Ankle.R_z,Knee.R_x,Knee.R_y,Knee.R_z,Hip.R_x,Hip.R_y,Hip.R_z,Hip.L_x,Hip.L_y,Hip.L_z,Knee.L_x,Knee.L_y,Knee.L_z,Ankle.L_x,Ankle.L_y,Ankle.L_z,Wrist.R_x,Wrist.R_y,Wrist.R_z,Elbow.R_x,Elbow.R_y,Elbow.R_z,Shoulder.R_x,Shoulder.R_y,Shoulder.R_z,Shoulder.L_x,Shoulder.L_y,Shoulder.L_z,Elbow.L_x,Elbow.L_y,Elbow.L_z,Wrist.L_x,Wrist.L_y,Wrist.L_z,Neck_x,Neck_y,Neck_z,Head_x,Head_y,Head_z,Nose_x,Nose_y,Nose_z,Eye.L_x,Eye.L_y,Eye.L_z,Eye.R_x,Eye.R_y,Eye.R_z,Ear.L_x,Ear.L_y,Ear.L_z,Ear.R_x,Ear.R_y,Ear.R_z,hip.Center_x,hip.Center_y,hip.Center_z
0,0.106385045,0.25853157,0.07354377,-0.045074914,0.11149565,0.35819653,-0.029357603,0.10696189,0.04265309,0.0065367953,0.29824603,-0.13541625,-0.1782793,0.4672297,0.036466245,0.19157843,0.3766918,-0.0011475726,-0.024539664,0.4247842,0.12109494,-0.08573078,0.2280338,0.2587468,-0.31772956,0.36560345,0.151787,-0.322594,0.44358733,-0.13578802,-0.18700351,0.32300735,-0.3474121,-0.057860106,0.38419694,-0.15157211,-0.36107433,0.4454038,0.012042329,-0.5089331,0.56124175,-0.042017467,-0.36635065,0.62625617,-0.02858232,-0.40616953,0.60564256,-0.0692686,-0.42041594,0.627943,-0.0073341727,-0.4335134,0.51116574,-0.08267982,-0.46949947,0.5500292,0.052188106,-0.011410403996706009,0.20260396599769592,-0.04638158157467842
