frame,Ankle.R_x,Ankle.R_y,Ankle.R_z,Knee.R_x,Knee.R_y,Knee.R_z,Hip.R_x,Hip.R_y,Hip.R_z,Hip.L_x,Hip.L_y,Hip.L_z,Knee.L_x,Knee.L_y,Knee.L_z,Ankle.L_x,Ankle.L_y,Ankle.L_z,Wrist.R_x,Wrist.R_y,Wrist.R_z,Elbow.R_x,Elbow.R_y,Elbow.R_z,Shoulder.R_x,Shoulder.R_y,Shoulder.R_z,Shoulder.L_x,Shoulder.L_y,Shoulder.L_z,Elbow.L_x,Elbow.L_y,Elbow.L_z,Wrist.L_x,Wrist.L_y,Wrist.L_z,Neck_x,Neck_y,Neck_z,Head_x,Head_y,Head_z,Nose_x,Nose_y,Nose_z,Eye.L_x,Eye.L_y,Eye.L_z,Eye.R_x,Eye.R_y,Eye.R_z,Ear.L_x,Ear.L_y,Ear.L_z,Ear.R_x,Ear.R_y,Ear.R_z,hip.Center_x,hip.Center_y,hip.Center_z
0,0.2974953,0.3399435,0.033586532,0.1387434,0.18814579,0.33899316,-0.021876615,0.112078905,0.046048053,-0.033333987,0.31725812,-0.11802626,0.04327293,0.48204362,0.17948067,0.2094889,0.39575565,-0.15633678,0.10692897,0.43605253,0.023734124,0.008027287,0.2905911,0.20344754,-0.26445386,0.35961124,0.24554554,-0.29697025,0.4856367,-0.023097008,-0.10226295,0.44420332,-0.21944892,0.037412077,0.51889086,-0.037017204,-0.33683792,0.4724409,0.13093647,-0.496633,0.6284172,0.10582626,-0.34849215,0.66049665,0.13615048,-0.39030686,0.65915084,0.09111589,-0.40398112,0.6649031,0.15680182,-0.42971832,0.5770573,0.053516045,-0.4671363,0.58508074,0.19350983,-0.027605300769209862,0.21466851234436035,-0.035989101976156235
