frame,Ankle.R_x,Ankle.R_y,Ankle.R_z,Knee.R_x,Knee.R_y,Knee.R_z,Hip.R_x,Hip.R_y,Hip.R_z,Hip.L_x,Hip.L_y,Hip.L_z,Knee.L_x,Knee.L_y,Knee.L_z,Ankle.L_x,Ankle.L_y,Ankle.L_z,Wrist.R_x,Wrist.R_y,Wrist.R_z,Elbow.R_x,Elbow.R_y,Elbow.R_z,Shoulder.R_x,Shoulder.R_y,Shoulder.R_z,Shoulder.L_x,Shoulder.L_y,Shoulder.L_z,Elbow.L_x,Elbow.L_y,Elbow.L_z,Wrist.L_x,Wrist.L_y,Wrist.L_z,Neck_x,Neck_y,Neck_z,Head_x,Head_y,Head_z,Nose_x,Nose_y,Nose_z,Eye.L_x,Eye.L_y,Eye.L_z,Eye.R_x,Eye.R_y,Eye.R_z,Ear.L_x,Ear.L_y,Ear.L_z,Ear.R_x,Ear.R_y,Ear.R_z,hip.Center_x,hip.Center_y,hip.Center_z
0,0.11974709,0.39206067,0.15337756,-0.0234548,0.13025272,0.36306843,-0.009968962,0.104766965,0.04827696,-0.010348453,0.29026085,-0.13790825,-0.19519359,0.4660177,0.023265878,0.17242713,0.3655145,-0.002059491,-0.042926505,0.3970579,0.13719356,-0.100679435,0.20136836,0.2771942,-0.33142227,0.3277035,0.1537509,-0.32839167,0.41692293,-0.13111748,-0.19584268,0.33972746,-0.3623214,-0.072143406,0.38643178,-0.16143405,-0.3726513,0.4112816,0.012443649,-0.5256627,0.5212223,-0.047440648,-0.3858658,0.59091806,-0.03604658,-0.4248302,0.56780446,-0.07595992,-0.44009796,0.5921134,-0.015086934,-0.44887125,0.47245082,-0.08532287,-0.48729402,0.51496434,0.047194436,-0.01015870738774538,0.1975139081478119,-0.04481564462184906
