frame,Ankle.R_x,Ankle.R_y,Ankle.R_z,Knee.R_x,Knee.R_y,Knee.R_z,Hip.R_x,Hip.R_y,Hip.R_z,Hip.L_x,Hip.L_y,Hip.L_z,Knee.L_x,Knee.L_y,Knee.L_z,Ankle.L_x,Ankle.L_y,Ankle.L_z,Wrist.R_x,Wrist.R_y,Wrist.R_z,Elbow.R_x,Elbow.R_y,Elbow.R_z,Shoulder.R_x,Shoulder.R_y,Shoulder.R_z,Shoulder.L_x,Shoulder.L_y,Shoulder.L_z,Elbow.L_x,Elbow.L_y,Elbow.L_z,Wrist.L_x,Wrist.L_y,Wrist.L_z,Neck_x,Neck_y,Neck_z,Head_x,Head_y,Head_z,Nose_x,Nose_y,Nose_z,Eye.L_x,Eye.L_y,Eye.L_z,Eye.R_x,Eye.R_y,Eye.R_z,Ear.L_x,Ear.L_y,Ear.L_z,Ear.R_x,Ear.R_y,Ear.R_z,hip.Center_x,hip.Center_y,hip.Center_z
0,0.29719505,0.35469374,0.00021239388,0.13030191,0.2852027,0.32999787,-0.022042397,0.12483156,0.065798625,-0.03424201,0.29827142,-0.13035667,0.07383219,0.5366288,0.104119234,0.2575729,0.3246973,-0.16035183,0.08653467,0.45707145,-0.0009764779,0.011618478,0.2940466,0.17459959,-0.2586709,0.3657505,0.23166224,-0.28811857,0.49675995,-0.03415321,-0.07601022,0.4602523,-0.21435004,0.05114974,0.5489876,-0.028191265,-0.33260158,0.4828828,0.11992858,-0.49991482,0.6352,0.09824066,-0.35113364,0.673056,0.11573032,-0.39589515,0.66713375,0.07411374,-0.40508932,0.6772413,0.1399888,-0.43505418,0.5822859,0.044582456,-0.46306688,0.5984168,0.18629879,-0.028142204508185387,0.2115514874458313,-0.03227902203798294
