frame,Ankle.R_x,Ankle.R_y,Ankle.R_z,Knee.R_x,Knee.R_y,Knee.R_z,Hip.R_x,Hip.R_y,Hip.R_z,Hip.L_x,Hip.L_y,Hip.L_z,Knee.L_x,Knee.L_y,Knee.L_z,Ankle.L_x,Ankle.L_y,Ankle.L_z,Wrist.R_x,Wrist.R_y,Wrist.R_z,Elbow.R_x,Elbow.R_y,Elbow.R_z,Shoulder.R_x,Shoulder.R_y,Shoulder.R_z,Shoulder.L_x,Shoulder.L_y,Shoulder.L_z,Elbow.L_x,Elbow.L_y,Elbow.L_z,Wrist.L_x,Wrist.L_y,Wrist.L_z,Neck_x,Neck_y,Neck_z,Head_x,Head_y,Head_z,Nose_x,Nose_y,Nose_z,Eye.L_x,Eye.L_y,Eye.L_z,Eye.R_x,Eye.R_y,Eye.R_z,Ear.L_x,Ear.L_y,Ear.L_z,Ear.R_x,Ear.R_y,Ear.R_z,hip.Center_x,hip.Center_y,hip.Center_z
0,0.14405191,0.4094086,0.12502937,0.01937848,0.1564167,0.34368393,-0.017063137,0.086394936,0.00492383,-0.017751837,0.33898857,-0.086267725,-0.044562243,0.24893591,0.26995307,0.053678658,0.4076024,-0.042417932,-0.03980193,0.407454,0.18411963,-0.087354936,0.2097941,0.3248344,-0.32081574,0.3360446,0.20581266,-0.32841176,0.43113655,-0.08138625,-0.14433195,0.4085872,-0.29187116,-0.08732776,0.45532292,-0.062454626,-0.37094527,0.4206098,0.06759705,-0.52228475,0.545742,0.016042626,-0.38005608,0.60666084,0.045351222,-0.4183762,0.592146,-0.00046767294,-0.43640125,0.60742694,0.06290927,-0.44424734,0.49882236,-0.024244562,-0.48950094,0.52441317,0.11068229,-0.017407488077878952,0.2126917541027069,-0.040671948343515396
