frame,Ankle.R_x,Ankle.R_y,Ankle.R_z,Knee.R_x,Knee.R_y,Knee.R_z,Hip.R_x,Hip.R_y,Hip.R_z,Hip.L_x,Hip.L_y,Hip.L_z,Knee.L_x,Knee.L_y,Knee.L_z,Ankle.L_x,Ankle.L_y,Ankle.L_z,Wrist.R_x,Wrist.R_y,Wrist.R_z,Elbow.R_x,Elbow.R_y,Elbow.R_z,Shoulder.R_x,Shoulder.R_y,Shoulder.R_z,Shoulder.L_x,Shoulder.L_y,Shoulder.L_z,Elbow.L_x,Elbow.L_y,Elbow.L_z,Wrist.L_x,Wrist.L_y,Wrist.L_z,Neck_x,Neck_y,Neck_z,Head_x,Head_y,Head_z,Nose_x,Nose_y,Nose_z,Eye.L_x,Eye.L_y,Eye.L_z,Eye.R_x,Eye.R_y,Eye.R_z,Ear.L_x,Ear.L_y,Ear.L_z,Ear.R_x,Ear.R_y,Ear.R_z,hip.Center_x,hip.Center_y,hip.Center_z
0,0.28738004,0.38567486,0.02680633,0.13525406,0.22699906,0.33264345,-0.0137511855,0.10957361,0.046073675,-0.040074367,0.3174548,-0.115195334,0.052614756,0.4757567,0.18855909,0.19521558,0.41621628,-0.16346388,0.076627724,0.4248,0.023961473,0.0013423046,0.2661563,0.20264643,-0.26918903,0.34611958,0.2508208,-0.30596837,0.4726057,-0.019518886,-0.09999482,0.43228477,-0.20584022,0.029866613,0.50274605,-0.014291769,-0.34569514,0.45750076,0.13558774,-0.5137043,0.6063132,0.11788045,-0.36564934,0.6467099,0.14070536,-0.40973726,0.6435003,0.09790829,-0.42010963,0.6476686,0.16440028,-0.446397,0.5596494,0.06104952,-0.47677356,0.5637293,0.20333163,-0.02691277675330639,0.21351419389247894,-0.034560829401016235
