frame,Ankle.R_x,Ankle.R_y,Ankle.R_z,Knee.R_x,Knee.R_y,Knee.R_z,Hip.R_x,Hip.R_y,Hip.R_z,Hip.L_x,Hip.L_y,Hip.L_z,Knee.L_x,Knee.L_y,Knee.L_z,Ankle.L_x,Ankle.L_y,Ankle.L_z,Wrist.R_x,Wrist.R_y,Wrist.R_z,Elbow.R_x,Elbow.R_y,Elbow.R_z,Shoulder.R_x,Shoulder.R_y,Shoulder.R_z,Shoulder.L_x,Shoulder.L_y,Shoulder.L_z,Elbow.L_x,Elbow.L_y,Elbow.L_z,Wrist.L_x,Wrist.L_y,Wrist.L_z,Neck_x,Neck_y,Neck_z,Head_x,Head_y,Head_z,Nose_x,Nose_y,Nose_z,Eye.L_x,Eye.L_y,Eye.L_z,Eye.R_x,Eye.R_y,Eye.R_z,Ear.L_x,Ear.L_y,Ear.L_z,Ear.R_x,Ear.R_y,Ear.R_z,hip.Center_x,hip.Center_y,hip.Center_z
0,0.2837863,0.41183728,-0.006355383,0.14568914,0.28132597,0.31794164,-0.0044900826,0.111681566,0.051782608,-0.04787184,0.3112567,-0.11610316,0.059874993,0.48612556,0.17826149,0.19826156,0.42249715,-0.17332676,0.07283167,0.4327712,0.03071674,-0.0018648554,0.2674451,0.20305327,-0.27519327,0.33368757,0.250046,-0.31072086,0.46189228,-0.019260854,-0.09575014,0.43018565,-0.19610891,0.042975806,0.49540547,-0.007836957,-0.35307083,0.44489127,0.13506402,-0.52439034,0.5903555,0.11491652,-0.37719527,0.63367254,0.1366388,-0.42112058,0.62835765,0.09389973,-0.43158603,0.6345507,0.1601732,-0.4563626,0.5430519,0.05954276,-0.48678556,0.5509325,0.20167848,-0.02618096023797989,0.2114691436290741,-0.03216027468442917
