frame,Ankle.R_x,Ankle.R_y,Ankle.R_z,Knee.R_x,Knee.R_y,Knee.R_z,Hip.R_x,Hip.R_y,Hip.R_z,Hip.L_x,Hip.L_y,Hip.L_z,Knee.L_x,Knee.L_y,Knee.L_z,Ankle.L_x,Ankle.L_y,Ankle.L_z,Wrist.R_x,Wrist.R_y,Wrist.R_z,Elbow.R_x,Elbow.R_y,Elbow.R_z,Shoulder.R_x,Shoulder.R_y,Shoulder.R_z,Shoulder.L_x,Shoulder.L_y,Shoulder.L_z,Elbow.L_x,Elbow.L_y,Elbow.L_z,Wrist.L_x,Wrist.L_y,Wrist.L_z,Neck_x,Neck_y,Neck_z,Head_x,Head_y,Head_z,Nose_x,Nose_y,Nose_z,Eye.L_x,Eye.L_y,Eye.L_z,Eye.R_x,Eye.R_y,Eye.R_z,Ear.L_x,Ear.L_y,Ear.L_z,Ear.R_x,Ear.R_y,Ear.R_z,hip.Center_x,hip.Center_y,hip.Center_z
0,0.29141432,0.40904525,-0.016179522,0.15439531,0.29050565,0.31382668,-0.0059079425,0.11441371,0.05543624,-0.04727181,0.30908486,-0.11797809,0.07556234,0.4953111,0.16657531,0.20998628,0.4104225,-0.1825019,0.07889031,0.4337667,0.027117806,0.0019956748,0.27286524,0.20312175,-0.27065685,0.34072417,0.25178337,-0.31269416,0.46566948,-0.018537894,-0.10118356,0.4338484,-0.19922677,0.041783452,0.50670254,-0.016883694,-0.3509314,0.45054045,0.13727751,-0.52149075,0.59843075,0.123213716,-0.3729635,0.6390961,0.13986866,-0.41845712,0.63476145,0.09876903,-0.42646265,0.6405457,0.16536206,-0.45632893,0.5504205,0.06495027,-0.48146296,0.5575731,0.20811224,-0.026589876040816307,0.21174928545951843,-0.03127092495560646
