frame,Ankle.R_x,Ankle.R_y,Ankle.R_z,Knee.R_x,Knee.R_y,Knee.R_z,Hip.R_x,Hip.R_y,Hip.R_z,Hip.L_x,Hip.L_y,Hip.L_z,Knee.L_x,Knee.L_y,Knee.L_z,Ankle.L_x,Ankle.L_y,Ankle.L_z,Wrist.R_x,Wrist.R_y,Wrist.R_z,Elbow.R_x,Elbow.R_y,Elbow.R_z,Shoulder.R_x,Shoulder.R_y,Shoulder.R_z,Shoulder.L_x,Shoulder.L_y,Shoulder.L_z,Elbow.L_x,Elbow.L_y,Elbow.L_z,Wrist.L_x,Wrist.L_y,Wrist.L_z,Neck_x,Neck_y,Neck_z,Head_x,Head_y,Head_z,Nose_x,Nose_y,Nose_z,Eye.L_x,Eye.L_y,Eye.L_z,Eye.R_x,Eye.R_y,Eye.R_z,Ear.L_x,Ear.L_y,Ear.L_z,Ear.R_x,Ear.R_y,Ear.R_z,hip.Center_x,hip.Center_y,hip.Center_z
0,0.1634499,0.19138408,0.06412124,-0.048220348,0.13929187,0.3562956,-0.042974822,0.093053326,-0.010562629,0.024410788,0.34349585,-0.07522948,-0.04058863,0.27325103,0.3065287,0.15399723,0.35761443,-0.0025642447,0.010510685,0.07353236,0.2576091,-0.18286638,0.06084738,0.09343323,-0.41380882,0.17790464,0.04935803,-0.3792102,0.41588303,-0.10979453,-0.1646024,0.42223054,0.036275864,-0.0062966906,0.4353243,0.23707154,-0.4629415,0.30063117,-0.040955648,-0.6700882,0.2870769,-0.048854873,-0.5883149,0.40691853,-0.102013096,-0.61772287,0.35841548,-0.12039619,-0.6282627,0.39212283,-0.063372664,-0.5902203,0.26588917,-0.101648025,-0.61323225,0.3304428,0.022749897,-0.00928201712667942,0.21827459335327148,-0.042896054685115814
