frame,Ankle.R_x,Ankle.R_y,Ankle.R_z,Knee.R_x,Knee.R_y,Knee.R_z,Hip.R_x,Hip.R_y,Hip.R_z,Hip.L_x,Hip.L_y,Hip.L_z,Knee.L_x,Knee.L_y,Knee.L_z,Ankle.L_x,Ankle.L_y,Ankle.L_z,Wrist.R_x,Wrist.R_y,Wrist.R_z,Elbow.R_x,Elbow.R_y,Elbow.R_z,Shoulder.R_x,Shoulder.R_y,Shoulder.R_z,Shoulder.L_x,Shoulder.L_y,Shoulder.L_z,Elbow.L_x,Elbow.L_y,Elbow.L_z,Wrist.L_x,Wrist.L_y,Wrist.L_z,Neck_x,Neck_y,Neck_z,Head_x,Head_y,Head_z,Nose_x,Nose_y,Nose_z,Eye.L_x,Eye.L_y,Eye.L_z,Eye.R_x,Eye.R_y,Eye.R_z,Ear.L_x,Ear.L_y,Ear.L_z,Ear.R_x,Ear.R_y,Ear.R_z,hip.Center_x,hip.Center_y,hip.Center_z
0,0.33574218,0.206553,-0.45406967,0.39845115,0.29392314,-0.07000511,0.022921931,0.14691082,0.084236726,-0.06609299,0.29816756,-0.1001599,0.28548542,0.47260973,-0.16903663,0.3098485,0.40865546,-0.57858336,0.1196659,0.060553823,0.20776513,-0.13056046,0.061408002,0.20612708,-0.37109074,0.19576466,0.21800189,-0.38189247,0.4353059,0.036245245,-0.123005554,0.49057996,-0.043302123,0.104456976,0.5118631,0.055511683,-0.44866186,0.3311769,0.14434902,-0.66592187,0.3265319,0.15434207,-0.5875427,0.44616288,0.21357815,-0.62469906,0.42858508,0.16814303,-0.6216781,0.398889,0.22657552,-0.5978917,0.3691245,0.09360789,-0.5938121,0.2988552,0.21665564,-0.021585529670119286,0.22253918647766113,-0.007961586117744446
