frame,Ankle.R_x,Ankle.R_y,Ankle.R_z,Knee.R_x,Knee.R_y,Knee.R_z,Hip.R_x,Hip.R_y,Hip.R_z,Hip.L_x,Hip.L_y,Hip.L_z,Knee.L_x,Knee.L_y,Knee.L_z,Ankle.L_x,Ankle.L_y,Ankle.L_z,Wrist.R_x,Wrist.R_y,Wrist.R_z,Elbow.R_x,Elbow.R_y,Elbow.R_z,Shoulder.R_x,Shoulder.R_y,Shoulder.R_z,Shoulder.L_x,Shoulder.L_y,Shoulder.L_z,Elbow.L_x,Elbow.L_y,Elbow.L_z,Wrist.L_x,Wrist.L_y,Wrist.L_z,Neck_x,Neck_y,Neck_z,Head_x,Head_y,Head_z,Nose_x,Nose_y,Nose_z,Eye.L_x,Eye.L_y,Eye.L_z,Eye.R_x,Eye.R_y,Eye.R_z,Ear.L_x,Ear.L_y,Ear.L_z,Ear.R_x,Ear.R_y,Ear.R_z,hip.Center_x,hip.Center_y,hip.Center_z
0,0.3434686,0.21666889,-0.41047966,0.41000327,0.2593535,-0.020648165,0.010395018,0.1290163,0.069720745,-0.055124655,0.31867522,-0.0886576,0.32185316,0.4525514,-0.14491169,0.31614158,0.41807464,-0.55809826,0.12207826,0.044876438,0.21598165,-0.12964107,0.05852308,0.2084726,-0.3775707,0.1831972,0.20974314,-0.38364282,0.42932606,0.035157472,-0.12290871,0.48679003,-0.0373681,0.11200094,0.5247491,0.041377977,-0.45473555,0.3212729,0.13724443,-0.6740369,0.31861722,0.1450781,-0.5936564,0.4309156,0.21460453,-0.63164234,0.41849613,0.16811734,-0.6282192,0.38306588,0.2232193,-0.60604334,0.36651552,0.087423846,-0.6013961,0.2843187,0.20268416,-0.022364817559719086,0.22384575009346008,-0.009468428790569305
