frame,Ankle.R_x,Ankle.R_y,Ankle.R_z,Knee.R_x,Knee.R_y,Knee.R_z,Hip.R_x,Hip.R_y,Hip.R_z,Hip.L_x,Hip.L_y,Hip.L_z,Knee.L_x,Knee.L_y,Knee.L_z,Ankle.L_x,Ankle.L_y,Ankle.L_z,Wrist.R_x,Wrist.R_y,Wrist.R_z,Elbow.R_x,Elbow.R_y,Elbow.R_z,Shoulder.R_x,Shoulder.R_y,Shoulder.R_z,Shoulder.L_x,Shoulder.L_y,Shoulder.L_z,Elbow.L_x,Elbow.L_y,Elbow.L_z,Wrist.L_x,Wrist.L_y,Wrist.L_z,Neck_x,Neck_y,Neck_z,Head_x,Head_y,Head_z,Nose_x,Nose_y,Nose_z,Eye.L_x,Eye.L_y,Eye.L_z,Eye.R_x,Eye.R_y,Eye.R_z,Ear.L_x,Ear.L_y,Ear.L_z,Ear.R_x,Ear.R_y,Ear.R_z,hip.Center_x,hip.Center_y,hip.Center_z
0,0.3189039,0.41785124,-0.016959777,0.14440535,0.3340335,0.30750743,0.0001649201,0.12385096,0.06720766,-0.052017417,0.2941438,-0.12674288,0.07780032,0.51444817,0.13977097,0.21776843,0.40553498,-0.20166636,0.08720979,0.42061272,0.03682811,-0.0042099515,0.2587669,0.20321937,-0.27407357,0.33834887,0.24451843,-0.31771147,0.46265545,-0.025859851,-0.1087924,0.44276783,-0.21144837,0.023615997,0.5021945,-0.018432647,-0.35375172,0.44640568,0.13077614,-0.5235472,0.5940736,0.12284073,-0.3754608,0.63562244,0.14108126,-0.4207483,0.6321163,0.099908456,-0.4289499,0.63549834,0.16655721,-0.45817915,0.54865575,0.06305224,-0.48291993,0.55103564,0.20632966,-0.025926249101758003,0.20899736881256104,-0.029767613857984543
