frame,Ankle.R_x,Ankle.R_y,Ankle.R_z,Knee.R_x,Knee.R_y,Knee.R_z,Hip.R_x,Hip.R_y,Hip.R_z,Hip.L_x,Hip.L_y,Hip.L_z,Knee.L_x,Knee.L_y,Knee.L_z,Ankle.L_x,Ankle.L_y,Ankle.L_z,Wrist.R_x,Wrist.R_y,Wrist.R_z,Elbow.R_x,Elbow.R_y,Elbow.R_z,Shoulder.R_x,Shoulder.R_y,Shoulder.R_z,Shoulder.L_x,Shoulder.L_y,Shoulder.L_z,Elbow.L_x,Elbow.L_y,Elbow.L_z,Wrist.L_x,Wrist.L_y,Wrist.L_z,Neck_x,Neck_y,Neck_z,Head_x,Head_y,Head_z,Nose_x,Nose_y,Nose_z,Eye.L_x,Eye.L_y,Eye.L_z,Eye.R_x,Eye.R_y,Eye.R_z,Ear.L_x,Ear.L_y,Ear.L_z,Ear.R_x,Ear.R_y,Ear.R_z,hip.Center_x,hip.Center_y,hip.Center_z
0,0.3301683,0.35461935,0.0035533202,0.12180143,0.33137518,0.31938538,-0.022107458,0.1295808,0.07211548,-0.031506196,0.28949103,-0.13541251,0.09044954,0.54710877,0.084243424,0.29655063,0.32836768,-0.16126736,0.100209564,0.43284327,-0.0054401257,-0.00097389694,0.29444227,0.17565256,-0.27163702,0.36490676,0.22020996,-0.29963464,0.4914984,-0.04858386,-0.07876806,0.47075215,-0.2175729,0.056832436,0.5533286,-0.0363279,-0.34483916,0.4758879,0.10573575,-0.5173954,0.6206621,0.09620311,-0.37049487,0.6653459,0.11357325,-0.41576517,0.6606021,0.072802745,-0.42369568,0.66408014,0.13932772,-0.45126048,0.57677484,0.036094204,-0.47559327,0.5787148,0.17913778,-0.026806827634572983,0.20953591167926788,-0.03164851665496826
