frame,Ankle.R_x,Ankle.R_y,Ankle.R_z,Knee.R_x,Knee.R_y,Knee.R_z,Hip.R_x,Hip.R_y,Hip.R_z,Hip.L_x,Hip.L_y,Hip.L_z,Knee.L_x,Knee.L_y,Knee.L_z,Ankle.L_x,Ankle.L_y,Ankle.L_z,Wrist.R_x,Wrist.R_y,Wrist.R_z,Elbow.R_x,Elbow.R_y,Elbow.R_z,Shoulder.R_x,Shoulder.R_y,Shoulder.R_z,Shoulder.L_x,Shoulder.L_y,Shoulder.L_z,Elbow.L_x,Elbow.L_y,Elbow.L_z,Wrist.L_x,Wrist.L_y,Wrist.L_z,Neck_x,Neck_y,Neck_z,Head_x,Head_y,Head_z,Nose_x,Nose_y,Nose_z,Eye.L_x,Eye.L_y,Eye.L_z,Eye.R_x,Eye.R_y,Eye.R_z,Ear.L_x,Ear.L_y,Ear.L_z,Ear.R_x,Ear.R_y,Ear.R_z,hip.Center_x,hip.Center_y,hip.Center_z
0,0.34225464,0.34615365,-0.0045523387,0.13249645,0.34506142,0.31074587,-0.022618677,0.13159877,0.07408093,-0.031167833,0.28796852,-0.13586117,0.09188046,0.54661125,0.08191375,0.3019849,0.32888994,-0.15845987,0.097988054,0.4465032,-0.0053208913,-0.0031892282,0.30319053,0.17163475,-0.27442575,0.36504298,0.2161975,-0.3007792,0.4893972,-0.053210028,-0.07117156,0.45834705,-0.20733583,0.057158925,0.5386296,-0.020128967,-0.34706602,0.47558597,0.10145399,-0.5139235,0.6300672,0.0952974,-0.36359847,0.6636373,0.10445662,-0.41080028,0.66105735,0.06597758,-0.4153745,0.6672715,0.1325344,-0.45438555,0.5792983,0.034029834,-0.47162014,0.58737826,0.17784107,-0.0268932543694973,0.2097836434841156,-0.030890122056007385
