frame,Ankle.R_x,Ankle.R_y,Ankle.R_z,Knee.R_x,Knee.R_y,Knee.R_z,Hip.R_x,Hip.R_y,Hip.R_z,Hip.L_x,Hip.L_y,Hip.L_z,Knee.L_x,Knee.L_y,Knee.L_z,Ankle.L_x,Ankle.L_y,Ankle.L_z,Wrist.R_x,Wrist.R_y,Wrist.R_z,Elbow.R_x,Elbow.R_y,Elbow.R_z,Shoulder.R_x,Shoulder.R_y,Shoulder.R_z,Shoulder.L_x,Shoulder.L_y,Shoulder.L_z,Elbow.L_x,Elbow.L_y,Elbow.L_z,Wrist.L_x,Wrist.L_y,Wrist.L_z,Neck_x,Neck_y,Neck_z,Head_x,Head_y,Head_z,Nose_x,Nose_y,Nose_z,Eye.L_x,Eye.L_y,Eye.L_z,Eye.R_x,Eye.R_y,Eye.R_z,Ear.L_x,Ear.L_y,Ear.L_z,Ear.R_x,Ear.R_y,Ear.R_z,hip.Center_x,hip.Center_y,hip.Center_z
0,0.320603,0.41210544,0.011717972,0.1209039,0.31345823,0.31867906,-0.0077987453,0.11819972,0.061487217,-0.044384625,0.30144694,-0.12455409,0.07502354,0.5125843,0.1480422,0.21033864,0.40538943,-0.19525485,0.09758863,0.41375792,0.043562822,-0.01058161,0.26310128,0.21035363,-0.28423774,0.33625808,0.23718092,-0.31590876,0.46607342,-0.03255258,-0.10311128,0.4479794,-0.21283725,0.015240553,0.5092522,-0.012715561,-0.3584904,0.44681656,0.1222785,-0.5271561,0.5980696,0.122674026,-0.37713566,0.6348177,0.13537075,-0.4243384,0.63424754,0.09630088,-0.42938495,0.6350939,0.16329208,-0.46572107,0.5534704,0.05811046,-0.4841962,0.55053955,0.20204732,-0.0260916855186224,0.209823340177536,-0.031533434987068176
