frame,Ankle.R_x,Ankle.R_y,Ankle.R_z,Knee.R_x,Knee.R_y,Knee.R_z,Hip.R_x,Hip.R_y,Hip.R_z,Hip.L_x,Hip.L_y,Hip.L_z,Knee.L_x,Knee.L_y,Knee.L_z,Ankle.L_x,Ankle.L_y,Ankle.L_z,Wrist.R_x,Wrist.R_y,Wrist.R_z,Elbow.R_x,Elbow.R_y,Elbow.R_z,Shoulder.R_x,Shoulder.R_y,Shoulder.R_z,Shoulder.L_x,Shoulder.L_y,Shoulder.L_z,Elbow.L_x,Elbow.L_y,Elbow.L_z,Wrist.L_x,Wrist.L_y,Wrist.L_z,Neck_x,Neck_y,Neck_z,Head_x,Head_y,Head_z,Nose_x,Nose_y,Nose_z,Eye.L_x,Eye.L_y,Eye.L_z,Eye.R_x,Eye.R_y,Eye.R_z,Ear.L_x,Ear.L_y,Ear.L_z,Ear.R_x,Ear.R_y,Ear.R_z,hip.Center_x,hip.Center_y,hip.Center_z
0,0.15145294,0.41540056,0.16740209,-0.0041279527,0.13694054,0.33932152,-0.01099092,0.085313834,0.004357133,-0.021700358,0.33655876,-0.08716688,-0.03812021,0.2591609,0.27409446,-0.006637779,0.43438336,-0.048630454,-0.027288685,0.4034316,0.19502981,-0.100897826,0.1945184,0.30556276,-0.32462305,0.3446817,0.19873412,-0.3377751,0.43920332,-0.08515722,-0.18434896,0.43395528,-0.31722167,-0.11482808,0.46809584,-0.09015274,-0.37343863,0.42488816,0.061001465,-0.5300438,0.544877,0.025906807,-0.38494477,0.60738575,0.03279931,-0.43020222,0.59233475,-0.0062225163,-0.43831146,0.6077235,0.058854103,-0.4583844,0.4987505,-0.025481254,-0.48273304,0.52473104,0.114381395,-0.016345638781785965,0.2109362930059433,-0.04140487313270569
