frame,Ankle.R_x,Ankle.R_y,Ankle.R_z,Knee.R_x,Knee.R_y,Knee.R_z,Hip.R_x,Hip.R_y,Hip.R_z,Hip.L_x,Hip.L_y,Hip.L_z,Knee.L_x,Knee.L_y,Knee.L_z,Ankle.L_x,Ankle.L_y,Ankle.L_z,Wrist.R_x,Wrist.R_y,Wrist.R_z,Elbow.R_x,Elbow.R_y,Elbow.R_z,Shoulder.R_x,Shoulder.R_y,Shoulder.R_z,Shoulder.L_x,Shoulder.L_y,Shoulder.L_z,Elbow.L_x,Elbow.L_y,Elbow.L_z,Wrist.L_x,Wrist.L_y,Wrist.L_z,Neck_x,Neck_y,Neck_z,Head_x,Head_y,Head_z,Nose_x,Nose_y,Nose_z,Eye.L_x,Eye.L_y,Eye.L_z,Eye.R_x,Eye.R_y,Eye.R_z,Ear.L_x,Ear.L_y,Ear.L_z,Ear.R_x,Ear.R_y,Ear.R_z,hip.Center_x,hip.Center_y,hip.Center_z
0,0.31812975,0.40450093,0.022177028,0.13170719,0.27862057,0.32724288,-0.0092610065,0.11537266,0.056862622,-0.042973142,0.305711,-0.122771874,0.05966176,0.5020338,0.15970117,0.199824,0.40901756,-0.18441615,0.100876294,0.4213829,0.040057514,-0.00062126515,0.2678873,0.20893927,-0.27146384,0.344778,0.24615234,-0.32604903,0.4686142,-0.023546409,-0.13661657,0.46153095,-0.22643887,0.018636655,0.51726335,-0.049822554,-0.3524069,0.45102426,0.1328079,-0.5148313,0.60560346,0.13673615,-0.36321008,0.63788855,0.14056501,-0.41221714,0.6378441,0.10394309,-0.41378602,0.64056146,0.17112523,-0.45854235,0.55745804,0.07024632,-0.4690621,0.5586014,0.2153462,-0.026117075234651566,0.21054182946681976,-0.0329546257853508
