frame,Ankle.R_x,Ankle.R_y,Ankle.R_z,Knee.R_x,Knee.R_y,Knee.R_z,Hip.R_x,Hip.R_y,Hip.R_z,Hip.L_x,Hip.L_y,Hip.L_z,Knee.L_x,Knee.L_y,Knee.L_z,Ankle.L_x,Ankle.L_y,Ankle.L_z,Wrist.R_x,Wrist.R_y,Wrist.R_z,Elbow.R_x,Elbow.R_y,Elbow.R_z,Shoulder.R_x,Shoulder.R_y,Shoulder.R_z,Shoulder.L_x,Shoulder.L_y,Shoulder.L_z,Elbow.L_x,Elbow.L_y,Elbow.L_z,Wrist.L_x,Wrist.L_y,Wrist.L_z,Neck_x,Neck_y,Neck_z,Head_x,Head_y,Head_z,Nose_x,Nose_y,Nose_z,Eye.L_x,Eye.L_y,Eye.L_z,Eye.R_x,Eye.R_y,Eye.R_z,Ear.L_x,Ear.L_y,Ear.L_z,Ear.R_x,Ear.R_y,Ear.R_z,hip.Center_x,hip.Center_y,hip.Center_z
0,0.026779592,0.29818162,0.06926583,-0.06841555,0.096107565,0.3406114,-0.01062811,0.10408552,0.045421083,0.000515117,0.29487136,-0.13519424,-0.23179932,0.4144618,-0.01492488,0.14466262,0.37867588,-0.0026808737,-0.06272732,0.38668337,0.12145857,-0.14310446,0.19311519,0.2539816,-0.35676154,0.33147353,0.12668301,-0.35653314,0.40681672,-0.15355843,-0.22053188,0.38194445,-0.39114022,-0.14614485,0.46498078,-0.17744738,-0.39122522,0.4006127,-0.014053142,-0.54083216,0.5103994,-0.061109602,-0.39829916,0.5770484,-0.0552321,-0.44119895,0.55803883,-0.09329332,-0.45095474,0.57659155,-0.029705405,-0.46839106,0.46404162,-0.10914547,-0.49467742,0.49574542,0.029221833,-0.0050564962439239025,0.19947844743728638,-0.04488658159971237
