frame,Ankle.R_x,Ankle.R_y,Ankle.R_z,Knee.R_x,Knee.R_y,Knee.R_z,Hip.R_x,Hip.R_y,Hip.R_z,Hip.L_x,Hip.L_y,Hip.L_z,Knee.L_x,Knee.L_y,Knee.L_z,Ankle.L_x,Ankle.L_y,Ankle.L_z,Wrist.R_x,Wrist.R_y,Wrist.R_z,Elbow.R_x,Elbow.R_y,Elbow.R_z,Shoulder.R_x,Shoulder.R_y,Shoulder.R_z,Shoulder.L_x,Shoulder.L_y,Shoulder.L_z,Elbow.L_x,Elbow.L_y,Elbow.L_z,Wrist.L_x,Wrist.L_y,Wrist.L_z,Neck_x,Neck_y,Neck_z,Head_x,Head_y,Head_z,Nose_x,Nose_y,Nose_z,Eye.L_x,Eye.L_y,Eye.L_z,Eye.R_x,Eye.R_y,Eye.R_z,Ear.L_x,Ear.L_y,Ear.L_z,Ear.R_x,Ear.R_y,Ear.R_z,hip.Center_x,hip.Center_y,hip.Center_z
0,0.3235141,0.37622645,0.03146874,0.12489595,0.26800472,0.33443972,-0.023928791,0.11710617,0.056110516,-0.026944023,0.3067555,-0.12537046,0.051367555,0.5126789,0.14612013,0.26013827,0.3839029,-0.14931978,0.0822321,0.44710836,0.020295734,-0.013651795,0.29195845,0.19260319,-0.28178117,0.3521766,0.23488286,-0.32290167,0.48965082,-0.028355759,-0.12337785,0.47862262,-0.21699266,0.054576136,0.54250675,-0.06416309,-0.35526347,0.4642784,0.1246695,-0.5205891,0.6130424,0.12835023,-0.37075937,0.64951015,0.14018297,-0.41804498,0.6495311,0.10168925,-0.42254764,0.64921117,0.16865075,-0.46024674,0.5699804,0.062229283,-0.47657794,0.5637962,0.20672037,-0.025436406955122948,0.21193084120750427,-0.03462997078895569
