frame,Ankle.R_x,Ankle.R_y,Ankle.R_z,Knee.R_x,Knee.R_y,Knee.R_z,Hip.R_x,Hip.R_y,Hip.R_z,Hip.L_x,Hip.L_y,Hip.L_z,Knee.L_x,Knee.L_y,Knee.L_z,Ankle.L_x,Ankle.L_y,Ankle.L_z,Wrist.R_x,Wrist.R_y,Wrist.R_z,Elbow.R_x,Elbow.R_y,Elbow.R_z,Shoulder.R_x,Shoulder.R_y,Shoulder.R_z,Shoulder.L_x,Shoulder.L_y,Shoulder.L_z,Elbow.L_x,Elbow.L_y,Elbow.L_z,Wrist.L_x,Wrist.L_y,Wrist.L_z,Neck_x,Neck_y,Neck_z,Head_x,Head_y,Head_z,Nose_x,Nose_y,Nose_z,Eye.L_x,Eye.L_y,Eye.L_z,Eye.R_x,Eye.R_y,Eye.R_z,Ear.L_x,Ear.L_y,Ear.L_z,Ear.R_x,Ear.R_y,Ear.R_z,hip.Center_x,hip.Center_y,hip.Center_z
0,0.11434251,0.403601,0.1315152,0.0028739118,0.13850598,0.34848675,-0.007939498,0.08695063,0.010668773,-0.020453906,0.33148044,-0.09779367,-0.10400733,0.27251965,0.24714258,0.00805509,0.49604246,-0.032714352,-0.024343599,0.41148174,0.17224123,-0.107871704,0.20568682,0.28228948,-0.3300068,0.35795525,0.17616513,-0.3408256,0.4420275,-0.10928036,-0.202515,0.44911397,-0.34903565,-0.121085376,0.4893742,-0.12592702,-0.37205416,0.4332674,0.035542294,-0.5213081,0.555655,0.01072925,-0.37421256,0.61488795,0.0016650334,-0.42333055,0.6007056,-0.03204809,-0.42419577,0.61645085,0.033212196,-0.4556911,0.5074216,-0.048285015,-0.46509197,0.5345489,0.09365026,-0.014196701347827911,0.20921553671360016,-0.043562449514865875
