frame,Ankle.R_x,Ankle.R_y,Ankle.R_z,Knee.R_x,Knee.R_y,Knee.R_z,Hip.R_x,Hip.R_y,Hip.R_z,Hip.L_x,Hip.L_y,Hip.L_z,Knee.L_x,Knee.L_y,Knee.L_z,Ankle.L_x,Ankle.L_y,Ankle.L_z,Wrist.R_x,Wrist.R_y,Wrist.R_z,Elbow.R_x,Elbow.R_y,Elbow.R_z,Shoulder.R_x,Shoulder.R_y,Shoulder.R_z,Shoulder.L_x,Shoulder.L_y,Shoulder.L_z,Elbow.L_x,Elbow.L_y,Elbow.L_z,Wrist.L_x,Wrist.L_y,Wrist.L_z,Neck_x,Neck_y,Neck_z,Head_x,Head_y,Head_z,Nose_x,Nose_y,Nose_z,Eye.L_x,Eye.L_y,Eye.L_z,Eye.R_x,Eye.R_y,Eye.R_z,Ear.L_x,Ear.L_y,Ear.L_z,Ear.R_x,Ear.R_y,Ear.R_z,hip.Center_x,hip.Center_y,hip.Center_z
0,0.02018595,0.3534653,0.09880837,-0.056381118,0.11391592,0.3513174,-0.010627019,0.10788916,0.052545633,-0.0011054848,0.28704685,-0.14074737,-0.23608188,0.4031865,-0.033828832,0.1438837,0.39953914,-0.013197304,-0.033908047,0.403674,0.11643399,-0.11173134,0.19816288,0.2341167,-0.33887237,0.3423594,0.13231632,-0.34286475,0.4191091,-0.15167284,-0.19592921,0.39501473,-0.3857841,-0.14444077,0.48252553,-0.1664641,-0.37829491,0.41592148,-0.009885181,-0.5256315,0.5358722,-0.059157353,-0.37914878,0.5922887,-0.05357413,-0.42331293,0.5763731,-0.091437615,-0.43176472,0.5959882,-0.028207913,-0.45611754,0.48422655,-0.106901035,-0.48116806,0.5186415,0.030875362,-0.005866251885890961,0.19746801257133484,-0.044100865721702576
