frame,Ankle.R_x,Ankle.R_y,Ankle.R_z,Knee.R_x,Knee.R_y,Knee.R_z,Hip.R_x,Hip.R_y,Hip.R_z,Hip.L_x,Hip.L_y,Hip.L_z,Knee.L_x,Knee.L_y,Knee.L_z,Ankle.L_x,Ankle.L_y,Ankle.L_z,Wrist.R_x,Wrist.R_y,Wrist.R_z,Elbow.R_x,Elbow.R_y,Elbow.R_z,Shoulder.R_x,Shoulder.R_y,Shoulder.R_z,Shoulder.L_x,Shoulder.L_y,Shoulder.L_z,Elbow.L_x,Elbow.L_y,Elbow.L_z,Wrist.L_x,Wrist.L_y,Wrist.L_z,Neck_x,Neck_y,Neck_z,Head_x,Head_y,Head_z,Nose_x,Nose_y,Nose_z,Eye.L_x,Eye.L_y,Eye.L_z,Eye.R_x,Eye.R_y,Eye.R_z,Ear.L_x,Ear.L_y,Ear.L_z,Ear.R_x,Ear.R_y,Ear.R_z,hip.Center_x,hip.Center_y,hip.Center_z
0,0.35147932,0.32924506,0.0186494,0.10778937,0.35234755,0.31142834,-0.031700835,0.13391356,0.073782966,-0.021866282,0.2894187,-0.13920738,0.09718719,0.5402273,0.08817089,0.3381908,0.34300905,-0.14709085,0.10929699,0.49927062,0.017152876,-0.0006225136,0.34298477,0.18174644,-0.27621496,0.36974916,0.21517158,-0.3084836,0.5024522,-0.050783947,-0.07608903,0.5100625,-0.19730268,0.08175461,0.5858167,-0.025247158,-0.35045677,0.4800557,0.10122617,-0.5073309,0.6424523,0.087161146,-0.35596412,0.66375124,0.10681554,-0.40042752,0.66528726,0.06527027,-0.40897918,0.67105067,0.13147596,-0.4484077,0.5875988,0.028441817,-0.47417524,0.5947282,0.1718501,-0.02678355947136879,0.21166613698005676,-0.03271220624446869
