frame,Ankle.R_x,Ankle.R_y,Ankle.R_z,Knee.R_x,Knee.R_y,Knee.R_z,Hip.R_x,Hip.R_y,Hip.R_z,Hip.L_x,Hip.L_y,Hip.L_z,Knee.L_x,Knee.L_y,Knee.L_z,Ankle.L_x,Ankle.L_y,Ankle.L_z,Wrist.R_x,Wrist.R_y,Wrist.R_z,Elbow.R_x,Elbow.R_y,Elbow.R_z,Shoulder.R_x,Shoulder.R_y,Shoulder.R_z,Shoulder.L_x,Shoulder.L_y,Shoulder.L_z,Elbow.L_x,Elbow.L_y,Elbow.L_z,Wrist.L_x,Wrist.L_y,Wrist.L_z,Neck_x,Neck_y,Neck_z,Head_x,Head_y,Head_z,Nose_x,Nose_y,Nose_z,Eye.L_x,Eye.L_y,Eye.L_z,Eye.R_x,Eye.R_y,Eye.R_z,Ear.L_x,Ear.L_y,Ear.L_z,Ear.R_x,Ear.R_y,Ear.R_z,hip.Center_x,hip.Center_y,hip.Center_z
0,0.34357357,0.39299786,0.043419845,0.094300084,0.31462535,0.32128987,-0.022318674,0.12097443,0.062892236,-0.028714947,0.30074808,-0.13010545,0.0343887,0.51225346,0.1371929,0.2955903,0.41306478,-0.13209781,0.1077933,0.47034383,0.063001715,-0.0055617234,0.2992273,0.2102048,-0.27481374,0.3605415,0.23807362,-0.31551227,0.5002635,-0.025605254,-0.10762805,0.5106732,-0.20490761,0.05844164,0.5916321,-0.042850174,-0.34745583,0.47307727,0.12723774,-0.5108191,0.62571234,0.13760224,-0.35973763,0.6578864,0.14429945,-0.4083302,0.6601218,0.107826464,-0.4104343,0.6581475,0.1747995,-0.45421258,0.58245325,0.06764938,-0.46529973,0.5734623,0.21323471,-0.0255168117582798,0.21086125075817108,-0.03360660746693611
