frame,Ankle.R_x,Ankle.R_y,Ankle.R_z,Knee.R_x,Knee.R_y,Knee.R_z,Hip.R_x,Hip.R_y,Hip.R_z,Hip.L_x,Hip.L_y,Hip.L_z,Knee.L_x,Knee.L_y,Knee.L_z,Ankle.L_x,Ankle.L_y,Ankle.L_z,Wrist.R_x,Wrist.R_y,Wrist.R_z,Elbow.R_x,Elbow.R_y,Elbow.R_z,Shoulder.R_x,Shoulder.R_y,Shoulder.R_z,Shoulder.L_x,Shoulder.L_y,Shoulder.L_z,Elbow.L_x,Elbow.L_y,Elbow.L_z,Wrist.L_x,Wrist.L_y,Wrist.L_z,Neck_x,Neck_y,Neck_z,Head_x,Head_y,Head_z,Nose_x,Nose_y,Nose_z,Eye.L_x,Eye.L_y,Eye.L_z,Eye.R_x,Eye.R_y,Eye.R_z,Ear.L_x,Ear.L_y,Ear.L_z,Ear.R_x,Ear.R_y,Ear.R_z,hip.Center_x,hip.Center_y,hip.Center_z
0,0.00043478122,0.38709512,0.13383605,-0.06501461,0.109899834,0.34987766,-0.010858525,0.111520745,0.05696928,0.0023313048,0.28131357,-0.14315426,-0.24587263,0.37341458,-0.05021826,0.1309264,0.41723645,-0.021866169,-0.04402529,0.43135118,0.1001999,-0.11238588,0.2263045,0.22487438,-0.33116907,0.37488225,0.117240325,-0.33024794,0.43174675,-0.16868189,-0.16578476,0.40460187,-0.39041966,-0.14686689,0.49743706,-0.1672259,-0.3663971,0.43701968,-0.026706923,-0.5211571,0.5424182,-0.053018104,-0.38169688,0.6157758,-0.0626054,-0.42918074,0.5975983,-0.095117845,-0.4303245,0.6110847,-0.030048694,-0.45284805,0.50326836,-0.11529408,-0.46207768,0.52438194,0.02699229,-0.0042636096477508545,0.19641715288162231,-0.04309248924255371
