frame,Ankle.R_x,Ankle.R_y,Ankle.R_z,Knee.R_x,Knee.R_y,Knee.R_z,Hip.R_x,Hip.R_y,Hip.R_z,Hip.L_x,Hip.L_y,Hip.L_z,Knee.L_x,Knee.L_y,Knee.L_z,Ankle.L_x,Ankle.L_y,Ankle.L_z,Wrist.R_x,Wrist.R_y,Wrist.R_z,Elbow.R_x,Elbow.R_y,Elbow.R_z,Shoulder.R_x,Shoulder.R_y,Shoulder.R_z,Shoulder.L_x,Shoulder.L_y,Shoulder.L_z,Elbow.L_x,Elbow.L_y,Elbow.L_z,Wrist.L_x,Wrist.L_y,Wrist.L_z,Neck_x,Neck_y,Neck_z,Head_x,Head_y,Head_z,Nose_x,Nose_y,Nose_z,Eye.L_x,Eye.L_y,Eye.L_z,Eye.R_x,Eye.R_y,Eye.R_z,Ear.L_x,Ear.L_y,Ear.L_z,Ear.R_x,Ear.R_y,Ear.R_z,hip.Center_x,hip.Center_y,hip.Center_z
0,0.35346946,0.42980963,0.042558514,0.094234526,0.34479493,0.3120566,-0.016972916,0.1235342,0.0674526,-0.03286721,0.29422832,-0.13328706,0.02888532,0.5151557,0.13473053,0.30400082,0.47199667,-0.14107421,0.10524288,0.50801915,0.0726136,0.00094718207,0.32779554,0.21323465,-0.271839,0.36926803,0.23068199,-0.30868402,0.5025466,-0.03538409,-0.09577949,0.5272901,-0.20661402,0.048094425,0.6170181,-0.030934393,-0.34248096,0.47686067,0.117505364,-0.50820273,0.6242676,0.12885508,-0.3589666,0.66370547,0.13838892,-0.40700734,0.6641405,0.10110217,-0.4099697,0.6607369,0.16800034,-0.44860584,0.5846914,0.05836957,-0.46076494,0.5731855,0.20419602,-0.024920064955949783,0.20888125896453857,-0.03291722759604454
