frame,Ankle.R_x,Ankle.R_y,Ankle.R_z,Knee.R_x,Knee.R_y,Knee.R_z,Hip.R_x,Hip.R_y,Hip.R_z,Hip.L_x,Hip.L_y,Hip.L_z,Knee.L_x,Knee.L_y,Knee.L_z,Ankle.L_x,Ankle.L_y,Ankle.L_z,Wrist.R_x,Wrist.R_y,Wrist.R_z,Elbow.R_x,Elbow.R_y,Elbow.R_z,Shoulder.R_x,Shoulder.R_y,Shoulder.R_z,Shoulder.L_x,Shoulder.L_y,Shoulder.L_z,Elbow.L_x,Elbow.L_y,Elbow.L_z,Wrist.L_x,Wrist.L_y,Wrist.L_z,Neck_x,Neck_y,Neck_z,Head_x,Head_y,Head_z,Nose_x,Nose_y,Nose_z,Eye.L_x,Eye.L_y,Eye.L_z,Eye.R_x,Eye.R_y,Eye.R_z,Ear.L_x,Ear.L_y,Ear.L_z,Ear.R_x,Ear.R_y,Ear.R_z,hip.Center_x,hip.Center_y,hip.Center_z
0,0.02304073,0.42857283,0.13236833,-0.029687598,0.13865373,0.33937043,-0.02510929,0.085553244,-0.0017081983,-0.00024866653,0.3400403,-0.08279792,-0.07515567,0.20946461,0.26137832,-0.020897526,0.50461304,0.040353753,-0.023824032,0.48363146,0.15806697,-0.09821281,0.26237532,0.23818554,-0.32743984,0.41071773,0.15131423,-0.32748842,0.48166433,-0.13000035,-0.1782674,0.49538568,-0.3599944,-0.13403228,0.5548186,-0.13099474,-0.36328843,0.4760196,0.010302354,-0.5154749,0.58822346,-0.015711308,-0.3720899,0.65692794,-0.018381935,-0.42050236,0.64248574,-0.053674042,-0.42285222,0.6524513,0.012734003,-0.44641164,0.5483258,-0.07817424,-0.45851767,0.56439316,0.065115996,-0.012678978033363819,0.21279677748680115,-0.04225306212902069
