frame,Ankle.R_x,Ankle.R_y,Ankle.R_z,Knee.R_x,Knee.R_y,Knee.R_z,Hip.R_x,Hip.R_y,Hip.R_z,Hip.L_x,Hip.L_y,Hip.L_z,Knee.L_x,Knee.L_y,Knee.L_z,Ankle.L_x,Ankle.L_y,Ankle.L_z,Wrist.R_x,Wrist.R_y,Wrist.R_z,Elbow.R_x,Elbow.R_y,Elbow.R_z,Shoulder.R_x,Shoulder.R_y,Shoulder.R_z,Shoulder.L_x,Shoulder.L_y,Shoulder.L_z,Elbow.L_x,Elbow.L_y,Elbow.L_z,Wrist.L_x,Wrist.L_y,Wrist.L_z,Neck_x,Neck_y,Neck_z,Head_x,Head_y,Head_z,Nose_x,Nose_y,Nose_z,Eye.L_x,Eye.L_y,Eye.L_z,Eye.R_x,Eye.R_y,Eye.R_z,Ear.L_x,Ear.L_y,Ear.L_z,Ear.R_x,Ear.R_y,Ear.R_z,hip.Center_x,hip.Center_y,hip.Center_z
0,0.38181484,0.41418725,0.058186464,0.112434775,0.32333353,0.31679076,-0.02720065,0.12045394,0.062771685,-0.02389911,0.2999274,-0.127054,0.06373323,0.49805874,0.15857683,0.31570452,0.53663415,-0.14440764,0.082128614,0.5392473,0.10229677,-0.0062978896,0.34064886,0.22491524,-0.27940023,0.37914187,0.21910042,-0.2896633,0.5159629,-0.045684855,-0.054161347,0.5106497,-0.188885,0.027486872,0.6056774,0.016628385,-0.33874333,0.4901657,0.10606204,-0.50653553,0.6337862,0.13875164,-0.35785446,0.6755966,0.13075143,-0.41026843,0.6769719,0.10026419,-0.40470827,0.67061746,0.16644725,-0.45501786,0.598812,0.059929766,-0.4498619,0.58120364,0.20423216,-0.025549881160259247,0.21019068360328674,-0.03214116021990776
