frame,Ankle.R_x,Ankle.R_y,Ankle.R_z,Knee.R_x,Knee.R_y,Knee.R_z,Hip.R_x,Hip.R_y,Hip.R_z,Hip.L_x,Hip.L_y,Hip.L_z,Knee.L_x,Knee.L_y,Knee.L_z,Ankle.L_x,Ankle.L_y,Ankle.L_z,Wrist.R_x,Wrist.R_y,Wrist.R_z,Elbow.R_x,Elbow.R_y,Elbow.R_z,Shoulder.R_x,Shoulder.R_y,Shoulder.R_z,Shoulder.L_x,Shoulder.L_y,Shoulder.L_z,Elbow.L_x,Elbow.L_y,Elbow.L_z,Wrist.L_x,Wrist.L_y,Wrist.L_z,Neck_x,Neck_y,Neck_z,Head_x,Head_y,Head_z,Nose_x,Nose_y,Nose_z,Eye.L_x,Eye.L_y,Eye.L_z,Eye.R_x,Eye.R_y,Eye.R_z,Ear.L_x,Ear.L_y,Ear.L_z,Ear.R_x,Ear.R_y,Ear.R_z,hip.Center_x,hip.Center_y,hip.Center_z
0,-0.000272259,0.4032141,0.11703535,-0.02412169,0.14128895,0.34260553,-0.028002307,0.08694485,0.0012529383,0.005354462,0.3392151,-0.0835274,-0.05248675,0.21128275,0.2758503,-0.019631457,0.5116462,0.06502913,-0.03555122,0.5107144,0.13425045,-0.11257927,0.2888257,0.21528831,-0.34934688,0.41468686,0.12333299,-0.32627895,0.49001837,-0.15095755,-0.14117739,0.48242804,-0.3540403,-0.07961202,0.558866,-0.13239071,-0.37334162,0.47974008,-0.012623342,-0.52571946,0.58622354,-0.010797503,-0.38508025,0.6596513,-0.02829471,-0.43715256,0.6458136,-0.05757034,-0.43071988,0.6516975,0.008881019,-0.4640082,0.552899,-0.08452088,-0.45715386,0.5591223,0.059559513,-0.01132392231374979,0.21307997405529022,-0.04113722965121269
