frame,Ankle.R_x,Ankle.R_y,Ankle.R_z,Knee.R_x,Knee.R_y,Knee.R_z,Hip.R_x,Hip.R_y,Hip.R_z,Hip.L_x,Hip.L_y,Hip.L_z,Knee.L_x,Knee.L_y,Knee.L_z,Ankle.L_x,Ankle.L_y,Ankle.L_z,Wrist.R_x,Wrist.R_y,Wrist.R_z,Elbow.R_x,Elbow.R_y,Elbow.R_z,Shoulder.R_x,Shoulder.R_y,Shoulder.R_z,Shoulder.L_x,Shoulder.L_y,Shoulder.L_z,Elbow.L_x,Elbow.L_y,Elbow.L_z,Wrist.L_x,Wrist.L_y,Wrist.L_z,Neck_x,Neck_y,Neck_z,Head_x,Head_y,Head_z,Nose_x,Nose_y,Nose_z,Eye.L_x,Eye.L_y,Eye.L_z,Eye.R_x,Eye.R_y,Eye.R_z,Ear.L_x,Ear.L_y,Ear.L_z,Ear.R_x,Ear.R_y,Ear.R_z,hip.Center_x,hip.Center_y,hip.Center_z
0,0.37482962,0.41773894,0.056978624,0.10116516,0.33646077,0.31328392,-0.028367814,0.12189381,0.063678734,-0.02186503,0.29898587,-0.12853983,0.061787304,0.5010708,0.15600011,0.32688653,0.51822764,-0.13594265,0.08961836,0.52945477,0.10870607,-0.010687314,0.33389837,0.22698236,-0.28344336,0.37432766,0.2170345,-0.2914334,0.5163154,-0.04564583,-0.0553831,0.51001143,-0.18779111,0.029377533,0.6024475,0.017384065,-0.34229964,0.4874326,0.10532994,-0.51274997,0.6282702,0.13741453,-0.36443818,0.67206293,0.13478589,-0.41601706,0.6735055,0.102833994,-0.4121926,0.6655153,0.16897017,-0.45865673,0.59595597,0.059099086,-0.4572239,0.57463944,0.20307672,-0.025116421282291412,0.21043983101844788,-0.03243054822087288
