frame,Ankle.R_x,Ankle.R_y,Ankle.R_z,Knee.R_x,Knee.R_y,Knee.R_z,Hip.R_x,Hip.R_y,Hip.R_z,Hip.L_x,Hip.L_y,Hip.L_z,Knee.L_x,Knee.L_y,Knee.L_z,Ankle.L_x,Ankle.L_y,Ankle.L_z,Wrist.R_x,Wrist.R_y,Wrist.R_z,Elbow.R_x,Elbow.R_y,Elbow.R_z,Shoulder.R_x,Shoulder.R_y,Shoulder.R_z,Shoulder.L_x,Shoulder.L_y,Shoulder.L_z,Elbow.L_x,Elbow.L_y,Elbow.L_z,Wrist.L_x,Wrist.L_y,Wrist.L_z,Neck_x,Neck_y,Neck_z,Head_x,Head_y,Head_z,Nose_x,Nose_y,Nose_z,Eye.L_x,Eye.L_y,Eye.L_z,Eye.R_x,Eye.R_y,Eye.R_z,Ear.L_x,Ear.L_y,Ear.L_z,Ear.R_x,Ear.R_y,Ear.R_z,hip.Center_x,hip.Center_y,hip.Center_z
0,0.3481234,0.45690137,0.07676306,0.06446195,0.33549374,0.30887783,-0.025367886,0.120302536,0.06427288,-0.024765266,0.29912415,-0.12819363,0.033057634,0.48469412,0.16382691,0.3167944,0.5352637,-0.108483925,0.08101919,0.5675811,0.13598955,0.010636885,0.35173938,0.23936671,-0.2624864,0.4023964,0.22947401,-0.30360976,0.5135746,-0.045239702,-0.08694385,0.5220679,-0.21405396,-0.03789138,0.6050708,0.006364951,-0.33500057,0.4970733,0.1100847,-0.5045487,0.6371355,0.14213368,-0.3570093,0.68103105,0.12737139,-0.41097623,0.6813258,0.09919817,-0.40265763,0.67582667,0.16524756,-0.4559944,0.6014111,0.06173291,-0.44477105,0.5866355,0.20616025,-0.025066576898097992,0.20971333980560303,-0.0319603756070137
