frame,Ankle.R_x,Ankle.R_y,Ankle.R_z,Knee.R_x,Knee.R_y,Knee.R_z,Hip.R_x,Hip.R_y,Hip.R_z,Hip.L_x,Hip.L_y,Hip.L_z,Knee.L_x,Knee.L_y,Knee.L_z,Ankle.L_x,Ankle.L_y,Ankle.L_z,Wrist.R_x,Wrist.R_y,Wrist.R_z,Elbow.R_x,Elbow.R_y,Elbow.R_z,Shoulder.R_x,Shoulder.R_y,Shoulder.R_z,Shoulder.L_x,Shoulder.L_y,Shoulder.L_z,Elbow.L_x,Elbow.L_y,Elbow.L_z,Wrist.L_x,Wrist.L_y,Wrist.L_z,Neck_x,Neck_y,Neck_z,Head_x,Head_y,Head_z,Nose_x,Nose_y,Nose_z,Eye.L_x,Eye.L_y,Eye.L_z,Eye.R_x,Eye.R_y,Eye.R_z,Ear.L_x,Ear.L_y,Ear.L_z,Ear.R_x,Ear.R_y,Ear.R_z,hip.Center_x,hip.Center_y,hip.Center_z
0,0.44138616,0.43902332,0.0660198,0.12711674,0.3701239,0.28856483,-0.037462223,0.13660511,0.075415835,-0.013695867,0.28720066,-0.13549872,0.11693326,0.50625736,0.12872487,0.4305757,0.42218062,-0.09440599,0.04659118,0.553442,0.09904549,-0.028429287,0.33833513,0.19543746,-0.29380575,0.40676418,0.19992879,-0.31633717,0.51577246,-0.07590454,-0.08214866,0.4666526,-0.20609918,-0.035902143,0.550818,0.013426019,-0.35773587,0.50218475,0.07796779,-0.52239776,0.64493954,0.112032704,-0.3737892,0.68446445,0.099986196,-0.42710713,0.6867332,0.07135181,-0.41970628,0.6792538,0.13702333,-0.4740452,0.6100751,0.030012641,-0.4641936,0.59067583,0.17365067,-0.025579044595360756,0.21190288662910461,-0.030041441321372986
