frame,Ankle.R_x,Ankle.R_y,Ankle.R_z,Knee.R_x,Knee.R_y,Knee.R_z,Hip.R_x,Hip.R_y,Hip.R_z,Hip.L_x,Hip.L_y,Hip.L_z,Knee.L_x,Knee.L_y,Knee.L_z,Ankle.L_x,Ankle.L_y,Ankle.L_z,Wrist.R_x,Wrist.R_y,Wrist.R_z,Elbow.R_x,Elbow.R_y,Elbow.R_z,Shoulder.R_x,Shoulder.R_y,Shoulder.R_z,Shoulder.L_x,Shoulder.L_y,Shoulder.L_z,Elbow.L_x,Elbow.L_y,Elbow.L_z,Wrist.L_x,Wrist.L_y,Wrist.L_z,Neck_x,Neck_y,Neck_z,Head_x,Head_y,Head_z,Nose_x,Nose_y,Nose_z,Eye.L_x,Eye.L_y,Eye.L_z,Eye.R_x,Eye.R_y,Eye.R_z,Ear.L_x,Ear.L_y,Ear.L_z,Ear.R_x,Ear.R_y,Ear.R_z,hip.Center_x,hip.Center_y,hip.Center_z
0,0.028778283,0.44827783,0.18827163,-0.05947815,0.13252541,0.34292096,-0.040187992,0.08993231,-0.0023113326,0.019821042,0.33756113,-0.080409795,-0.056473665,0.2285949,0.2857699,0.033630464,0.49737692,0.046160307,-0.050181914,0.5330619,0.0948503,-0.101147465,0.30857223,0.18317382,-0.34253168,0.4288588,0.10405749,-0.32532024,0.4959965,-0.1686329,-0.16494542,0.46862057,-0.38809317,-0.16292113,0.5231649,-0.15404011,-0.37046602,0.49035153,-0.031762056,-0.5244349,0.60432714,-0.029990504,-0.38118958,0.66933566,-0.04729288,-0.43417388,0.65910184,-0.07648066,-0.42716378,0.66319394,-0.010084186,-0.46622017,0.5684658,-0.10447749,-0.45825776,0.57239556,0.038447104,-0.010183474980294704,0.21374672651290894,-0.04136056452989578
