frame,Ankle.R_x,Ankle.R_y,Ankle.R_z,Knee.R_x,Knee.R_y,Knee.R_z,Hip.R_x,Hip.R_y,Hip.R_z,Hip.L_x,Hip.L_y,Hip.L_z,Knee.L_x,Knee.L_y,Knee.L_z,Ankle.L_x,Ankle.L_y,Ankle.L_z,Wrist.R_x,Wrist.R_y,Wrist.R_z,Elbow.R_x,Elbow.R_y,Elbow.R_z,Shoulder.R_x,Shoulder.R_y,Shoulder.R_z,Shoulder.L_x,Shoulder.L_y,Shoulder.L_z,Elbow.L_x,Elbow.L_y,Elbow.L_z,Wrist.L_x,Wrist.L_y,Wrist.L_z,Neck_x,Neck_y,Neck_z,Head_x,Head_y,Head_z,Nose_x,Nose_y,Nose_z,Eye.L_x,Eye.L_y,Eye.L_z,Eye.R_x,Eye.R_y,Eye.R_z,Ear.L_x,Ear.L_y,Ear.L_z,Ear.R_x,Ear.R_y,Ear.R_z,hip.Center_x,hip.Center_y,hip.Center_z
0,0.3596642,0.45771527,0.056697894,0.06030106,0.39076227,0.28981584,-0.02504075,0.1297562,0.072986506,-0.02215979,0.28904426,-0.13740104,0.064687535,0.5068935,0.14637837,0.38687518,0.5133756,-0.08698277,0.07674913,0.5540869,0.13497986,-0.008044395,0.345017,0.23824878,-0.27950415,0.39115527,0.21716094,-0.30260634,0.51293546,-0.053949617,-0.07052379,0.4885596,-0.1985135,-0.02735678,0.56067955,0.02553076,-0.34206223,0.4918903,0.10148871,-0.5007034,0.6398771,0.1464795,-0.3502723,0.6746832,0.13486302,-0.40364265,0.67973614,0.10635272,-0.39615247,0.6697682,0.17193885,-0.4545612,0.6055926,0.06311848,-0.44384623,0.5813346,0.20690255,-0.023600269109010696,0.2094002366065979,-0.032207269221544266
