frame,Ankle.R_x,Ankle.R_y,Ankle.R_z,Knee.R_x,Knee.R_y,Knee.R_z,Hip.R_x,Hip.R_y,Hip.R_z,Hip.L_x,Hip.L_y,Hip.L_z,Knee.L_x,Knee.L_y,Knee.L_z,Ankle.L_x,Ankle.L_y,Ankle.L_z,Wrist.R_x,Wrist.R_y,Wrist.R_z,Elbow.R_x,Elbow.R_y,Elbow.R_z,Shoulder.R_x,Shoulder.R_y,Shoulder.R_z,Shoulder.L_x,Shoulder.L_y,Shoulder.L_z,Elbow.L_x,Elbow.L_y,Elbow.L_z,Wrist.L_x,Wrist.L_y,Wrist.L_z,Neck_x,Neck_y,Neck_z,Head_x,Head_y,Head_z,Nose_x,Nose_y,Nose_z,Eye.L_x,Eye.L_y,Eye.L_z,Eye.R_x,Eye.R_y,Eye.R_z,Ear.L_x,Ear.L_y,Ear.L_z,Ear.R_x,Ear.R_y,Ear.R_z,hip.Center_x,hip.Center_y,hip.Center_z
0,0.33668742,0.45042044,0.09236253,0.023429953,0.36943656,0.30015042,-0.03709006,0.12561083,0.065659076,-0.0075798784,0.29500064,-0.13569751,0.044679426,0.4949675,0.1625593,0.38318834,0.4716403,-0.039845277,0.08435296,0.51551324,0.08731865,-0.02956561,0.3263299,0.20200211,-0.29799753,0.3817027,0.19770384,-0.30193615,0.51391,-0.06970863,-0.063700534,0.45610493,-0.1882124,-0.006454087,0.530311,0.03134506,-0.3537184,0.48941666,0.08129241,-0.51775396,0.6365609,0.1085127,-0.36692268,0.6705381,0.11518876,-0.4164849,0.6764004,0.08073902,-0.41682857,0.66575235,0.14664418,-0.46188846,0.6031026,0.031589873,-0.46885082,0.57742405,0.17488429,-0.02233496867120266,0.21030573546886444,-0.03501921892166138
