frame,Ankle.R_x,Ankle.R_y,Ankle.R_z,Knee.R_x,Knee.R_y,Knee.R_z,Hip.R_x,Hip.R_y,Hip.R_z,Hip.L_x,Hip.L_y,Hip.L_z,Knee.L_x,Knee.L_y,Knee.L_z,Ankle.L_x,Ankle.L_y,Ankle.L_z,Wrist.R_x,Wrist.R_y,Wrist.R_z,Elbow.R_x,Elbow.R_y,Elbow.R_z,Shoulder.R_x,Shoulder.R_y,Shoulder.R_z,Shoulder.L_x,Shoulder.L_y,Shoulder.L_z,Elbow.L_x,Elbow.L_y,Elbow.L_z,Wrist.L_x,Wrist.L_y,Wrist.L_z,Neck_x,Neck_y,Neck_z,Head_x,Head_y,Head_z,Nose_x,Nose_y,Nose_z,Eye.L_x,Eye.L_y,Eye.L_z,Eye.R_x,Eye.R_y,Eye.R_z,Ear.L_x,Ear.L_y,Ear.L_z,Ear.R_x,Ear.R_y,Ear.R_z,hip.Center_x,hip.Center_y,hip.Center_z
0,0.3344415,0.21989708,-0.45138583,0.40046558,0.28624424,-0.062672414,0.021124605,0.1442011,0.0824081,-0.06552011,0.30296615,-0.09849104,0.28649303,0.47272494,-0.1649531,0.29876044,0.4291823,-0.57770306,0.12460883,0.07236433,0.21823224,-0.12647398,0.07271317,0.21045324,-0.3715814,0.19799203,0.21919365,-0.38553366,0.43693882,0.03631632,-0.12608093,0.49789926,-0.033952303,0.1041538,0.5196538,0.061097994,-0.45159578,0.33164132,0.14427261,-0.6710628,0.3290826,0.15670529,-0.58819383,0.44892967,0.20807123,-0.62662727,0.429992,0.16404822,-0.62362224,0.403454,0.2240532,-0.6027652,0.3657258,0.09247134,-0.59862816,0.30211312,0.2194451,-0.022197751328349113,0.2235836237668991,-0.008041471242904663
