frame,Ankle.R_x,Ankle.R_y,Ankle.R_z,Knee.R_x,Knee.R_y,Knee.R_z,Hip.R_x,Hip.R_y,Hip.R_z,Hip.L_x,Hip.L_y,Hip.L_z,Knee.L_x,Knee.L_y,Knee.L_z,Ankle.L_x,Ankle.L_y,Ankle.L_z,Wrist.R_x,Wrist.R_y,Wrist.R_z,Elbow.R_x,Elbow.R_y,Elbow.R_z,Shoulder.R_x,Shoulder.R_y,Shoulder.R_z,Shoulder.L_x,Shoulder.L_y,Shoulder.L_z,Elbow.L_x,Elbow.L_y,Elbow.L_z,Wrist.L_x,Wrist.L_y,Wrist.L_z,Neck_x,Neck_y,Neck_z,Head_x,Head_y,Head_z,Nose_x,Nose_y,Nose_z,Eye.L_x,Eye.L_y,Eye.L_z,Eye.R_x,Eye.R_y,Eye.R_z,Ear.L_x,Ear.L_y,Ear.L_z,Ear.R_x,Ear.R_y,Ear.R_z,hip.Center_x,hip.Center_y,hip.Center_z
0,0.34372717,0.20210159,-0.39970875,0.40758446,0.2725376,-0.013868229,0.010881306,0.13859516,0.07908219,-0.058355756,0.30989736,-0.098491535,0.30687204,0.46540028,-0.14245369,0.31213877,0.41420835,-0.5542575,0.12638247,0.08328694,0.2434554,-0.12487446,0.07732266,0.21726872,-0.37683636,0.19306332,0.20418175,-0.38923547,0.4348849,0.022926807,-0.12918475,0.5036475,-0.045244947,0.10276491,0.5190616,0.050438765,-0.4579904,0.32633752,0.12795508,-0.6790631,0.31765163,0.13665912,-0.6008136,0.43539846,0.1988005,-0.6384939,0.41911453,0.15296617,-0.6346525,0.38736707,0.21040115,-0.6117515,0.36231905,0.075947374,-0.605903,0.28767538,0.19679755,-0.02373722568154335,0.22424626350402832,-0.009704671800136566
