frame,Ankle.R_x,Ankle.R_y,Ankle.R_z,Knee.R_x,Knee.R_y,Knee.R_z,Hip.R_x,Hip.R_y,Hip.R_z,Hip.L_x,Hip.L_y,Hip.L_z,Knee.L_x,Knee.L_y,Knee.L_z,Ankle.L_x,Ankle.L_y,Ankle.L_z,Wrist.R_x,Wrist.R_y,Wrist.R_z,Elbow.R_x,Elbow.R_y,Elbow.R_z,Shoulder.R_x,Shoulder.R_y,Shoulder.R_z,Shoulder.L_x,Shoulder.L_y,Shoulder.L_z,Elbow.L_x,Elbow.L_y,Elbow.L_z,Wrist.L_x,Wrist.L_y,Wrist.L_z,Neck_x,Neck_y,Neck_z,Head_x,Head_y,Head_z,Nose_x,Nose_y,Nose_z,Eye.L_x,Eye.L_y,Eye.L_z,Eye.R_x,Eye.R_y,Eye.R_z,Ear.L_x,Ear.L_y,Ear.L_z,Ear.R_x,Ear.R_y,Ear.R_z,hip.Center_x,hip.Center_y,hip.Center_z
0,0.16796798,0.2091877,0.0716138,-0.04964743,0.14562134,0.35999754,-0.043963075,0.09376736,-0.0072970144,0.024829654,0.34222826,-0.079352535,-0.049282767,0.27574533,0.30264786,0.14763865,0.37770212,-0.00015249354,0.011904368,0.10386125,0.26640674,-0.17876244,0.06490588,0.104174465,-0.40940577,0.18180414,0.043265704,-0.37469774,0.41382638,-0.12779397,-0.15975079,0.43658754,0.022315662,-0.011136837,0.4480322,0.23018333,-0.45946556,0.30128977,-0.05530707,-0.6690471,0.2991626,-0.063703865,-0.58032525,0.41512445,-0.11404038,-0.6129061,0.36912447,-0.13365445,-0.620669,0.40157807,-0.075521365,-0.591193,0.2743132,-0.118216366,-0.60879517,0.33633965,0.008183761,-0.009566710330545902,0.21799781918525696,-0.043324775993824005
