frame,Ankle.R_x,Ankle.R_y,Ankle.R_z,Knee.R_x,Knee.R_y,Knee.R_z,Hip.R_x,Hip.R_y,Hip.R_z,Hip.L_x,Hip.L_y,Hip.L_z,Knee.L_x,Knee.L_y,Knee.L_z,Ankle.L_x,Ankle.L_y,Ankle.L_z,Wrist.R_x,Wrist.R_y,Wrist.R_z,Elbow.R_x,Elbow.R_y,Elbow.R_z,Shoulder.R_x,Shoulder.R_y,Shoulder.R_z,Shoulder.L_x,Shoulder.L_y,Shoulder.L_z,Elbow.L_x,Elbow.L_y,Elbow.L_z,Wrist.L_x,Wrist.L_y,Wrist.L_z,Neck_x,Neck_y,Neck_z,Head_x,Head_y,Head_z,Nose_x,Nose_y,Nose_z,Eye.L_x,Eye.L_y,Eye.L_z,Eye.R_x,Eye.R_y,Eye.R_z,Ear.L_x,Ear.L_y,Ear.L_z,Ear.R_x,Ear.R_y,Ear.R_z,hip.Center_x,hip.Center_y,hip.Center_z
0,0.3482225,0.21348946,-0.4364528,0.3996709,0.29583266,-0.04883028,0.019642942,0.14590342,0.08375047,-0.06441049,0.30178124,-0.10067915,0.28882658,0.47179332,-0.16583687,0.30383256,0.41296065,-0.5761464,0.12146465,0.08070067,0.22786307,-0.12924086,0.07783602,0.21268983,-0.3773595,0.19699603,0.21266982,-0.3894213,0.43281698,0.025930295,-0.12942368,0.48734316,-0.046397995,0.096813165,0.5088323,0.056304954,-0.45660055,0.32942536,0.13490187,-0.6767547,0.33043632,0.14563224,-0.5911834,0.44623303,0.201545,-0.630015,0.42979434,0.15683903,-0.62762165,0.40085512,0.21569179,-0.60760856,0.3679231,0.08266391,-0.60490775,0.29936275,0.20710172,-0.02238377556204796,0.2238423228263855,-0.00846434012055397
