frame,Ankle.R_x,Ankle.R_y,Ankle.R_z,Knee.R_x,Knee.R_y,Knee.R_z,Hip.R_x,Hip.R_y,Hip.R_z,Hip.L_x,Hip.L_y,Hip.L_z,Knee.L_x,Knee.L_y,Knee.L_z,Ankle.L_x,Ankle.L_y,Ankle.L_z,Wrist.R_x,Wrist.R_y,Wrist.R_z,Elbow.R_x,Elbow.R_y,Elbow.R_z,Shoulder.R_x,Shoulder.R_y,Shoulder.R_z,Shoulder.L_x,Shoulder.L_y,Shoulder.L_z,Elbow.L_x,Elbow.L_y,Elbow.L_z,Wrist.L_x,Wrist.L_y,Wrist.L_z,Neck_x,Neck_y,Neck_z,Head_x,Head_y,Head_z,Nose_x,Nose_y,Nose_z,Eye.L_x,Eye.L_y,Eye.L_z,Eye.R_x,Eye.R_y,Eye.R_z,Ear.L_x,Ear.L_y,Ear.L_z,Ear.R_x,Ear.R_y,Ear.R_z,hip.Center_x,hip.Center_y,hip.Center_z
0,0.0035651075,0.4190741,0.15195885,-0.12506747,0.13425262,0.32449654,-0.04277984,0.0889766,-0.011238931,0.033268083,0.3385974,-0.07421239,-0.12845862,0.23730984,0.26027063,0.049179744,0.4816638,0.04987675,-0.06392969,0.47599104,0.0041655875,-0.15426135,0.28248256,0.12878726,-0.37867022,0.4082999,0.04080297,-0.33206803,0.48584577,-0.21632245,-0.16984323,0.41956636,-0.4213523,-0.10257995,0.5115641,-0.2080046,-0.38972127,0.47281095,-0.08592798,-0.54312485,0.5483513,-0.028403133,-0.42328784,0.6460957,-0.06312026,-0.47909063,0.6301466,-0.080580965,-0.45389426,0.6224624,-0.019424334,-0.5038312,0.54238254,-0.12288147,-0.45526898,0.5196601,0.010086149,-0.004755878821015358,0.2137869894504547,-0.042725659906864166
