frame,Ankle.R_x,Ankle.R_y,Ankle.R_z,Knee.R_x,Knee.R_y,Knee.R_z,Hip.R_x,Hip.R_y,Hip.R_z,Hip.L_x,Hip.L_y,Hip.L_z,Knee.L_x,Knee.L_y,Knee.L_z,Ankle.L_x,Ankle.L_y,Ankle.L_z,Wrist.R_x,Wrist.R_y,Wrist.R_z,Elbow.R_x,Elbow.R_y,Elbow.R_z,Shoulder.R_x,Shoulder.R_y,Shoulder.R_z,Shoulder.L_x,Shoulder.L_y,Shoulder.L_z,Elbow.L_x,Elbow.L_y,Elbow.L_z,Wrist.L_x,Wrist.L_y,Wrist.L_z,Neck_x,Neck_y,Neck_z,Head_x,Head_y,Head_z,Nose_x,Nose_y,Nose_z,Eye.L_x,Eye.L_y,Eye.L_z,Eye.R_x,Eye.R_y,Eye.R_z,Ear.L_x,Ear.L_y,Ear.L_z,Ear.R_x,Ear.R_y,Ear.R_z,hip.Center_x,hip.Center_y,hip.Center_z
0,0.27281862,0.42948103,0.102842785,0.008776503,0.28550193,0.33266163,-0.04244681,0.1108966,0.0419825,-9.813008e-05,0.3158945,-0.119018465,0.012570468,0.43908885,0.2197571,0.32597744,0.5094602,-0.004705788,0.07226844,0.5008432,0.1428029,-0.045761336,0.2926372,0.21293043,-0.30941445,0.37253234,0.19425803,-0.2908935,0.5177372,-0.066772126,-0.05193611,0.46483254,-0.19469242,0.04509511,0.5553255,0.0066776695,-0.3560424,0.4879636,0.08084843,-0.5295725,0.6200737,0.12298843,-0.38204288,0.66665834,0.12710448,-0.43348855,0.6716554,0.0952277,-0.42971867,0.6545466,0.159639,-0.47427216,0.5996119,0.040398292,-0.47302508,0.5598334,0.1801642,-0.02127247117459774,0.21339556574821472,-0.03851798176765442
