frame,Ankle.R_x,Ankle.R_y,Ankle.R_z,Knee.R_x,Knee.R_y,Knee.R_z,Hip.R_x,Hip.R_y,Hip.R_z,Hip.L_x,Hip.L_y,Hip.L_z,Knee.L_x,Knee.L_y,Knee.L_z,Ankle.L_x,Ankle.L_y,Ankle.L_z,Wrist.R_x,Wrist.R_y,Wrist.R_z,Elbow.R_x,Elbow.R_y,Elbow.R_z,Shoulder.R_x,Shoulder.R_y,Shoulder.R_z,Shoulder.L_x,Shoulder.L_y,Shoulder.L_z,Elbow.L_x,Elbow.L_y,Elbow.L_z,Wrist.L_x,Wrist.L_y,Wrist.L_z,Neck_x,Neck_y,Neck_z,Head_x,Head_y,Head_z,Nose_x,Nose_y,Nose_z,Eye.L_x,Eye.L_y,Eye.L_z,Eye.R_x,Eye.R_y,Eye.R_z,Ear.L_x,Ear.L_y,Ear.L_z,Ear.R_x,Ear.R_y,Ear.R_z,hip.Center_x,hip.Center_y,hip.Center_z
0,0.32395253,0.4133531,0.1359744,0.011875109,0.30257058,0.32873234,-0.050487213,0.116683975,0.045963954,0.0059594247,0.31124878,-0.121224836,0.061918512,0.46710467,0.2032149,0.37826604,0.48575675,-0.03042009,0.108144365,0.4755102,0.10946277,-0.052342363,0.30277157,0.19376567,-0.31496227,0.37871575,0.18314743,-0.29289544,0.5125046,-0.08129357,-0.04317155,0.43622816,-0.1565442,0.0742897,0.52455425,0.03625405,-0.3618985,0.49200827,0.066986986,-0.529783,0.6368893,0.10763365,-0.3788804,0.6679901,0.112344936,-0.4292145,0.67804265,0.08036012,-0.42767414,0.6607287,0.14462823,-0.47679657,0.61096823,0.02552135,-0.4800484,0.5709237,0.16472316,-0.022263893857598305,0.21396636962890625,-0.037630438804626465
