frame,Ankle.R_x,Ankle.R_y,Ankle.R_z,Knee.R_x,Knee.R_y,Knee.R_z,Hip.R_x,Hip.R_y,Hip.R_z,Hip.L_x,Hip.L_y,Hip.L_z,Knee.L_x,Knee.L_y,Knee.L_z,Ankle.L_x,Ankle.L_y,Ankle.L_z,Wrist.R_x,Wrist.R_y,Wrist.R_z,Elbow.R_x,Elbow.R_y,Elbow.R_z,Shoulder.R_x,Shoulder.R_y,Shoulder.R_z,Shoulder.L_x,Shoulder.L_y,Shoulder.L_z,Elbow.L_x,Elbow.L_y,Elbow.L_z,Wrist.L_x,Wrist.L_y,Wrist.L_z,Neck_x,Neck_y,Neck_z,Head_x,Head_y,Head_z,Nose_x,Nose_y,Nose_z,Eye.L_x,Eye.L_y,Eye.L_z,Eye.R_x,Eye.R_y,Eye.R_z,Ear.L_x,Ear.L_y,Ear.L_z,Ear.R_x,Ear.R_y,Ear.R_z,hip.Center_x,hip.Center_y,hip.Center_z
0,0.033312712,0.4231466,0.18179709,-0.101560205,0.12338067,0.33397844,-0.046461545,0.089851655,-0.0126862135,0.031079454,0.33778134,-0.07255633,-0.09417631,0.2316249,0.28150058,0.01998516,0.49529433,0.04616833,-0.040634528,0.48870018,0.053190302,-0.13339919,0.28087425,0.14646438,-0.360748,0.4149461,0.05790733,-0.30843782,0.501578,-0.20581245,-0.14288148,0.45899865,-0.41841868,-0.06616932,0.52793765,-0.19985916,-0.37281564,0.48738033,-0.074047044,-0.53125095,0.5783797,-0.03586799,-0.40151346,0.66541123,-0.060051315,-0.4563333,0.65283585,-0.083330125,-0.43888095,0.64628696,-0.019297734,-0.48214146,0.5651859,-0.12450162,-0.4513758,0.5452169,0.013812691,-0.007691045291721821,0.21381649374961853,-0.042621273547410965
