frame,Ankle.R_x,Ankle.R_y,Ankle.R_z,Knee.R_x,Knee.R_y,Knee.R_z,Hip.R_x,Hip.R_y,Hip.R_z,Hip.L_x,Hip.L_y,Hip.L_z,Knee.L_x,Knee.L_y,Knee.L_z,Ankle.L_x,Ankle.L_y,Ankle.L_z,Wrist.R_x,Wrist.R_y,Wrist.R_z,Elbow.R_x,Elbow.R_y,Elbow.R_z,Shoulder.R_x,Shoulder.R_y,Shoulder.R_z,Shoulder.L_x,Shoulder.L_y,Shoulder.L_z,Elbow.L_x,Elbow.L_y,Elbow.L_z,Wrist.L_x,Wrist.L_y,Wrist.L_z,Neck_x,Neck_y,Neck_z,Head_x,Head_y,Head_z,Nose_x,Nose_y,Nose_z,Eye.L_x,Eye.L_y,Eye.L_z,Eye.R_x,Eye.R_y,Eye.R_z,Ear.L_x,Ear.L_y,Ear.L_z,Ear.R_x,Ear.R_y,Ear.R_z,hip.Center_x,hip.Center_y,hip.Center_z
0,0.021778835,0.39510113,0.14695248,-0.11924486,0.12222122,0.3269402,-0.046397023,0.08939271,-0.017165743,0.034780502,0.34054363,-0.06848651,-0.12707332,0.21895818,0.2631981,0.06935634,0.4639611,0.063656524,-0.04768511,0.4462002,-0.002891386,-0.1474055,0.2676284,0.1380676,-0.37496844,0.39515942,0.042191077,-0.32239634,0.4844262,-0.22111127,-0.17327215,0.39627498,-0.4309209,-0.08730875,0.49193603,-0.2269053,-0.3866308,0.46920982,-0.08808365,-0.5409433,0.5624707,-0.02979221,-0.41661918,0.64666307,-0.07874555,-0.4736129,0.63265467,-0.092856504,-0.44748503,0.63123477,-0.03178583,-0.50441134,0.54237825,-0.122728705,-0.45466524,0.53315413,0.011089563,-0.005808260291814804,0.21496817469596863,-0.042826127260923386
