frame,Ankle.R_x,Ankle.R_y,Ankle.R_z,Knee.R_x,Knee.R_y,Knee.R_z,Hip.R_x,Hip.R_y,Hip.R_z,Hip.L_x,Hip.L_y,Hip.L_z,Knee.L_x,Knee.L_y,Knee.L_z,Ankle.L_x,Ankle.L_y,Ankle.L_z,Wrist.R_x,Wrist.R_y,Wrist.R_z,Elbow.R_x,Elbow.R_y,Elbow.R_z,Shoulder.R_x,Shoulder.R_y,Shoulder.R_z,Shoulder.L_x,Shoulder.L_y,Shoulder.L_z,Elbow.L_x,Elbow.L_y,Elbow.L_z,Wrist.L_x,Wrist.L_y,Wrist.L_z,Neck_x,Neck_y,Neck_z,Head_x,Head_y,Head_z,Nose_x,Nose_y,Nose_z,Eye.L_x,Eye.L_y,Eye.L_z,Eye.R_x,Eye.R_y,Eye.R_z,Ear.L_x,Ear.L_y,Ear.L_z,Ear.R_x,Ear.R_y,Ear.R_z,hip.Center_x,hip.Center_y,hip.Center_z
0,0.28074816,0.4250092,0.08400931,0.012605471,0.3094031,0.32526582,-0.041190885,0.11398561,0.048287116,-0.0026073449,0.310942,-0.12291675,0.021747554,0.4546063,0.20721896,0.33472827,0.51300716,-0.023608591,0.08308961,0.5042782,0.1330993,-0.039447427,0.3005656,0.21047364,-0.30446348,0.37668023,0.19583042,-0.29102105,0.5159308,-0.06842023,-0.05078322,0.46026453,-0.19260499,0.055648927,0.5570058,0.0018419819,-0.35409537,0.48956406,0.08112092,-0.5264972,0.62417024,0.12481618,-0.37846696,0.6690904,0.12451883,-0.43060914,0.67393374,0.09377216,-0.42549178,0.6581646,0.15840589,-0.4734583,0.60128,0.041409183,-0.46931887,0.56439126,0.18194804,-0.021899115294218063,0.21246379613876343,-0.03731481730937958
