frame,Ankle.R_x,Ankle.R_y,Ankle.R_z,Knee.R_x,Knee.R_y,Knee.R_z,Hip.R_x,Hip.R_y,Hip.R_z,Hip.L_x,Hip.L_y,Hip.L_z,Knee.L_x,Knee.L_y,Knee.L_z,Ankle.L_x,Ankle.L_y,Ankle.L_z,Wrist.R_x,Wrist.R_y,Wrist.R_z,Elbow.R_x,Elbow.R_y,Elbow.R_z,Shoulder.R_x,Shoulder.R_y,Shoulder.R_z,Shoulder.L_x,Shoulder.L_y,Shoulder.L_z,Elbow.L_x,Elbow.L_y,Elbow.L_z,Wrist.L_x,Wrist.L_y,Wrist.L_z,Neck_x,Neck_y,Neck_z,Head_x,Head_y,Head_z,Nose_x,Nose_y,Nose_z,Eye.L_x,Eye.L_y,Eye.L_z,Eye.R_x,Eye.R_y,Eye.R_z,Ear.L_x,Ear.L_y,Ear.L_z,Ear.R_x,Ear.R_y,Ear.R_z,hip.Center_x,hip.Center_y,hip.Center_z
0,0.04331553,0.412942,0.16858518,-0.09529371,0.13122793,0.34180906,-0.05397179,0.0930209,-0.011934327,0.038712405,0.33667332,-0.07304173,-0.09108392,0.2352162,0.28601182,0.07236552,0.4887076,0.07058574,-0.029554117,0.47797024,0.017485578,-0.12852345,0.28231886,0.13133305,-0.3628685,0.4076377,0.046545096,-0.31183863,0.4979389,-0.21970025,-0.13782738,0.43261722,-0.42008832,-0.05777743,0.5154587,-0.20761031,-0.37740448,0.48314533,-0.08591546,-0.53346294,0.57798916,-0.03518343,-0.40659565,0.66192997,-0.07739528,-0.46296936,0.6484836,-0.09442247,-0.43959537,0.64601815,-0.032170728,-0.49298668,0.5587925,-0.12701434,-0.44925526,0.54725266,0.0087494105,-0.007629692554473877,0.2148471176624298,-0.04248802736401558
