frame,Ankle.R_x,Ankle.R_y,Ankle.R_z,Knee.R_x,Knee.R_y,Knee.R_z,Hip.R_x,Hip.R_y,Hip.R_z,Hip.L_x,Hip.L_y,Hip.L_z,Knee.L_x,Knee.L_y,Knee.L_z,Ankle.L_x,Ankle.L_y,Ankle.L_z,Wrist.R_x,Wrist.R_y,Wrist.R_z,Elbow.R_x,Elbow.R_y,Elbow.R_z,Shoulder.R_x,Shoulder.R_y,Shoulder.R_z,Shoulder.L_x,Shoulder.L_y,Shoulder.L_z,Elbow.L_x,Elbow.L_y,Elbow.L_z,Wrist.L_x,Wrist.L_y,Wrist.L_z,Neck_x,Neck_y,Neck_z,Head_x,Head_y,Head_z,Nose_x,Nose_y,Nose_z,Eye.L_x,Eye.L_y,Eye.L_z,Eye.R_x,Eye.R_y,Eye.R_z,Ear.L_x,Ear.L_y,Ear.L_z,Ear.R_x,Ear.R_y,Ear.R_z,hip.Center_x,hip.Center_y,hip.Center_z
0,0.30274993,0.41327104,0.11822839,0.015057784,0.28776696,0.3346162,-0.04860525,0.113213405,0.04076723,0.005363969,0.31631243,-0.11764105,0.039429355,0.44029647,0.2255131,0.3545378,0.50298727,-0.0017359125,0.09972741,0.48667565,0.13211147,-0.050601874,0.29947585,0.2008602,-0.31495655,0.3751666,0.18153809,-0.2886465,0.51303303,-0.08086887,-0.03821796,0.445757,-0.17195192,0.078185625,0.54997504,0.012571642,-0.3615582,0.48869997,0.066930234,-0.5360606,0.6223303,0.11678709,-0.38737488,0.66301775,0.1209894,-0.43886542,0.6716204,0.09030728,-0.43482545,0.6507941,0.15342753,-0.48299867,0.6045637,0.031986754,-0.4810278,0.55696255,0.16887063,-0.02162063866853714,0.21476292610168457,-0.03843690827488899
