frame,Ankle.R_x,Ankle.R_y,Ankle.R_z,Knee.R_x,Knee.R_y,Knee.R_z,Hip.R_x,Hip.R_y,Hip.R_z,Hip.L_x,Hip.L_y,Hip.L_z,Knee.L_x,Knee.L_y,Knee.L_z,Ankle.L_x,Ankle.L_y,Ankle.L_z,Wrist.R_x,Wrist.R_y,Wrist.R_z,Elbow.R_x,Elbow.R_y,Elbow.R_z,Shoulder.R_x,Shoulder.R_y,Shoulder.R_z,Shoulder.L_x,Shoulder.L_y,Shoulder.L_z,Elbow.L_x,Elbow.L_y,Elbow.L_z,Wrist.L_x,Wrist.L_y,Wrist.L_z,Neck_x,Neck_y,Neck_z,Head_x,Head_y,Head_z,Nose_x,Nose_y,Nose_z,Eye.L_x,Eye.L_y,Eye.L_z,Eye.R_x,Eye.R_y,Eye.R_z,Ear.L_x,Ear.L_y,Ear.L_z,Ear.R_x,Ear.R_y,Ear.R_z,hip.Center_x,hip.Center_y,hip.Center_z
0,0.3151992,0.41308257,0.1566062,0.01718937,0.26334688,0.34225497,-0.05519356,0.1133202,0.034212127,0.012935617,0.31961972,-0.11196382,0.06397271,0.41627198,0.2462174,0.38241145,0.5043995,0.03148158,0.13273284,0.47989282,0.13134843,-0.045761228,0.31424022,0.19309717,-0.31091198,0.37850124,0.1814053,-0.29203513,0.5204127,-0.077014074,-0.04296383,0.4581189,-0.16841476,0.11242715,0.5493027,-0.005103099,-0.3619071,0.49012345,0.07080971,-0.5381398,0.61539644,0.13161948,-0.39018065,0.6571044,0.1359749,-0.44220537,0.66733027,0.1070272,-0.43691587,0.64187443,0.16818744,-0.4869706,0.60436857,0.044679828,-0.4815966,0.5471011,0.17743884,-0.021128971129655838,0.21646995842456818,-0.038875848054885864
