frame,Ankle.R_x,Ankle.R_y,Ankle.R_z,Knee.R_x,Knee.R_y,Knee.R_z,Hip.R_x,Hip.R_y,Hip.R_z,Hip.L_x,Hip.L_y,Hip.L_z,Knee.L_x,Knee.L_y,Knee.L_z,Ankle.L_x,Ankle.L_y,Ankle.L_z,Wrist.R_x,Wrist.R_y,Wrist.R_z,Elbow.R_x,Elbow.R_y,Elbow.R_z,Shoulder.R_x,Shoulder.R_y,Shoulder.R_z,Shoulder.L_x,Shoulder.L_y,Shoulder.L_z,Elbow.L_x,Elbow.L_y,Elbow.L_z,Wrist.L_x,Wrist.L_y,Wrist.L_z,Neck_x,Neck_y,Neck_z,Head_x,Head_y,Head_z,Nose_x,Nose_y,Nose_z,Eye.L_x,Eye.L_y,Eye.L_z,Eye.R_x,Eye.R_y,Eye.R_z,Ear.L_x,Ear.L_y,Ear.L_z,Ear.R_x,Ear.R_y,Ear.R_z,hip.Center_x,hip.Center_y,hip.Center_z
0,0.32232153,0.4114947,0.14185211,0.017606454,0.2883063,0.33596674,-0.05384818,0.115094595,0.039514475,0.011127424,0.3154319,-0.115700714,0.0690308,0.43251395,0.23516443,0.3825192,0.5027489,0.007985534,0.13020088,0.48257172,0.13077278,-0.04983486,0.31769958,0.19077271,-0.31560823,0.3772285,0.17493743,-0.29360262,0.51672465,-0.084624246,-0.041430168,0.45984194,-0.17141569,0.11496674,0.54987097,-0.007801515,-0.36606252,0.48713154,0.062035497,-0.545745,0.6108981,0.1154805,-0.39867285,0.65448856,0.12527578,-0.44970053,0.66374016,0.094180584,-0.4464282,0.6389067,0.15572166,-0.4911336,0.5998064,0.030724598,-0.49017167,0.5437435,0.16399169,-0.021360378712415695,0.2152632474899292,-0.038093119859695435
