frame,Ankle.R_x,Ankle.R_y,Ankle.R_z,Knee.R_x,Knee.R_y,Knee.R_z,Hip.R_x,Hip.R_y,Hip.R_z,Hip.L_x,Hip.L_y,Hip.L_z,Knee.L_x,Knee.L_y,Knee.L_z,Ankle.L_x,Ankle.L_y,Ankle.L_z,Wrist.R_x,Wrist.R_y,Wrist.R_z,Elbow.R_x,Elbow.R_y,Elbow.R_z,Shoulder.R_x,Shoulder.R_y,Shoulder.R_z,Shoulder.L_x,Shoulder.L_y,Shoulder.L_z,Elbow.L_x,Elbow.L_y,Elbow.L_z,Wrist.L_x,Wrist.L_y,Wrist.L_z,Neck_x,Neck_y,Neck_z,Head_x,Head_y,Head_z,Nose_x,Nose_y,Nose_z,Eye.L_x,Eye.L_y,Eye.L_z,Eye.R_x,Eye.R_y,Eye.R_z,Ear.L_x,Ear.L_y,Ear.L_z,Ear.R_x,Ear.R_y,Ear.R_z,hip.Center_x,hip.Center_y,hip.Center_z
0,0.061790325,0.38376445,0.15429789,-0.102508165,0.12681341,0.340092,-0.05651377,0.09363276,-0.016069043,0.040664542,0.33833024,-0.069832005,-0.09435722,0.24507764,0.28825414,0.08852772,0.45223927,0.039076276,0.0052517965,0.4343673,-0.01562918,-0.1288808,0.27221462,0.12023445,-0.37079632,0.3815461,0.02749256,-0.30564496,0.49427885,-0.23294434,-0.14576526,0.4290931,-0.4451469,-0.010795901,0.48873892,-0.25233883,-0.38550326,0.4684962,-0.10307916,-0.5549728,0.5629009,-0.044380166,-0.43661118,0.64414793,-0.10657165,-0.49323484,0.6268356,-0.11719381,-0.4654109,0.6334025,-0.057280287,-0.5207255,0.5332646,-0.13538013,-0.46749443,0.54122466,-0.003168285,-0.00792461447417736,0.21598149836063385,-0.042950525879859924
