frame,Ankle.R_x,Ankle.R_y,Ankle.R_z,Knee.R_x,Knee.R_y,Knee.R_z,Hip.R_x,Hip.R_y,Hip.R_z,Hip.L_x,Hip.L_y,Hip.L_z,Knee.L_x,Knee.L_y,Knee.L_z,Ankle.L_x,Ankle.L_y,Ankle.L_z,Wrist.R_x,Wrist.R_y,Wrist.R_z,Elbow.R_x,Elbow.R_y,Elbow.R_z,Shoulder.R_x,Shoulder.R_y,Shoulder.R_z,Shoulder.L_x,Shoulder.L_y,Shoulder.L_z,Elbow.L_x,Elbow.L_y,Elbow.L_z,Wrist.L_x,Wrist.L_y,Wrist.L_z,Neck_x,Neck_y,Neck_z,Head_x,Head_y,Head_z,Nose_x,Nose_y,Nose_z,Eye.L_x,Eye.L_y,Eye.L_z,Eye.R_x,Eye.R_y,Eye.R_z,Ear.L_x,Ear.L_y,Ear.L_z,Ear.R_x,Ear.R_y,Ear.R_z,hip.Center_x,hip.Center_y,hip.Center_z
0,0.08911499,0.3960259,0.17625451,-0.092897125,0.13454148,0.3496372,-0.062318105,0.09710458,-0.01332282,0.04633819,0.33418667,-0.07097292,-0.083244085,0.25051516,0.29500446,0.0989377,0.4690318,0.051438056,0.02350344,0.45914587,-0.020592531,-0.11741715,0.28601044,0.09413619,-0.36213467,0.3974828,0.025548715,-0.30544627,0.50516236,-0.23530746,-0.12989557,0.45015913,-0.439258,0.010843954,0.5096557,-0.24853373,-0.3806693,0.47946033,-0.103478365,-0.54456687,0.57448334,-0.035131313,-0.42544192,0.65354586,-0.09819636,-0.4834181,0.6399095,-0.10661537,-0.4522348,0.6406597,-0.048150867,-0.51702857,0.5493282,-0.1296381,-0.456517,0.5455655,-0.0005212724,-0.007989957928657532,0.21564562618732452,-0.04214787110686302
