frame,Ankle.R_x,Ankle.R_y,Ankle.R_z,Knee.R_x,Knee.R_y,Knee.R_z,Hip.R_x,Hip.R_y,Hip.R_z,Hip.L_x,Hip.L_y,Hip.L_z,Knee.L_x,Knee.L_y,Knee.L_z,Ankle.L_x,Ankle.L_y,Ankle.L_z,Wrist.R_x,Wrist.R_y,Wrist.R_z,Elbow.R_x,Elbow.R_y,Elbow.R_z,Shoulder.R_x,Shoulder.R_y,Shoulder.R_z,Shoulder.L_x,Shoulder.L_y,Shoulder.L_z,Elbow.L_x,Elbow.L_y,Elbow.L_z,Wrist.L_x,Wrist.L_y,Wrist.L_z,Neck_x,Neck_y,Neck_z,Head_x,Head_y,Head_z,Nose_x,Nose_y,Nose_z,Eye.L_x,Eye.L_y,Eye.L_z,Eye.R_x,Eye.R_y,Eye.R_z,Ear.L_x,Ear.L_y,Ear.L_z,Ear.R_x,Ear.R_y,Ear.R_z,hip.Center_x,hip.Center_y,hip.Center_z
0,0.40390688,0.37939793,0.17380947,0.07088929,0.25790876,0.3376365,-0.06511974,0.12033887,0.037403367,0.01676868,0.32075337,-0.10858443,0.13337588,0.40275505,0.24325912,0.41006428,0.4734479,-0.032586068,0.14043406,0.42877075,0.13894284,-0.06409047,0.28682122,0.18704872,-0.32521963,0.37684837,0.17194995,-0.29714355,0.53186595,-0.081902266,-0.057115037,0.45116603,-0.19108146,0.12161914,0.50748545,-0.032176435,-0.37383085,0.49634147,0.060095258,-0.570056,0.59885454,0.09400459,-0.43291163,0.6626786,0.12291564,-0.48127487,0.66583526,0.08602787,-0.48161048,0.63909787,0.14698152,-0.5042638,0.5995096,0.016552212,-0.5113818,0.5383178,0.14742957,-0.024175532162189484,0.22054612636566162,-0.035590529441833496
