frame,Ankle.R_x,Ankle.R_y,Ankle.R_z,Knee.R_x,Knee.R_y,Knee.R_z,Hip.R_x,Hip.R_y,Hip.R_z,Hip.L_x,Hip.L_y,Hip.L_z,Knee.L_x,Knee.L_y,Knee.L_z,Ankle.L_x,Ankle.L_y,Ankle.L_z,Wrist.R_x,Wrist.R_y,Wrist.R_z,Elbow.R_x,Elbow.R_y,Elbow.R_z,Shoulder.R_x,Shoulder.R_y,Shoulder.R_z,Shoulder.L_x,Shoulder.L_y,Shoulder.L_z,Elbow.L_x,Elbow.L_y,Elbow.L_z,Wrist.L_x,Wrist.L_y,Wrist.L_z,Neck_x,Neck_y,Neck_z,Head_x,Head_y,Head_z,Nose_x,Nose_y,Nose_z,Eye.L_x,Eye.L_y,Eye.L_z,Eye.R_x,Eye.R_y,Eye.R_z,Ear.L_x,Ear.L_y,Ear.L_z,Ear.R_x,Ear.R_y,Ear.R_z,hip.Center_x,hip.Center_y,hip.Center_z
0,0.34366614,0.40808278,0.18441308,0.012663934,0.2856031,0.3375223,-0.057288595,0.11748898,0.039539807,0.014303702,0.3153588,-0.11660881,0.07318809,0.4225758,0.24106543,0.39637187,0.4941235,0.026572378,0.14857398,0.4814794,0.12847753,-0.042542048,0.32761237,0.18848483,-0.30972323,0.38401592,0.17511845,-0.29043323,0.5241077,-0.08518837,-0.038885567,0.472047,-0.17994039,0.13621509,0.54306465,-0.02332024,-0.3621061,0.4925972,0.06202591,-0.5469019,0.60790235,0.11533253,-0.40243372,0.6581931,0.13133837,-0.4529894,0.6662843,0.09915474,-0.45020118,0.6388055,0.15964815,-0.4895931,0.6033124,0.031418398,-0.48928332,0.54135054,0.16249104,-0.021492445841431618,0.2164238840341568,-0.0385345034301281
