frame,Ankle.R_x,Ankle.R_y,Ankle.R_z,Knee.R_x,Knee.R_y,Knee.R_z,Hip.R_x,Hip.R_y,Hip.R_z,Hip.L_x,Hip.L_y,Hip.L_z,Knee.L_x,Knee.L_y,Knee.L_z,Ankle.L_x,Ankle.L_y,Ankle.L_z,Wrist.R_x,Wrist.R_y,Wrist.R_z,Elbow.R_x,Elbow.R_y,Elbow.R_z,Shoulder.R_x,Shoulder.R_y,Shoulder.R_z,Shoulder.L_x,Shoulder.L_y,Shoulder.L_z,Elbow.L_x,Elbow.L_y,Elbow.L_z,Wrist.L_x,Wrist.L_y,Wrist.L_z,Neck_x,Neck_y,Neck_z,Head_x,Head_y,Head_z,Nose_x,Nose_y,Nose_z,Eye.L_x,Eye.L_y,Eye.L_z,Eye.R_x,Eye.R_y,Eye.R_z,Ear.L_x,Ear.L_y,Ear.L_z,Ear.R_x,Ear.R_y,Ear.R_z,hip.Center_x,hip.Center_y,hip.Center_z
0,0.124351546,0.35413116,0.16848351,-0.09074931,0.11977382,0.34459946,-0.06175483,0.0966862,-0.016343534,0.043632228,0.3388141,-0.06966016,-0.055530667,0.26243925,0.30720416,0.15368067,0.422358,0.03703978,0.048317395,0.41886228,-0.011888208,-0.12616521,0.2923424,0.12312894,-0.3804494,0.36308962,0.034225084,-0.30947775,0.50143296,-0.21325333,-0.13247792,0.4338371,-0.41196862,0.039555117,0.46918786,-0.24209523,-0.39686105,0.4629272,-0.09143223,-0.5813621,0.5599873,-0.06568613,-0.4648024,0.6186528,-0.15110275,-0.5186418,0.59315,-0.15538847,-0.49689677,0.6278815,-0.10301921,-0.5369645,0.499413,-0.13151464,-0.4959973,0.568029,-0.012977675,-0.009061301127076149,0.2177501618862152,-0.043001845479011536
