frame,Ankle.R_x,Ankle.R_y,Ankle.R_z,Knee.R_x,Knee.R_y,Knee.R_z,Hip.R_x,Hip.R_y,Hip.R_z,Hip.L_x,Hip.L_y,Hip.L_z,Knee.L_x,Knee.L_y,Knee.L_z,Ankle.L_x,Ankle.L_y,Ankle.L_z,Wrist.R_x,Wrist.R_y,Wrist.R_z,Elbow.R_x,Elbow.R_y,Elbow.R_z,Shoulder.R_x,Shoulder.R_y,Shoulder.R_z,Shoulder.L_x,Shoulder.L_y,Shoulder.L_z,Elbow.L_x,Elbow.L_y,Elbow.L_z,Wrist.L_x,Wrist.L_y,Wrist.L_z,Neck_x,Neck_y,Neck_z,Head_x,Head_y,Head_z,Nose_x,Nose_y,Nose_z,Eye.L_x,Eye.L_y,Eye.L_z,Eye.R_x,Eye.R_y,Eye.R_z,Ear.L_x,Ear.L_y,Ear.L_z,Ear.R_x,Ear.R_y,Ear.R_z,hip.Center_x,hip.Center_y,hip.Center_z
0,0.46651497,0.3606674,0.19842248,0.1038819,0.27341053,0.32802615,-0.064184174,0.12365889,0.042917226,0.015419231,0.3185335,-0.11234158,0.16478312,0.401837,0.23300445,0.46077275,0.43669924,-0.030520095,0.148551,0.42824814,0.1397719,-0.06530871,0.3016438,0.18988673,-0.3292476,0.3728482,0.17326188,-0.30779484,0.5269417,-0.08135863,-0.06230413,0.45932376,-0.18037139,0.13725226,0.502599,-0.04174157,-0.38268813,0.4874124,0.060475253,-0.5847447,0.5747787,0.09080487,-0.45476845,0.64393497,0.1354598,-0.5005832,0.64767194,0.09577109,-0.5028289,0.61467034,0.15341537,-0.5147306,0.587981,0.017695779,-0.5247662,0.51317155,0.14158192,-0.024382472038269043,0.2210962027311325,-0.034712180495262146
