frame,Ankle.R_x,Ankle.R_y,Ankle.R_z,Knee.R_x,Knee.R_y,Knee.R_z,Hip.R_x,Hip.R_y,Hip.R_z,Hip.L_x,Hip.L_y,Hip.L_z,Knee.L_x,Knee.L_y,Knee.L_z,Ankle.L_x,Ankle.L_y,Ankle.L_z,Wrist.R_x,Wrist.R_y,Wrist.R_z,Elbow.R_x,Elbow.R_y,Elbow.R_z,Shoulder.R_x,Shoulder.R_y,Shoulder.R_z,Shoulder.L_x,Shoulder.L_y,Shoulder.L_z,Elbow.L_x,Elbow.L_y,Elbow.L_z,Wrist.L_x,Wrist.L_y,Wrist.L_z,Neck_x,Neck_y,Neck_z,Head_x,Head_y,Head_z,Nose_x,Nose_y,Nose_z,Eye.L_x,Eye.L_y,Eye.L_z,Eye.R_x,Eye.R_y,Eye.R_z,Ear.L_x,Ear.L_y,Ear.L_z,Ear.R_x,Ear.R_y,Ear.R_z,hip.Center_x,hip.Center_y,hip.Center_z
0,0.14443941,0.33459938,0.15353844,-0.0734511,0.12732367,0.35236815,-0.06464794,0.09931488,-0.013324782,0.043880098,0.33998734,-0.071701884,-0.04440207,0.25736505,0.3097338,0.1651593,0.40507936,0.034779757,0.06739383,0.41319558,-0.0113326125,-0.11593375,0.30076626,0.12444533,-0.37757558,0.35482168,0.0370557,-0.31431863,0.4929276,-0.21748742,-0.116240084,0.4368781,-0.402998,0.06630587,0.45729035,-0.23936431,-0.40398473,0.45380446,-0.09175035,-0.5985824,0.5408362,-0.06678321,-0.49206683,0.5921427,-0.16813838,-0.54289794,0.5611392,-0.16439904,-0.5232029,0.60775197,-0.121008724,-0.55031943,0.47261444,-0.12165463,-0.5123636,0.56745,-0.020819314,-0.01038392260670662,0.21965110301971436,-0.04251333326101303
