frame,Ankle.R_x,Ankle.R_y,Ankle.R_z,Knee.R_x,Knee.R_y,Knee.R_z,Hip.R_x,Hip.R_y,Hip.R_z,Hip.L_x,Hip.L_y,Hip.L_z,Knee.L_x,Knee.L_y,Knee.L_z,Ankle.L_x,Ankle.L_y,Ankle.L_z,Wrist.R_x,Wrist.R_y,Wrist.R_z,Elbow.R_x,Elbow.R_y,Elbow.R_z,Shoulder.R_x,Shoulder.R_y,Shoulder.R_z,Shoulder.L_x,Shoulder.L_y,Shoulder.L_z,Elbow.L_x,Elbow.L_y,Elbow.L_z,Wrist.L_x,Wrist.L_y,Wrist.L_z,Neck_x,Neck_y,Neck_z,Head_x,Head_y,Head_z,Nose_x,Nose_y,Nose_z,Eye.L_x,Eye.L_y,Eye.L_z,Eye.R_x,Eye.R_y,Eye.R_z,Ear.L_x,Ear.L_y,Ear.L_z,Ear.R_x,Ear.R_y,Ear.R_z,hip.Center_x,hip.Center_y,hip.Center_z
0,0.12940344,0.35854003,0.17061083,-0.09014072,0.13005799,0.34894642,-0.06510324,0.09923546,-0.014379755,0.047475234,0.3354101,-0.069745585,-0.0565949,0.26196203,0.30761462,0.14899565,0.43473136,0.044904232,0.062052462,0.4138361,-0.025394302,-0.124942325,0.28217497,0.084711835,-0.37696692,0.37002727,0.022547718,-0.31233796,0.4998415,-0.22772469,-0.120783806,0.44041127,-0.41433337,0.056272976,0.48089734,-0.24906266,-0.39651904,0.46373063,-0.10342462,-0.57980573,0.55809265,-0.06980461,-0.4579219,0.62853783,-0.1357975,-0.5128161,0.60734415,-0.14764969,-0.49149457,0.62740934,-0.08801381,-0.53632694,0.51162845,-0.14744501,-0.49654013,0.5489158,-0.015590899,-0.008814003318548203,0.21732276678085327,-0.0420626699924469
