frame,Ankle.R_x,Ankle.R_y,Ankle.R_z,Knee.R_x,Knee.R_y,Knee.R_z,Hip.R_x,Hip.R_y,Hip.R_z,Hip.L_x,Hip.L_y,Hip.L_z,Knee.L_x,Knee.L_y,Knee.L_z,Ankle.L_x,Ankle.L_y,Ankle.L_z,Wrist.R_x,Wrist.R_y,Wrist.R_z,Elbow.R_x,Elbow.R_y,Elbow.R_z,Shoulder.R_x,Shoulder.R_y,Shoulder.R_z,Shoulder.L_x,Shoulder.L_y,Shoulder.L_z,Elbow.L_x,Elbow.L_y,Elbow.L_z,Wrist.L_x,Wrist.L_y,Wrist.L_z,Neck_x,Neck_y,Neck_z,Head_x,Head_y,Head_z,Nose_x,Nose_y,Nose_z,Eye.L_x,Eye.L_y,Eye.L_z,Eye.R_x,Eye.R_y,Eye.R_z,Ear.L_x,Ear.L_y,Ear.L_z,Ear.R_x,Ear.R_y,Ear.R_z,hip.Center_x,hip.Center_y,hip.Center_z
0,0.45299482,0.36648703,0.2505612,0.07102071,0.30716404,0.33155218,-0.057195645,0.12683012,0.05125675,0.009037429,0.30902,-0.124097906,0.13488948,0.43756464,0.21832386,0.46218047,0.46260214,-0.008548389,0.18322143,0.4282387,0.13066483,-0.041817017,0.32145202,0.18140659,-0.30976027,0.38082328,0.17724344,-0.29842365,0.5178634,-0.08557484,-0.042118676,0.46920732,-0.1687894,0.16970219,0.5165278,-0.047240295,-0.3710885,0.48570317,0.061138324,-0.5740259,0.5748757,0.089272946,-0.4445678,0.64805436,0.1286671,-0.48978075,0.6480531,0.08836266,-0.49249566,0.6203346,0.14879742,-0.50372696,0.5815822,0.015464646,-0.5142242,0.5178826,0.1459473,-0.024079108610749245,0.2179250717163086,-0.03642057627439499
