frame,Ankle.R_x,Ankle.R_y,Ankle.R_z,Knee.R_x,Knee.R_y,Knee.R_z,Hip.R_x,Hip.R_y,Hip.R_z,Hip.L_x,Hip.L_y,Hip.L_z,Knee.L_x,Knee.L_y,Knee.L_z,Ankle.L_x,Ankle.L_y,Ankle.L_z,Wrist.R_x,Wrist.R_y,Wrist.R_z,Elbow.R_x,Elbow.R_y,Elbow.R_z,Shoulder.R_x,Shoulder.R_y,Shoulder.R_z,Shoulder.L_x,Shoulder.L_y,Shoulder.L_z,Elbow.L_x,Elbow.L_y,Elbow.L_z,Wrist.L_x,Wrist.L_y,Wrist.L_z,Neck_x,Neck_y,Neck_z,Head_x,Head_y,Head_z,Nose_x,Nose_y,Nose_z,Eye.L_x,Eye.L_y,Eye.L_z,Eye.R_x,Eye.R_y,Eye.R_z,Ear.L_x,Ear.L_y,Ear.L_z,Ear.R_x,Ear.R_y,Ear.R_z,hip.Center_x,hip.Center_y,hip.Center_z
0,0.45446905,0.3506246,0.33831924,0.06118973,0.2866028,0.3400672,-0.063103124,0.12769559,0.046741806,0.016253335,0.30979007,-0.12177981,0.13968451,0.42879826,0.227667,0.48349607,0.45141017,0.023149867,0.17837188,0.4444194,0.12379161,-0.044265814,0.33127287,0.17164537,-0.3145591,0.37444508,0.1650239,-0.3012162,0.5171554,-0.09305103,-0.04025637,0.47734776,-0.16491136,0.1749242,0.5028343,-0.041775975,-0.37731674,0.47876096,0.05033002,-0.5847562,0.5589823,0.07716562,-0.4584272,0.63853157,0.113255925,-0.5035447,0.635262,0.07326512,-0.5051613,0.6097386,0.13466251,-0.51508397,0.5657975,0.0030812966,-0.5228264,0.50643545,0.13563499,-0.023424893617630005,0.21874283254146576,-0.037519000470638275
