frame,Ankle.R_x,Ankle.R_y,Ankle.R_z,Knee.R_x,Knee.R_y,Knee.R_z,Hip.R_x,Hip.R_y,Hip.R_z,Hip.L_x,Hip.L_y,Hip.L_z,Knee.L_x,Knee.L_y,Knee.L_z,Ankle.L_x,Ankle.L_y,Ankle.L_z,Wrist.R_x,Wrist.R_y,Wrist.R_z,Elbow.R_x,Elbow.R_y,Elbow.R_z,Shoulder.R_x,Shoulder.R_y,Shoulder.R_z,Shoulder.L_x,Shoulder.L_y,Shoulder.L_z,Elbow.L_x,Elbow.L_y,Elbow.L_z,Wrist.L_x,Wrist.L_y,Wrist.L_z,Neck_x,Neck_y,Neck_z,Head_x,Head_y,Head_z,Nose_x,Nose_y,Nose_z,Eye.L_x,Eye.L_y,Eye.L_z,Eye.R_x,Eye.R_y,Eye.R_z,Ear.L_x,Ear.L_y,Ear.L_z,Ear.R_x,Ear.R_y,Ear.R_z,hip.Center_x,hip.Center_y,hip.Center_z
0,0.47277066,0.35598665,0.29260662,0.08064277,0.30264327,0.3333209,-0.060063306,0.12912944,0.05174447,0.011959182,0.30736238,-0.12418744,0.15600088,0.4386033,0.21352747,0.48999128,0.45095116,-0.007139713,0.17970972,0.43940216,0.1273278,-0.0458509,0.33171985,0.17530079,-0.31600922,0.37473345,0.16796167,-0.30365777,0.51640964,-0.09125894,-0.042237334,0.48245603,-0.1632884,0.17143261,0.5133372,-0.03824608,-0.3789168,0.4785171,0.052109435,-0.5860683,0.56019974,0.07364718,-0.4605083,0.63788664,0.11567968,-0.5043588,0.63570225,0.07403591,-0.50820905,0.60902435,0.13481201,-0.5139121,0.5677622,0.0020546596,-0.5265187,0.50597733,0.13304515,-0.024052061140537262,0.21824590861797333,-0.03622148558497429
