frame,Ankle.R_x,Ankle.R_y,Ankle.R_z,Knee.R_x,Knee.R_y,Knee.R_z,Hip.R_x,Hip.R_y,Hip.R_z,Hip.L_x,Hip.L_y,Hip.L_z,Knee.L_x,Knee.L_y,Knee.L_z,Ankle.L_x,Ankle.L_y,Ankle.L_z,Wrist.R_x,Wrist.R_y,Wrist.R_z,Elbow.R_x,Elbow.R_y,Elbow.R_z,Shoulder.R_x,Shoulder.R_y,Shoulder.R_z,Shoulder.L_x,Shoulder.L_y,Shoulder.L_z,Elbow.L_x,Elbow.L_y,Elbow.L_z,Wrist.L_x,Wrist.L_y,Wrist.L_z,Neck_x,Neck_y,Neck_z,Head_x,Head_y,Head_z,Nose_x,Nose_y,Nose_z,Eye.L_x,Eye.L_y,Eye.L_z,Eye.R_x,Eye.R_y,Eye.R_z,Ear.L_x,Ear.L_y,Ear.L_z,Ear.R_x,Ear.R_y,Ear.R_z,hip.Center_x,hip.Center_y,hip.Center_z
0,0.13781823,0.33080548,0.15021868,-0.075500645,0.12656307,0.35212082,-0.06416059,0.09864469,-0.014393981,0.045997344,0.33741203,-0.0698277,-0.053439613,0.26149976,0.30872536,0.1731505,0.41699883,0.05372916,0.075754836,0.41519335,-0.041416313,-0.120988,0.29780242,0.0726984,-0.38105556,0.3568459,0.026815236,-0.32060865,0.49646395,-0.21973404,-0.11938375,0.43855038,-0.39643806,0.07309869,0.46551254,-0.24313134,-0.4067129,0.4518227,-0.097724,-0.59916055,0.53401774,-0.07036867,-0.4889223,0.5963146,-0.16006467,-0.540939,0.5671687,-0.16211379,-0.5204145,0.6050942,-0.11152439,-0.55292946,0.4734828,-0.13474129,-0.51332736,0.5490645,-0.019873649,-0.009081624448299408,0.21802836656570435,-0.04211083799600601
