frame,Ankle.R_x,Ankle.R_y,Ankle.R_z,Knee.R_x,Knee.R_y,Knee.R_z,Hip.R_x,Hip.R_y,Hip.R_z,Hip.L_x,Hip.L_y,Hip.L_z,Knee.L_x,Knee.L_y,Knee.L_z,Ankle.L_x,Ankle.L_y,Ankle.L_z,Wrist.R_x,Wrist.R_y,Wrist.R_z,Elbow.R_x,Elbow.R_y,Elbow.R_z,Shoulder.R_x,Shoulder.R_y,Shoulder.R_z,Shoulder.L_x,Shoulder.L_y,Shoulder.L_z,Elbow.L_x,Elbow.L_y,Elbow.L_z,Wrist.L_x,Wrist.L_y,Wrist.L_z,Neck_x,Neck_y,Neck_z,Head_x,Head_y,Head_z,Nose_x,Nose_y,Nose_z,Eye.L_x,Eye.L_y,Eye.L_z,Eye.R_x,Eye.R_y,Eye.R_z,Ear.L_x,Ear.L_y,Ear.L_z,Ear.R_x,Ear.R_y,Ear.R_z,hip.Center_x,hip.Center_y,hip.Center_z
0,0.14483309,0.30874586,0.1490343,-0.07707567,0.11040178,0.34935042,-0.06709077,0.10117904,-0.016943214,0.05088237,0.33792955,-0.06639068,-0.053590853,0.24689525,0.30784142,0.18020259,0.38527676,0.04955889,0.08375616,0.40111658,-0.060023494,-0.12489788,0.3096519,0.058944967,-0.38497388,0.35473463,0.029169003,-0.33290654,0.49704388,-0.21357854,-0.11454706,0.44830206,-0.36857736,0.091321714,0.44874287,-0.22770703,-0.41549623,0.4478134,-0.09326112,-0.6102867,0.5225953,-0.07141505,-0.5036335,0.57531524,-0.17066082,-0.5539173,0.5436874,-0.167458,-0.5354785,0.5903621,-0.12389876,-0.5610347,0.45524898,-0.12522408,-0.5251421,0.5500579,-0.024474662,-0.008104201406240463,0.21955429017543793,-0.041666947305202484
