frame,Ankle.R_x,Ankle.R_y,Ankle.R_z,Knee.R_x,Knee.R_y,Knee.R_z,Hip.R_x,Hip.R_y,Hip.R_z,Hip.L_x,Hip.L_y,Hip.L_z,Knee.L_x,Knee.L_y,Knee.L_z,Ankle.L_x,Ankle.L_y,Ankle.L_z,Wrist.R_x,Wrist.R_y,Wrist.R_z,Elbow.R_x,Elbow.R_y,Elbow.R_z,Shoulder.R_x,Shoulder.R_y,Shoulder.R_z,Shoulder.L_x,Shoulder.L_y,Shoulder.L_z,Elbow.L_x,Elbow.L_y,Elbow.L_z,Wrist.L_x,Wrist.L_y,Wrist.L_z,Neck_x,Neck_y,Neck_z,Head_x,Head_y,Head_z,Nose_x,Nose_y,Nose_z,Eye.L_x,Eye.L_y,Eye.L_z,Eye.R_x,Eye.R_y,Eye.R_z,Ear.L_x,Ear.L_y,Ear.L_z,Ear.R_x,Ear.R_y,Ear.R_z,hip.Center_x,hip.Center_y,hip.Center_z
0,0.45063558,0.34960556,0.32911834,0.05790071,0.28519046,0.3398849,-0.062891684,0.12811035,0.0489738,0.014119185,0.30852067,-0.12290849,0.17775454,0.4354444,0.20895937,0.52002823,0.44474658,-0.0050700307,0.17904517,0.44484383,0.107429855,-0.045962043,0.34227595,0.16636434,-0.31702146,0.3787712,0.16184813,-0.30202815,0.5188187,-0.097524285,-0.037598792,0.49792084,-0.16552456,0.17819923,0.50629556,-0.040207915,-0.38117445,0.47716787,0.043109283,-0.5945703,0.54116994,0.06065265,-0.4773508,0.627507,0.10875617,-0.52040386,0.623507,0.06634455,-0.5225264,0.59335923,0.12552105,-0.52248883,0.558717,-0.009353594,-0.53151935,0.4896096,0.118049115,-0.024386249482631683,0.2183155119419098,-0.03696734458208084
