frame,Ankle.R_x,Ankle.R_y,Ankle.R_z,Knee.R_x,Knee.R_y,Knee.R_z,Hip.R_x,Hip.R_y,Hip.R_z,Hip.L_x,Hip.L_y,Hip.L_z,Knee.L_x,Knee.L_y,Knee.L_z,Ankle.L_x,Ankle.L_y,Ankle.L_z,Wrist.R_x,Wrist.R_y,Wrist.R_z,Elbow.R_x,Elbow.R_y,Elbow.R_z,Shoulder.R_x,Shoulder.R_y,Shoulder.R_z,Shoulder.L_x,Shoulder.L_y,Shoulder.L_z,Elbow.L_x,Elbow.L_y,Elbow.L_z,Wrist.L_x,Wrist.L_y,Wrist.L_z,Neck_x,Neck_y,Neck_z,Head_x,Head_y,Head_z,Nose_x,Nose_y,Nose_z,Eye.L_x,Eye.L_y,Eye.L_z,Eye.R_x,Eye.R_y,Eye.R_z,Ear.L_x,Ear.L_y,Ear.L_z,Ear.R_x,Ear.R_y,Ear.R_z,hip.Center_x,hip.Center_y,hip.Center_z
0,0.51622885,0.32421288,0.25449365,0.124599874,0.29840913,0.32743785,-0.056554988,0.13658598,0.06273288,0.0032928959,0.3015797,-0.13007705,0.22799993,0.4455492,0.15781869,0.5624972,0.44228354,-0.07656046,0.18608154,0.3959284,0.11183923,-0.053364772,0.3349683,0.17443503,-0.32381332,0.3712654,0.16941042,-0.32233658,0.51496863,-0.08887655,-0.058359176,0.5058218,-0.15573306,0.16537446,0.48268235,-0.044920605,-0.39518207,0.46666643,0.05159524,-0.61159307,0.5133754,0.06677085,-0.503234,0.6063991,0.12232604,-0.5450648,0.6008023,0.07859622,-0.5458683,0.5676354,0.13596535,-0.53974646,0.5402492,-0.00072270446,-0.5455004,0.46454585,0.12288877,-0.02663104608654976,0.21908284723758698,-0.03367208316922188
