frame,Ankle.R_x,Ankle.R_y,Ankle.R_z,Knee.R_x,Knee.R_y,Knee.R_z,Hip.R_x,Hip.R_y,Hip.R_z,Hip.L_x,Hip.L_y,Hip.L_z,Knee.L_x,Knee.L_y,Knee.L_z,Ankle.L_x,Ankle.L_y,Ankle.L_z,Wrist.R_x,Wrist.R_y,Wrist.R_z,Elbow.R_x,Elbow.R_y,Elbow.R_z,Shoulder.R_x,Shoulder.R_y,Shoulder.R_z,Shoulder.L_x,Shoulder.L_y,Shoulder.L_z,Elbow.L_x,Elbow.L_y,Elbow.L_z,Wrist.L_x,Wrist.L_y,Wrist.L_z,Neck_x,Neck_y,Neck_z,Head_x,Head_y,Head_z,Nose_x,Nose_y,Nose_z,Eye.L_x,Eye.L_y,Eye.L_z,Eye.R_x,Eye.R_y,Eye.R_z,Ear.L_x,Ear.L_y,Ear.L_z,Ear.R_x,Ear.R_y,Ear.R_z,hip.Center_x,hip.Center_y,hip.Center_z
0,0.41345802,0.3580016,0.43469757,0.031868417,0.27167615,0.34322244,-0.068018764,0.1293643,0.04472521,0.021103293,0.30886194,-0.121126056,0.17145982,0.42609745,0.22098842,0.52697605,0.45500124,0.028132776,0.18544449,0.4293795,0.09878785,-0.04712958,0.34891888,0.1636686,-0.31755614,0.38249627,0.15416056,-0.3044909,0.5213873,-0.10469392,-0.03874959,0.5137687,-0.16212241,0.17998719,0.50993824,-0.040418535,-0.3825784,0.4766505,0.03457274,-0.5980979,0.52324516,0.051039495,-0.4896145,0.6193286,0.101394266,-0.5319626,0.6121393,0.05881097,-0.53140706,0.5806029,0.11728754,-0.52775323,0.54906833,-0.018443597,-0.5307343,0.4768522,0.107581496,-0.023457735776901245,0.21911311149597168,-0.03820042312145233
