frame,Ankle.R_x,Ankle.R_y,Ankle.R_z,Knee.R_x,Knee.R_y,Knee.R_z,Hip.R_x,Hip.R_y,Hip.R_z,Hip.L_x,Hip.L_y,Hip.L_z,Knee.L_x,Knee.L_y,Knee.L_z,Ankle.L_x,Ankle.L_y,Ankle.L_z,Wrist.R_x,Wrist.R_y,Wrist.R_z,Elbow.R_x,Elbow.R_y,Elbow.R_z,Shoulder.R_x,Shoulder.R_y,Shoulder.R_z,Shoulder.L_x,Shoulder.L_y,Shoulder.L_z,Elbow.L_x,Elbow.L_y,Elbow.L_z,Wrist.L_x,Wrist.L_y,Wrist.L_z,Neck_x,Neck_y,Neck_z,Head_x,Head_y,Head_z,Nose_x,Nose_y,Nose_z,Eye.L_x,Eye.L_y,Eye.L_z,Eye.R_x,Eye.R_y,Eye.R_z,Ear.L_x,Ear.L_y,Ear.L_z,Ear.R_x,Ear.R_y,Ear.R_z,hip.Center_x,hip.Center_y,hip.Center_z
0,0.158222,0.2809278,0.117603295,-0.07016743,0.1184379,0.34859696,-0.066514194,0.1011699,-0.01546926,0.049327977,0.33911648,-0.06746105,-0.054988764,0.2555438,0.30276227,0.21168023,0.36646238,0.054091245,0.07742342,0.3511382,-0.095919035,-0.13052855,0.29418302,0.04432887,-0.38939515,0.33082315,0.04229162,-0.357046,0.49026695,-0.18806125,-0.16101597,0.43444845,-0.36115137,0.08440262,0.40508866,-0.3180449,-0.4298937,0.43228236,-0.07236498,-0.63196284,0.4720829,-0.06572666,-0.53038645,0.54223776,-0.16011138,-0.5724194,0.4998763,-0.15843415,-0.56932193,0.5524218,-0.11757223,-0.56363475,0.4154624,-0.109701246,-0.55979466,0.5222245,-0.014470407,-0.008593108505010605,0.22014319896697998,-0.0414651557803154
