frame,Ankle.R_x,Ankle.R_y,Ankle.R_z,Knee.R_x,Knee.R_y,Knee.R_z,Hip.R_x,Hip.R_y,Hip.R_z,Hip.L_x,Hip.L_y,Hip.L_z,Knee.L_x,Knee.L_y,Knee.L_z,Ankle.L_x,Ankle.L_y,Ankle.L_z,Wrist.R_x,Wrist.R_y,Wrist.R_z,Elbow.R_x,Elbow.R_y,Elbow.R_z,Shoulder.R_x,Shoulder.R_y,Shoulder.R_z,Shoulder.L_x,Shoulder.L_y,Shoulder.L_z,Elbow.L_x,Elbow.L_y,Elbow.L_z,Wrist.L_x,Wrist.L_y,Wrist.L_z,Neck_x,Neck_y,Neck_z,Head_x,Head_y,Head_z,Nose_x,Nose_y,Nose_z,Eye.L_x,Eye.L_y,Eye.L_z,Eye.R_x,Eye.R_y,Eye.R_z,Ear.L_x,Ear.L_y,Ear.L_z,Ear.R_x,Ear.R_y,Ear.R_z,hip.Center_x,hip.Center_y,hip.Center_z
0,0.37456474,0.18646282,-0.40456447,0.40060374,0.30565995,-0.0251453,0.01478858,0.14794168,0.08572642,-0.05805837,0.300509,-0.10442985,0.3037491,0.46128982,-0.16564617,0.33812767,0.40064394,-0.5751764,0.09997136,0.12111383,0.26853347,-0.1460761,0.09154416,0.22562812,-0.3967136,0.19602807,0.19205168,-0.39997384,0.43530127,0.008343786,-0.14501841,0.51476794,-0.05441662,0.06664297,0.5737064,0.062051006,-0.46807453,0.32940078,0.113019615,-0.68536615,0.33177722,0.12914108,-0.59708214,0.43923825,0.19726202,-0.6382005,0.42915806,0.15277927,-0.632306,0.39131057,0.20595089,-0.61996394,0.37967193,0.06847899,-0.6100636,0.29267624,0.18081322,-0.021634895354509354,0.22422534227371216,-0.009351715445518494
