frame,Ankle.R_x,Ankle.R_y,Ankle.R_z,Knee.R_x,Knee.R_y,Knee.R_z,Hip.R_x,Hip.R_y,Hip.R_z,Hip.L_x,Hip.L_y,Hip.L_z,Knee.L_x,Knee.L_y,Knee.L_z,Ankle.L_x,Ankle.L_y,Ankle.L_z,Wrist.R_x,Wrist.R_y,Wrist.R_z,Elbow.R_x,Elbow.R_y,Elbow.R_z,Shoulder.R_x,Shoulder.R_y,Shoulder.R_z,Shoulder.L_x,Shoulder.L_y,Shoulder.L_z,Elbow.L_x,Elbow.L_y,Elbow.L_z,Wrist.L_x,Wrist.L_y,Wrist.L_z,Neck_x,Neck_y,Neck_z,Head_x,Head_y,Head_z,Nose_x,Nose_y,Nose_z,Eye.L_x,Eye.L_y,Eye.L_z,Eye.R_x,Eye.R_y,Eye.R_z,Ear.L_x,Ear.L_y,Ear.L_z,Ear.R_x,Ear.R_y,Ear.R_z,hip.Center_x,hip.Center_y,hip.Center_z
0,0.3494523,0.20142205,-0.43109748,0.40212676,0.28862503,-0.04514639,0.015664684,0.14390242,0.08274769,-0.05721331,0.30523452,-0.09978992,0.3095133,0.4538382,-0.16542609,0.32171628,0.40071964,-0.5762157,0.10232666,0.11386576,0.25232846,-0.14575583,0.08907507,0.22323106,-0.39419907,0.2001229,0.19969606,-0.39934632,0.43778345,0.015994014,-0.14524406,0.5126977,-0.052599724,0.058924504,0.5683148,0.07652776,-0.46556744,0.33200175,0.12035154,-0.68094754,0.32591707,0.13656193,-0.59725773,0.43864313,0.20217879,-0.6384262,0.4260526,0.15832567,-0.6301681,0.38939708,0.2120437,-0.61838835,0.37606007,0.07474157,-0.6035825,0.2916932,0.18813714,-0.02077431231737137,0.2245684713125229,-0.00852111354470253
