frame,Ankle.R_x,Ankle.R_y,Ankle.R_z,Knee.R_x,Knee.R_y,Knee.R_z,Hip.R_x,Hip.R_y,Hip.R_z,Hip.L_x,Hip.L_y,Hip.L_z,Knee.L_x,Knee.L_y,Knee.L_z,Ankle.L_x,Ankle.L_y,Ankle.L_z,Wrist.R_x,Wrist.R_y,Wrist.R_z,Elbow.R_x,Elbow.R_y,Elbow.R_z,Shoulder.R_x,Shoulder.R_y,Shoulder.R_z,Shoulder.L_x,Shoulder.L_y,Shoulder.L_z,Elbow.L_x,Elbow.L_y,Elbow.L_z,Wrist.L_x,Wrist.L_y,Wrist.L_z,Neck_x,Neck_y,Neck_z,Head_x,Head_y,Head_z,Nose_x,Nose_y,Nose_z,Eye.L_x,Eye.L_y,Eye.L_z,Eye.R_x,Eye.R_y,Eye.R_z,Ear.L_x,Ear.L_y,Ear.L_z,Ear.R_x,Ear.R_y,Ear.R_z,hip.Center_x,hip.Center_y,hip.Center_z
0,0.15375698,0.22922498,0.07598191,-0.06669421,0.15388772,0.34896737,-0.0479092,0.09219095,-0.011660108,0.027072156,0.3453046,-0.07726693,-0.056504034,0.29847082,0.296655,0.14172477,0.38265157,-0.008017193,-0.011459452,0.1765054,0.36254936,-0.19993438,0.119899176,0.20682485,-0.4048429,0.2325363,0.048404127,-0.38334593,0.43528345,-0.1679216,-0.21423638,0.47176176,-0.37793997,-0.06373722,0.4993668,-0.19097838,-0.45219836,0.3506205,-0.057632826,-0.65797174,0.343262,-0.040714543,-0.58316696,0.43639946,-0.141818,-0.6110455,0.38294923,-0.13735102,-0.6221666,0.43651322,-0.09813357,-0.5775402,0.30696347,-0.08487526,-0.6019703,0.4144768,0.006640208,-0.010418522171676159,0.21874777972698212,-0.044463519006967545
