frame,Ankle.R_x,Ankle.R_y,Ankle.R_z,Knee.R_x,Knee.R_y,Knee.R_z,Hip.R_x,Hip.R_y,Hip.R_z,Hip.L_x,Hip.L_y,Hip.L_z,Knee.L_x,Knee.L_y,Knee.L_z,Ankle.L_x,Ankle.L_y,Ankle.L_z,Wrist.R_x,Wrist.R_y,Wrist.R_z,Elbow.R_x,Elbow.R_y,Elbow.R_z,Shoulder.R_x,Shoulder.R_y,Shoulder.R_z,Shoulder.L_x,Shoulder.L_y,Shoulder.L_z,Elbow.L_x,Elbow.L_y,Elbow.L_z,Wrist.L_x,Wrist.L_y,Wrist.L_z,Neck_x,Neck_y,Neck_z,Head_x,Head_y,Head_z,Nose_x,Nose_y,Nose_z,Eye.L_x,Eye.L_y,Eye.L_z,Eye.R_x,Eye.R_y,Eye.R_z,Ear.L_x,Ear.L_y,Ear.L_z,Ear.R_x,Ear.R_y,Ear.R_z,hip.Center_x,hip.Center_y,hip.Center_z
0,0.42095488,0.33938858,0.47310555,0.0444842,0.25469932,0.347395,-0.07187998,0.13275751,0.043748595,0.023533935,0.3109062,-0.12062238,0.19067296,0.41791573,0.21920198,0.5540363,0.4446211,0.032104705,0.19109946,0.4216759,0.09041022,-0.047601353,0.3581088,0.15761983,-0.31905875,0.38662252,0.15281698,-0.30181715,0.53677833,-0.09847716,-0.033979226,0.5282714,-0.14987385,0.19181639,0.49107277,-0.043940812,-0.38249785,0.48549765,0.03585425,-0.5979358,0.5283892,0.04460608,-0.4943283,0.62366366,0.106591396,-0.5345631,0.6181222,0.061425522,-0.53584325,0.5827367,0.11770187,-0.5248623,0.5606256,-0.020213984,-0.53169274,0.47993097,0.10095243,-0.02417302504181862,0.22183185815811157,-0.0384368933737278
