frame,Ankle.R_x,Ankle.R_y,Ankle.R_z,Knee.R_x,Knee.R_y,Knee.R_z,Hip.R_x,Hip.R_y,Hip.R_z,Hip.L_x,Hip.L_y,Hip.L_z,Knee.L_x,Knee.L_y,Knee.L_z,Ankle.L_x,Ankle.L_y,Ankle.L_z,Wrist.R_x,Wrist.R_y,Wrist.R_z,Elbow.R_x,Elbow.R_y,Elbow.R_z,Shoulder.R_x,Shoulder.R_y,Shoulder.R_z,Shoulder.L_x,Shoulder.L_y,Shoulder.L_z,Elbow.L_x,Elbow.L_y,Elbow.L_z,Wrist.L_x,Wrist.L_y,Wrist.L_z,Neck_x,Neck_y,Neck_z,Head_x,Head_y,Head_z,Nose_x,Nose_y,Nose_z,Eye.L_x,Eye.L_y,Eye.L_z,Eye.R_x,Eye.R_y,Eye.R_z,Ear.L_x,Ear.L_y,Ear.L_z,Ear.R_x,Ear.R_y,Ear.R_z,hip.Center_x,hip.Center_y,hip.Center_z
0,0.15601921,0.28695256,0.13385652,-0.07993915,0.11155359,0.34847397,-0.06891996,0.10299,-0.018414747,0.0549751,0.33779857,-0.06422399,-0.057386793,0.24715412,0.30555272,0.19546399,0.37304023,0.056411263,0.07989985,0.351796,-0.12360168,-0.135327,0.29523948,0.005902915,-0.38674474,0.33094978,0.03471037,-0.36231098,0.4862519,-0.19561398,-0.15122133,0.43822485,-0.34865266,0.089208275,0.40508693,-0.28154746,-0.43102324,0.42656168,-0.08084403,-0.6316182,0.46318576,-0.0761241,-0.53001004,0.54313064,-0.16185029,-0.5723535,0.50089085,-0.16507262,-0.56861866,0.5483041,-0.1182169,-0.5646393,0.41079357,-0.1268782,-0.5585775,0.50575143,-0.020148698,-0.006972428411245346,0.2203942835330963,-0.04131937026977539
