frame,Ankle.R_x,Ankle.R_y,Ankle.R_z,Knee.R_x,Knee.R_y,Knee.R_z,Hip.R_x,Hip.R_y,Hip.R_z,Hip.L_x,Hip.L_y,Hip.L_z,Knee.L_x,Knee.L_y,Knee.L_z,Ankle.L_x,Ankle.L_y,Ankle.L_z,Wrist.R_x,Wrist.R_y,Wrist.R_z,Elbow.R_x,Elbow.R_y,Elbow.R_z,Shoulder.R_x,Shoulder.R_y,Shoulder.R_z,Shoulder.L_x,Shoulder.L_y,Shoulder.L_z,Elbow.L_x,Elbow.L_y,Elbow.L_z,Wrist.L_x,Wrist.L_y,Wrist.L_z,Neck_x,Neck_y,Neck_z,Head_x,Head_y,Head_z,Nose_x,Nose_y,Nose_z,Eye.L_x,Eye.L_y,Eye.L_z,Eye.R_x,Eye.R_y,Eye.R_z,Ear.L_x,Ear.L_y,Ear.L_z,Ear.R_x,Ear.R_y,Ear.R_z,hip.Center_x,hip.Center_y,hip.Center_z
0,0.4482563,0.33359998,0.5038608,0.08110141,0.26375046,0.34350106,-0.07200583,0.13806748,0.04952786,0.023593932,0.3046462,-0.12243978,0.22725989,0.4128258,0.20010492,0.6063735,0.44596067,0.043997187,0.18952654,0.40079904,0.08547448,-0.052943606,0.35233846,0.14853117,-0.3218181,0.38646623,0.14147052,-0.31251848,0.5280844,-0.1139432,-0.04653829,0.52233475,-0.1583442,0.17750037,0.4795102,-0.053195097,-0.38784093,0.48014107,0.022956314,-0.6025619,0.52338487,0.034118466,-0.49754822,0.6182957,0.093465246,-0.5382459,0.612344,0.049052674,-0.53930384,0.5778163,0.10561366,-0.5300813,0.5537492,-0.031866953,-0.5364077,0.47514725,0.09028276,-0.024205949157476425,0.2213568389415741,-0.03645595908164978
