frame,Ankle.R_x,Ankle.R_y,Ankle.R_z,Knee.R_x,Knee.R_y,Knee.R_z,Hip.R_x,Hip.R_y,Hip.R_z,Hip.L_x,Hip.L_y,Hip.L_z,Knee.L_x,Knee.L_y,Knee.L_z,Ankle.L_x,Ankle.L_y,Ankle.L_z,Wrist.R_x,Wrist.R_y,Wrist.R_z,Elbow.R_x,Elbow.R_y,Elbow.R_z,Shoulder.R_x,Shoulder.R_y,Shoulder.R_z,Shoulder.L_x,Shoulder.L_y,Shoulder.L_z,Elbow.L_x,Elbow.L_y,Elbow.L_z,Wrist.L_x,Wrist.L_y,Wrist.L_z,Neck_x,Neck_y,Neck_z,Head_x,Head_y,Head_z,Nose_x,Nose_y,Nose_z,Eye.L_x,Eye.L_y,Eye.L_z,Eye.R_x,Eye.R_y,Eye.R_z,Ear.L_x,Ear.L_y,Ear.L_z,Ear.R_x,Ear.R_y,Ear.R_z,hip.Center_x,hip.Center_y,hip.Center_z
0,0.15336582,0.27325165,0.1217452,-0.07736991,0.10353098,0.34450534,-0.068241514,0.10152112,-0.024820372,0.05355773,0.33915105,-0.057695277,-0.056169383,0.23868349,0.30788964,0.18408994,0.37301525,0.054995306,0.073449574,0.34157076,-0.14476569,-0.14518663,0.28866932,-0.018283505,-0.3862562,0.3157512,0.03620594,-0.36806756,0.48397622,-0.18241753,-0.16037372,0.43226454,-0.33665788,0.0885589,0.39439207,-0.37049544,-0.434116,0.41870105,-0.07104947,-0.63601464,0.4540496,-0.06322468,-0.535683,0.53205127,-0.15126246,-0.5778757,0.489786,-0.15318799,-0.5737319,0.5381166,-0.10739861,-0.5700754,0.40063885,-0.113132164,-0.56223714,0.4976747,-0.008670512,-0.007341891527175903,0.22033607959747314,-0.0412578247487545
