frame,Ankle.R_x,Ankle.R_y,Ankle.R_z,Knee.R_x,Knee.R_y,Knee.R_z,Hip.R_x,Hip.R_y,Hip.R_z,Hip.L_x,Hip.L_y,Hip.L_z,Knee.L_x,Knee.L_y,Knee.L_z,Ankle.L_x,Ankle.L_y,Ankle.L_z,Wrist.R_x,Wrist.R_y,Wrist.R_z,Elbow.R_x,Elbow.R_y,Elbow.R_z,Shoulder.R_x,Shoulder.R_y,Shoulder.R_z,Shoulder.L_x,Shoulder.L_y,Shoulder.L_z,Elbow.L_x,Elbow.L_y,Elbow.L_z,Wrist.L_x,Wrist.L_y,Wrist.L_z,Neck_x,Neck_y,Neck_z,Head_x,Head_y,Head_z,Nose_x,Nose_y,Nose_z,Eye.L_x,Eye.L_y,Eye.L_z,Eye.R_x,Eye.R_y,Eye.R_z,Ear.L_x,Ear.L_y,Ear.L_z,Ear.R_x,Ear.R_y,Ear.R_z,hip.Center_x,hip.Center_y,hip.Center_z
0,0.5474054,0.3145265,0.30551216,0.14838076,0.2625908,0.32989267,-0.0627604,0.13412613,0.054857142,0.011695619,0.30822393,-0.12085885,0.27452257,0.41463745,0.15894103,0.6138173,0.44280028,-0.07166596,0.17384388,0.38201195,0.10087263,-0.06977675,0.3340834,0.16053863,-0.33913624,0.36246198,0.15162437,-0.327664,0.5187105,-0.095859654,-0.06403871,0.4981567,-0.1529681,0.16330612,0.4525901,-0.057279363,-0.40431565,0.463056,0.03776829,-0.6190035,0.50889087,0.0500201,-0.5116875,0.5924241,0.12075307,-0.55236316,0.5931114,0.075718686,-0.55476046,0.55235577,0.1276153,-0.5452621,0.5445377,-0.011494717,-0.5544151,0.45262796,0.09978213,-0.02553238905966282,0.22117502987384796,-0.03300085291266441
