frame,Ankle.R_x,Ankle.R_y,Ankle.R_z,Knee.R_x,Knee.R_y,Knee.R_z,Hip.R_x,Hip.R_y,Hip.R_z,Hip.L_x,Hip.L_y,Hip.L_z,Knee.L_x,Knee.L_y,Knee.L_z,Ankle.L_x,Ankle.L_y,Ankle.L_z,Wrist.R_x,Wrist.R_y,Wrist.R_z,Elbow.R_x,Elbow.R_y,Elbow.R_z,Shoulder.R_x,Shoulder.R_y,Shoulder.R_z,Shoulder.L_x,Shoulder.L_y,Shoulder.L_z,Elbow.L_x,Elbow.L_y,Elbow.L_z,Wrist.L_x,Wrist.L_y,Wrist.L_z,Neck_x,Neck_y,Neck_z,Head_x,Head_y,Head_z,Nose_x,Nose_y,Nose_z,Eye.L_x,Eye.L_y,Eye.L_z,Eye.R_x,Eye.R_y,Eye.R_z,Ear.L_x,Ear.L_y,Ear.L_z,Ear.R_x,Ear.R_y,Ear.R_z,hip.Center_x,hip.Center_y,hip.Center_z
0,0.5041617,0.30275983,0.45056987,0.1147889,0.26178595,0.34070635,-0.07066773,0.14287233,0.0557132,0.020352053,0.3015654,-0.12615228,0.24440348,0.41545263,0.18137516,0.6154807,0.42466176,0.0018430881,0.1905542,0.39165267,0.08368762,-0.053676654,0.351804,0.14692135,-0.32396573,0.3827604,0.14169689,-0.31521222,0.52649355,-0.113401145,-0.048766922,0.51442045,-0.15807137,0.17385519,0.47359037,-0.049479898,-0.3914883,0.478042,0.023496237,-0.6070156,0.51714116,0.028100524,-0.5076872,0.6102684,0.099213146,-0.5462273,0.606525,0.05256268,-0.548711,0.5679435,0.10627731,-0.5324398,0.5544752,-0.032067794,-0.54191524,0.4670831,0.083480366,-0.025157839059829712,0.22221887111663818,-0.03521953895688057
