frame,Ankle.R_x,Ankle.R_y,Ankle.R_z,Knee.R_x,Knee.R_y,Knee.R_z,Hip.R_x,Hip.R_y,Hip.R_z,Hip.L_x,Hip.L_y,Hip.L_z,Knee.L_x,Knee.L_y,Knee.L_z,Ankle.L_x,Ankle.L_y,Ankle.L_z,Wrist.R_x,Wrist.R_y,Wrist.R_z,Elbow.R_x,Elbow.R_y,Elbow.R_z,Shoulder.R_x,Shoulder.R_y,Shoulder.R_z,Shoulder.L_x,Shoulder.L_y,Shoulder.L_z,Elbow.L_x,Elbow.L_y,Elbow.L_z,Wrist.L_x,Wrist.L_y,Wrist.L_z,Neck_x,Neck_y,Neck_z,Head_x,Head_y,Head_z,Nose_x,Nose_y,Nose_z,Eye.L_x,Eye.L_y,Eye.L_z,Eye.R_x,Eye.R_y,Eye.R_z,Ear.L_x,Ear.L_y,Ear.L_z,Ear.R_x,Ear.R_y,Ear.R_z,hip.Center_x,hip.Center_y,hip.Center_z
0,0.14807779,0.24200295,0.10530268,-0.08138959,0.10071965,0.33966818,-0.07015717,0.10327016,-0.027298369,0.054584656,0.34063253,-0.055361245,-0.053389683,0.2426335,0.30780128,0.1775213,0.3475449,0.038897518,0.07092649,0.31414697,-0.16257125,-0.14682241,0.28158867,-0.026938144,-0.3846668,0.3086571,0.040463164,-0.36918947,0.4829507,-0.17587218,-0.15914297,0.42332596,-0.32469803,0.0688344,0.38751304,-0.4334073,-0.43690026,0.41717994,-0.06312059,-0.6418233,0.45042568,-0.048760522,-0.54396665,0.52557296,-0.14192228,-0.58552194,0.48270714,-0.1414639,-0.58131874,0.5330048,-0.097915195,-0.57586503,0.39551294,-0.09768706,-0.5678322,0.4972651,0.0022884225,-0.007786257192492485,0.22195133566856384,-0.04132980853319168
