frame,Ankle.R_x,Ankle.R_y,Ankle.R_z,Knee.R_x,Knee.R_y,Knee.R_z,Hip.R_x,Hip.R_y,Hip.R_z,Hip.L_x,Hip.L_y,Hip.L_z,Knee.L_x,Knee.L_y,Knee.L_z,Ankle.L_x,Ankle.L_y,Ankle.L_z,Wrist.R_x,Wrist.R_y,Wrist.R_z,Elbow.R_x,Elbow.R_y,Elbow.R_z,Shoulder.R_x,Shoulder.R_y,Shoulder.R_z,Shoulder.L_x,Shoulder.L_y,Shoulder.L_z,Elbow.L_x,Elbow.L_y,Elbow.L_z,Wrist.L_x,Wrist.L_y,Wrist.L_z,Neck_x,Neck_y,Neck_z,Head_x,Head_y,Head_z,Nose_x,Nose_y,Nose_z,Eye.L_x,Eye.L_y,Eye.L_z,Eye.R_x,Eye.R_y,Eye.R_z,Ear.L_x,Ear.L_y,Ear.L_z,Ear.R_x,Ear.R_y,Ear.R_z,hip.Center_x,hip.Center_y,hip.Center_z
0,0.1803685,0.25939867,0.12012427,-0.0660565,0.10462089,0.3457261,-0.06356564,0.098226584,-0.024956658,0.04594877,0.34224275,-0.058278617,-0.03937878,0.2521621,0.31341153,0.17466062,0.37157127,0.028123187,0.06551371,0.30741996,-0.15916148,-0.14714046,0.2721065,-0.017793661,-0.38889062,0.3064067,0.041781932,-0.35996953,0.479881,-0.1744231,-0.15010647,0.41623604,-0.32299384,0.06601773,0.37613344,-0.45098764,-0.43587,0.41613823,-0.06518976,-0.640977,0.442616,-0.061470818,-0.54339087,0.5080268,-0.1623341,-0.58215153,0.46336818,-0.15629321,-0.5834514,0.52053195,-0.12199506,-0.5689367,0.38584372,-0.0975118,-0.5729586,0.50345623,-0.016276855,-0.008808435872197151,0.22023466229438782,-0.04161763936281204
