frame,Ankle.R_x,Ankle.R_y,Ankle.R_z,Knee.R_x,Knee.R_y,Knee.R_z,Hip.R_x,Hip.R_y,Hip.R_z,Hip.L_x,Hip.L_y,Hip.L_z,Knee.L_x,Knee.L_y,Knee.L_z,Ankle.L_x,Ankle.L_y,Ankle.L_z,Wrist.R_x,Wrist.R_y,Wrist.R_z,Elbow.R_x,Elbow.R_y,Elbow.R_z,Shoulder.R_x,Shoulder.R_y,Shoulder.R_z,Shoulder.L_x,Shoulder.L_y,Shoulder.L_z,Elbow.L_x,Elbow.L_y,Elbow.L_z,Wrist.L_x,Wrist.L_y,Wrist.L_z,Neck_x,Neck_y,Neck_z,Head_x,Head_y,Head_z,Nose_x,Nose_y,Nose_z,Eye.L_x,Eye.L_y,Eye.L_z,Eye.R_x,Eye.R_y,Eye.R_z,Ear.L_x,Ear.L_y,Ear.L_z,Ear.R_x,Ear.R_y,Ear.R_z,hip.Center_x,hip.Center_y,hip.Center_z
0,0.45824635,0.3111901,0.5103687,0.088052206,0.25885382,0.3469903,-0.07315589,0.14221263,0.052182898,0.024140568,0.30211955,-0.12592465,0.22466871,0.4177751,0.1966744,0.6051571,0.44115868,0.038044203,0.1950892,0.39049673,0.07476691,-0.048424695,0.35283604,0.14301233,-0.31929284,0.3877859,0.13933828,-0.313568,0.52657163,-0.1187981,-0.047584187,0.5124405,-0.17013568,0.17751418,0.46864778,-0.06731936,-0.38835424,0.48046595,0.020036153,-0.6040611,0.5140503,0.026238196,-0.5071415,0.61406034,0.09167015,-0.5459581,0.60675514,0.045699485,-0.5466089,0.5706948,0.10132731,-0.53122944,0.5510735,-0.036601223,-0.53673893,0.46889487,0.08341826,-0.024507660418748856,0.22216609120368958,-0.03687087446451187
