frame,Ankle.R_x,Ankle.R_y,Ankle.R_z,Knee.R_x,Knee.R_y,Knee.R_z,Hip.R_x,Hip.R_y,Hip.R_z,Hip.L_x,Hip.L_y,Hip.L_z,Knee.L_x,Knee.L_y,Knee.L_z,Ankle.L_x,Ankle.L_y,Ankle.L_z,Wrist.R_x,Wrist.R_y,Wrist.R_z,Elbow.R_x,Elbow.R_y,Elbow.R_z,Shoulder.R_x,Shoulder.R_y,Shoulder.R_z,Shoulder.L_x,Shoulder.L_y,Shoulder.L_z,Elbow.L_x,Elbow.L_y,Elbow.L_z,Wrist.L_x,Wrist.L_y,Wrist.L_z,Neck_x,Neck_y,Neck_z,Head_x,Head_y,Head_z,Nose_x,Nose_y,Nose_z,Eye.L_x,Eye.L_y,Eye.L_z,Eye.R_x,Eye.R_y,Eye.R_z,Ear.L_x,Ear.L_y,Ear.L_z,Ear.R_x,Ear.R_y,Ear.R_z,hip.Center_x,hip.Center_y,hip.Center_z
0,0.16853409,0.26350802,0.11950458,-0.07822106,0.10505161,0.34193447,-0.06388281,0.09918453,-0.026618028,0.0478855,0.34189805,-0.056686915,-0.05183759,0.2482239,0.31012946,0.18128605,0.36724427,0.040972475,0.063741975,0.3073841,-0.15132558,-0.15290368,0.26787215,-0.016605066,-0.3960741,0.29703036,0.037575666,-0.3709233,0.47056034,-0.17780712,-0.15500434,0.41398278,-0.32292807,0.061637696,0.37328058,-0.44750023,-0.44399333,0.40498897,-0.067845404,-0.64904094,0.4342096,-0.060658243,-0.5508227,0.5043485,-0.15740207,-0.59120655,0.46073624,-0.15418622,-0.5897497,0.5146982,-0.11519663,-0.58028096,0.37808627,-0.1026638,-0.57772315,0.48780796,-0.011436097,-0.00799865648150444,0.22054129838943481,-0.04165247082710266
