frame,Ankle.R_x,Ankle.R_y,Ankle.R_z,Knee.R_x,Knee.R_y,Knee.R_z,Hip.R_x,Hip.R_y,Hip.R_z,Hip.L_x,Hip.L_y,Hip.L_z,Knee.L_x,Knee.L_y,Knee.L_z,Ankle.L_x,Ankle.L_y,Ankle.L_z,Wrist.R_x,Wrist.R_y,Wrist.R_z,Elbow.R_x,Elbow.R_y,Elbow.R_z,Shoulder.R_x,Shoulder.R_y,Shoulder.R_z,Shoulder.L_x,Shoulder.L_y,Shoulder.L_z,Elbow.L_x,Elbow.L_y,Elbow.L_z,Wrist.L_x,Wrist.L_y,Wrist.L_z,Neck_x,Neck_y,Neck_z,Head_x,Head_y,Head_z,Nose_x,Nose_y,Nose_z,Eye.L_x,Eye.L_y,Eye.L_z,Eye.R_x,Eye.R_y,Eye.R_z,Ear.L_x,Ear.L_y,Ear.L_z,Ear.R_x,Ear.R_y,Ear.R_z,hip.Center_x,hip.Center_y,hip.Center_z
0,0.17733376,0.2569748,0.11887523,-0.0709368,0.109884314,0.34309077,-0.061471164,0.09753787,-0.0279022,0.044654064,0.34285304,-0.0553847,-0.043336242,0.25446635,0.3149987,0.18488592,0.36857235,0.044014674,0.059353743,0.29922494,-0.1601541,-0.15217915,0.26721588,-0.017925732,-0.3977804,0.29051456,0.03255869,-0.36183602,0.471929,-0.1775693,-0.14260432,0.41225207,-0.31686163,0.06323835,0.3671962,-0.4521938,-0.44274127,0.40250444,-0.07138328,-0.64964056,0.43341416,-0.06336313,-0.5517006,0.49805948,-0.16377035,-0.5923571,0.455169,-0.15841393,-0.59019464,0.51079106,-0.12195012,-0.58187306,0.3748893,-0.103101656,-0.57756567,0.488568,-0.016920403,-0.008408550173044205,0.2201954573392868,-0.041643448173999786
