frame,Ankle.R_x,Ankle.R_y,Ankle.R_z,Knee.R_x,Knee.R_y,Knee.R_z,Hip.R_x,Hip.R_y,Hip.R_z,Hip.L_x,Hip.L_y,Hip.L_z,Knee.L_x,Knee.L_y,Knee.L_z,Ankle.L_x,Ankle.L_y,Ankle.L_z,Wrist.R_x,Wrist.R_y,Wrist.R_z,Elbow.R_x,Elbow.R_y,Elbow.R_z,Shoulder.R_x,Shoulder.R_y,Shoulder.R_z,Shoulder.L_x,Shoulder.L_y,Shoulder.L_z,Elbow.L_x,Elbow.L_y,Elbow.L_z,Wrist.L_x,Wrist.L_y,Wrist.L_z,Neck_x,Neck_y,Neck_z,Head_x,Head_y,Head_z,Nose_x,Nose_y,Nose_z,Eye.L_x,Eye.L_y,Eye.L_z,Eye.R_x,Eye.R_y,Eye.R_z,Ear.L_x,Ear.L_y,Ear.L_z,Ear.R_x,Ear.R_y,Ear.R_z,hip.Center_x,hip.Center_y,hip.Center_z
0,0.5230646,0.3220403,0.46205685,0.13836552,0.27005896,0.3322388,-0.07097464,0.14215234,0.05526918,0.021118952,0.3013696,-0.1240376,0.24573748,0.42059627,0.18085888,0.63149756,0.45041916,0.033968244,0.16818568,0.36043337,0.08145878,-0.07916369,0.32616028,0.13618337,-0.34799597,0.35655877,0.11728281,-0.3224286,0.5136443,-0.12873265,-0.053512387,0.4951764,-0.15788527,0.16968825,0.4443091,-0.053592153,-0.4083316,0.45740157,0.0006698491,-0.62540174,0.49058628,0.00577541,-0.52819574,0.574574,0.08963144,-0.5668584,0.5766797,0.043112554,-0.5679109,0.530546,0.09021436,-0.55209315,0.5387465,-0.048807386,-0.5585688,0.4352757,0.052278563,-0.024927843362092972,0.22176097333431244,-0.03438420966267586
