frame,Ankle.R_x,Ankle.R_y,Ankle.R_z,Knee.R_x,Knee.R_y,Knee.R_z,Hip.R_x,Hip.R_y,Hip.R_z,Hip.L_x,Hip.L_y,Hip.L_z,Knee.L_x,Knee.L_y,Knee.L_z,Ankle.L_x,Ankle.L_y,Ankle.L_z,Wrist.R_x,Wrist.R_y,Wrist.R_z,Elbow.R_x,Elbow.R_y,Elbow.R_z,Shoulder.R_x,Shoulder.R_y,Shoulder.R_z,Shoulder.L_x,Shoulder.L_y,Shoulder.L_z,Elbow.L_x,Elbow.L_y,Elbow.L_z,Wrist.L_x,Wrist.L_y,Wrist.L_z,Neck_x,Neck_y,Neck_z,Head_x,Head_y,Head_z,Nose_x,Nose_y,Nose_z,Eye.L_x,Eye.L_y,Eye.L_z,Eye.R_x,Eye.R_y,Eye.R_z,Ear.L_x,Ear.L_y,Ear.L_z,Ear.R_x,Ear.R_y,Ear.R_z,hip.Center_x,hip.Center_y,hip.Center_z
0,0.19215626,0.2565687,0.12715068,-0.041183434,0.0867566,0.34515497,-0.058033317,0.09564083,-0.029303808,0.038767904,0.34316233,-0.050304744,-0.029269021,0.22684248,0.3193672,0.17801923,0.35685286,0.04120023,0.081094876,0.28679445,-0.103742845,-0.14464355,0.25181517,0.011690038,-0.39681694,0.2860548,0.026427142,-0.35380012,0.4656838,-0.18488866,-0.14080007,0.40734866,-0.33313152,0.07153923,0.35747063,-0.46049452,-0.4383299,0.3992992,-0.07814956,-0.6457843,0.44621396,-0.074161455,-0.54002976,0.4754955,-0.18099086,-0.58445597,0.43951434,-0.16785713,-0.5783082,0.5014598,-0.1458216,-0.5825307,0.37485158,-0.09478365,-0.57113224,0.50457704,-0.03890582,-0.009632706642150879,0.21940158307552338,-0.03980427607893944
