frame,Ankle.R_x,Ankle.R_y,Ankle.R_z,Knee.R_x,Knee.R_y,Knee.R_z,Hip.R_x,Hip.R_y,Hip.R_z,Hip.L_x,Hip.L_y,Hip.L_z,Knee.L_x,Knee.L_y,Knee.L_z,Ankle.L_x,Ankle.L_y,Ankle.L_z,Wrist.R_x,Wrist.R_y,Wrist.R_z,Elbow.R_x,Elbow.R_y,Elbow.R_z,Shoulder.R_x,Shoulder.R_y,Shoulder.R_z,Shoulder.L_x,Shoulder.L_y,Shoulder.L_z,Elbow.L_x,Elbow.L_y,Elbow.L_z,Wrist.L_x,Wrist.L_y,Wrist.L_z,Neck_x,Neck_y,Neck_z,Head_x,Head_y,Head_z,Nose_x,Nose_y,Nose_z,Eye.L_x,Eye.L_y,Eye.L_z,Eye.R_x,Eye.R_y,Eye.R_z,Ear.L_x,Ear.L_y,Ear.L_z,Ear.R_x,Ear.R_y,Ear.R_z,hip.Center_x,hip.Center_y,hip.Center_z
0,0.18501842,0.2607671,0.11987512,-0.052739494,0.11164567,0.34816965,-0.05801107,0.095413476,-0.02321865,0.041008804,0.34152722,-0.058773298,-0.026083421,0.26666135,0.3189323,0.19625959,0.35583955,0.03928587,0.07260495,0.28458434,-0.09705016,-0.15304303,0.25011438,0.019030469,-0.40505266,0.2809834,0.035009786,-0.36664873,0.46283323,-0.17304258,-0.14701128,0.41032422,-0.31251198,0.05555754,0.35653484,-0.44845283,-0.44649157,0.3924739,-0.068816856,-0.6509103,0.42898643,-0.058146253,-0.55290914,0.4853004,-0.16293731,-0.5947312,0.44434226,-0.155002,-0.5901713,0.5013631,-0.1213683,-0.58609545,0.36693883,-0.09610674,-0.57633114,0.48356462,-0.015701268,-0.00850113295018673,0.21847034990787506,-0.04099597409367561
