frame,Ankle.R_x,Ankle.R_y,Ankle.R_z,Knee.R_x,Knee.R_y,Knee.R_z,Hip.R_x,Hip.R_y,Hip.R_z,Hip.L_x,Hip.L_y,Hip.L_z,Knee.L_x,Knee.L_y,Knee.L_z,Ankle.L_x,Ankle.L_y,Ankle.L_z,Wrist.R_x,Wrist.R_y,Wrist.R_z,Elbow.R_x,Elbow.R_y,Elbow.R_z,Shoulder.R_x,Shoulder.R_y,Shoulder.R_z,Shoulder.L_x,Shoulder.L_y,Shoulder.L_z,Elbow.L_x,Elbow.L_y,Elbow.L_z,Wrist.L_x,Wrist.L_y,Wrist.L_z,Neck_x,Neck_y,Neck_z,Head_x,Head_y,Head_z,Nose_x,Nose_y,Nose_z,Eye.L_x,Eye.L_y,Eye.L_z,Eye.R_x,Eye.R_y,Eye.R_z,Ear.L_x,Ear.L_y,Ear.L_z,Ear.R_x,Ear.R_y,Ear.R_z,hip.Center_x,hip.Center_y,hip.Center_z
0,0.20895237,0.25781566,0.12971738,-0.023962587,0.08411717,0.3514806,-0.048662864,0.092177,-0.028619371,0.027949391,0.3452049,-0.050910328,0.006285044,0.24301845,0.33718428,0.20250984,0.3780558,0.04661029,0.09892264,0.23754269,0.060430963,-0.15351452,0.20883915,0.07034455,-0.40564138,0.24848866,0.010408884,-0.36313415,0.44495833,-0.18812163,-0.15549375,0.3913954,-0.3437967,0.049663518,0.32419074,-0.47299433,-0.44462955,0.37131554,-0.08643643,-0.6482905,0.42923185,-0.06834619,-0.5445177,0.47235003,-0.17291719,-0.5906347,0.43675458,-0.1649378,-0.57976097,0.49285877,-0.1320271,-0.5902374,0.35990778,-0.10500482,-0.56888556,0.47538805,-0.026916888,-0.010356736369431019,0.21869094669818878,-0.039764851331710815
