frame,Ankle.R_x,Ankle.R_y,Ankle.R_z,Knee.R_x,Knee.R_y,Knee.R_z,Hip.R_x,Hip.R_y,Hip.R_z,Hip.L_x,Hip.L_y,Hip.L_z,Knee.L_x,Knee.L_y,Knee.L_z,Ankle.L_x,Ankle.L_y,Ankle.L_z,Wrist.R_x,Wrist.R_y,Wrist.R_z,Elbow.R_x,Elbow.R_y,Elbow.R_z,Shoulder.R_x,Shoulder.R_y,Shoulder.R_z,Shoulder.L_x,Shoulder.L_y,Shoulder.L_z,Elbow.L_x,Elbow.L_y,Elbow.L_z,Wrist.L_x,Wrist.L_y,Wrist.L_z,Neck_x,Neck_y,Neck_z,Head_x,Head_y,Head_z,Nose_x,Nose_y,Nose_z,Eye.L_x,Eye.L_y,Eye.L_z,Eye.R_x,Eye.R_y,Eye.R_z,Ear.L_x,Ear.L_y,Ear.L_z,Ear.R_x,Ear.R_y,Ear.R_z,hip.Center_x,hip.Center_y,hip.Center_z
0,0.23261248,0.2558173,0.12715794,-0.010268598,0.1067605,0.35995752,-0.055185072,0.09585431,-0.022716725,0.029142598,0.34585738,-0.059749078,0.027461028,0.26591426,0.33794436,0.22587442,0.37040097,0.03442915,0.0948024,0.21539158,0.192735,-0.14813413,0.18183435,0.11607755,-0.3940239,0.23087601,0.005968645,-0.3585562,0.44141993,-0.19343233,-0.14781879,0.40116334,-0.36009008,0.07139536,0.34738952,-0.47789875,-0.44584972,0.35986173,-0.08756415,-0.6630405,0.41005176,-0.07038948,-0.5581948,0.44416526,-0.1762723,-0.6033424,0.4079519,-0.16513166,-0.59526575,0.468055,-0.1389079,-0.6015251,0.33805776,-0.09679023,-0.58658504,0.46298924,-0.03142035,-0.013021237216889858,0.22085584700107574,-0.04123290255665779
