frame,Ankle.R_x,Ankle.R_y,Ankle.R_z,Knee.R_x,Knee.R_y,Knee.R_z,Hip.R_x,Hip.R_y,Hip.R_z,Hip.L_x,Hip.L_y,Hip.L_z,Knee.L_x,Knee.L_y,Knee.L_z,Ankle.L_x,Ankle.L_y,Ankle.L_z,Wrist.R_x,Wrist.R_y,Wrist.R_z,Elbow.R_x,Elbow.R_y,Elbow.R_z,Shoulder.R_x,Shoulder.R_y,Shoulder.R_z,Shoulder.L_x,Shoulder.L_y,Shoulder.L_z,Elbow.L_x,Elbow.L_y,Elbow.L_z,Wrist.L_x,Wrist.L_y,Wrist.L_z,Neck_x,Neck_y,Neck_z,Head_x,Head_y,Head_z,Nose_x,Nose_y,Nose_z,Eye.L_x,Eye.L_y,Eye.L_z,Eye.R_x,Eye.R_y,Eye.R_z,Ear.L_x,Ear.L_y,Ear.L_z,Ear.R_x,Ear.R_y,Ear.R_z,hip.Center_x,hip.Center_y,hip.Center_z
0,0.5137885,0.25507963,0.50210625,0.13373986,0.25180632,0.34004813,-0.07601164,0.14143531,0.046923608,0.03026191,0.30681047,-0.11784605,0.24945222,0.39081633,0.20782354,0.6662352,0.39867222,0.1715565,0.15296821,0.30331883,0.053912826,-0.0957079,0.26551425,0.09744921,-0.36020932,0.32053936,0.09802966,-0.33937865,0.51022637,-0.12669352,-0.06995659,0.5025491,-0.14458878,0.15945503,0.44528854,-0.06141266,-0.4237125,0.4349677,-0.006178826,-0.64248383,0.4565713,0.0001093694,-0.5478732,0.5374477,0.09020303,-0.58691204,0.5415051,0.04418893,-0.58592176,0.49187118,0.087493986,-0.57127386,0.5119323,-0.050606124,-0.57346827,0.40050164,0.041768104,-0.022874865680933,0.22412288188934326,-0.035461220890283585
