frame,Ankle.R_x,Ankle.R_y,Ankle.R_z,Knee.R_x,Knee.R_y,Knee.R_z,Hip.R_x,Hip.R_y,Hip.R_z,Hip.L_x,Hip.L_y,Hip.L_z,Knee.L_x,Knee.L_y,Knee.L_z,Ankle.L_x,Ankle.L_y,Ankle.L_z,Wrist.R_x,Wrist.R_y,Wrist.R_z,Elbow.R_x,Elbow.R_y,Elbow.R_z,Shoulder.R_x,Shoulder.R_y,Shoulder.R_z,Shoulder.L_x,Shoulder.L_y,Shoulder.L_z,Elbow.L_x,Elbow.L_y,Elbow.L_z,Wrist.L_x,Wrist.L_y,Wrist.L_z,Neck_x,Neck_y,Neck_z,Head_x,Head_y,Head_z,Nose_x,Nose_y,Nose_z,Eye.L_x,Eye.L_y,Eye.L_z,Eye.R_x,Eye.R_y,Eye.R_z,Ear.L_x,Ear.L_y,Ear.L_z,Ear.R_x,Ear.R_y,Ear.R_z,hip.Center_x,hip.Center_y,hip.Center_z
0,0.55002576,0.26238307,0.46172386,0.15876457,0.26012078,0.32922626,-0.0730183,0.14265056,0.05199045,0.025426103,0.30537212,-0.12010279,0.2711737,0.40007502,0.18287244,0.67974144,0.39875388,0.095586725,0.14755084,0.29694283,0.054840174,-0.101012714,0.26203302,0.100666784,-0.36499304,0.3186763,0.100520715,-0.34336603,0.5074166,-0.12539165,-0.07404591,0.4994824,-0.14356811,0.15476483,0.44264913,-0.05818273,-0.4279817,0.43242925,-0.0050880564,-0.6464372,0.45078835,-0.0044754054,-0.55619174,0.52957475,0.09177614,-0.5940865,0.5347985,0.04485596,-0.59309804,0.48335463,0.08592247,-0.5751525,0.50981826,-0.050800003,-0.577191,0.39451656,0.03656475,-0.023796096444129944,0.22401133179664612,-0.0340561717748642
