frame,Ankle.R_x,Ankle.R_y,Ankle.R_z,Knee.R_x,Knee.R_y,Knee.R_z,Hip.R_x,Hip.R_y,Hip.R_z,Hip.L_x,Hip.L_y,Hip.L_z,Knee.L_x,Knee.L_y,Knee.L_z,Ankle.L_x,Ankle.L_y,Ankle.L_z,Wrist.R_x,Wrist.R_y,Wrist.R_z,Elbow.R_x,Elbow.R_y,Elbow.R_z,Shoulder.R_x,Shoulder.R_y,Shoulder.R_z,Shoulder.L_x,Shoulder.L_y,Shoulder.L_z,Elbow.L_x,Elbow.L_y,Elbow.L_z,Wrist.L_x,Wrist.L_y,Wrist.L_z,Neck_x,Neck_y,Neck_z,Head_x,Head_y,Head_z,Nose_x,Nose_y,Nose_z,Eye.L_x,Eye.L_y,Eye.L_z,Eye.R_x,Eye.R_y,Eye.R_z,Ear.L_x,Ear.L_y,Ear.L_z,Ear.R_x,Ear.R_y,Ear.R_z,hip.Center_x,hip.Center_y,hip.Center_z
0,0.26382846,0.22636308,0.11346986,0.015440861,0.15658987,0.37521487,-0.056846745,0.097641036,-0.0048751296,0.029583165,0.34075132,-0.07715852,0.05119669,0.3064377,0.33346236,0.25826487,0.32792747,0.019087732,0.05998786,0.21367243,0.25663355,-0.17934182,0.1643485,0.17085116,-0.39569032,0.20234436,0.0021497458,-0.38060957,0.4328091,-0.18713278,-0.17787208,0.4696343,-0.370548,0.05510065,0.37955514,-0.42340666,-0.45332968,0.33202615,-0.086033046,-0.67024755,0.3781208,-0.06332629,-0.5683745,0.4031316,-0.17415912,-0.6131115,0.36776438,-0.15840147,-0.6048222,0.4300856,-0.13821791,-0.60853314,0.30489618,-0.08470065,-0.5931032,0.43435705,-0.03050696,-0.013631789945065975,0.2191961705684662,-0.041016824543476105
