frame,Ankle.R_x,Ankle.R_y,Ankle.R_z,Knee.R_x,Knee.R_y,Knee.R_z,Hip.R_x,Hip.R_y,Hip.R_z,Hip.L_x,Hip.L_y,Hip.L_z,Knee.L_x,Knee.L_y,Knee.L_z,Ankle.L_x,Ankle.L_y,Ankle.L_z,Wrist.R_x,Wrist.R_y,Wrist.R_z,Elbow.R_x,Elbow.R_y,Elbow.R_z,Shoulder.R_x,Shoulder.R_y,Shoulder.R_z,Shoulder.L_x,Shoulder.L_y,Shoulder.L_z,Elbow.L_x,Elbow.L_y,Elbow.L_z,Wrist.L_x,Wrist.L_y,Wrist.L_z,Neck_x,Neck_y,Neck_z,Head_x,Head_y,Head_z,Nose_x,Nose_y,Nose_z,Eye.L_x,Eye.L_y,Eye.L_z,Eye.R_x,Eye.R_y,Eye.R_z,Ear.L_x,Ear.L_y,Ear.L_z,Ear.R_x,Ear.R_y,Ear.R_z,hip.Center_x,hip.Center_y,hip.Center_z
0,0.5340407,0.25424322,0.53914815,0.17899977,0.24711429,0.32404926,-0.07439628,0.14973064,0.055447448,0.027804784,0.30040285,-0.121081494,0.29385424,0.3756116,0.17082456,0.7130895,0.38602597,0.20897599,0.1475192,0.27594718,0.04557695,-0.10115497,0.23762323,0.08772373,-0.36540848,0.2945527,0.09061683,-0.3575014,0.49389857,-0.12669846,-0.08963043,0.4989835,-0.1600749,0.13546176,0.45416677,-0.06374244,-0.43461782,0.41215414,-0.0070391893,-0.6530074,0.4264146,0.0014503072,-0.56068045,0.5083116,0.09356166,-0.6002025,0.5119783,0.04776116,-0.5974308,0.46138737,0.08972736,-0.5837214,0.48549777,-0.04770091,-0.5822592,0.37193704,0.04160988,-0.023295748978853226,0.22506675124168396,-0.03281702101230621
