frame,Ankle.R_x,Ankle.R_y,Ankle.R_z,Knee.R_x,Knee.R_y,Knee.R_z,Hip.R_x,Hip.R_y,Hip.R_z,Hip.L_x,Hip.L_y,Hip.L_z,Knee.L_x,Knee.L_y,Knee.L_z,Ankle.L_x,Ankle.L_y,Ankle.L_z,Wrist.R_x,Wrist.R_y,Wrist.R_z,Elbow.R_x,Elbow.R_y,Elbow.R_z,Shoulder.R_x,Shoulder.R_y,Shoulder.R_z,Shoulder.L_x,Shoulder.L_y,Shoulder.L_z,Elbow.L_x,Elbow.L_y,Elbow.L_z,Wrist.L_x,Wrist.L_y,Wrist.L_z,Neck_x,Neck_y,Neck_z,Head_x,Head_y,Head_z,Nose_x,Nose_y,Nose_z,Eye.L_x,Eye.L_y,Eye.L_z,Eye.R_x,Eye.R_y,Eye.R_z,Ear.L_x,Ear.L_y,Ear.L_z,Ear.R_x,Ear.R_y,Ear.R_z,hip.Center_x,hip.Center_y,hip.Center_z
0,0.56423074,0.26703855,0.50096697,0.19430324,0.2563032,0.31420273,-0.07175971,0.15024306,0.059079856,0.02385892,0.2992645,-0.12280391,0.30530575,0.38582006,0.15051813,0.7246996,0.39173576,0.124940924,0.14492026,0.27801993,0.050759196,-0.10339156,0.23695353,0.090987794,-0.36751324,0.2937489,0.09387972,-0.35917094,0.49295264,-0.123683706,-0.0915962,0.49722746,-0.15688089,0.13189068,0.45192403,-0.05727818,-0.436412,0.4114343,-0.0045019034,-0.65457416,0.4269872,-0.0020467595,-0.56496966,0.5062972,0.09476588,-0.60292816,0.51116526,0.04778367,-0.60174066,0.45971698,0.088693365,-0.58353424,0.48658556,-0.04763701,-0.58528703,0.37121853,0.039197948,-0.023950394243001938,0.22475376725196838,-0.03186202794313431
