frame,Ankle.R_x,Ankle.R_y,Ankle.R_z,Knee.R_x,Knee.R_y,Knee.R_z,Hip.R_x,Hip.R_y,Hip.R_z,Hip.L_x,Hip.L_y,Hip.L_z,Knee.L_x,Knee.L_y,Knee.L_z,Ankle.L_x,Ankle.L_y,Ankle.L_z,Wrist.R_x,Wrist.R_y,Wrist.R_z,Elbow.R_x,Elbow.R_y,Elbow.R_z,Shoulder.R_x,Shoulder.R_y,Shoulder.R_z,Shoulder.L_x,Shoulder.L_y,Shoulder.L_z,Elbow.L_x,Elbow.L_y,Elbow.L_z,Wrist.L_x,Wrist.L_y,Wrist.L_z,Neck_x,Neck_y,Neck_z,Head_x,Head_y,Head_z,Nose_x,Nose_y,Nose_z,Eye.L_x,Eye.L_y,Eye.L_z,Eye.R_x,Eye.R_y,Eye.R_z,Ear.L_x,Ear.L_y,Ear.L_z,Ear.R_x,Ear.R_y,Ear.R_z,hip.Center_x,hip.Center_y,hip.Center_z
0,0.5705588,0.29048407,0.5236296,0.21754879,0.26196063,0.30537307,-0.06798438,0.1529592,0.06282932,0.02126701,0.29573396,-0.123819865,0.3376823,0.3832214,0.11112771,0.7585504,0.39020014,0.14020474,0.1291293,0.26306984,0.043022096,-0.11713824,0.20739585,0.07842512,-0.37977132,0.26572272,0.080033414,-0.3675322,0.4829183,-0.11649385,-0.09992134,0.5001869,-0.15160437,0.12887174,0.46017814,-0.06313515,-0.44424286,0.39065114,-0.008073291,-0.65966123,0.41718644,-0.0049460595,-0.56596947,0.48393708,0.09752151,-0.6028476,0.49411157,0.05037171,-0.6059028,0.44050476,0.08825598,-0.58392745,0.4739096,-0.046306975,-0.594817,0.35435462,0.03380956,-0.02335868403315544,0.2243465781211853,-0.03049527108669281
