frame,Ankle.R_x,Ankle.R_y,Ankle.R_z,Knee.R_x,Knee.R_y,Knee.R_z,Hip.R_x,Hip.R_y,Hip.R_z,Hip.L_x,Hip.L_y,Hip.L_z,Knee.L_x,Knee.L_y,Knee.L_z,Ankle.L_x,Ankle.L_y,Ankle.L_z,Wrist.R_x,Wrist.R_y,Wrist.R_z,Elbow.R_x,Elbow.R_y,Elbow.R_z,Shoulder.R_x,Shoulder.R_y,Shoulder.R_z,Shoulder.L_x,Shoulder.L_y,Shoulder.L_z,Elbow.L_x,Elbow.L_y,Elbow.L_z,Wrist.L_x,Wrist.L_y,Wrist.L_z,Neck_x,Neck_y,Neck_z,Head_x,Head_y,Head_z,Nose_x,Nose_y,Nose_z,Eye.L_x,Eye.L_y,Eye.L_z,Eye.R_x,Eye.R_y,Eye.R_z,Ear.L_x,Ear.L_y,Ear.L_z,Ear.R_x,Ear.R_y,Ear.R_z,hip.Center_x,hip.Center_y,hip.Center_z
0,0.30566156,0.20270126,0.14696018,0.011852403,0.17731611,0.37946266,-0.06307566,0.10284304,0.00014218292,0.036833778,0.33725682,-0.08353864,0.042281438,0.32398224,0.32854018,0.26373842,0.30460668,0.023039589,0.060202826,0.2024573,0.25802013,-0.18233398,0.16720296,0.17573124,-0.39647916,0.21895933,0.004188509,-0.37739056,0.4345752,-0.20307064,-0.17979896,0.4548796,-0.39532307,0.060768474,0.37960517,-0.4316767,-0.45081106,0.3425735,-0.09261415,-0.6652263,0.38890016,-0.0525147,-0.578316,0.40760803,-0.17693084,-0.61982894,0.37275952,-0.15345775,-0.61028415,0.43652004,-0.1384683,-0.60539925,0.31456307,-0.07683016,-0.58545893,0.44810575,-0.03340504,-0.013120941817760468,0.2200499325990677,-0.04169822856783867
