frame,Ankle.R_x,Ankle.R_y,Ankle.R_z,Knee.R_x,Knee.R_y,Knee.R_z,Hip.R_x,Hip.R_y,Hip.R_z,Hip.L_x,Hip.L_y,Hip.L_z,Knee.L_x,Knee.L_y,Knee.L_z,Ankle.L_x,Ankle.L_y,Ankle.L_z,Wrist.R_x,Wrist.R_y,Wrist.R_z,Elbow.R_x,Elbow.R_y,Elbow.R_z,Shoulder.R_x,Shoulder.R_y,Shoulder.R_z,Shoulder.L_x,Shoulder.L_y,Shoulder.L_z,Elbow.L_x,Elbow.L_y,Elbow.L_z,Wrist.L_x,Wrist.L_y,Wrist.L_z,Neck_x,Neck_y,Neck_z,Head_x,Head_y,Head_z,Nose_x,Nose_y,Nose_z,Eye.L_x,Eye.L_y,Eye.L_z,Eye.R_x,Eye.R_y,Eye.R_z,Ear.L_x,Ear.L_y,Ear.L_z,Ear.R_x,Ear.R_y,Ear.R_z,hip.Center_x,hip.Center_y,hip.Center_z
0,0.40759143,0.16763845,-0.39738193,0.38645568,0.33824104,-0.03756539,0.015673801,0.16861077,0.09908371,-0.05839669,0.27654812,-0.11841132,0.2879635,0.45384154,-0.19428122,0.3993576,0.35211638,-0.582458,0.05705825,0.2204149,0.32823458,-0.15851475,0.11681591,0.25750822,-0.40372708,0.20638578,0.18005106,-0.40573928,0.43482733,-0.01253893,-0.16142683,0.54547197,-0.07198867,0.0019446979,0.6547734,0.07601433,-0.47149312,0.33126765,0.09350076,-0.68577564,0.3296474,0.11348371,-0.59791255,0.43621755,0.1831228,-0.63970375,0.42687964,0.13967799,-0.6314815,0.3873864,0.19099876,-0.6233875,0.3813062,0.052432597,-0.6080892,0.29051214,0.16143438,-0.021361444145441055,0.2225794494152069,-0.009663805365562439
