frame,Ankle.R_x,Ankle.R_y,Ankle.R_z,Knee.R_x,Knee.R_y,Knee.R_z,Hip.R_x,Hip.R_y,Hip.R_z,Hip.L_x,Hip.L_y,Hip.L_z,Knee.L_x,Knee.L_y,Knee.L_z,Ankle.L_x,Ankle.L_y,Ankle.L_z,Wrist.R_x,Wrist.R_y,Wrist.R_z,Elbow.R_x,Elbow.R_y,Elbow.R_z,Shoulder.R_x,Shoulder.R_y,Shoulder.R_z,Shoulder.L_x,Shoulder.L_y,Shoulder.L_z,Elbow.L_x,Elbow.L_y,Elbow.L_z,Wrist.L_x,Wrist.L_y,Wrist.L_z,Neck_x,Neck_y,Neck_z,Head_x,Head_y,Head_z,Nose_x,Nose_y,Nose_z,Eye.L_x,Eye.L_y,Eye.L_z,Eye.R_x,Eye.R_y,Eye.R_z,Ear.L_x,Ear.L_y,Ear.L_z,Ear.R_x,Ear.R_y,Ear.R_z,hip.Center_x,hip.Center_y,hip.Center_z
0,0.37199995,0.19640608,-0.45051956,0.3881969,0.32114074,-0.07002538,0.020088458,0.16104493,0.09425837,-0.060829815,0.28645444,-0.11075599,0.2888895,0.45674878,-0.19372486,0.383593,0.386549,-0.59342647,0.080111176,0.22187659,0.31041288,-0.14542735,0.12657171,0.25344118,-0.39973205,0.20484906,0.1901845,-0.4029203,0.43394023,-0.0035830392,-0.15865184,0.55322826,-0.051191323,-0.005694527,0.65970886,0.11332384,-0.47012448,0.3296464,0.10177031,-0.68495977,0.3210187,0.1196011,-0.6032181,0.4403914,0.17546262,-0.6439984,0.4233149,0.13304709,-0.63469523,0.39153877,0.18949711,-0.6239939,0.36768028,0.053029913,-0.60606396,0.29232636,0.17300451,-0.02037067711353302,0.22374968230724335,-0.008248809725046158
