frame,Ankle.R_x,Ankle.R_y,Ankle.R_z,Knee.R_x,Knee.R_y,Knee.R_z,Hip.R_x,Hip.R_y,Hip.R_z,Hip.L_x,Hip.L_y,Hip.L_z,Knee.L_x,Knee.L_y,Knee.L_z,Ankle.L_x,Ankle.L_y,Ankle.L_z,Wrist.R_x,Wrist.R_y,Wrist.R_z,Elbow.R_x,Elbow.R_y,Elbow.R_z,Shoulder.R_x,Shoulder.R_y,Shoulder.R_z,Shoulder.L_x,Shoulder.L_y,Shoulder.L_z,Elbow.L_x,Elbow.L_y,Elbow.L_z,Wrist.L_x,Wrist.L_y,Wrist.L_z,Neck_x,Neck_y,Neck_z,Head_x,Head_y,Head_z,Nose_x,Nose_y,Nose_z,Eye.L_x,Eye.L_y,Eye.L_z,Eye.R_x,Eye.R_y,Eye.R_z,Ear.L_x,Ear.L_y,Ear.L_z,Ear.R_x,Ear.R_y,Ear.R_z,hip.Center_x,hip.Center_y,hip.Center_z
0,0.5013532,0.15812142,-0.41412696,0.38135016,0.31585395,-0.062171888,0.013412515,0.18333003,0.10494767,-0.0526902,0.26734188,-0.122030415,0.3025809,0.39928192,-0.2275955,0.47623038,0.31169367,-0.5974326,-0.053931978,0.2877804,0.39991313,-0.18846396,0.12032299,0.28134143,-0.4148031,0.21339835,0.16802832,-0.41780907,0.43671975,-0.023469593,-0.19587046,0.5747914,-0.10559484,-0.09757827,0.7009776,0.07499536,-0.47656792,0.33540323,0.08318611,-0.68781406,0.3328802,0.1060611,-0.5991814,0.44055793,0.17346674,-0.64156437,0.43052435,0.13119547,-0.63224506,0.39142188,0.1823926,-0.62675565,0.3845923,0.044159193,-0.60954356,0.29415345,0.15320744,-0.019638843834400177,0.225335955619812,-0.008541371673345566
