frame,Ankle.R_x,Ankle.R_y,Ankle.R_z,Knee.R_x,Knee.R_y,Knee.R_z,Hip.R_x,Hip.R_y,Hip.R_z,Hip.L_x,Hip.L_y,Hip.L_z,Knee.L_x,Knee.L_y,Knee.L_z,Ankle.L_x,Ankle.L_y,Ankle.L_z,Wrist.R_x,Wrist.R_y,Wrist.R_z,Elbow.R_x,Elbow.R_y,Elbow.R_z,Shoulder.R_x,Shoulder.R_y,Shoulder.R_z,Shoulder.L_x,Shoulder.L_y,Shoulder.L_z,Elbow.L_x,Elbow.L_y,Elbow.L_z,Wrist.L_x,Wrist.L_y,Wrist.L_z,Neck_x,Neck_y,Neck_z,Head_x,Head_y,Head_z,Nose_x,Nose_y,Nose_z,Eye.L_x,Eye.L_y,Eye.L_z,Eye.R_x,Eye.R_y,Eye.R_z,Ear.L_x,Ear.L_y,Ear.L_z,Ear.R_x,Ear.R_y,Ear.R_z,hip.Center_x,hip.Center_y,hip.Center_z
0,0.22621119,0.21113613,0.13601455,-0.056045797,0.13553487,0.3592955,-0.051323205,0.09615399,-0.007845948,0.038090512,0.33897427,-0.07377384,-0.034177907,0.27965635,0.31212682,0.21722834,0.33036244,0.031108495,-0.17261522,0.2855486,0.3071652,-0.22415373,0.15799907,0.09934066,-0.43973774,0.22298485,-0.011191874,-0.3970228,0.41639066,-0.19166923,-0.27538133,0.52177924,-0.0018783874,-0.21238996,0.6263606,0.22374141,-0.46677688,0.31463024,-0.11463921,-0.6583693,0.29097214,-0.07791287,-0.6013949,0.42773622,-0.12068392,-0.6357456,0.38366807,-0.14035846,-0.6235687,0.398632,-0.0764339,-0.6042377,0.29217595,-0.16220152,-0.5792421,0.31840584,-0.024491698,-0.006616346538066864,0.21756413578987122,-0.04080989211797714
