frame,Ankle.R_x,Ankle.R_y,Ankle.R_z,Knee.R_x,Knee.R_y,Knee.R_z,Hip.R_x,Hip.R_y,Hip.R_z,Hip.L_x,Hip.L_y,Hip.L_z,Knee.L_x,Knee.L_y,Knee.L_z,Ankle.L_x,Ankle.L_y,Ankle.L_z,Wrist.R_x,Wrist.R_y,Wrist.R_z,Elbow.R_x,Elbow.R_y,Elbow.R_z,Shoulder.R_x,Shoulder.R_y,Shoulder.R_z,Shoulder.L_x,Shoulder.L_y,Shoulder.L_z,Elbow.L_x,Elbow.L_y,Elbow.L_z,Wrist.L_x,Wrist.L_y,Wrist.L_z,Neck_x,Neck_y,Neck_z,Head_x,Head_y,Head_z,Nose_x,Nose_y,Nose_z,Eye.L_x,Eye.L_y,Eye.L_z,Eye.R_x,Eye.R_y,Eye.R_z,Ear.L_x,Ear.L_y,Ear.L_z,Ear.R_x,Ear.R_y,Ear.R_z,hip.Center_x,hip.Center_y,hip.Center_z
0,0.47947282,0.16903141,-0.45436594,0.37443236,0.3182806,-0.09153794,0.018357651,0.18972553,0.106480226,-0.057498492,0.26168373,-0.12169667,0.28723106,0.40326712,-0.24408285,0.45814466,0.3074137,-0.6151578,-0.04346881,0.2960291,0.39952704,-0.17654072,0.12602429,0.2818325,-0.40854073,0.21276307,0.17377411,-0.4171719,0.43530804,-0.021373428,-0.19269079,0.5789037,-0.085861616,-0.100134745,0.70452094,0.10008931,-0.47538292,0.33303034,0.087425396,-0.6864603,0.31803143,0.11124087,-0.60757923,0.4380319,0.1701618,-0.64840055,0.42111045,0.12837033,-0.636886,0.387386,0.18300432,-0.62837577,0.3691424,0.045682944,-0.60614574,0.28980377,0.16251421,-0.019570421427488327,0.2257046401500702,-0.007608223706483841
