frame,Ankle.R_x,Ankle.R_y,Ankle.R_z,Knee.R_x,Knee.R_y,Knee.R_z,Hip.R_x,Hip.R_y,Hip.R_z,Hip.L_x,Hip.L_y,Hip.L_z,Knee.L_x,Knee.L_y,Knee.L_z,Ankle.L_x,Ankle.L_y,Ankle.L_z,Wrist.R_x,Wrist.R_y,Wrist.R_z,Elbow.R_x,Elbow.R_y,Elbow.R_z,Shoulder.R_x,Shoulder.R_y,Shoulder.R_z,Shoulder.L_x,Shoulder.L_y,Shoulder.L_z,Elbow.L_x,Elbow.L_y,Elbow.L_z,Wrist.L_x,Wrist.L_y,Wrist.L_z,Neck_x,Neck_y,Neck_z,Head_x,Head_y,Head_z,Nose_x,Nose_y,Nose_z,Eye.L_x,Eye.L_y,Eye.L_z,Eye.R_x,Eye.R_y,Eye.R_z,Ear.L_x,Ear.L_y,Ear.L_z,Ear.R_x,Ear.R_y,Ear.R_z,hip.Center_x,hip.Center_y,hip.Center_z
0,0.47448862,0.18016276,-0.46460095,0.36711836,0.32904598,-0.10137472,0.020137621,0.18997785,0.10658826,-0.05934546,0.26045522,-0.120940335,0.27808622,0.41003,-0.24888721,0.46353585,0.32561168,-0.6160496,-0.049092006,0.28881827,0.4126632,-0.18042602,0.12561163,0.28343403,-0.40959126,0.2160646,0.17169616,-0.41255102,0.43984765,-0.023311405,-0.19051105,0.59152126,-0.07665874,-0.10503026,0.7246192,0.108651996,-0.47403118,0.33714426,0.08349588,-0.6851716,0.31924117,0.09917832,-0.6118857,0.44247735,0.15900053,-0.65036404,0.42364714,0.11572738,-0.64054936,0.3914079,0.17165263,-0.6253568,0.37043113,0.035072803,-0.6066464,0.29402193,0.15476453,-0.019603919237852097,0.22521653771400452,-0.0071760378777980804
