frame,Ankle.R_x,Ankle.R_y,Ankle.R_z,Knee.R_x,Knee.R_y,Knee.R_z,Hip.R_x,Hip.R_y,Hip.R_z,Hip.L_x,Hip.L_y,Hip.L_z,Knee.L_x,Knee.L_y,Knee.L_z,Ankle.L_x,Ankle.L_y,Ankle.L_z,Wrist.R_x,Wrist.R_y,Wrist.R_z,Elbow.R_x,Elbow.R_y,Elbow.R_z,Shoulder.R_x,Shoulder.R_y,Shoulder.R_z,Shoulder.L_x,Shoulder.L_y,Shoulder.L_z,Elbow.L_x,Elbow.L_y,Elbow.L_z,Wrist.L_x,Wrist.L_y,Wrist.L_z,Neck_x,Neck_y,Neck_z,Head_x,Head_y,Head_z,Nose_x,Nose_y,Nose_z,Eye.L_x,Eye.L_y,Eye.L_z,Eye.R_x,Eye.R_y,Eye.R_z,Ear.L_x,Ear.L_y,Ear.L_z,Ear.R_x,Ear.R_y,Ear.R_z,hip.Center_x,hip.Center_y,hip.Center_z
0,0.6297154,0.13246161,0.5125434,0.27678135,0.14654747,0.2779757,-0.062815115,0.12455801,0.05415045,0.017219367,0.30060917,-0.09439253,0.3831605,0.32604304,0.08894613,0.8104773,0.36064246,0.150339,-0.005947061,-0.024682306,0.12121057,-0.23742646,0.019743104,0.020066075,-0.4307311,0.19575892,-0.053227216,-0.3453508,0.43428123,-0.166462,-0.08617379,0.5210472,-0.18676521,0.10982351,0.6256994,-0.07158214,-0.4445607,0.3380702,-0.112705514,-0.6291611,0.39692748,-0.17957938,-0.60260844,0.3643295,-0.03197715,-0.619187,0.40801764,-0.069844484,-0.62619716,0.34455127,-0.082661,-0.558558,0.4524947,-0.13523495,-0.5771123,0.31986302,-0.16592754,-0.022797875106334686,0.21258358657360077,-0.02012103982269764
