frame,Ankle.R_x,Ankle.R_y,Ankle.R_z,Knee.R_x,Knee.R_y,Knee.R_z,Hip.R_x,Hip.R_y,Hip.R_z,Hip.L_x,Hip.L_y,Hip.L_z,Knee.L_x,Knee.L_y,Knee.L_z,Ankle.L_x,Ankle.L_y,Ankle.L_z,Wrist.R_x,Wrist.R_y,Wrist.R_z,Elbow.R_x,Elbow.R_y,Elbow.R_z,Shoulder.R_x,Shoulder.R_y,Shoulder.R_z,Shoulder.L_x,Shoulder.L_y,Shoulder.L_z,Elbow.L_x,Elbow.L_y,Elbow.L_z,Wrist.L_x,Wrist.L_y,Wrist.L_z,Neck_x,Neck_y,Neck_z,Head_x,Head_y,Head_z,Nose_x,Nose_y,Nose_z,Eye.L_x,Eye.L_y,Eye.L_z,Eye.R_x,Eye.R_y,Eye.R_z,Ear.L_x,Ear.L_y,Ear.L_z,Ear.R_x,Ear.R_y,Ear.R_z,hip.Center_x,hip.Center_y,hip.Center_z
0,0.5885081,0.13214327,0.54864395,0.2521972,0.14894813,0.2956412,-0.06734688,0.12251906,0.049221672,0.022474766,0.29816136,-0.091551386,0.37135702,0.33898166,0.11012588,0.7949374,0.3980312,0.15448831,0.004264821,-0.03161578,0.10403057,-0.22501256,0.027881974,0.008928859,-0.42160088,0.19909762,-0.056010075,-0.34378096,0.43686593,-0.17002603,-0.089823805,0.52937925,-0.18585105,0.10703361,0.6366427,-0.07761799,-0.43808985,0.33970076,-0.11499702,-0.6222632,0.39708284,-0.1774258,-0.591493,0.36426294,-0.031114256,-0.6094492,0.40778,-0.06821268,-0.6161422,0.34454775,-0.08105043,-0.5512824,0.4529338,-0.13479087,-0.56940466,0.3208303,-0.1654607,-0.022436056286096573,0.2103402018547058,-0.02116485685110092
