frame,Ankle.R_x,Ankle.R_y,Ankle.R_z,Knee.R_x,Knee.R_y,Knee.R_z,Hip.R_x,Hip.R_y,Hip.R_z,Hip.L_x,Hip.L_y,Hip.L_z,Knee.L_x,Knee.L_y,Knee.L_z,Ankle.L_x,Ankle.L_y,Ankle.L_z,Wrist.R_x,Wrist.R_y,Wrist.R_z,Elbow.R_x,Elbow.R_y,Elbow.R_z,Shoulder.R_x,Shoulder.R_y,Shoulder.R_z,Shoulder.L_x,Shoulder.L_y,Shoulder.L_z,Elbow.L_x,Elbow.L_y,Elbow.L_z,Wrist.L_x,Wrist.L_y,Wrist.L_z,Neck_x,Neck_y,Neck_z,Head_x,Head_y,Head_z,Nose_x,Nose_y,Nose_z,Eye.L_x,Eye.L_y,Eye.L_z,Eye.R_x,Eye.R_y,Eye.R_z,Ear.L_x,Ear.L_y,Ear.L_z,Ear.R_x,Ear.R_y,Ear.R_z,hip.Center_x,hip.Center_y,hip.Center_z
0,0.690554,0.075893156,0.32942337,0.28641117,0.14158288,0.26165858,-0.036699563,0.09345295,0.029245771,-0.0031940024,0.3183126,-0.059250705,0.39324766,0.35440925,-0.00092157867,0.77641094,0.40382686,-0.18048441,-0.8551425,0.14127779,0.032112062,-0.65333134,-0.0052086343,-0.0058029722,-0.45651644,0.15346691,-0.06502566,-0.41456234,0.38267255,-0.08306914,-0.38362718,0.643369,-0.098857515,-0.3874126,0.8890034,-0.059813462,-0.46728307,0.26929474,-0.054647904,-0.65962565,0.29818422,-0.05394551,-0.5961821,0.23440066,0.070131525,-0.6260445,0.2813775,0.05151637,-0.6274276,0.22411963,0.021309612,-0.58991235,0.352508,-0.008219843,-0.5951891,0.23252064,-0.074662976,-0.019946783781051636,0.20588277280330658,-0.01500246673822403
