frame,Ankle.R_x,Ankle.R_y,Ankle.R_z,Knee.R_x,Knee.R_y,Knee.R_z,Hip.R_x,Hip.R_y,Hip.R_z,Hip.L_x,Hip.L_y,Hip.L_z,Knee.L_x,Knee.L_y,Knee.L_z,Ankle.L_x,Ankle.L_y,Ankle.L_z,Wrist.R_x,Wrist.R_y,Wrist.R_z,Elbow.R_x,Elbow.R_y,Elbow.R_z,Shoulder.R_x,Shoulder.R_y,Shoulder.R_z,Shoulder.L_x,Shoulder.L_y,Shoulder.L_z,Elbow.L_x,Elbow.L_y,Elbow.L_z,Wrist.L_x,Wrist.L_y,Wrist.L_z,Neck_x,Neck_y,Neck_z,Head_x,Head_y,Head_z,Nose_x,Nose_y,Nose_z,Eye.L_x,Eye.L_y,Eye.L_z,Eye.R_x,Eye.R_y,Eye.R_z,Ear.L_x,Ear.L_y,Ear.L_z,Ear.R_x,Ear.R_y,Ear.R_z,hip.Center_x,hip.Center_y,hip.Center_z
0,0.6907492,0.031577986,0.3161917,0.28620544,0.10404955,0.25007987,-0.041225,0.092519246,0.020757003,0.0010498218,0.32237515,-0.04869069,0.40361086,0.3246548,-0.004331493,0.7797062,0.36857718,-0.20193878,-0.8133736,-0.0015406363,0.123237,-0.5816187,-0.065927394,0.04149589,-0.44297478,0.13227437,-0.057187885,-0.42626756,0.37443665,-0.0793197,-0.39892226,0.6358756,-0.09509807,-0.39941502,0.88426703,-0.06894257,-0.47039855,0.25415522,-0.05329632,-0.6583009,0.27475506,-0.08359267,-0.6170438,0.20518112,0.04683498,-0.6455622,0.2522019,0.02542617,-0.637534,0.19700061,-0.007742673,-0.6021236,0.3292435,-0.021087382,-0.5876778,0.21404552,-0.09419718,-0.02008759044110775,0.20744720101356506,-0.013966844417154789
