frame,Ankle.R_x,Ankle.R_y,Ankle.R_z,Knee.R_x,Knee.R_y,Knee.R_z,Hip.R_x,Hip.R_y,Hip.R_z,Hip.L_x,Hip.L_y,Hip.L_z,Knee.L_x,Knee.L_y,Knee.L_z,Ankle.L_x,Ankle.L_y,Ankle.L_z,Wrist.R_x,Wrist.R_y,Wrist.R_z,Elbow.R_x,Elbow.R_y,Elbow.R_z,Shoulder.R_x,Shoulder.R_y,Shoulder.R_z,Shoulder.L_x,Shoulder.L_y,Shoulder.L_z,Elbow.L_x,Elbow.L_y,Elbow.L_z,Wrist.L_x,Wrist.L_y,Wrist.L_z,Neck_x,Neck_y,Neck_z,Head_x,Head_y,Head_z,Nose_x,Nose_y,Nose_z,Eye.L_x,Eye.L_y,Eye.L_z,Eye.R_x,Eye.R_y,Eye.R_z,Ear.L_x,Ear.L_y,Ear.L_z,Ear.R_x,Ear.R_y,Ear.R_z,hip.Center_x,hip.Center_y,hip.Center_z
0,0.7433561,0.0807252,0.26082525,0.3307112,0.13374981,0.21696234,-0.03473744,0.11087905,0.05784674,-0.004652368,0.3043957,-0.07941038,0.39399913,0.3387459,-0.08136083,0.77013856,0.39441434,-0.27852583,-0.8430524,-0.05289894,0.060729068,-0.5937918,-0.07006181,0.017389601,-0.44345593,0.13448516,-0.032132685,-0.44420153,0.35475132,-0.067667514,-0.51926184,0.60030264,-0.084234364,-0.64559025,0.81256115,-0.04770848,-0.47400197,0.2462108,-0.02911904,-0.6649716,0.25989044,-0.037302747,-0.6044332,0.20661937,0.093266115,-0.6376479,0.24991453,0.07062809,-0.6315477,0.19187963,0.04257024,-0.60391235,0.3215133,0.010591125,-0.5944093,0.20027795,-0.050928164,-0.01969490572810173,0.20763736963272095,-0.010781820863485336
