frame,Ankle.R_x,Ankle.R_y,Ankle.R_z,Knee.R_x,Knee.R_y,Knee.R_z,Hip.R_x,Hip.R_y,Hip.R_z,Hip.L_x,Hip.L_y,Hip.L_z,Knee.L_x,Knee.L_y,Knee.L_z,Ankle.L_x,Ankle.L_y,Ankle.L_z,Wrist.R_x,Wrist.R_y,Wrist.R_z,Elbow.R_x,Elbow.R_y,Elbow.R_z,Shoulder.R_x,Shoulder.R_y,Shoulder.R_z,Shoulder.L_x,Shoulder.L_y,Shoulder.L_z,Elbow.L_x,Elbow.L_y,Elbow.L_z,Wrist.L_x,Wrist.L_y,Wrist.L_z,Neck_x,Neck_y,Neck_z,Head_x,Head_y,Head_z,Nose_x,Nose_y,Nose_z,Eye.L_x,Eye.L_y,Eye.L_z,Eye.R_x,Eye.R_y,Eye.R_z,Ear.L_x,Ear.L_y,Ear.L_z,Ear.R_x,Ear.R_y,Ear.R_z,hip.Center_x,hip.Center_y,hip.Center_z
0,0.71076715,0.101666115,0.25609323,0.29544836,0.15115647,0.25203323,-0.029045977,0.09020796,0.025506098,-0.008036537,0.32044554,-0.051797163,0.39396343,0.36415094,-0.040457513,0.73811615,0.4248639,-0.28581765,-0.8937477,0.050713226,0.00048539022,-0.6503338,-0.02195401,-0.019000638,-0.46106017,0.1519086,-0.052861415,-0.4332379,0.37096635,-0.06319522,-0.50198394,0.6182801,-0.060174167,-0.62546813,0.8370358,-0.03956257,-0.47304684,0.26386154,-0.033074874,-0.66302246,0.29506582,-0.0026262752,-0.5817076,0.2231272,0.10583356,-0.6142876,0.2708016,0.095108286,-0.61980075,0.21598756,0.061197992,-0.5875459,0.34692246,0.036601055,-0.6017792,0.23237187,-0.038141843,-0.018541257828474045,0.20532675087451935,-0.013145532459020615
