frame,Ankle.R_x,Ankle.R_y,Ankle.R_z,Knee.R_x,Knee.R_y,Knee.R_z,Hip.R_x,Hip.R_y,Hip.R_z,Hip.L_x,Hip.L_y,Hip.L_z,Knee.L_x,Knee.L_y,Knee.L_z,Ankle.L_x,Ankle.L_y,Ankle.L_z,Wrist.R_x,Wrist.R_y,Wrist.R_z,Elbow.R_x,Elbow.R_y,Elbow.R_z,Shoulder.R_x,Shoulder.R_y,Shoulder.R_z,Shoulder.L_x,Shoulder.L_y,Shoulder.L_z,Elbow.L_x,Elbow.L_y,Elbow.L_z,Wrist.L_x,Wrist.L_y,Wrist.L_z,Neck_x,Neck_y,Neck_z,Head_x,Head_y,Head_z,Nose_x,Nose_y,Nose_z,Eye.L_x,Eye.L_y,Eye.L_z,Eye.R_x,Eye.R_y,Eye.R_z,Ear.L_x,Ear.L_y,Ear.L_z,Ear.R_x,Ear.R_y,Ear.R_z,hip.Center_x,hip.Center_y,hip.Center_z
0,0.7362002,0.07555646,0.222,0.31962383,0.13481738,0.2257016,-0.029941238,0.09440574,0.032939788,-0.0059522083,0.3194451,-0.05485605,0.39901248,0.34604052,-0.06585863,0.7476458,0.39812443,-0.30893847,-0.86485994,-0.051752973,0.03320946,-0.61314726,-0.06566681,-0.0041045365,-0.45670053,0.13918969,-0.044199385,-0.4476595,0.35610327,-0.06613551,-0.5537274,0.5886897,-0.063833565,-0.72186667,0.7723404,-0.024835326,-0.47811452,0.25048906,-0.031873714,-0.6701831,0.26868787,-0.01270798,-0.58890545,0.20760413,0.10259928,-0.6252153,0.2518351,0.08841793,-0.6238152,0.19577724,0.056097306,-0.6018424,0.3281632,0.028865015,-0.60194653,0.21092859,-0.042436354,-0.017946723848581314,0.2069254219532013,-0.010958131402730942
