frame,Ankle.R_x,Ankle.R_y,Ankle.R_z,Knee.R_x,Knee.R_y,Knee.R_z,Hip.R_x,Hip.R_y,Hip.R_z,Hip.L_x,Hip.L_y,Hip.L_z,Knee.L_x,Knee.L_y,Knee.L_z,Ankle.L_x,Ankle.L_y,Ankle.L_z,Wrist.R_x,Wrist.R_y,Wrist.R_z,Elbow.R_x,Elbow.R_y,Elbow.R_z,Shoulder.R_x,Shoulder.R_y,Shoulder.R_z,Shoulder.L_x,Shoulder.L_y,Shoulder.L_z,Elbow.L_x,Elbow.L_y,Elbow.L_z,Wrist.L_x,Wrist.L_y,Wrist.L_z,Neck_x,Neck_y,Neck_z,Head_x,Head_y,Head_z,Nose_x,Nose_y,Nose_z,Eye.L_x,Eye.L_y,Eye.L_z,Eye.R_x,Eye.R_y,Eye.R_z,Ear.L_x,Ear.L_y,Ear.L_z,Ear.R_x,Ear.R_y,Ear.R_z,hip.Center_x,hip.Center_y,hip.Center_z
0,0.7247249,0.10198258,0.21599722,0.31120104,0.15501367,0.23742716,-0.029215332,0.093675904,0.03361868,-0.006586304,0.31706086,-0.058453154,0.39372534,0.3641824,-0.05924622,0.722876,0.41453695,-0.32265598,-0.9066626,-0.009375064,-0.0025635173,-0.65077424,-0.012345886,-0.018274767,-0.4612182,0.1591978,-0.043049082,-0.43935972,0.37091312,-0.055463023,-0.5459065,0.6006742,-0.045761768,-0.7049042,0.79611915,-0.023253085,-0.47387183,0.26817673,-0.023090284,-0.6619752,0.29740995,0.008956041,-0.5779817,0.2324377,0.120143235,-0.61175036,0.2788308,0.10728089,-0.6165308,0.22242975,0.07620156,-0.5872067,0.35217592,0.045094322,-0.6000142,0.234425,-0.024077332,-0.017900817096233368,0.20536838471889496,-0.012417236343026161
