frame,Ankle.R_x,Ankle.R_y,Ankle.R_z,Knee.R_x,Knee.R_y,Knee.R_z,Hip.R_x,Hip.R_y,Hip.R_z,Hip.L_x,Hip.L_y,Hip.L_z,Knee.L_x,Knee.L_y,Knee.L_z,Ankle.L_x,Ankle.L_y,Ankle.L_z,Wrist.R_x,Wrist.R_y,Wrist.R_z,Elbow.R_x,Elbow.R_y,Elbow.R_z,Shoulder.R_x,Shoulder.R_y,Shoulder.R_z,Shoulder.L_x,Shoulder.L_y,Shoulder.L_z,Elbow.L_x,Elbow.L_y,Elbow.L_z,Wrist.L_x,Wrist.L_y,Wrist.L_z,Neck_x,Neck_y,Neck_z,Head_x,Head_y,Head_z,Nose_x,Nose_y,Nose_z,Eye.L_x,Eye.L_y,Eye.L_z,Eye.R_x,Eye.R_y,Eye.R_z,Ear.L_x,Ear.L_y,Ear.L_z,Ear.R_x,Ear.R_y,Ear.R_z,hip.Center_x,hip.Center_y,hip.Center_z
0,0.74988544,0.09472106,0.13900042,0.33543453,0.1385053,0.20111226,-0.02872166,0.09166173,0.02754633,-0.0054417895,0.322168,-0.04986681,0.39995953,0.34625256,-0.07850816,0.6973419,0.40143222,-0.37855417,-0.8701839,-0.124291025,-0.009218357,-0.63281184,-0.027469212,-0.029345475,-0.46640038,0.17244944,-0.037469093,-0.43457294,0.3861165,-0.04990241,-0.5837335,0.58775324,-0.026676694,-0.8122384,0.69555444,0.006274658,-0.47188944,0.2875208,-0.018178215,-0.6521312,0.34628144,0.018234983,-0.57621443,0.26848453,0.12774964,-0.6025869,0.31977457,0.11524889,-0.6173558,0.26453456,0.0849134,-0.56857884,0.38841647,0.05162089,-0.6017432,0.27356163,-0.016728885,-0.017081724479794502,0.20691485702991486,-0.01116024050861597
