frame,Ankle.R_x,Ankle.R_y,Ankle.R_z,Knee.R_x,Knee.R_y,Knee.R_z,Hip.R_x,Hip.R_y,Hip.R_z,Hip.L_x,Hip.L_y,Hip.L_z,Knee.L_x,Knee.L_y,Knee.L_z,Ankle.L_x,Ankle.L_y,Ankle.L_z,Wrist.R_x,Wrist.R_y,Wrist.R_z,Elbow.R_x,Elbow.R_y,Elbow.R_z,Shoulder.R_x,Shoulder.R_y,Shoulder.R_z,Shoulder.L_x,Shoulder.L_y,Shoulder.L_z,Elbow.L_x,Elbow.L_y,Elbow.L_z,Wrist.L_x,Wrist.L_y,Wrist.L_z,Neck_x,Neck_y,Neck_z,Head_x,Head_y,Head_z,Nose_x,Nose_y,Nose_z,Eye.L_x,Eye.L_y,Eye.L_z,Eye.R_x,Eye.R_y,Eye.R_z,Ear.L_x,Ear.L_y,Ear.L_z,Ear.R_x,Ear.R_y,Ear.R_z,hip.Center_x,hip.Center_y,hip.Center_z
0,0.754388,0.057293586,0.13577926,0.33725864,0.105913624,0.18575996,-0.031678498,0.08904915,0.01590434,-0.0013891138,0.32597086,-0.036682755,0.4100097,0.32193667,-0.05277431,0.70755905,0.38222662,-0.35274383,-0.84555465,-0.16349493,-0.0073968554,-0.6233566,-0.03702828,-0.037371047,-0.4647541,0.16824228,-0.04680855,-0.43676832,0.37921247,-0.05778593,-0.60063004,0.56777745,-0.03308213,-0.84364414,0.6346705,0.0024447427,-0.47221708,0.28352523,-0.029450163,-0.65019447,0.3529716,-0.004050036,-0.5822524,0.28233165,0.11517726,-0.60465103,0.33381775,0.09637288,-0.6229192,0.27663046,0.0720024,-0.564935,0.3922895,0.026456442,-0.6045265,0.27290896,-0.02964133,-0.016533805057406425,0.20751000940799713,-0.010389206930994987
