frame,Ankle.R_x,Ankle.R_y,Ankle.R_z,Knee.R_x,Knee.R_y,Knee.R_z,Hip.R_x,Hip.R_y,Hip.R_z,Hip.L_x,Hip.L_y,Hip.L_z,Knee.L_x,Knee.L_y,Knee.L_z,Ankle.L_x,Ankle.L_y,Ankle.L_z,Wrist.R_x,Wrist.R_y,Wrist.R_z,Elbow.R_x,Elbow.R_y,Elbow.R_z,Shoulder.R_x,Shoulder.R_y,Shoulder.R_z,Shoulder.L_x,Shoulder.L_y,Shoulder.L_z,Elbow.L_x,Elbow.L_y,Elbow.L_z,Wrist.L_x,Wrist.L_y,Wrist.L_z,Neck_x,Neck_y,Neck_z,Head_x,Head_y,Head_z,Nose_x,Nose_y,Nose_z,Eye.L_x,Eye.L_y,Eye.L_z,Eye.R_x,Eye.R_y,Eye.R_z,Ear.L_x,Ear.L_y,Ear.L_z,Ear.R_x,Ear.R_y,Ear.R_z,hip.Center_x,hip.Center_y,hip.Center_z
0,0.7798395,0.10368081,0.05485496,0.36190102,0.11991854,0.13532744,-0.030955547,0.08871557,0.018121623,3.1858173e-05,0.3255895,-0.03592433,0.4107291,0.31727448,-0.077039875,0.6755546,0.38656628,-0.40411022,-0.8460801,-0.15071684,-0.003289237,-0.6240344,-0.020707894,-0.030714694,-0.46453637,0.18411668,-0.029127553,-0.43581533,0.39026508,-0.031250924,-0.6179603,0.5579545,0.005481456,-0.8680708,0.56226385,0.057643447,-0.47023642,0.2993603,-0.007417298,-0.64328885,0.3793053,0.0042677773,-0.58613336,0.31745446,0.13438486,-0.6042595,0.36806536,0.108678,-0.6251682,0.30972525,0.089493036,-0.5571462,0.41598082,0.03552551,-0.602045,0.2937339,-0.010629381,-0.015461844392120838,0.20715254545211792,-0.008901353925466537
