frame,Ankle.R_x,Ankle.R_y,Ankle.R_z,Knee.R_x,Knee.R_y,Knee.R_z,Hip.R_x,Hip.R_y,Hip.R_z,Hip.L_x,Hip.L_y,Hip.L_z,Knee.L_x,Knee.L_y,Knee.L_z,Ankle.L_x,Ankle.L_y,Ankle.L_z,Wrist.R_x,Wrist.R_y,Wrist.R_z,Elbow.R_x,Elbow.R_y,Elbow.R_z,Shoulder.R_x,Shoulder.R_y,Shoulder.R_z,Shoulder.L_x,Shoulder.L_y,Shoulder.L_z,Elbow.L_x,Elbow.L_y,Elbow.L_z,Wrist.L_x,Wrist.L_y,Wrist.L_z,Neck_x,Neck_y,Neck_z,Head_x,Head_y,Head_z,Nose_x,Nose_y,Nose_z,Eye.L_x,Eye.L_y,Eye.L_z,Eye.R_x,Eye.R_y,Eye.R_z,Ear.L_x,Ear.L_y,Ear.L_z,Ear.R_x,Ear.R_y,Ear.R_z,hip.Center_x,hip.Center_y,hip.Center_z
0,0.7599813,0.04029696,0.046270706,0.3497468,0.07968911,0.14309232,-0.037874572,0.089782804,0.0122601725,0.00580199,0.32704505,-0.031114994,0.41694403,0.29726934,-0.045776214,0.7049079,0.3629537,-0.35341364,-0.82483745,-0.16025661,0.01706666,-0.60729235,-0.03053493,-0.02890656,-0.46109897,0.18650582,-0.027337568,-0.43159595,0.39886168,-0.04086872,-0.61548287,0.56558853,-0.009692082,-0.8608475,0.5392524,0.048603572,-0.46860325,0.30709437,-0.015769843,-0.641401,0.38699326,-0.029553968,-0.593121,0.35328662,0.11401832,-0.6082601,0.39772743,0.077090554,-0.63041043,0.33706543,0.06987293,-0.5559151,0.42694208,-0.001780916,-0.60319924,0.29886875,-0.023172833,-0.016036290675401688,0.20841392874717712,-0.009427410550415516
