frame,Ankle.R_x,Ankle.R_y,Ankle.R_z,Knee.R_x,Knee.R_y,Knee.R_z,Hip.R_x,Hip.R_y,Hip.R_z,Hip.L_x,Hip.L_y,Hip.L_z,Knee.L_x,Knee.L_y,Knee.L_z,Ankle.L_x,Ankle.L_y,Ankle.L_z,Wrist.R_x,Wrist.R_y,Wrist.R_z,Elbow.R_x,Elbow.R_y,Elbow.R_z,Shoulder.R_x,Shoulder.R_y,Shoulder.R_z,Shoulder.L_x,Shoulder.L_y,Shoulder.L_z,Elbow.L_x,Elbow.L_y,Elbow.L_z,Wrist.L_x,Wrist.L_y,Wrist.L_z,Neck_x,Neck_y,Neck_z,Head_x,Head_y,Head_z,Nose_x,Nose_y,Nose_z,Eye.L_x,Eye.L_y,Eye.L_z,Eye.R_x,Eye.R_y,Eye.R_z,Ear.L_x,Ear.L_y,Ear.L_z,Ear.R_x,Ear.R_y,Ear.R_z,hip.Center_x,hip.Center_y,hip.Center_z
0,0.74321395,0.068286814,0.017052,0.34824598,0.099797554,0.1645961,-0.035210013,0.09049049,0.017469805,0.0027389727,0.32683295,-0.038153585,0.4156984,0.30849403,-0.037955582,0.6962073,0.37058398,-0.35248774,-0.8288159,-0.15223841,0.026020873,-0.6078828,-0.03592399,-0.033150446,-0.46509376,0.18679906,-0.020843087,-0.430376,0.40242997,-0.042030238,-0.5949507,0.5937479,-0.019436896,-0.8270357,0.52580947,0.049081005,-0.4709881,0.3088732,-0.012510609,-0.64389044,0.38374138,-0.0326222,-0.5979662,0.35917228,0.114070326,-0.61351436,0.4011637,0.0742552,-0.634033,0.33958682,0.07001313,-0.55989075,0.42726,-0.0048284605,-0.6038421,0.2970076,-0.02033759,-0.01623552106320858,0.20866172015666962,-0.010341890156269073
