frame,Ankle.R_x,Ankle.R_y,Ankle.R_z,Knee.R_x,Knee.R_y,Knee.R_z,Hip.R_x,Hip.R_y,Hip.R_z,Hip.L_x,Hip.L_y,Hip.L_z,Knee.L_x,Knee.L_y,Knee.L_z,Ankle.L_x,Ankle.L_y,Ankle.L_z,Wrist.R_x,Wrist.R_y,Wrist.R_z,Elbow.R_x,Elbow.R_y,Elbow.R_z,Shoulder.R_x,Shoulder.R_y,Shoulder.R_z,Shoulder.L_x,Shoulder.L_y,Shoulder.L_z,Elbow.L_x,Elbow.L_y,Elbow.L_z,Wrist.L_x,Wrist.L_y,Wrist.L_z,Neck_x,Neck_y,Neck_z,Head_x,Head_y,Head_z,Nose_x,Nose_y,Nose_z,Eye.L_x,Eye.L_y,Eye.L_z,Eye.R_x,Eye.R_y,Eye.R_z,Ear.L_x,Ear.L_y,Ear.L_z,Ear.R_x,Ear.R_y,Ear.R_z,hip.Center_x,hip.Center_y,hip.Center_z
0,0.73318475,0.1232397,-0.10718412,0.3768644,0.14030825,0.11754074,-0.020278648,0.0885641,0.024408648,-0.008951734,0.32500932,-0.0407325,0.39863536,0.33754554,-0.102755494,0.6105581,0.40715697,-0.46334526,-0.8719855,-0.11417259,0.044769794,-0.6440401,-0.0036932828,0.009694912,-0.47020236,0.19080837,0.013836283,-0.420008,0.39654872,-0.01106698,-0.55659914,0.60616934,0.014631765,-0.7971672,0.61051923,0.08685544,-0.4647287,0.30969286,0.02294386,-0.61563444,0.41538444,0.0037889737,-0.5870813,0.36826587,0.14937684,-0.59208447,0.41594186,0.11395106,-0.6222429,0.35989824,0.101327695,-0.5284255,0.4401976,0.0417273,-0.5919142,0.3224156,0.009118095,-0.014615191146731377,0.20678670704364777,-0.008161925710737705
