frame,Ankle.R_x,Ankle.R_y,Ankle.R_z,Knee.R_x,Knee.R_y,Knee.R_z,Hip.R_x,Hip.R_y,Hip.R_z,Hip.L_x,Hip.L_y,Hip.L_z,Knee.L_x,Knee.L_y,Knee.L_z,Ankle.L_x,Ankle.L_y,Ankle.L_z,Wrist.R_x,Wrist.R_y,Wrist.R_z,Elbow.R_x,Elbow.R_y,Elbow.R_z,Shoulder.R_x,Shoulder.R_y,Shoulder.R_z,Shoulder.L_x,Shoulder.L_y,Shoulder.L_z,Elbow.L_x,Elbow.L_y,Elbow.L_z,Wrist.L_x,Wrist.L_y,Wrist.L_z,Neck_x,Neck_y,Neck_z,Head_x,Head_y,Head_z,Nose_x,Nose_y,Nose_z,Eye.L_x,Eye.L_y,Eye.L_z,Eye.R_x,Eye.R_y,Eye.R_z,Ear.L_x,Ear.L_y,Ear.L_z,Ear.R_x,Ear.R_y,Ear.R_z,hip.Center_x,hip.Center_y,hip.Center_z
0,0.7128645,0.099427305,-0.03084297,0.34789348,0.12639852,0.17945127,-0.027890243,0.08903785,0.020891558,-0.005056409,0.32653344,-0.042823676,0.4081586,0.33398724,-0.033404365,0.6722337,0.40075567,-0.36246556,-0.8667145,-0.12042454,0.035155933,-0.6335272,-0.025939371,-0.016529456,-0.46975684,0.17979619,-0.011558008,-0.42385042,0.3958628,-0.04590793,-0.5594229,0.60803777,-0.021322893,-0.8068354,0.6260503,0.030754056,-0.4712104,0.30098295,-0.010239242,-0.65057385,0.3644996,-0.022578493,-0.5873399,0.3666116,0.11961477,-0.60919267,0.40082976,0.07576076,-0.6273013,0.3389652,0.084320724,-0.56620437,0.41409695,-0.012113359,-0.6055085,0.2821801,-0.00085064396,-0.016473326832056046,0.20778563618659973,-0.010966058820486069
