frame,Ankle.R_x,Ankle.R_y,Ankle.R_z,Knee.R_x,Knee.R_y,Knee.R_z,Hip.R_x,Hip.R_y,Hip.R_z,Hip.L_x,Hip.L_y,Hip.L_z,Knee.L_x,Knee.L_y,Knee.L_z,Ankle.L_x,Ankle.L_y,Ankle.L_z,Wrist.R_x,Wrist.R_y,Wrist.R_z,Elbow.R_x,Elbow.R_y,Elbow.R_z,Shoulder.R_x,Shoulder.R_y,Shoulder.R_z,Shoulder.L_x,Shoulder.L_y,Shoulder.L_z,Elbow.L_x,Elbow.L_y,Elbow.L_z,Wrist.L_x,Wrist.L_y,Wrist.L_z,Neck_x,Neck_y,Neck_z,Head_x,Head_y,Head_z,Nose_x,Nose_y,Nose_z,Eye.L_x,Eye.L_y,Eye.L_z,Eye.R_x,Eye.R_y,Eye.R_z,Ear.L_x,Ear.L_y,Ear.L_z,Ear.R_x,Ear.R_y,Ear.R_z,hip.Center_x,hip.Center_y,hip.Center_z
0,0.73501307,0.097113326,-0.084637776,0.37708429,0.14291817,0.13117598,-0.018947627,0.09265736,0.034251288,-0.011753819,0.32159925,-0.051737376,0.39472276,0.34979475,-0.08525296,0.66940355,0.4074015,-0.40403807,-0.92508763,-0.015575693,0.058247726,-0.6720154,0.013686999,0.027229719,-0.46928126,0.1705124,0.0057702637,-0.42605785,0.37680787,-0.03964126,-0.54164416,0.5986773,-0.024280693,-0.76200503,0.7131797,0.026173081,-0.47186944,0.2841002,0.0032534208,-0.6503664,0.34198228,-0.011764737,-0.5995566,0.31690845,0.13267611,-0.6209845,0.35821784,0.09588185,-0.63317454,0.29502288,0.088314064,-0.5724555,0.39513263,0.017615441,-0.599108,0.26216304,-0.004050143,-0.015350723639130592,0.20712830126285553,-0.0087430439889431
