frame,Ankle.R_x,Ankle.R_y,Ankle.R_z,Knee.R_x,Knee.R_y,Knee.R_z,Hip.R_x,Hip.R_y,Hip.R_z,Hip.L_x,Hip.L_y,Hip.L_z,Knee.L_x,Knee.L_y,Knee.L_z,Ankle.L_x,Ankle.L_y,Ankle.L_z,Wrist.R_x,Wrist.R_y,Wrist.R_z,Elbow.R_x,Elbow.R_y,Elbow.R_z,Shoulder.R_x,Shoulder.R_y,Shoulder.R_z,Shoulder.L_x,Shoulder.L_y,Shoulder.L_z,Elbow.L_x,Elbow.L_y,Elbow.L_z,Wrist.L_x,Wrist.L_y,Wrist.L_z,Neck_x,Neck_y,Neck_z,Head_x,Head_y,Head_z,Nose_x,Nose_y,Nose_z,Eye.L_x,Eye.L_y,Eye.L_z,Eye.R_x,Eye.R_y,Eye.R_z,Ear.L_x,Ear.L_y,Ear.L_z,Ear.R_x,Ear.R_y,Ear.R_z,hip.Center_x,hip.Center_y,hip.Center_z
0,0.729341,0.10710629,-0.14942929,0.39074844,0.14744835,0.0964861,-0.015859688,0.0949,0.03896058,-0.0112804305,0.32015148,-0.05273846,0.38637593,0.33881786,-0.14593162,0.61191016,0.40784815,-0.49876887,-0.9304804,0.0024131136,0.05778282,-0.67802024,0.044384927,0.039522413,-0.47237027,0.19976145,0.024756303,-0.42203695,0.39577398,-0.012540164,-0.53228384,0.6205133,0.006131747,-0.75520813,0.727145,0.060895443,-0.46578228,0.30992135,0.030904092,-0.6244619,0.4009737,0.025104763,-0.58895147,0.34009302,0.16389653,-0.6005796,0.39062792,0.13521233,-0.62229735,0.33314693,0.114582345,-0.5410409,0.43321362,0.067590974,-0.58739173,0.31330243,0.019067496,-0.013570059090852737,0.20752573013305664,-0.006888940930366516
