frame,Ankle.R_x,Ankle.R_y,Ankle.R_z,Knee.R_x,Knee.R_y,Knee.R_z,Hip.R_x,Hip.R_y,Hip.R_z,Hip.L_x,Hip.L_y,Hip.L_z,Knee.L_x,Knee.L_y,Knee.L_z,Ankle.L_x,Ankle.L_y,Ankle.L_z,Wrist.R_x,Wrist.R_y,Wrist.R_z,Elbow.R_x,Elbow.R_y,Elbow.R_z,Shoulder.R_x,Shoulder.R_y,Shoulder.R_z,Shoulder.L_x,Shoulder.L_y,Shoulder.L_z,Elbow.L_x,Elbow.L_y,Elbow.L_z,Wrist.L_x,Wrist.L_y,Wrist.L_z,Neck_x,Neck_y,Neck_z,Head_x,Head_y,Head_z,Nose_x,Nose_y,Nose_z,Eye.L_x,Eye.L_y,Eye.L_z,Eye.R_x,Eye.R_y,Eye.R_z,Ear.L_x,Ear.L_y,Ear.L_z,Ear.R_x,Ear.R_y,Ear.R_z,hip.Center_x,hip.Center_y,hip.Center_z
0,0.7075734,0.112534694,-0.17620566,0.39257962,0.16354334,0.09925409,-0.011418715,0.09525424,0.042077318,-0.016039154,0.31802535,-0.05549915,0.37795016,0.35331136,-0.15443054,0.59542376,0.4217384,-0.51356125,-0.9531136,0.08645645,0.072822146,-0.69682235,0.06996872,0.055741165,-0.4704604,0.18690401,0.03102473,-0.42328632,0.38248724,-0.012389148,-0.52535135,0.61179316,-0.0031896038,-0.7281883,0.75576043,0.046369478,-0.4665509,0.29453984,0.03556406,-0.6357955,0.37152627,0.040974967,-0.5861879,0.30848598,0.17382547,-0.60485643,0.35867155,0.148779,-0.62128156,0.3003808,0.12600805,-0.5539981,0.41060996,0.08082535,-0.58992267,0.28942096,0.027999047,-0.013728934340178967,0.20663979649543762,-0.006710916757583618
