frame,Ankle.R_x,Ankle.R_y,Ankle.R_z,Knee.R_x,Knee.R_y,Knee.R_z,Hip.R_x,Hip.R_y,Hip.R_z,Hip.L_x,Hip.L_y,Hip.L_z,Knee.L_x,Knee.L_y,Knee.L_z,Ankle.L_x,Ankle.L_y,Ankle.L_z,Wrist.R_x,Wrist.R_y,Wrist.R_z,Elbow.R_x,Elbow.R_y,Elbow.R_z,Shoulder.R_x,Shoulder.R_y,Shoulder.R_z,Shoulder.L_x,Shoulder.L_y,Shoulder.L_z,Elbow.L_x,Elbow.L_y,Elbow.L_z,Wrist.L_x,Wrist.L_y,Wrist.L_z,Neck_x,Neck_y,Neck_z,Head_x,Head_y,Head_z,Nose_x,Nose_y,Nose_z,Eye.L_x,Eye.L_y,Eye.L_z,Eye.R_x,Eye.R_y,Eye.R_z,Ear.L_x,Ear.L_y,Ear.L_z,Ear.R_x,Ear.R_y,Ear.R_z,hip.Center_x,hip.Center_y,hip.Center_z
0,0.7402015,0.09147165,-0.15460138,0.398672,0.16494483,0.08056735,-0.012012949,0.10581183,0.057478983,-0.01845201,0.3101693,-0.07078621,0.37379265,0.36807555,-0.13714066,0.66066134,0.43171403,-0.44508126,-0.9319096,0.009079979,0.071131125,-0.67584354,0.02335452,0.060422532,-0.46328348,0.15310471,0.0164665,-0.43837968,0.35390687,-0.040686008,-0.5448465,0.5794154,-0.030765845,-0.72566223,0.7446871,0.031250827,-0.4749037,0.2614051,0.010506896,-0.6569896,0.31467202,0.0070937118,-0.6017237,0.26661158,0.14324251,-0.626286,0.31256026,0.11516099,-0.63461924,0.25149354,0.09561836,-0.5818044,0.3664,0.044665996,-0.60092616,0.23885857,-0.0008133687,-0.015232479199767113,0.20799057185649872,-0.006653612479567528
