frame,Ankle.R_x,Ankle.R_y,Ankle.R_z,Knee.R_x,Knee.R_y,Knee.R_z,Hip.R_x,Hip.R_y,Hip.R_z,Hip.L_x,Hip.L_y,Hip.L_z,Knee.L_x,Knee.L_y,Knee.L_z,Ankle.L_x,Ankle.L_y,Ankle.L_z,Wrist.R_x,Wrist.R_y,Wrist.R_z,Elbow.R_x,Elbow.R_y,Elbow.R_z,Shoulder.R_x,Shoulder.R_y,Shoulder.R_z,Shoulder.L_x,Shoulder.L_y,Shoulder.L_z,Elbow.L_x,Elbow.L_y,Elbow.L_z,Wrist.L_x,Wrist.L_y,Wrist.L_z,Neck_x,Neck_y,Neck_z,Head_x,Head_y,Head_z,Nose_x,Nose_y,Nose_z,Eye.L_x,Eye.L_y,Eye.L_z,Eye.R_x,Eye.R_y,Eye.R_z,Ear.L_x,Ear.L_y,Ear.L_z,Ear.R_x,Ear.R_y,Ear.R_z,hip.Center_x,hip.Center_y,hip.Center_z
0,0.69289297,0.10696537,-0.26138598,0.40960717,0.18031509,0.03754562,-0.0024149264,0.10695879,0.06117802,-0.024884839,0.307436,-0.07110342,0.35160786,0.37845424,-0.18697372,0.59682745,0.42762387,-0.52981114,-0.9334751,0.18930982,0.08965537,-0.70172113,0.08037646,0.07358103,-0.466533,0.16898696,0.034231283,-0.43357244,0.3652889,-0.006052439,-0.52390754,0.60126394,-0.005691021,-0.6915535,0.782428,0.045552365,-0.47092977,0.2714243,0.042028595,-0.6538394,0.31762075,0.06654222,-0.5806055,0.25195572,0.1857096,-0.61037695,0.2997933,0.16891398,-0.6179541,0.2425371,0.1400126,-0.5769873,0.36752182,0.10445208,-0.59544045,0.24836648,0.03982085,-0.01364988274872303,0.2071973979473114,-0.004962697625160217
