frame,Ankle.R_x,Ankle.R_y,Ankle.R_z,Knee.R_x,Knee.R_y,Knee.R_z,Hip.R_x,Hip.R_y,Hip.R_z,Hip.L_x,Hip.L_y,Hip.L_z,Knee.L_x,Knee.L_y,Knee.L_z,Ankle.L_x,Ankle.L_y,Ankle.L_z,Wrist.R_x,Wrist.R_y,Wrist.R_z,Elbow.R_x,Elbow.R_y,Elbow.R_z,Shoulder.R_x,Shoulder.R_y,Shoulder.R_z,Shoulder.L_x,Shoulder.L_y,Shoulder.L_z,Elbow.L_x,Elbow.L_y,Elbow.L_z,Wrist.L_x,Wrist.L_y,Wrist.L_z,Neck_x,Neck_y,Neck_z,Head_x,Head_y,Head_z,Nose_x,Nose_y,Nose_z,Eye.L_x,Eye.L_y,Eye.L_z,Eye.R_x,Eye.R_y,Eye.R_z,Ear.L_x,Ear.L_y,Ear.L_z,Ear.R_x,Ear.R_y,Ear.R_z,hip.Center_x,hip.Center_y,hip.Center_z
0,0.73367137,0.096579425,-0.20348372,0.40532917,0.17710938,0.047465418,-0.0050196773,0.104194075,0.056705,-0.02426318,0.31053513,-0.06730706,0.36235857,0.37975144,-0.1526887,0.6557775,0.43686783,-0.4554819,-0.929243,0.056869235,0.0761761,-0.6771417,0.012336955,0.06257809,-0.46173602,0.13769108,0.01934566,-0.44073647,0.34092245,-0.025520753,-0.5382077,0.57274663,-0.025300957,-0.7037785,0.7521864,0.036653426,-0.47620076,0.24540459,0.020240769,-0.6607232,0.29563314,0.018174263,-0.6052861,0.23955424,0.15085867,-0.6306624,0.28675407,0.12588824,-0.6376953,0.22703569,0.10215611,-0.586828,0.3460989,0.059619628,-0.6032729,0.22163506,0.0054395422,-0.014641429297626019,0.20736460387706757,-0.0053010303527116776
