frame,Ankle.R_x,Ankle.R_y,Ankle.R_z,Knee.R_x,Knee.R_y,Knee.R_z,Hip.R_x,Hip.R_y,Hip.R_z,Hip.L_x,Hip.L_y,Hip.L_z,Knee.L_x,Knee.L_y,Knee.L_z,Ankle.L_x,Ankle.L_y,Ankle.L_z,Wrist.R_x,Wrist.R_y,Wrist.R_z,Elbow.R_x,Elbow.R_y,Elbow.R_z,Shoulder.R_x,Shoulder.R_y,Shoulder.R_z,Shoulder.L_x,Shoulder.L_y,Shoulder.L_z,Elbow.L_x,Elbow.L_y,Elbow.L_z,Wrist.L_x,Wrist.L_y,Wrist.L_z,Neck_x,Neck_y,Neck_z,Head_x,Head_y,Head_z,Nose_x,Nose_y,Nose_z,Eye.L_x,Eye.L_y,Eye.L_z,Eye.R_x,Eye.R_y,Eye.R_z,Ear.L_x,Ear.L_y,Ear.L_z,Ear.R_x,Ear.R_y,Ear.R_z,hip.Center_x,hip.Center_y,hip.Center_z
0,0.71777797,0.102103285,-0.29411846,0.41131306,0.17764975,-0.014813695,0.0026787133,0.10539579,0.05784315,-0.029403964,0.31178477,-0.06405652,0.34729064,0.38600734,-0.18745005,0.62108064,0.4358756,-0.51235497,-0.86196107,0.14452595,0.100458845,-0.6723572,-0.022833357,0.072001524,-0.4586016,0.10837891,0.020025028,-0.45425355,0.31735998,0.00468129,-0.5386939,0.56169,-0.0070534893,-0.6863242,0.750322,0.065078616,-0.4797904,0.21259362,0.038348105,-0.6669067,0.24737793,0.05980812,-0.5947561,0.17955163,0.17844479,-0.62488306,0.22757863,0.16234043,-0.6312808,0.17074592,0.13203093,-0.5912733,0.29747558,0.1002582,-0.6069475,0.17890741,0.032493874,-0.013362625613808632,0.2085902839899063,-0.003106687217950821
