frame,Ankle.R_x,Ankle.R_y,Ankle.R_z,Knee.R_x,Knee.R_y,Knee.R_z,Hip.R_x,Hip.R_y,Hip.R_z,Hip.L_x,Hip.L_y,Hip.L_z,Knee.L_x,Knee.L_y,Knee.L_z,Ankle.L_x,Ankle.L_y,Ankle.L_z,Wrist.R_x,Wrist.R_y,Wrist.R_z,Elbow.R_x,Elbow.R_y,Elbow.R_z,Shoulder.R_x,Shoulder.R_y,Shoulder.R_z,Shoulder.L_x,Shoulder.L_y,Shoulder.L_z,Elbow.L_x,Elbow.L_y,Elbow.L_z,Wrist.L_x,Wrist.L_y,Wrist.L_z,Neck_x,Neck_y,Neck_z,Head_x,Head_y,Head_z,Nose_x,Nose_y,Nose_z,Eye.L_x,Eye.L_y,Eye.L_z,Eye.R_x,Eye.R_y,Eye.R_z,Ear.L_x,Ear.L_y,Ear.L_z,Ear.R_x,Ear.R_y,Ear.R_z,hip.Center_x,hip.Center_y,hip.Center_z
0,0.6612697,0.11207896,-0.36209974,0.41241494,0.19163407,-0.03569538,0.009706096,0.106896706,0.060146846,-0.034222495,0.30887523,-0.0643265,0.3276395,0.39145556,-0.21720359,0.5621358,0.44242355,-0.57050544,-0.8212886,0.19795014,0.12154585,-0.67649543,-0.0053611933,0.08982835,-0.45893407,0.12326252,0.041227058,-0.44502863,0.32964593,0.02382851,-0.52345103,0.5755112,0.0012021016,-0.6663611,0.7685268,0.065959476,-0.4741917,0.22717988,0.061213236,-0.66013443,0.26720256,0.09600496,-0.58150756,0.19390418,0.20668362,-0.611823,0.24269842,0.19466017,-0.6212398,0.18737271,0.16252896,-0.5812606,0.3143591,0.13305855,-0.60367167,0.19908045,0.062014606,-0.012258199974894524,0.2078859657049179,-0.0020898282527923584
