frame,Ankle.R_x,Ankle.R_y,Ankle.R_z,Knee.R_x,Knee.R_y,Knee.R_z,Hip.R_x,Hip.R_y,Hip.R_z,Hip.L_x,Hip.L_y,Hip.L_z,Knee.L_x,Knee.L_y,Knee.L_z,Ankle.L_x,Ankle.L_y,Ankle.L_z,Wrist.R_x,Wrist.R_y,Wrist.R_z,Elbow.R_x,Elbow.R_y,Elbow.R_z,Shoulder.R_x,Shoulder.R_y,Shoulder.R_z,Shoulder.L_x,Shoulder.L_y,Shoulder.L_z,Elbow.L_x,Elbow.L_y,Elbow.L_z,Wrist.L_x,Wrist.L_y,Wrist.L_z,Neck_x,Neck_y,Neck_z,Head_x,Head_y,Head_z,Nose_x,Nose_y,Nose_z,Eye.L_x,Eye.L_y,Eye.L_z,Eye.R_x,Eye.R_y,Eye.R_z,Ear.L_x,Ear.L_y,Ear.L_z,Ear.R_x,Ear.R_y,Ear.R_z,hip.Center_x,hip.Center_y,hip.Center_z
0,0.57449013,0.11270209,0.53615934,0.21818307,0.14413054,0.3182428,-0.061979838,0.1097853,0.036281824,0.016064983,0.3112916,-0.07895585,0.3788941,0.3260808,0.10024654,0.8066173,0.38151816,0.116905905,-0.10873557,0.0062156585,0.21502884,-0.30367118,0.0040877145,0.05339169,-0.43435407,0.20830491,-0.07389472,-0.3241162,0.4441195,-0.17389557,-0.07070684,0.5482721,-0.18830425,0.10430057,0.6937797,-0.08800316,-0.43315682,0.34975588,-0.12627925,-0.6265188,0.40774906,-0.17528541,-0.5861186,0.36461952,-0.034294575,-0.6072641,0.4102142,-0.06618337,-0.6131225,0.34797072,-0.083956525,-0.55431205,0.46269915,-0.1326606,-0.57058203,0.3319524,-0.17286822,-0.02295742742717266,0.21053844690322876,-0.021337013691663742
