frame,Ankle.R_x,Ankle.R_y,Ankle.R_z,Knee.R_x,Knee.R_y,Knee.R_z,Hip.R_x,Hip.R_y,Hip.R_z,Hip.L_x,Hip.L_y,Hip.L_z,Knee.L_x,Knee.L_y,Knee.L_z,Ankle.L_x,Ankle.L_y,Ankle.L_z,Wrist.R_x,Wrist.R_y,Wrist.R_z,Elbow.R_x,Elbow.R_y,Elbow.R_z,Shoulder.R_x,Shoulder.R_y,Shoulder.R_z,Shoulder.L_x,Shoulder.L_y,Shoulder.L_z,Elbow.L_x,Elbow.L_y,Elbow.L_z,Wrist.L_x,Wrist.L_y,Wrist.L_z,Neck_x,Neck_y,Neck_z,Head_x,Head_y,Head_z,Nose_x,Nose_y,Nose_z,Eye.L_x,Eye.L_y,Eye.L_z,Eye.R_x,Eye.R_y,Eye.R_z,Ear.L_x,Ear.L_y,Ear.L_z,Ear.R_x,Ear.R_y,Ear.R_z,hip.Center_x,hip.Center_y,hip.Center_z
0,0.58270854,0.11122995,0.5179549,0.2205394,0.12710266,0.3099452,-0.057313845,0.10083465,0.022993345,0.012867116,0.32024372,-0.06294825,0.37760925,0.3115697,0.11920308,0.8039066,0.37167853,0.11799931,-0.11983157,0.0052330913,0.22062184,-0.31424248,-0.0005303484,0.057326484,-0.43968096,0.20528445,-0.07506145,-0.32795817,0.4438522,-0.16711764,-0.07386441,0.54680157,-0.17798783,0.10591106,0.6921662,-0.0847522,-0.43734866,0.3482948,-0.12402489,-0.62905693,0.40753078,-0.17743854,-0.59254396,0.36073184,-0.036339343,-0.61295146,0.40705365,-0.06760073,-0.6179975,0.3452769,-0.087166,-0.55835426,0.46164078,-0.13096285,-0.5726529,0.33215618,-0.17550439,-0.02222336456179619,0.21053919196128845,-0.019977452233433723
