frame,Ankle.R_x,Ankle.R_y,Ankle.R_z,Knee.R_x,Knee.R_y,Knee.R_z,Hip.R_x,Hip.R_y,Hip.R_z,Hip.L_x,Hip.L_y,Hip.L_z,Knee.L_x,Knee.L_y,Knee.L_z,Ankle.L_x,Ankle.L_y,Ankle.L_z,Wrist.R_x,Wrist.R_y,Wrist.R_z,Elbow.R_x,Elbow.R_y,Elbow.R_z,Shoulder.R_x,Shoulder.R_y,Shoulder.R_z,Shoulder.L_x,Shoulder.L_y,Shoulder.L_z,Elbow.L_x,Elbow.L_y,Elbow.L_z,Wrist.L_x,Wrist.L_y,Wrist.L_z,Neck_x,Neck_y,Neck_z,Head_x,Head_y,Head_z,Nose_x,Nose_y,Nose_z,Eye.L_x,Eye.L_y,Eye.L_z,Eye.R_x,Eye.R_y,Eye.R_z,Ear.L_x,Ear.L_y,Ear.L_z,Ear.R_x,Ear.R_y,Ear.R_z,hip.Center_x,hip.Center_y,hip.Center_z
0,0.70455533,0.09929893,-0.33265948,0.4116409,0.16648374,-0.03626641,0.0055793175,0.102083385,0.05208617,-0.03132152,0.31459832,-0.056845043,0.33939093,0.387032,-0.20160459,0.6141911,0.4330192,-0.5275381,-0.8405338,0.13992217,0.10526129,-0.6655056,-0.041219138,0.07498701,-0.45453042,0.09907779,0.03069738,-0.4539938,0.30906838,0.023162343,-0.54658794,0.55143505,0.008976644,-0.70818496,0.7321612,0.07060468,-0.47792524,0.20249228,0.053628672,-0.6648532,0.23441437,0.07237809,-0.5964655,0.16094099,0.19010362,-0.62647086,0.20957702,0.17547151,-0.63130546,0.15427402,0.14195755,-0.5910599,0.28301227,0.118374094,-0.6034184,0.16786732,0.04386635,-0.012871102429926395,0.2083408534526825,-0.002379436045885086
