frame,Ankle.R_x,Ankle.R_y,Ankle.R_z,Knee.R_x,Knee.R_y,Knee.R_z,Hip.R_x,Hip.R_y,Hip.R_z,Hip.L_x,Hip.L_y,Hip.L_z,Knee.L_x,Knee.L_y,Knee.L_z,Ankle.L_x,Ankle.L_y,Ankle.L_z,Wrist.R_x,Wrist.R_y,Wrist.R_z,Elbow.R_x,Elbow.R_y,Elbow.R_z,Shoulder.R_x,Shoulder.R_y,Shoulder.R_z,Shoulder.L_x,Shoulder.L_y,Shoulder.L_z,Elbow.L_x,Elbow.L_y,Elbow.L_z,Wrist.L_x,Wrist.L_y,Wrist.L_z,Neck_x,Neck_y,Neck_z,Head_x,Head_y,Head_z,Nose_x,Nose_y,Nose_z,Eye.L_x,Eye.L_y,Eye.L_z,Eye.R_x,Eye.R_y,Eye.R_z,Ear.L_x,Ear.L_y,Ear.L_z,Ear.R_x,Ear.R_y,Ear.R_z,hip.Center_x,hip.Center_y,hip.Center_z
0,0.6493377,0.10056781,-0.4056387,0.40790102,0.17175202,-0.070761144,0.010697973,0.10150998,0.052261814,-0.03337629,0.31431943,-0.05395817,0.3209411,0.38128477,-0.23352629,0.5598791,0.43082634,-0.584137,-0.802235,0.17404683,0.14070661,-0.66269755,-0.029427536,0.09503578,-0.45462608,0.11486051,0.047258288,-0.444039,0.32641923,0.04122602,-0.5336425,0.5693485,0.025359567,-0.6784717,0.7628856,0.08527487,-0.4719756,0.22055058,0.07249029,-0.6597258,0.2490407,0.110867985,-0.5747036,0.18066199,0.21989119,-0.6080421,0.227776,0.20854247,-0.6148857,0.1718255,0.17670767,-0.58288205,0.30113488,0.14654006,-0.5999735,0.1845217,0.07589017,-0.011339159682393074,0.20791471004486084,-0.0008481778204441071
