frame,Ankle.R_x,Ankle.R_y,Ankle.R_z,Knee.R_x,Knee.R_y,Knee.R_z,Hip.R_x,Hip.R_y,Hip.R_z,Hip.L_x,Hip.L_y,Hip.L_z,Knee.L_x,Knee.L_y,Knee.L_z,Ankle.L_x,Ankle.L_y,Ankle.L_z,Wrist.R_x,Wrist.R_y,Wrist.R_z,Elbow.R_x,Elbow.R_y,Elbow.R_z,Shoulder.R_x,Shoulder.R_y,Shoulder.R_z,Shoulder.L_x,Shoulder.L_y,Shoulder.L_z,Elbow.L_x,Elbow.L_y,Elbow.L_z,Wrist.L_x,Wrist.L_y,Wrist.L_z,Neck_x,Neck_y,Neck_z,Head_x,Head_y,Head_z,Nose_x,Nose_y,Nose_z,Eye.L_x,Eye.L_y,Eye.L_z,Eye.R_x,Eye.R_y,Eye.R_z,Ear.L_x,Ear.L_y,Ear.L_z,Ear.R_x,Ear.R_y,Ear.R_z,hip.Center_x,hip.Center_y,hip.Center_z
0,0.69954276,0.100847304,-0.36238578,0.40795055,0.15413512,-0.06346002,0.008314306,0.0983542,0.04588473,-0.032526128,0.31730163,-0.04929274,0.32915765,0.386517,-0.21724598,0.60519284,0.42943764,-0.53937125,-0.8408221,0.10906218,0.10979547,-0.6547364,-0.05927155,0.071469955,-0.44858125,0.08890593,0.038159426,-0.45504603,0.298316,0.03850633,-0.56597483,0.53183985,0.02215744,-0.7324243,0.71262723,0.07219581,-0.4753582,0.19261338,0.06526549,-0.66341066,0.22289956,0.08721502,-0.59056497,0.15708052,0.20660135,-0.62122345,0.20484513,0.18991287,-0.6272472,0.14742552,0.16038471,-0.58850557,0.27440757,0.12730503,-0.60276026,0.15477021,0.060490392,-0.012105911038815975,0.20782791078090668,-0.0017040055245161057
