frame,Ankle.R_x,Ankle.R_y,Ankle.R_z,Knee.R_x,Knee.R_y,Knee.R_z,Hip.R_x,Hip.R_y,Hip.R_z,Hip.L_x,Hip.L_y,Hip.L_z,Knee.L_x,Knee.L_y,Knee.L_z,Ankle.L_x,Ankle.L_y,Ankle.L_z,Wrist.R_x,Wrist.R_y,Wrist.R_z,Elbow.R_x,Elbow.R_y,Elbow.R_z,Shoulder.R_x,Shoulder.R_y,Shoulder.R_z,Shoulder.L_x,Shoulder.L_y,Shoulder.L_z,Elbow.L_x,Elbow.L_y,Elbow.L_z,Wrist.L_x,Wrist.L_y,Wrist.L_z,Neck_x,Neck_y,Neck_z,Head_x,Head_y,Head_z,Nose_x,Nose_y,Nose_z,Eye.L_x,Eye.L_y,Eye.L_z,Eye.R_x,Eye.R_y,Eye.R_z,Ear.L_x,Ear.L_y,Ear.L_z,Ear.R_x,Ear.R_y,Ear.R_z,hip.Center_x,hip.Center_y,hip.Center_z
0,0.6746007,0.09101587,-0.39466769,0.40843853,0.15070294,-0.06759227,0.0073111174,0.10148664,0.049894318,-0.031340346,0.3170061,-0.05379753,0.33227724,0.3657489,-0.23025717,0.6057023,0.410346,-0.55841327,-0.8611492,-0.0136129055,0.100156836,-0.6218001,-0.09527115,0.06851458,-0.44285992,0.09217714,0.057878897,-0.45568854,0.30349526,0.04531968,-0.58745855,0.5245767,0.035438955,-0.7739457,0.68700683,0.08398074,-0.4719311,0.19863245,0.08161765,-0.65861124,0.22270834,0.11320646,-0.5770479,0.16235745,0.23045169,-0.6111365,0.208206,0.21462116,-0.61492866,0.15024553,0.1856443,-0.5850089,0.2789468,0.14990774,-0.5951274,0.15806727,0.08452085,-0.012014614418148994,0.20924636721611023,-0.0019516050815582275
