frame,Ankle.R_x,Ankle.R_y,Ankle.R_z,Knee.R_x,Knee.R_y,Knee.R_z,Hip.R_x,Hip.R_y,Hip.R_z,Hip.L_x,Hip.L_y,Hip.L_z,Knee.L_x,Knee.L_y,Knee.L_z,Ankle.L_x,Ankle.L_y,Ankle.L_z,Wrist.R_x,Wrist.R_y,Wrist.R_z,Elbow.R_x,Elbow.R_y,Elbow.R_z,Shoulder.R_x,Shoulder.R_y,Shoulder.R_z,Shoulder.L_x,Shoulder.L_y,Shoulder.L_z,Elbow.L_x,Elbow.L_y,Elbow.L_z,Wrist.L_x,Wrist.L_y,Wrist.L_z,Neck_x,Neck_y,Neck_z,Head_x,Head_y,Head_z,Nose_x,Nose_y,Nose_z,Eye.L_x,Eye.L_y,Eye.L_z,Eye.R_x,Eye.R_y,Eye.R_z,Ear.L_x,Ear.L_y,Ear.L_z,Ear.R_x,Ear.R_y,Ear.R_z,hip.Center_x,hip.Center_y,hip.Center_z
0,0.6640978,0.08390108,-0.40799955,0.4061925,0.1352826,-0.071371816,0.0019430951,0.09530024,0.038645733,-0.024096519,0.32308474,-0.041965768,0.3393445,0.34632075,-0.23216538,0.5967297,0.39048782,-0.57502383,-0.8477176,-0.088309586,0.096259736,-0.5959005,-0.11134813,0.06406914,-0.44286585,0.10067156,0.058081895,-0.4531527,0.31358856,0.05261441,-0.59777087,0.5248517,0.053960543,-0.8015343,0.6713462,0.08934524,-0.47036028,0.20879902,0.085784614,-0.65727973,0.23072582,0.12615368,-0.5694733,0.1674632,0.23716839,-0.60492617,0.2133678,0.22459075,-0.6092117,0.15639476,0.19366008,-0.58289355,0.28706592,0.16131395,-0.5941149,0.16822325,0.09198438,-0.011076712049543858,0.20919248461723328,-0.0016600172966718674
