frame,Ankle.R_x,Ankle.R_y,Ankle.R_z,Knee.R_x,Knee.R_y,Knee.R_z,Hip.R_x,Hip.R_y,Hip.R_z,Hip.L_x,Hip.L_y,Hip.L_z,Knee.L_x,Knee.L_y,Knee.L_z,Ankle.L_x,Ankle.L_y,Ankle.L_z,Wrist.R_x,Wrist.R_y,Wrist.R_z,Elbow.R_x,Elbow.R_y,Elbow.R_z,Shoulder.R_x,Shoulder.R_y,Shoulder.R_z,Shoulder.L_x,Shoulder.L_y,Shoulder.L_z,Elbow.L_x,Elbow.L_y,Elbow.L_z,Wrist.L_x,Wrist.L_y,Wrist.L_z,Neck_x,Neck_y,Neck_z,Head_x,Head_y,Head_z,Nose_x,Nose_y,Nose_z,Eye.L_x,Eye.L_y,Eye.L_z,Eye.R_x,Eye.R_y,Eye.R_z,Ear.L_x,Ear.L_y,Ear.L_z,Ear.R_x,Ear.R_y,Ear.R_z,hip.Center_x,hip.Center_y,hip.Center_z
0,0.6575316,0.07276194,-0.45210582,0.38726798,0.1020495,-0.12330503,-0.0062914332,0.08797681,0.017510915,-0.011435087,0.328535,-0.019133147,0.34042898,0.32364482,-0.23895743,0.5872415,0.3599664,-0.5875514,-0.7898243,-0.23295698,0.086702846,-0.55938584,-0.124019295,0.055713482,-0.4426117,0.110249795,0.061598327,-0.44804472,0.32279864,0.07320778,-0.6257372,0.5020157,0.08387788,-0.8565484,0.6055602,0.11582319,-0.46706092,0.22245993,0.096186325,-0.651297,0.26194108,0.13878496,-0.56532955,0.19852959,0.25123107,-0.5967378,0.24693096,0.23598316,-0.6080362,0.18824522,0.21020526,-0.5709448,0.31274912,0.16650186,-0.5962674,0.19072922,0.10711308,-0.00886326003819704,0.20825590193271637,-0.0008111158385872841
