frame,Ankle.R_x,Ankle.R_y,Ankle.R_z,Knee.R_x,Knee.R_y,Knee.R_z,Hip.R_x,Hip.R_y,Hip.R_z,Hip.L_x,Hip.L_y,Hip.L_z,Knee.L_x,Knee.L_y,Knee.L_z,Ankle.L_x,Ankle.L_y,Ankle.L_z,Wrist.R_x,Wrist.R_y,Wrist.R_z,Elbow.R_x,Elbow.R_y,Elbow.R_z,Shoulder.R_x,Shoulder.R_y,Shoulder.R_z,Shoulder.L_x,Shoulder.L_y,Shoulder.L_z,Elbow.L_x,Elbow.L_y,Elbow.L_z,Wrist.L_x,Wrist.L_y,Wrist.L_z,Neck_x,Neck_y,Neck_z,Head_x,Head_y,Head_z,Nose_x,Nose_y,Nose_z,Eye.L_x,Eye.L_y,Eye.L_z,Eye.R_x,Eye.R_y,Eye.R_z,Ear.L_x,Ear.L_y,Ear.L_z,Ear.R_x,Ear.R_y,Ear.R_z,hip.Center_x,hip.Center_y,hip.Center_z
0,0.56632465,0.10177834,0.5038478,0.18883416,0.12994541,0.32828376,-0.053299166,0.09486503,0.014068296,0.009265918,0.32290974,-0.0562599,0.37653655,0.317253,0.12056494,0.8012501,0.3770841,0.07693063,-0.24353804,0.06386489,0.28600407,-0.380061,-0.0031553733,0.08434748,-0.44227377,0.20201743,-0.090563625,-0.32033315,0.43849015,-0.17425367,-0.07713604,0.5660958,-0.18431245,0.092575476,0.7287463,-0.101949826,-0.4321713,0.34218192,-0.13480219,-0.62553746,0.40166542,-0.18189849,-0.58827806,0.33723125,-0.048533805,-0.6106177,0.38626772,-0.07288949,-0.61219877,0.32790977,-0.10131359,-0.55800486,0.45239854,-0.1269187,-0.5651421,0.33009693,-0.1899221,-0.022016623988747597,0.20888738334178925,-0.021095801144838333
