frame,Ankle.R_x,Ankle.R_y,Ankle.R_z,Knee.R_x,Knee.R_y,Knee.R_z,Hip.R_x,Hip.R_y,Hip.R_z,Hip.L_x,Hip.L_y,Hip.L_z,Knee.L_x,Knee.L_y,Knee.L_z,Ankle.L_x,Ankle.L_y,Ankle.L_z,Wrist.R_x,Wrist.R_y,Wrist.R_z,Elbow.R_x,Elbow.R_y,Elbow.R_z,Shoulder.R_x,Shoulder.R_y,Shoulder.R_z,Shoulder.L_x,Shoulder.L_y,Shoulder.L_z,Elbow.L_x,Elbow.L_y,Elbow.L_z,Wrist.L_x,Wrist.L_y,Wrist.L_z,Neck_x,Neck_y,Neck_z,Head_x,Head_y,Head_z,Nose_x,Nose_y,Nose_z,Eye.L_x,Eye.L_y,Eye.L_z,Eye.R_x,Eye.R_y,Eye.R_z,Ear.L_x,Ear.L_y,Ear.L_z,Ear.R_x,Ear.R_y,Ear.R_z,hip.Center_x,hip.Center_y,hip.Center_z
0,0.56508446,0.086544156,0.49606004,0.18561928,0.12143614,0.32600307,-0.05209917,0.09315067,0.008035889,0.008836158,0.325996,-0.048395008,0.3775775,0.30097318,0.1285227,0.8011893,0.3694857,0.08447338,-0.24470414,0.04976165,0.28307784,-0.38525215,-0.008901644,0.081071004,-0.44500667,0.20205402,-0.08830476,-0.32494688,0.4405117,-0.16804183,-0.0811494,0.5669903,-0.1800542,0.08750783,0.7298087,-0.09527969,-0.4361236,0.34334356,-0.12966917,-0.6295164,0.4024728,-0.17830306,-0.59343064,0.33798826,-0.044430926,-0.61566126,0.38703024,-0.06908144,-0.61691976,0.32862705,-0.097489975,-0.56260145,0.45309603,-0.12260072,-0.5689993,0.3308744,-0.18576106,-0.021631505340337753,0.20957334339618683,-0.02017955854535103
