frame,Ankle.R_x,Ankle.R_y,Ankle.R_z,Knee.R_x,Knee.R_y,Knee.R_z,Hip.R_x,Hip.R_y,Hip.R_z,Hip.L_x,Hip.L_y,Hip.L_z,Knee.L_x,Knee.L_y,Knee.L_z,Ankle.L_x,Ankle.L_y,Ankle.L_z,Wrist.R_x,Wrist.R_y,Wrist.R_z,Elbow.R_x,Elbow.R_y,Elbow.R_z,Shoulder.R_x,Shoulder.R_y,Shoulder.R_z,Shoulder.L_x,Shoulder.L_y,Shoulder.L_z,Elbow.L_x,Elbow.L_y,Elbow.L_z,Wrist.L_x,Wrist.L_y,Wrist.L_z,Neck_x,Neck_y,Neck_z,Head_x,Head_y,Head_z,Nose_x,Nose_y,Nose_z,Eye.L_x,Eye.L_y,Eye.L_z,Eye.R_x,Eye.R_y,Eye.R_z,Ear.L_x,Ear.L_y,Ear.L_z,Ear.R_x,Ear.R_y,Ear.R_z,hip.Center_x,hip.Center_y,hip.Center_z
0,0.582041,0.05224016,-0.53110754,0.3618135,0.07292017,-0.16732502,-0.01746516,0.08651239,0.0097602885,0.004270299,0.3284955,-0.01123227,0.36165172,0.28028208,-0.22262776,0.5541979,0.33846912,-0.59869736,-0.7769073,-0.2312633,0.09791791,-0.582383,-0.068142995,0.059065226,-0.4465746,0.15430908,0.075120926,-0.4320547,0.35980394,0.08725598,-0.6378291,0.48371956,0.14725006,-0.8612,0.4122755,0.24229161,-0.45757324,0.26889813,0.10450469,-0.6281896,0.34782168,0.12036579,-0.5743435,0.27481446,0.24701345,-0.5922558,0.3276255,0.22526461,-0.61288273,0.2710904,0.20051739,-0.5432455,0.38061744,0.15747514,-0.5876391,0.2636356,0.09981238,-0.006597430445253849,0.20750394463539124,-0.0007359907031059265
