frame,Ankle.R_x,Ankle.R_y,Ankle.R_z,Knee.R_x,Knee.R_y,Knee.R_z,Hip.R_x,Hip.R_y,Hip.R_z,Hip.L_x,Hip.L_y,Hip.L_z,Knee.L_x,Knee.L_y,Knee.L_z,Ankle.L_x,Ankle.L_y,Ankle.L_z,Wrist.R_x,Wrist.R_y,Wrist.R_z,Elbow.R_x,Elbow.R_y,Elbow.R_z,Shoulder.R_x,Shoulder.R_y,Shoulder.R_z,Shoulder.L_x,Shoulder.L_y,Shoulder.L_z,Elbow.L_x,Elbow.L_y,Elbow.L_z,Wrist.L_x,Wrist.L_y,Wrist.L_z,Neck_x,Neck_y,Neck_z,Head_x,Head_y,Head_z,Nose_x,Nose_y,Nose_z,Eye.L_x,Eye.L_y,Eye.L_z,Eye.R_x,Eye.R_y,Eye.R_z,Ear.L_x,Ear.L_y,Ear.L_z,Ear.R_x,Ear.R_y,Ear.R_z,hip.Center_x,hip.Center_y,hip.Center_z
0,0.65098006,0.06808944,-0.4271403,0.3914221,0.09240382,-0.0918906,-0.014327095,0.08736746,0.016728539,-0.007423147,0.3282045,-0.022325499,0.38435274,0.33034906,-0.15608853,0.60751164,0.36947882,-0.5170128,-0.8386866,-0.16900466,0.09806078,-0.6168553,-0.053141072,0.04268916,-0.459846,0.15573093,0.0493666,-0.43575597,0.36348003,0.051241506,-0.6155257,0.5206935,0.1273469,-0.8332617,0.460041,0.23963717,-0.46612242,0.27207556,0.07080078,-0.62759703,0.3619717,0.066429265,-0.585025,0.31284216,0.20842779,-0.59625834,0.3611428,0.1749762,-0.62287664,0.30308563,0.16230567,-0.5403305,0.39243925,0.09939857,-0.59641606,0.27056974,0.06658155,-0.010875120759010315,0.20778599381446838,-0.0027984799817204475
