frame,Ankle.R_x,Ankle.R_y,Ankle.R_z,Knee.R_x,Knee.R_y,Knee.R_z,Hip.R_x,Hip.R_y,Hip.R_z,Hip.L_x,Hip.L_y,Hip.L_z,Knee.L_x,Knee.L_y,Knee.L_z,Ankle.L_x,Ankle.L_y,Ankle.L_z,Wrist.R_x,Wrist.R_y,Wrist.R_z,Elbow.R_x,Elbow.R_y,Elbow.R_z,Shoulder.R_x,Shoulder.R_y,Shoulder.R_z,Shoulder.L_x,Shoulder.L_y,Shoulder.L_z,Elbow.L_x,Elbow.L_y,Elbow.L_z,Wrist.L_x,Wrist.L_y,Wrist.L_z,Neck_x,Neck_y,Neck_z,Head_x,Head_y,Head_z,Nose_x,Nose_y,Nose_z,Eye.L_x,Eye.L_y,Eye.L_z,Eye.R_x,Eye.R_y,Eye.R_z,Ear.L_x,Ear.L_y,Ear.L_z,Ear.R_x,Ear.R_y,Ear.R_z,hip.Center_x,hip.Center_y,hip.Center_z
0,0.6516511,0.069394045,-0.3958507,0.40193006,0.104837365,-0.051212523,-0.014012944,0.086718276,0.014858445,-0.01025986,0.32826594,-0.022737132,0.3912486,0.34294918,-0.13116328,0.5993458,0.37513906,-0.5038524,-0.8708598,-0.12915188,0.09801277,-0.6360781,-0.040234283,0.04209092,-0.4645943,0.15715027,0.04375548,-0.43421677,0.3646222,0.04329242,-0.6104382,0.52744406,0.11697217,-0.8383728,0.48934114,0.22180054,-0.4676306,0.27329683,0.06367298,-0.62511104,0.36923409,0.056984,-0.5884931,0.31598213,0.19890502,-0.5971285,0.3651933,0.16620131,-0.6253874,0.3083672,0.15167022,-0.53769696,0.39600796,0.092857346,-0.5970073,0.27680227,0.056164593,-0.012136401608586311,0.20749211311340332,-0.003939343616366386
