frame,Ankle.R_x,Ankle.R_y,Ankle.R_z,Knee.R_x,Knee.R_y,Knee.R_z,Hip.R_x,Hip.R_y,Hip.R_z,Hip.L_x,Hip.L_y,Hip.L_z,Knee.L_x,Knee.L_y,Knee.L_z,Ankle.L_x,Ankle.L_y,Ankle.L_z,Wrist.R_x,Wrist.R_y,Wrist.R_z,Elbow.R_x,Elbow.R_y,Elbow.R_z,Shoulder.R_x,Shoulder.R_y,Shoulder.R_z,Shoulder.L_x,Shoulder.L_y,Shoulder.L_z,Elbow.L_x,Elbow.L_y,Elbow.L_z,Wrist.L_x,Wrist.L_y,Wrist.L_z,Neck_x,Neck_y,Neck_z,Head_x,Head_y,Head_z,Nose_x,Nose_y,Nose_z,Eye.L_x,Eye.L_y,Eye.L_z,Eye.R_x,Eye.R_y,Eye.R_z,Ear.L_x,Ear.L_y,Ear.L_z,Ear.R_x,Ear.R_y,Ear.R_z,hip.Center_x,hip.Center_y,hip.Center_z
0,0.59265006,0.065942906,-0.48367456,0.39219296,0.11809459,-0.111947045,-0.005733339,0.08988245,0.028018929,-0.0128710065,0.32590038,-0.03255848,0.37306648,0.33184606,-0.18156733,0.56069267,0.3621425,-0.5628686,-0.89922285,-0.06012075,0.11065574,-0.6523824,-0.004357638,0.07255676,-0.4596554,0.16799094,0.065947376,-0.42734325,0.36727297,0.05555885,-0.59864694,0.54096895,0.10943586,-0.82732457,0.5251566,0.21441354,-0.46019214,0.28007028,0.08355643,-0.61556774,0.37699348,0.07978291,-0.58086455,0.31856585,0.22020088,-0.58947694,0.3688767,0.18949613,-0.61672294,0.3125362,0.17194621,-0.529176,0.4032054,0.118436694,-0.58655554,0.28524327,0.07603088,-0.009302172809839249,0.20789140462875366,-0.0022697746753692627
