frame,Ankle.R_x,Ankle.R_y,Ankle.R_z,Knee.R_x,Knee.R_y,Knee.R_z,Hip.R_x,Hip.R_y,Hip.R_z,Hip.L_x,Hip.L_y,Hip.L_z,Knee.L_x,Knee.L_y,Knee.L_z,Ankle.L_x,Ankle.L_y,Ankle.L_z,Wrist.R_x,Wrist.R_y,Wrist.R_z,Elbow.R_x,Elbow.R_y,Elbow.R_z,Shoulder.R_x,Shoulder.R_y,Shoulder.R_z,Shoulder.L_x,Shoulder.L_y,Shoulder.L_z,Elbow.L_x,Elbow.L_y,Elbow.L_z,Wrist.L_x,Wrist.L_y,Wrist.L_z,Neck_x,Neck_y,Neck_z,Head_x,Head_y,Head_z,Nose_x,Nose_y,Nose_z,Eye.L_x,Eye.L_y,Eye.L_z,Eye.R_x,Eye.R_y,Eye.R_z,Ear.L_x,Ear.L_y,Ear.L_z,Ear.R_x,Ear.R_y,Ear.R_z,hip.Center_x,hip.Center_y,hip.Center_z
0,0.65668315,0.0621692,-0.3731197,0.40437093,0.11713206,-0.034149613,-0.011848005,0.088366285,0.023272939,-0.012500938,0.32647204,-0.03181322,0.39097148,0.339268,-0.12793846,0.60104334,0.3725133,-0.5006211,-0.9004137,-0.062486198,0.098354355,-0.65044343,-0.01912393,0.05873759,-0.46277863,0.15905876,0.043019596,-0.43234417,0.36683398,0.03516719,-0.60882246,0.5262792,0.108800635,-0.8471364,0.53214014,0.19703302,-0.46627006,0.2741657,0.0592539,-0.6252813,0.36559433,0.05237311,-0.5926546,0.3064937,0.1926296,-0.6019278,0.3569209,0.16255844,-0.62687415,0.29992276,0.14359495,-0.54052544,0.39430505,0.093591146,-0.593011,0.27509582,0.04823432,-0.012174471281468868,0.20741915702819824,-0.004270140081644058
