frame,Ankle.R_x,Ankle.R_y,Ankle.R_z,Knee.R_x,Knee.R_y,Knee.R_z,Hip.R_x,Hip.R_y,Hip.R_z,Hip.L_x,Hip.L_y,Hip.L_z,Knee.L_x,Knee.L_y,Knee.L_z,Ankle.L_x,Ankle.L_y,Ankle.L_z,Wrist.R_x,Wrist.R_y,Wrist.R_z,Elbow.R_x,Elbow.R_y,Elbow.R_z,Shoulder.R_x,Shoulder.R_y,Shoulder.R_z,Shoulder.L_x,Shoulder.L_y,Shoulder.L_z,Elbow.L_x,Elbow.L_y,Elbow.L_z,Wrist.L_x,Wrist.L_y,Wrist.L_z,Neck_x,Neck_y,Neck_z,Head_x,Head_y,Head_z,Nose_x,Nose_y,Nose_z,Eye.L_x,Eye.L_y,Eye.L_z,Eye.R_x,Eye.R_y,Eye.R_z,Ear.L_x,Ear.L_y,Ear.L_z,Ear.R_x,Ear.R_y,Ear.R_z,hip.Center_x,hip.Center_y,hip.Center_z
0,0.66771007,0.052154876,-0.35120064,0.4056877,0.12736526,-0.024740962,-0.01056064,0.08927756,0.026678883,-0.012769038,0.3256114,-0.035292197,0.38918832,0.33788198,-0.13355301,0.6125887,0.36821336,-0.49585178,-0.91621405,-0.0031286143,0.10785927,-0.66214526,-0.007240654,0.07017069,-0.4644668,0.15647964,0.0389523,-0.435377,0.36293224,0.026429148,-0.6022876,0.54057026,0.08314096,-0.8455101,0.5671674,0.15130001,-0.46872604,0.2696931,0.0540727,-0.6330011,0.35508224,0.054285083,-0.5916537,0.29396406,0.19106115,-0.6046468,0.34459597,0.16299106,-0.6273201,0.2870281,0.1432702,-0.5481304,0.3872985,0.093091555,-0.59612864,0.26683944,0.04599096,-0.011664839461445808,0.20744448900222778,-0.004306657239794731
