frame,Ankle.R_x,Ankle.R_y,Ankle.R_z,Knee.R_x,Knee.R_y,Knee.R_z,Hip.R_x,Hip.R_y,Hip.R_z,Hip.L_x,Hip.L_y,Hip.L_z,Knee.L_x,Knee.L_y,Knee.L_z,Ankle.L_x,Ankle.L_y,Ankle.L_z,Wrist.R_x,Wrist.R_y,Wrist.R_z,Elbow.R_x,Elbow.R_y,Elbow.R_z,Shoulder.R_x,Shoulder.R_y,Shoulder.R_z,Shoulder.L_x,Shoulder.L_y,Shoulder.L_z,Elbow.L_x,Elbow.L_y,Elbow.L_z,Wrist.L_x,Wrist.L_y,Wrist.L_z,Neck_x,Neck_y,Neck_z,Head_x,Head_y,Head_z,Nose_x,Nose_y,Nose_z,Eye.L_x,Eye.L_y,Eye.L_z,Eye.R_x,Eye.R_y,Eye.R_z,Ear.L_x,Ear.L_y,Ear.L_z,Ear.R_x,Ear.R_y,Ear.R_z,hip.Center_x,hip.Center_y,hip.Center_z
0,0.60251135,0.079012714,-0.4594523,0.4023445,0.15301843,-0.09182975,0.0049831243,0.098155186,0.046841793,-0.024068862,0.31757677,-0.052497383,0.3577887,0.35637164,-0.19538331,0.5602191,0.3843535,-0.5677059,-0.94492817,0.08396876,0.12205956,-0.6894883,0.056321703,0.10045807,-0.4609669,0.16240892,0.06781885,-0.43062067,0.35545856,0.03722479,-0.5801345,0.5505023,0.07499377,-0.81301653,0.6277235,0.13938019,-0.46243674,0.26721528,0.0786284,-0.62749535,0.34902862,0.09444541,-0.57681495,0.27618548,0.22192363,-0.59386533,0.32845524,0.20032537,-0.6139182,0.27244267,0.17486721,-0.5429088,0.3818071,0.1336911,-0.5860786,0.26540786,0.0752465,-0.00954286940395832,0.20786598324775696,-0.002827795222401619
