frame,Ankle.R_x,Ankle.R_y,Ankle.R_z,Knee.R_x,Knee.R_y,Knee.R_z,Hip.R_x,Hip.R_y,Hip.R_z,Hip.L_x,Hip.L_y,Hip.L_z,Knee.L_x,Knee.L_y,Knee.L_z,Ankle.L_x,Ankle.L_y,Ankle.L_z,Wrist.R_x,Wrist.R_y,Wrist.R_z,Elbow.R_x,Elbow.R_y,Elbow.R_z,Shoulder.R_x,Shoulder.R_y,Shoulder.R_z,Shoulder.L_x,Shoulder.L_y,Shoulder.L_z,Elbow.L_x,Elbow.L_y,Elbow.L_z,Wrist.L_x,Wrist.L_y,Wrist.L_z,Neck_x,Neck_y,Neck_z,Head_x,Head_y,Head_z,Nose_x,Nose_y,Nose_z,Eye.L_x,Eye.L_y,Eye.L_z,Eye.R_x,Eye.R_y,Eye.R_z,Ear.L_x,Ear.L_y,Ear.L_z,Ear.R_x,Ear.R_y,Ear.R_z,hip.Center_x,hip.Center_y,hip.Center_z
0,0.6583461,0.060593296,-0.33782932,0.40992483,0.1484403,-0.003982652,-0.006400765,0.09561239,0.04194749,-0.017784003,0.32017872,-0.051673427,0.38389036,0.35008562,-0.13825738,0.6085645,0.3777633,-0.50127125,-0.92278165,0.014309301,0.11482342,-0.66682386,0.0031076763,0.087099485,-0.46129,0.14972195,0.04370467,-0.44083536,0.35258758,0.015808553,-0.5980623,0.5427139,0.0530783,-0.8321297,0.6204276,0.114218086,-0.47063577,0.26007587,0.053256594,-0.63914484,0.3403889,0.0583215,-0.5943816,0.27256966,0.19045964,-0.61021435,0.32403854,0.16608274,-0.62966526,0.26701844,0.14225405,-0.5561672,0.37428817,0.099395595,-0.5976986,0.2555636,0.044103812,-0.012092383578419685,0.20789554715156555,-0.004862967878580093
