frame,Ankle.R_x,Ankle.R_y,Ankle.R_z,Knee.R_x,Knee.R_y,Knee.R_z,Hip.R_x,Hip.R_y,Hip.R_z,Hip.L_x,Hip.L_y,Hip.L_z,Knee.L_x,Knee.L_y,Knee.L_z,Ankle.L_x,Ankle.L_y,Ankle.L_z,Wrist.R_x,Wrist.R_y,Wrist.R_z,Elbow.R_x,Elbow.R_y,Elbow.R_z,Shoulder.R_x,Shoulder.R_y,Shoulder.R_z,Shoulder.L_x,Shoulder.L_y,Shoulder.L_z,Elbow.L_x,Elbow.L_y,Elbow.L_z,Wrist.L_x,Wrist.L_y,Wrist.L_z,Neck_x,Neck_y,Neck_z,Head_x,Head_y,Head_z,Nose_x,Nose_y,Nose_z,Eye.L_x,Eye.L_y,Eye.L_z,Eye.R_x,Eye.R_y,Eye.R_z,Ear.L_x,Ear.L_y,Ear.L_z,Ear.R_x,Ear.R_y,Ear.R_z,hip.Center_x,hip.Center_y,hip.Center_z
0,0.5952114,0.085536644,-0.44837236,0.40880182,0.16072327,-0.07521924,0.0073970864,0.103586376,0.0544083,-0.026996251,0.31335503,-0.06055213,0.35147828,0.35941362,-0.20601168,0.5717287,0.3929098,-0.56881756,-0.94703245,0.160671,0.13147025,-0.70167863,0.0826674,0.10588692,-0.463602,0.16185646,0.06448629,-0.43542334,0.3515967,0.026493631,-0.56825024,0.5615913,0.053481612,-0.78138113,0.68555367,0.114287086,-0.46630466,0.26259944,0.07303273,-0.6374029,0.33166617,0.09461673,-0.5776298,0.26088333,0.21927255,-0.59950954,0.3118739,0.19929998,-0.6152607,0.25495863,0.1728434,-0.55464447,0.37067378,0.1327481,-0.58953357,0.252504,0.07257831,-0.00979958288371563,0.20847070217132568,-0.0030719153583049774
