frame,Ankle.R_x,Ankle.R_y,Ankle.R_z,Knee.R_x,Knee.R_y,Knee.R_z,Hip.R_x,Hip.R_y,Hip.R_z,Hip.L_x,Hip.L_y,Hip.L_z,Knee.L_x,Knee.L_y,Knee.L_z,Ankle.L_x,Ankle.L_y,Ankle.L_z,Wrist.R_x,Wrist.R_y,Wrist.R_z,Elbow.R_x,Elbow.R_y,Elbow.R_z,Shoulder.R_x,Shoulder.R_y,Shoulder.R_z,Shoulder.L_x,Shoulder.L_y,Shoulder.L_z,Elbow.L_x,Elbow.L_y,Elbow.L_z,Wrist.L_x,Wrist.L_y,Wrist.L_z,Neck_x,Neck_y,Neck_z,Head_x,Head_y,Head_z,Nose_x,Nose_y,Nose_z,Eye.L_x,Eye.L_y,Eye.L_z,Eye.R_x,Eye.R_y,Eye.R_z,Ear.L_x,Ear.L_y,Ear.L_z,Ear.R_x,Ear.R_y,Ear.R_z,hip.Center_x,hip.Center_y,hip.Center_z
0,0.5855936,0.08040803,0.4665877,0.19286177,0.11327983,0.3239398,-0.050371423,0.09182774,0.0061399867,0.007548703,0.3261453,-0.046407588,0.3821203,0.30866194,0.119830936,0.8034103,0.37591425,0.043763187,-0.39335576,0.099778526,0.3186484,-0.43582398,-0.0023620878,0.090323016,-0.44719487,0.19744694,-0.09840429,-0.334713,0.4399499,-0.16126637,-0.1057423,0.5905614,-0.16836004,0.05574757,0.7646173,-0.09175329,-0.43946713,0.33693546,-0.12897001,-0.63399637,0.3900848,-0.16974604,-0.59266585,0.32617775,-0.037020765,-0.61656713,0.37465918,-0.060827307,-0.61740685,0.31643653,-0.08942105,-0.5664467,0.44198984,-0.11558336,-0.5720263,0.31984916,-0.17930436,-0.021411359310150146,0.20898652076721191,-0.02013380080461502
