frame,Ankle.R_x,Ankle.R_y,Ankle.R_z,Knee.R_x,Knee.R_y,Knee.R_z,Hip.R_x,Hip.R_y,Hip.R_z,Hip.L_x,Hip.L_y,Hip.L_z,Knee.L_x,Knee.L_y,Knee.L_z,Ankle.L_x,Ankle.L_y,Ankle.L_z,Wrist.R_x,Wrist.R_y,Wrist.R_z,Elbow.R_x,Elbow.R_y,Elbow.R_z,Shoulder.R_x,Shoulder.R_y,Shoulder.R_z,Shoulder.L_x,Shoulder.L_y,Shoulder.L_z,Elbow.L_x,Elbow.L_y,Elbow.L_z,Wrist.L_x,Wrist.L_y,Wrist.L_z,Neck_x,Neck_y,Neck_z,Head_x,Head_y,Head_z,Nose_x,Nose_y,Nose_z,Eye.L_x,Eye.L_y,Eye.L_z,Eye.R_x,Eye.R_y,Eye.R_z,Ear.L_x,Ear.L_y,Ear.L_z,Ear.R_x,Ear.R_y,Ear.R_z,hip.Center_x,hip.Center_y,hip.Center_z
0,0.582838,0.06338736,0.4623681,0.19259833,0.114205375,0.3232866,-0.05164978,0.09297846,0.007014848,0.009138995,0.32636988,-0.04566269,0.38471803,0.29828644,0.11717684,0.80439925,0.3641394,0.039844815,-0.4028152,0.093238436,0.31509474,-0.44393912,-0.006130293,0.085890464,-0.44748437,0.19778267,-0.09820031,-0.3375869,0.4396054,-0.1633484,-0.1064332,0.58626324,-0.17584445,0.05291486,0.7570467,-0.09116616,-0.4413737,0.33609807,-0.1292829,-0.636948,0.38496304,-0.17182952,-0.59549665,0.31795865,-0.040643565,-0.6207609,0.36641997,-0.06318902,-0.61903256,0.3092572,-0.09382153,-0.5722158,0.4372681,-0.11482234,-0.57242334,0.3173571,-0.18255657,-0.02125539258122444,0.2096741795539856,-0.01932392083108425
