frame,Ankle.R_x,Ankle.R_y,Ankle.R_z,Knee.R_x,Knee.R_y,Knee.R_z,Hip.R_x,Hip.R_y,Hip.R_z,Hip.L_x,Hip.L_y,Hip.L_z,Knee.L_x,Knee.L_y,Knee.L_z,Ankle.L_x,Ankle.L_y,Ankle.L_z,Wrist.R_x,Wrist.R_y,Wrist.R_z,Elbow.R_x,Elbow.R_y,Elbow.R_z,Shoulder.R_x,Shoulder.R_y,Shoulder.R_z,Shoulder.L_x,Shoulder.L_y,Shoulder.L_z,Elbow.L_x,Elbow.L_y,Elbow.L_z,Wrist.L_x,Wrist.L_y,Wrist.L_z,Neck_x,Neck_y,Neck_z,Head_x,Head_y,Head_z,Nose_x,Nose_y,Nose_z,Eye.L_x,Eye.L_y,Eye.L_z,Eye.R_x,Eye.R_y,Eye.R_z,Ear.L_x,Ear.L_y,Ear.L_z,Ear.R_x,Ear.R_y,Ear.R_z,hip.Center_x,hip.Center_y,hip.Center_z
0,0.5815861,0.0989992,-0.46292633,0.40350717,0.17397636,-0.0878383,0.009842431,0.10988991,0.064048424,-0.030151814,0.30719644,-0.06934701,0.34258983,0.3672759,-0.2142313,0.5546893,0.398475,-0.5823315,-0.9141425,0.19588643,0.17857242,-0.6902741,0.07810989,0.12470412,-0.45670018,0.14028712,0.058080673,-0.44522116,0.3364346,0.029099427,-0.5685807,0.55603564,0.037588157,-0.74852765,0.7231289,0.09630884,-0.4696164,0.23986748,0.07119102,-0.6503027,0.287085,0.10536116,-0.5763749,0.2059654,0.21419281,-0.60513765,0.25610062,0.20378652,-0.61519915,0.20289373,0.16869669,-0.57116854,0.32975292,0.14663151,-0.5946828,0.21948823,0.069102466,-0.010154691524803638,0.20854318141937256,-0.0026492923498153687
