frame,Ankle.R_x,Ankle.R_y,Ankle.R_z,Knee.R_x,Knee.R_y,Knee.R_z,Hip.R_x,Hip.R_y,Hip.R_z,Hip.L_x,Hip.L_y,Hip.L_z,Knee.L_x,Knee.L_y,Knee.L_z,Ankle.L_x,Ankle.L_y,Ankle.L_z,Wrist.R_x,Wrist.R_y,Wrist.R_z,Elbow.R_x,Elbow.R_y,Elbow.R_z,Shoulder.R_x,Shoulder.R_y,Shoulder.R_z,Shoulder.L_x,Shoulder.L_y,Shoulder.L_z,Elbow.L_x,Elbow.L_y,Elbow.L_z,Wrist.L_x,Wrist.L_y,Wrist.L_z,Neck_x,Neck_y,Neck_z,Head_x,Head_y,Head_z,Nose_x,Nose_y,Nose_z,Eye.L_x,Eye.L_y,Eye.L_z,Eye.R_x,Eye.R_y,Eye.R_z,Ear.L_x,Ear.L_y,Ear.L_z,Ear.R_x,Ear.R_y,Ear.R_z,hip.Center_x,hip.Center_y,hip.Center_z
0,0.56463176,0.100959495,-0.48316658,0.4027443,0.17260909,-0.10080865,0.011904785,0.10349413,0.05507756,-0.030429183,0.3130126,-0.05839077,0.33406723,0.363722,-0.23105317,0.536212,0.39663866,-0.60504985,-0.8753301,0.20252602,0.18513826,-0.682868,0.040664595,0.13183255,-0.45447534,0.12811683,0.06291867,-0.4466194,0.32527018,0.0443131,-0.57488894,0.54468006,0.045940176,-0.7542916,0.71099746,0.1065413,-0.46905166,0.22685039,0.08174847,-0.6512526,0.2664858,0.11568418,-0.5770091,0.18095976,0.22092107,-0.6072171,0.23075636,0.21318956,-0.61464953,0.17957127,0.17439893,-0.57430774,0.30935466,0.16179511,-0.592391,0.2031852,0.07672167,-0.009262198582291603,0.20825336873531342,-0.0016566049307584763
