frame,Ankle.R_x,Ankle.R_y,Ankle.R_z,Knee.R_x,Knee.R_y,Knee.R_z,Hip.R_x,Hip.R_y,Hip.R_z,Hip.L_x,Hip.L_y,Hip.L_z,Knee.L_x,Knee.L_y,Knee.L_z,Ankle.L_x,Ankle.L_y,Ankle.L_z,Wrist.R_x,Wrist.R_y,Wrist.R_z,Elbow.R_x,Elbow.R_y,Elbow.R_z,Shoulder.R_x,Shoulder.R_y,Shoulder.R_z,Shoulder.L_x,Shoulder.L_y,Shoulder.L_z,Elbow.L_x,Elbow.L_y,Elbow.L_z,Wrist.L_x,Wrist.L_y,Wrist.L_z,Neck_x,Neck_y,Neck_z,Head_x,Head_y,Head_z,Nose_x,Nose_y,Nose_z,Eye.L_x,Eye.L_y,Eye.L_z,Eye.R_x,Eye.R_y,Eye.R_z,Ear.L_x,Ear.L_y,Ear.L_z,Ear.R_x,Ear.R_y,Ear.R_z,hip.Center_x,hip.Center_y,hip.Center_z
0,0.56625247,0.10061256,-0.49621075,0.39842817,0.16240367,-0.11591014,0.012493366,0.10183737,0.051779687,-0.029733773,0.31528166,-0.05365761,0.3284853,0.3594552,-0.24076465,0.53325045,0.3952632,-0.61289513,-0.85166866,0.19028983,0.18869878,-0.6749762,0.014056856,0.13326244,-0.45282143,0.11814767,0.06421095,-0.4493963,0.31775624,0.054008838,-0.56968844,0.54382354,0.04666642,-0.7464615,0.710359,0.10877189,-0.47044683,0.21654017,0.08695826,-0.6540028,0.24397692,0.11457901,-0.5785279,0.16689819,0.22570014,-0.6112675,0.21469808,0.2150422,-0.61451614,0.16158336,0.1782295,-0.58109874,0.29299557,0.16178109,-0.59041315,0.18268281,0.080543995,-0.008620203472673893,0.20855951309204102,-0.0009389612823724747
