frame,Ankle.R_x,Ankle.R_y,Ankle.R_z,Knee.R_x,Knee.R_y,Knee.R_z,Hip.R_x,Hip.R_y,Hip.R_z,Hip.L_x,Hip.L_y,Hip.L_z,Knee.L_x,Knee.L_y,Knee.L_z,Ankle.L_x,Ankle.L_y,Ankle.L_z,Wrist.R_x,Wrist.R_y,Wrist.R_z,Elbow.R_x,Elbow.R_y,Elbow.R_z,Shoulder.R_x,Shoulder.R_y,Shoulder.R_z,Shoulder.L_x,Shoulder.L_y,Shoulder.L_z,Elbow.L_x,Elbow.L_y,Elbow.L_z,Wrist.L_x,Wrist.L_y,Wrist.L_z,Neck_x,Neck_y,Neck_z,Head_x,Head_y,Head_z,Nose_x,Nose_y,Nose_z,Eye.L_x,Eye.L_y,Eye.L_z,Eye.R_x,Eye.R_y,Eye.R_z,Ear.L_x,Ear.L_y,Ear.L_z,Ear.R_x,Ear.R_y,Ear.R_z,hip.Center_x,hip.Center_y,hip.Center_z
0,0.64440453,0.07994087,-0.39208984,0.41019657,0.13847008,-0.046167515,-0.0007927127,0.09285137,0.034926206,-0.02038476,0.32387087,-0.03905184,0.35677153,0.35050642,-0.20170072,0.5711018,0.38041672,-0.57225525,-0.82562816,0.14095084,0.16932662,-0.6588555,-0.03673034,0.09781887,-0.45578825,0.11151159,0.037505932,-0.4561342,0.31747496,0.0437744,-0.57490563,0.5466071,0.045722745,-0.7464674,0.7194855,0.10587505,-0.47637445,0.21198778,0.068241455,-0.6628801,0.23667789,0.10706096,-0.580235,0.15560201,0.20953587,-0.6132689,0.20389663,0.20288283,-0.61950076,0.15191586,0.16467373,-0.5865391,0.28418314,0.15029414,-0.6020265,0.17618775,0.06608336,-0.010588736273348331,0.20836111903190613,-0.002062816172838211
