frame,Ankle.R_x,Ankle.R_y,Ankle.R_z,Knee.R_x,Knee.R_y,Knee.R_z,Hip.R_x,Hip.R_y,Hip.R_z,Hip.L_x,Hip.L_y,Hip.L_z,Knee.L_x,Knee.L_y,Knee.L_z,Ankle.L_x,Ankle.L_y,Ankle.L_z,Wrist.R_x,Wrist.R_y,Wrist.R_z,Elbow.R_x,Elbow.R_y,Elbow.R_z,Shoulder.R_x,Shoulder.R_y,Shoulder.R_z,Shoulder.L_x,Shoulder.L_y,Shoulder.L_z,Elbow.L_x,Elbow.L_y,Elbow.L_z,Wrist.L_x,Wrist.L_y,Wrist.L_z,Neck_x,Neck_y,Neck_z,Head_x,Head_y,Head_z,Nose_x,Nose_y,Nose_z,Eye.L_x,Eye.L_y,Eye.L_z,Eye.R_x,Eye.R_y,Eye.R_z,Ear.L_x,Ear.L_y,Ear.L_z,Ear.R_x,Ear.R_y,Ear.R_z,hip.Center_x,hip.Center_y,hip.Center_z
0,0.563606,0.0871656,-0.51615185,0.39423397,0.1390559,-0.1330477,0.00951218,0.09598619,0.040080026,-0.025395062,0.321886,-0.040949237,0.32863268,0.34447128,-0.24842805,0.54989815,0.37299412,-0.61387014,-0.8238967,0.10936078,0.18036114,-0.64450717,-0.057927433,0.11659764,-0.44648582,0.102844186,0.06877078,-0.45244056,0.30817416,0.071231864,-0.5842825,0.5303927,0.0633945,-0.76887006,0.69218737,0.11685636,-0.4697454,0.20312884,0.09821682,-0.65420854,0.220465,0.12084925,-0.57990885,0.14730075,0.23601505,-0.6142049,0.19391927,0.22361663,-0.6138617,0.14013398,0.18713829,-0.58514774,0.27332854,0.17071798,-0.5867521,0.16138615,0.08998233,-0.007941440679132938,0.20893609523773193,-0.0004346054047346115
