frame,Ankle.R_x,Ankle.R_y,Ankle.R_z,Knee.R_x,Knee.R_y,Knee.R_z,Hip.R_x,Hip.R_y,Hip.R_z,Hip.L_x,Hip.L_y,Hip.L_z,Knee.L_x,Knee.L_y,Knee.L_z,Ankle.L_x,Ankle.L_y,Ankle.L_z,Wrist.R_x,Wrist.R_y,Wrist.R_z,Elbow.R_x,Elbow.R_y,Elbow.R_z,Shoulder.R_x,Shoulder.R_y,Shoulder.R_z,Shoulder.L_x,Shoulder.L_y,Shoulder.L_z,Elbow.L_x,Elbow.L_y,Elbow.L_z,Wrist.L_x,Wrist.L_y,Wrist.L_z,Neck_x,Neck_y,Neck_z,Head_x,Head_y,Head_z,Nose_x,Nose_y,Nose_z,Eye.L_x,Eye.L_y,Eye.L_z,Eye.R_x,Eye.R_y,Eye.R_z,Ear.L_x,Ear.L_y,Ear.L_z,Ear.R_x,Ear.R_y,Ear.R_z,hip.Center_x,hip.Center_y,hip.Center_z
0,0.54716307,0.055743683,-0.5223846,0.38973153,0.11069438,-0.13166654,0.0004939673,0.09318498,0.033612367,-0.01502706,0.3257064,-0.035562675,0.34254456,0.30185586,-0.24593961,0.5627657,0.31795394,-0.61181986,-0.83391327,-0.09689482,0.15280418,-0.58643717,-0.11130548,0.095552884,-0.43827444,0.10350563,0.07523154,-0.45400703,0.31210524,0.07826211,-0.61260813,0.5110326,0.09018141,-0.8143338,0.6606866,0.122915015,-0.46605515,0.20765889,0.10587603,-0.6497114,0.22369212,0.1404244,-0.5659522,0.1510346,0.24923357,-0.6019711,0.19711623,0.23967868,-0.6031982,0.1436457,0.20285828,-0.57849944,0.27748597,0.18564838,-0.58347887,0.166578,0.1041033,-0.0072665465995669365,0.20944568514823914,-0.0009751543402671814
