frame,Ankle.R_x,Ankle.R_y,Ankle.R_z,Knee.R_x,Knee.R_y,Knee.R_z,Hip.R_x,Hip.R_y,Hip.R_z,Hip.L_x,Hip.L_y,Hip.L_z,Knee.L_x,Knee.L_y,Knee.L_z,Ankle.L_x,Ankle.L_y,Ankle.L_z,Wrist.R_x,Wrist.R_y,Wrist.R_z,Elbow.R_x,Elbow.R_y,Elbow.R_z,Shoulder.R_x,Shoulder.R_y,Shoulder.R_z,Shoulder.L_x,Shoulder.L_y,Shoulder.L_z,Elbow.L_x,Elbow.L_y,Elbow.L_z,Wrist.L_x,Wrist.L_y,Wrist.L_z,Neck_x,Neck_y,Neck_z,Head_x,Head_y,Head_z,Nose_x,Nose_y,Nose_z,Eye.L_x,Eye.L_y,Eye.L_z,Eye.R_x,Eye.R_y,Eye.R_z,Ear.L_x,Ear.L_y,Ear.L_z,Ear.R_x,Ear.R_y,Ear.R_z,hip.Center_x,hip.Center_y,hip.Center_z
0,0.6587012,0.07159361,-0.41413262,0.39844766,0.116238035,-0.08169266,-0.0060829893,0.088293806,0.022786705,-0.013098878,0.32688355,-0.026306383,0.36326325,0.3188883,-0.20240882,0.58561915,0.332468,-0.5661482,-0.8384335,-0.095316775,0.11530043,-0.5913165,-0.1130213,0.060051702,-0.44416642,0.102676705,0.047157098,-0.4526794,0.31594855,0.062058702,-0.5981645,0.5244971,0.08147767,-0.7995651,0.6713249,0.122439474,-0.47037536,0.20915619,0.082679264,-0.6556459,0.231752,0.11660323,-0.57483584,0.156492,0.22527659,-0.6084428,0.20414452,0.21544224,-0.61279255,0.15022641,0.1795828,-0.58159274,0.28244835,0.16023675,-0.592761,0.17082453,0.080347516,-0.009590933099389076,0.20758867263793945,-0.0017598392441868782
