frame,Ankle.R_x,Ankle.R_y,Ankle.R_z,Knee.R_x,Knee.R_y,Knee.R_z,Hip.R_x,Hip.R_y,Hip.R_z,Hip.L_x,Hip.L_y,Hip.L_z,Knee.L_x,Knee.L_y,Knee.L_z,Ankle.L_x,Ankle.L_y,Ankle.L_z,Wrist.R_x,Wrist.R_y,Wrist.R_z,Elbow.R_x,Elbow.R_y,Elbow.R_z,Shoulder.R_x,Shoulder.R_y,Shoulder.R_z,Shoulder.L_x,Shoulder.L_y,Shoulder.L_z,Elbow.L_x,Elbow.L_y,Elbow.L_z,Wrist.L_x,Wrist.L_y,Wrist.L_z,Neck_x,Neck_y,Neck_z,Head_x,Head_y,Head_z,Nose_x,Nose_y,Nose_z,Eye.L_x,Eye.L_y,Eye.L_z,Eye.R_x,Eye.R_y,Eye.R_z,Ear.L_x,Ear.L_y,Ear.L_z,Ear.R_x,Ear.R_y,Ear.R_z,hip.Center_x,hip.Center_y,hip.Center_z
0,0.56173414,0.0211544,-0.5467073,0.36077815,0.06744318,-0.17244655,-0.013536284,0.08772935,0.012399778,0.000836196,0.32984832,-0.012846631,0.35421416,0.27044594,-0.2342672,0.5388811,0.2840553,-0.62065685,-0.76301587,-0.24092294,0.11875597,-0.533776,-0.13959302,0.06852768,-0.4329179,0.10323,0.07046287,-0.44880497,0.3191874,0.08642668,-0.6155402,0.5095691,0.100673795,-0.8394108,0.6222271,0.13859802,-0.4643714,0.21514404,0.105560854,-0.6501914,0.2494863,0.1401533,-0.5685008,0.18205957,0.25355515,-0.60020626,0.2305244,0.23931871,-0.60923135,0.17311889,0.2102153,-0.57204586,0.29985827,0.17458703,-0.59266853,0.18083224,0.10821102,-0.006350043695420027,0.20878884196281433,-0.00022342661395668983
