frame,Ankle.R_x,Ankle.R_y,Ankle.R_z,Knee.R_x,Knee.R_y,Knee.R_z,Hip.R_x,Hip.R_y,Hip.R_z,Hip.L_x,Hip.L_y,Hip.L_z,Knee.L_x,Knee.L_y,Knee.L_z,Ankle.L_x,Ankle.L_y,Ankle.L_z,Wrist.R_x,Wrist.R_y,Wrist.R_z,Elbow.R_x,Elbow.R_y,Elbow.R_z,Shoulder.R_x,Shoulder.R_y,Shoulder.R_z,Shoulder.L_x,Shoulder.L_y,Shoulder.L_z,Elbow.L_x,Elbow.L_y,Elbow.L_z,Wrist.L_x,Wrist.L_y,Wrist.L_z,Neck_x,Neck_y,Neck_z,Head_x,Head_y,Head_z,Nose_x,Nose_y,Nose_z,Eye.L_x,Eye.L_y,Eye.L_z,Eye.R_x,Eye.R_y,Eye.R_z,Ear.L_x,Ear.L_y,Ear.L_z,Ear.R_x,Ear.R_y,Ear.R_z,hip.Center_x,hip.Center_y,hip.Center_z
0,0.66488004,0.03404321,-0.4229155,0.38427845,0.07957962,-0.104734436,-0.015233326,0.08661981,0.009708639,-0.0030273916,0.32933924,-0.012463431,0.37086937,0.2901417,-0.19884478,0.5888225,0.30082762,-0.5678777,-0.7742313,-0.24074177,0.0900032,-0.5462981,-0.13578603,0.042269193,-0.4399799,0.1038033,0.046612915,-0.451035,0.31903607,0.063734055,-0.6138858,0.51142603,0.08512823,-0.844563,0.6012027,0.13600805,-0.4697365,0.2153711,0.08090362,-0.6566931,0.2523478,0.106336825,-0.5821662,0.18520477,0.22443795,-0.6120524,0.2339848,0.2079066,-0.62090194,0.17619438,0.17950201,-0.5792575,0.3015115,0.14336526,-0.5993784,0.18176655,0.07839512,-0.009130358695983887,0.20797953009605408,-0.0013773958198726177
