frame,Ankle.R_x,Ankle.R_y,Ankle.R_z,Knee.R_x,Knee.R_y,Knee.R_z,Hip.R_x,Hip.R_y,Hip.R_z,Hip.L_x,Hip.L_y,Hip.L_z,Knee.L_x,Knee.L_y,Knee.L_z,Ankle.L_x,Ankle.L_y,Ankle.L_z,Wrist.R_x,Wrist.R_y,Wrist.R_z,Elbow.R_x,Elbow.R_y,Elbow.R_z,Shoulder.R_x,Shoulder.R_y,Shoulder.R_z,Shoulder.L_x,Shoulder.L_y,Shoulder.L_z,Elbow.L_x,Elbow.L_y,Elbow.L_z,Wrist.L_x,Wrist.L_y,Wrist.L_z,Neck_x,Neck_y,Neck_z,Head_x,Head_y,Head_z,Nose_x,Nose_y,Nose_z,Eye.L_x,Eye.L_y,Eye.L_z,Eye.R_x,Eye.R_y,Eye.R_z,Ear.L_x,Ear.L_y,Ear.L_z,Ear.R_x,Ear.R_y,Ear.R_z,hip.Center_x,hip.Center_y,hip.Center_z
0,0.59747964,0.050674208,0.4420719,0.20341805,0.11414538,0.31384757,-0.04790657,0.089931056,0.0041607814,0.0052552987,0.32765946,-0.0416597,0.3851109,0.30013025,0.11659861,0.7966368,0.35439786,-0.0004735269,-0.5503719,0.08938823,0.32210657,-0.5036912,-0.0046628867,0.089738905,-0.45049623,0.17765923,-0.104914,-0.35302347,0.4234657,-0.15822986,-0.1523304,0.6073093,-0.15945761,0.009310177,0.790014,-0.10172187,-0.4479766,0.31390077,-0.13078073,-0.64805436,0.35359308,-0.16470827,-0.5955727,0.29596415,-0.033566717,-0.62368536,0.34217688,-0.05701464,-0.6225914,0.28341398,-0.08421507,-0.5812073,0.4107483,-0.11622632,-0.5822794,0.28729817,-0.17663783,-0.02132563665509224,0.20879524946212769,-0.018749460577964783
