frame,Ankle.R_x,Ankle.R_y,Ankle.R_z,Knee.R_x,Knee.R_y,Knee.R_z,Hip.R_x,Hip.R_y,Hip.R_z,Hip.L_x,Hip.L_y,Hip.L_z,Knee.L_x,Knee.L_y,Knee.L_z,Ankle.L_x,Ankle.L_y,Ankle.L_z,Wrist.R_x,Wrist.R_y,Wrist.R_z,Elbow.R_x,Elbow.R_y,Elbow.R_z,Shoulder.R_x,Shoulder.R_y,Shoulder.R_z,Shoulder.L_x,Shoulder.L_y,Shoulder.L_z,Elbow.L_x,Elbow.L_y,Elbow.L_z,Wrist.L_x,Wrist.L_y,Wrist.L_z,Neck_x,Neck_y,Neck_z,Head_x,Head_y,Head_z,Nose_x,Nose_y,Nose_z,Eye.L_x,Eye.L_y,Eye.L_z,Eye.R_x,Eye.R_y,Eye.R_z,Ear.L_x,Ear.L_y,Ear.L_z,Ear.R_x,Ear.R_y,Ear.R_z,hip.Center_x,hip.Center_y,hip.Center_z
0,0.5611072,-0.0015743434,-0.5425165,0.35631588,0.049228895,-0.16918576,-0.022573583,0.0870008,0.0020296238,0.008895527,0.32937267,-0.0033827322,0.36790434,0.24956536,-0.21645525,0.531048,0.25883475,-0.61292875,-0.722657,-0.2847609,0.115912154,-0.5172011,-0.14609714,0.052577198,-0.4345946,0.105550885,0.065403745,-0.4498759,0.32058838,0.08339426,-0.6309377,0.4977291,0.101272054,-0.8719917,0.5621955,0.14624354,-0.464392,0.21838498,0.100359656,-0.6462659,0.2598817,0.12989756,-0.57104015,0.19471817,0.24949169,-0.59975064,0.24393561,0.23159365,-0.6111923,0.18532541,0.20563918,-0.56637204,0.30776858,0.16354296,-0.5916293,0.18590344,0.10367142,-0.0068390280939638615,0.20818674564361572,-0.000676554162055254
