frame,Ankle.R_x,Ankle.R_y,Ankle.R_z,Knee.R_x,Knee.R_y,Knee.R_z,Hip.R_x,Hip.R_y,Hip.R_z,Hip.L_x,Hip.L_y,Hip.L_z,Knee.L_x,Knee.L_y,Knee.L_z,Ankle.L_x,Ankle.L_y,Ankle.L_z,Wrist.R_x,Wrist.R_y,Wrist.R_z,Elbow.R_x,Elbow.R_y,Elbow.R_z,Shoulder.R_x,Shoulder.R_y,Shoulder.R_z,Shoulder.L_x,Shoulder.L_y,Shoulder.L_z,Elbow.L_x,Elbow.L_y,Elbow.L_z,Wrist.L_x,Wrist.L_y,Wrist.L_z,Neck_x,Neck_y,Neck_z,Head_x,Head_y,Head_z,Nose_x,Nose_y,Nose_z,Eye.L_x,Eye.L_y,Eye.L_z,Eye.R_x,Eye.R_y,Eye.R_z,Ear.L_x,Ear.L_y,Ear.L_z,Ear.R_x,Ear.R_y,Ear.R_z,hip.Center_x,hip.Center_y,hip.Center_z
0,0.5555142,-0.020763796,-0.54242396,0.34896395,0.03708721,-0.1717663,-0.025987275,0.08767393,0.0015245359,0.011910577,0.32930708,-0.0024613051,0.3714914,0.24392459,-0.2108309,0.5416581,0.26270285,-0.60365504,-0.6766612,-0.3188927,0.10579407,-0.49118668,-0.15088761,0.051443357,-0.42754143,0.10670556,0.063773476,-0.44829687,0.32545254,0.082898475,-0.6430631,0.48525754,0.10420474,-0.8891931,0.50392145,0.16179854,-0.4619131,0.2235985,0.09758237,-0.64452827,0.27386513,0.12157497,-0.5726929,0.21351945,0.24576467,-0.5990875,0.2627856,0.22424506,-0.6133294,0.20304789,0.2024684,-0.5628596,0.31984633,0.15218423,-0.59360695,0.19541173,0.10033504,-0.0070383488200604916,0.2084905058145523,-0.00046838459093123674
