frame,Ankle.R_x,Ankle.R_y,Ankle.R_z,Knee.R_x,Knee.R_y,Knee.R_z,Hip.R_x,Hip.R_y,Hip.R_z,Hip.L_x,Hip.L_y,Hip.L_z,Knee.L_x,Knee.L_y,Knee.L_z,Ankle.L_x,Ankle.L_y,Ankle.L_z,Wrist.R_x,Wrist.R_y,Wrist.R_z,Elbow.R_x,Elbow.R_y,Elbow.R_z,Shoulder.R_x,Shoulder.R_y,Shoulder.R_z,Shoulder.L_x,Shoulder.L_y,Shoulder.L_z,Elbow.L_x,Elbow.L_y,Elbow.L_z,Wrist.L_x,Wrist.L_y,Wrist.L_z,Neck_x,Neck_y,Neck_z,Head_x,Head_y,Head_z,Nose_x,Nose_y,Nose_z,Eye.L_x,Eye.L_y,Eye.L_z,Eye.R_x,Eye.R_y,Eye.R_z,Ear.L_x,Ear.L_y,Ear.L_z,Ear.R_x,Ear.R_y,Ear.R_z,hip.Center_x,hip.Center_y,hip.Center_z
0,0.6414003,-0.011735359,-0.42378247,0.3750115,0.0452198,-0.095012754,-0.027253795,0.087539904,0.0021371027,0.009166007,0.33006614,-0.0061321445,0.38122228,0.2505508,-0.19112799,0.5741642,0.27330294,-0.57246816,-0.691242,-0.3060228,0.07389725,-0.5024351,-0.13973765,0.025597436,-0.4369866,0.117423296,0.042231906,-0.45161596,0.33764803,0.06466161,-0.6411273,0.50130826,0.098164774,-0.886771,0.52612185,0.15744016,-0.46807924,0.23553702,0.07759962,-0.6481497,0.2955657,0.10519221,-0.57867867,0.22670382,0.22602096,-0.6021707,0.27809927,0.20660262,-0.6202178,0.22008127,0.18306988,-0.5635785,0.33567002,0.13594927,-0.60204136,0.21496044,0.080501124,-0.009043894708156586,0.20880302786827087,-0.001997520914301276
