frame,Ankle.R_x,Ankle.R_y,Ankle.R_z,Knee.R_x,Knee.R_y,Knee.R_z,Hip.R_x,Hip.R_y,Hip.R_z,Hip.L_x,Hip.L_y,Hip.L_z,Knee.L_x,Knee.L_y,Knee.L_z,Ankle.L_x,Ankle.L_y,Ankle.L_z,Wrist.R_x,Wrist.R_y,Wrist.R_z,Elbow.R_x,Elbow.R_y,Elbow.R_z,Shoulder.R_x,Shoulder.R_y,Shoulder.R_z,Shoulder.L_x,Shoulder.L_y,Shoulder.L_z,Elbow.L_x,Elbow.L_y,Elbow.L_z,Wrist.L_x,Wrist.L_y,Wrist.L_z,Neck_x,Neck_y,Neck_z,Head_x,Head_y,Head_z,Nose_x,Nose_y,Nose_z,Eye.L_x,Eye.L_y,Eye.L_z,Eye.R_x,Eye.R_y,Eye.R_z,Ear.L_x,Ear.L_y,Ear.L_z,Ear.R_x,Ear.R_y,Ear.R_z,hip.Center_x,hip.Center_y,hip.Center_z
0,0.55123883,-0.037909616,-0.5308273,0.34725684,0.02373394,-0.16113237,-0.028619424,0.08832126,0.0021557282,0.01445038,0.32882085,-0.003375628,0.37439293,0.23264292,-0.20558251,0.54710144,0.25606343,-0.5954672,-0.6551131,-0.33048302,0.09498182,-0.48033577,-0.15032625,0.04602501,-0.42460877,0.1086719,0.060028687,-0.4489182,0.32770306,0.07947816,-0.65161586,0.47278377,0.11395573,-0.8946059,0.45444322,0.18153802,-0.46088177,0.22682497,0.09244752,-0.64136785,0.28487667,0.110881194,-0.5732113,0.23095575,0.24011552,-0.5968427,0.2796519,0.21443465,-0.61438555,0.21917996,0.1976586,-0.55771077,0.32821095,0.1382313,-0.59494966,0.20191567,0.096368395,-0.007084521930664778,0.20857106149196625,-0.0006099499296396971
