frame,Ankle.R_x,Ankle.R_y,Ankle.R_z,Knee.R_x,Knee.R_y,Knee.R_z,Hip.R_x,Hip.R_y,Hip.R_z,Hip.L_x,Hip.L_y,Hip.L_z,Knee.L_x,Knee.L_y,Knee.L_z,Ankle.L_x,Ankle.L_y,Ankle.L_z,Wrist.R_x,Wrist.R_y,Wrist.R_z,Elbow.R_x,Elbow.R_y,Elbow.R_z,Shoulder.R_x,Shoulder.R_y,Shoulder.R_z,Shoulder.L_x,Shoulder.L_y,Shoulder.L_z,Elbow.L_x,Elbow.L_y,Elbow.L_z,Wrist.L_x,Wrist.L_y,Wrist.L_z,Neck_x,Neck_y,Neck_z,Head_x,Head_y,Head_z,Nose_x,Nose_y,Nose_z,Eye.L_x,Eye.L_y,Eye.L_z,Eye.R_x,Eye.R_y,Eye.R_z,Ear.L_x,Ear.L_y,Ear.L_z,Ear.R_x,Ear.R_y,Ear.R_z,hip.Center_x,hip.Center_y,hip.Center_z
0,0.62753814,-0.02878753,-0.4181308,0.37288368,0.03370406,-0.080660716,-0.030914228,0.088348635,0.0016874885,0.012250548,0.3300889,-0.0060467487,0.3851225,0.2377513,-0.18705632,0.55175525,0.2599459,-0.58144534,-0.65968007,-0.32378006,0.075013846,-0.48355213,-0.14467992,0.026072118,-0.43193856,0.116414204,0.038473245,-0.45203596,0.33854294,0.05750284,-0.6525955,0.48621994,0.097102925,-0.89599794,0.46654662,0.16527452,-0.466341,0.23704988,0.07025491,-0.64660084,0.30023503,0.09084924,-0.5784903,0.242703,0.21825716,-0.60102695,0.2923572,0.19353518,-0.62034476,0.23254825,0.17623031,-0.5614759,0.341191,0.117374554,-0.60220885,0.21608618,0.074509114,-0.009331840090453625,0.20921877026557922,-0.0021796301007270813
