frame,Ankle.R_x,Ankle.R_y,Ankle.R_z,Knee.R_x,Knee.R_y,Knee.R_z,Hip.R_x,Hip.R_y,Hip.R_z,Hip.L_x,Hip.L_y,Hip.L_z,Knee.L_x,Knee.L_y,Knee.L_z,Ankle.L_x,Ankle.L_y,Ankle.L_z,Wrist.R_x,Wrist.R_y,Wrist.R_z,Elbow.R_x,Elbow.R_y,Elbow.R_z,Shoulder.R_x,Shoulder.R_y,Shoulder.R_z,Shoulder.L_x,Shoulder.L_y,Shoulder.L_z,Elbow.L_x,Elbow.L_y,Elbow.L_z,Wrist.L_x,Wrist.L_y,Wrist.L_z,Neck_x,Neck_y,Neck_z,Head_x,Head_y,Head_z,Nose_x,Nose_y,Nose_z,Eye.L_x,Eye.L_y,Eye.L_z,Eye.R_x,Eye.R_y,Eye.R_z,Ear.L_x,Ear.L_y,Ear.L_z,Ear.R_x,Ear.R_y,Ear.R_z,hip.Center_x,hip.Center_y,hip.Center_z
0,0.5498476,-0.04420325,-0.50796974,0.35332915,0.011571894,-0.13365348,-0.031062879,0.088698775,-0.0006033168,0.0150689185,0.32831982,-0.0013174138,0.3799977,0.22598168,-0.19374081,0.54883105,0.24145441,-0.58695185,-0.61453694,-0.34819517,0.095828936,-0.45241913,-0.16057211,0.038902484,-0.42338222,0.104321614,0.05391482,-0.44989124,0.32906517,0.07418409,-0.64359915,0.47919297,0.1324229,-0.8782731,0.43172455,0.20914197,-0.46252146,0.22531895,0.08344117,-0.6428837,0.28358763,0.0887491,-0.5811173,0.24074,0.22506028,-0.60302925,0.2872076,0.19411269,-0.62084436,0.22561581,0.18234661,-0.5599636,0.32780695,0.115682766,-0.5974139,0.1988654,0.08405361,-0.007996980100870132,0.20850929617881775,-0.0009603652870282531
