frame,Ankle.R_x,Ankle.R_y,Ankle.R_z,Knee.R_x,Knee.R_y,Knee.R_z,Hip.R_x,Hip.R_y,Hip.R_z,Hip.L_x,Hip.L_y,Hip.L_z,Knee.L_x,Knee.L_y,Knee.L_z,Ankle.L_x,Ankle.L_y,Ankle.L_z,Wrist.R_x,Wrist.R_y,Wrist.R_z,Elbow.R_x,Elbow.R_y,Elbow.R_z,Shoulder.R_x,Shoulder.R_y,Shoulder.R_z,Shoulder.L_x,Shoulder.L_y,Shoulder.L_z,Elbow.L_x,Elbow.L_y,Elbow.L_z,Wrist.L_x,Wrist.L_y,Wrist.L_z,Neck_x,Neck_y,Neck_z,Head_x,Head_y,Head_z,Nose_x,Nose_y,Nose_z,Eye.L_x,Eye.L_y,Eye.L_z,Eye.R_x,Eye.R_y,Eye.R_z,Ear.L_x,Ear.L_y,Ear.L_z,Ear.R_x,Ear.R_y,Ear.R_z,hip.Center_x,hip.Center_y,hip.Center_z
0,0.6256822,-0.03484341,-0.42723206,0.3635542,0.019866237,-0.09602783,-0.03383604,0.08850286,-0.0026654438,0.014117038,0.3289432,-0.00098655,0.39286143,0.23348446,-0.16890465,0.55303967,0.25341076,-0.56459314,-0.5963348,-0.33903402,0.078356124,-0.4358655,-0.15599315,0.0060280315,-0.42615741,0.11223066,0.03359801,-0.4512253,0.34190717,0.062324084,-0.6391854,0.5014571,0.1212659,-0.8576275,0.43277478,0.22358537,-0.46675137,0.23677498,0.06569938,-0.64633477,0.29949045,0.058384728,-0.5934043,0.26091844,0.1997185,-0.6120583,0.3066101,0.16553204,-0.63132787,0.24506864,0.1557098,-0.56323034,0.34224033,0.087988295,-0.6035975,0.21315658,0.05991161,-0.009859501384198666,0.2087230235338211,-0.001825996907427907
