frame,Ankle.R_x,Ankle.R_y,Ankle.R_z,Knee.R_x,Knee.R_y,Knee.R_z,Hip.R_x,Hip.R_y,Hip.R_z,Hip.L_x,Hip.L_y,Hip.L_z,Knee.L_x,Knee.L_y,Knee.L_z,Ankle.L_x,Ankle.L_y,Ankle.L_z,Wrist.R_x,Wrist.R_y,Wrist.R_z,Elbow.R_x,Elbow.R_y,Elbow.R_z,Shoulder.R_x,Shoulder.R_y,Shoulder.R_z,Shoulder.L_x,Shoulder.L_y,Shoulder.L_z,Elbow.L_x,Elbow.L_y,Elbow.L_z,Wrist.L_x,Wrist.L_y,Wrist.L_z,Neck_x,Neck_y,Neck_z,Head_x,Head_y,Head_z,Nose_x,Nose_y,Nose_z,Eye.L_x,Eye.L_y,Eye.L_z,Eye.R_x,Eye.R_y,Eye.R_z,Ear.L_x,Ear.L_y,Ear.L_z,Ear.R_x,Ear.R_y,Ear.R_z,hip.Center_x,hip.Center_y,hip.Center_z
0,0.5455009,-0.048085395,-0.50530046,0.34757686,-0.0011154201,-0.1317038,-0.03534983,0.08897449,-0.0072931647,0.017971111,0.32776967,0.0043753646,0.38182616,0.2256363,-0.19017285,0.54936,0.24684325,-0.5830755,-0.5908558,-0.34769875,0.09721839,-0.43303528,-0.1613042,0.028252114,-0.42033276,0.10611705,0.051648412,-0.44786906,0.33468217,0.08137315,-0.635621,0.49099147,0.14690956,-0.85360336,0.4202663,0.24786723,-0.46173006,0.22896837,0.0843547,-0.64155424,0.2828143,0.07525651,-0.588343,0.2524858,0.2187011,-0.60849977,0.29601097,0.1824233,-0.62530696,0.23336998,0.17515227,-0.5604975,0.33008778,0.103828266,-0.5955514,0.198374,0.08104019,-0.00868935976177454,0.2083720862865448,-0.001458900049328804
