frame,Ankle.R_x,Ankle.R_y,Ankle.R_z,Knee.R_x,Knee.R_y,Knee.R_z,Hip.R_x,Hip.R_y,Hip.R_z,Hip.L_x,Hip.L_y,Hip.L_z,Knee.L_x,Knee.L_y,Knee.L_z,Ankle.L_x,Ankle.L_y,Ankle.L_z,Wrist.R_x,Wrist.R_y,Wrist.R_z,Elbow.R_x,Elbow.R_y,Elbow.R_z,Shoulder.R_x,Shoulder.R_y,Shoulder.R_z,Shoulder.L_x,Shoulder.L_y,Shoulder.L_z,Elbow.L_x,Elbow.L_y,Elbow.L_z,Wrist.L_x,Wrist.L_y,Wrist.L_z,Neck_x,Neck_y,Neck_z,Head_x,Head_y,Head_z,Nose_x,Nose_y,Nose_z,Eye.L_x,Eye.L_y,Eye.L_z,Eye.R_x,Eye.R_y,Eye.R_z,Ear.L_x,Ear.L_y,Ear.L_z,Ear.R_x,Ear.R_y,Ear.R_z,hip.Center_x,hip.Center_y,hip.Center_z
0,0.6348578,-0.023907036,-0.41154847,0.3643169,0.015885985,-0.08591659,-0.03455349,0.08859651,-0.004592155,0.013241955,0.329242,0.0005971263,0.39197984,0.23904157,-0.16833116,0.57316023,0.26165488,-0.5550798,-0.5260094,-0.3355988,0.09407012,-0.38774833,-0.15359968,-0.009877071,-0.4266982,0.113809906,0.028087279,-0.44955835,0.35166687,0.06018942,-0.5954544,0.5426677,0.15013264,-0.78707397,0.463235,0.28620422,-0.46947253,0.24211206,0.05773287,-0.6455539,0.3002643,0.025997672,-0.61077064,0.27085033,0.17536633,-0.62569654,0.31422448,0.13643365,-0.6424652,0.25167173,0.12791328,-0.56738997,0.34667325,0.06393188,-0.6021585,0.21532647,0.03868562,-0.01065576821565628,0.20891925692558289,-0.001997514395043254
