frame,Ankle.R_x,Ankle.R_y,Ankle.R_z,Knee.R_x,Knee.R_y,Knee.R_z,Hip.R_x,Hip.R_y,Hip.R_z,Hip.L_x,Hip.L_y,Hip.L_z,Knee.L_x,Knee.L_y,Knee.L_z,Ankle.L_x,Ankle.L_y,Ankle.L_z,Wrist.R_x,Wrist.R_y,Wrist.R_z,Elbow.R_x,Elbow.R_y,Elbow.R_z,Shoulder.R_x,Shoulder.R_y,Shoulder.R_z,Shoulder.L_x,Shoulder.L_y,Shoulder.L_z,Elbow.L_x,Elbow.L_y,Elbow.L_z,Wrist.L_x,Wrist.L_y,Wrist.L_z,Neck_x,Neck_y,Neck_z,Head_x,Head_y,Head_z,Nose_x,Nose_y,Nose_z,Eye.L_x,Eye.L_y,Eye.L_z,Eye.R_x,Eye.R_y,Eye.R_z,Ear.L_x,Ear.L_y,Ear.L_z,Ear.R_x,Ear.R_y,Ear.R_z,hip.Center_x,hip.Center_y,hip.Center_z
0,0.6555877,-0.0132286,-0.39351436,0.3690013,0.029026141,-0.08217207,-0.032326337,0.08755988,-0.0011979234,0.01020545,0.32915735,-0.0019458022,0.39028707,0.24821974,-0.1695498,0.5787315,0.26106542,-0.55311924,-0.48085937,-0.33936816,0.1083456,-0.36046693,-0.15580739,-0.012499349,-0.42300594,0.10859667,0.02022712,-0.44838238,0.35092786,0.056056034,-0.57383716,0.55329037,0.1554336,-0.75876963,0.4936416,0.30930403,-0.46908554,0.2389565,0.050429944,-0.64582914,0.29855874,0.016664842,-0.611292,0.27050442,0.16613117,-0.6256099,0.3135565,0.12671931,-0.6433661,0.25121337,0.11910922,-0.56698394,0.344096,0.05388607,-0.6038192,0.21320741,0.030341186,-0.011060443706810474,0.20835861563682556,-0.0015718628419563174
