frame,Ankle.R_x,Ankle.R_y,Ankle.R_z,Knee.R_x,Knee.R_y,Knee.R_z,Hip.R_x,Hip.R_y,Hip.R_z,Hip.L_x,Hip.L_y,Hip.L_z,Knee.L_x,Knee.L_y,Knee.L_z,Ankle.L_x,Ankle.L_y,Ankle.L_z,Wrist.R_x,Wrist.R_y,Wrist.R_z,Elbow.R_x,Elbow.R_y,Elbow.R_z,Shoulder.R_x,Shoulder.R_y,Shoulder.R_z,Shoulder.L_x,Shoulder.L_y,Shoulder.L_z,Elbow.L_x,Elbow.L_y,Elbow.L_z,Wrist.L_x,Wrist.L_y,Wrist.L_z,Neck_x,Neck_y,Neck_z,Head_x,Head_y,Head_z,Nose_x,Nose_y,Nose_z,Eye.L_x,Eye.L_y,Eye.L_z,Eye.R_x,Eye.R_y,Eye.R_z,Ear.L_x,Ear.L_y,Ear.L_z,Ear.R_x,Ear.R_y,Ear.R_z,hip.Center_x,hip.Center_y,hip.Center_z
0,0.5937055,-0.014032561,-0.4840366,0.35729262,0.028353497,-0.13405216,-0.02987478,0.08741366,0.00026399107,0.009734169,0.32845268,-0.00050489453,0.3836419,0.24810325,-0.17895144,0.5771799,0.2678919,-0.5585547,-0.41665608,-0.3458397,0.15320966,-0.3278863,-0.1602896,0.012014315,-0.41634685,0.09768521,0.037416495,-0.4403127,0.34936553,0.0661628,-0.52035844,0.5677723,0.1802948,-0.7028984,0.5349871,0.3433446,-0.46495157,0.23178007,0.06271258,-0.64204746,0.28801203,0.024715539,-0.6066185,0.27362424,0.17592846,-0.62063754,0.313017,0.13273664,-0.6394777,0.2505672,0.13122572,-0.56241167,0.3352905,0.0571291,-0.60133755,0.20358585,0.046262845,-0.010070305317640305,0.20793317258358002,-0.00012045173207297921
