frame,Ankle.R_x,Ankle.R_y,Ankle.R_z,Knee.R_x,Knee.R_y,Knee.R_z,Hip.R_x,Hip.R_y,Hip.R_z,Hip.L_x,Hip.L_y,Hip.L_z,Knee.L_x,Knee.L_y,Knee.L_z,Ankle.L_x,Ankle.L_y,Ankle.L_z,Wrist.R_x,Wrist.R_y,Wrist.R_z,Elbow.R_x,Elbow.R_y,Elbow.R_z,Shoulder.R_x,Shoulder.R_y,Shoulder.R_z,Shoulder.L_x,Shoulder.L_y,Shoulder.L_z,Elbow.L_x,Elbow.L_y,Elbow.L_z,Wrist.L_x,Wrist.L_y,Wrist.L_z,Neck_x,Neck_y,Neck_z,Head_x,Head_y,Head_z,Nose_x,Nose_y,Nose_z,Eye.L_x,Eye.L_y,Eye.L_z,Eye.R_x,Eye.R_y,Eye.R_z,Ear.L_x,Ear.L_y,Ear.L_z,Ear.R_x,Ear.R_y,Ear.R_z,hip.Center_x,hip.Center_y,hip.Center_z
0,0.68484825,0.0070737875,-0.34054434,0.3844992,0.05655079,-0.044212975,-0.025644934,0.08872232,0.013673017,0.001312739,0.3297601,-0.016268613,0.3855746,0.2636745,-0.17484559,0.5914952,0.2773456,-0.550027,-0.34319255,-0.32353616,0.16992286,-0.30332232,-0.14188856,0.003932104,-0.4262413,0.102879554,0.017303431,-0.44141957,0.36143875,0.03207955,-0.48135984,0.5863505,0.15751927,-0.6572195,0.58052325,0.33103234,-0.4728549,0.24175128,0.033422284,-0.6525108,0.30628595,0.0015469904,-0.61196256,0.27596253,0.1483879,-0.6275385,0.3195204,0.11031581,-0.64593315,0.25750893,0.10269924,-0.5718994,0.35071933,0.035560995,-0.61030704,0.220809,0.012628533,-0.0121660977602005,0.20924121141433716,-0.0012977980077266693
