frame,Ankle.R_x,Ankle.R_y,Ankle.R_z,Knee.R_x,Knee.R_y,Knee.R_z,Hip.R_x,Hip.R_y,Hip.R_z,Hip.L_x,Hip.L_y,Hip.L_z,Knee.L_x,Knee.L_y,Knee.L_z,Ankle.L_x,Ankle.L_y,Ankle.L_z,Wrist.R_x,Wrist.R_y,Wrist.R_z,Elbow.R_x,Elbow.R_y,Elbow.R_z,Shoulder.R_x,Shoulder.R_y,Shoulder.R_z,Shoulder.L_x,Shoulder.L_y,Shoulder.L_z,Elbow.L_x,Elbow.L_y,Elbow.L_z,Wrist.L_x,Wrist.L_y,Wrist.L_z,Neck_x,Neck_y,Neck_z,Head_x,Head_y,Head_z,Nose_x,Nose_y,Nose_z,Eye.L_x,Eye.L_y,Eye.L_z,Eye.R_x,Eye.R_y,Eye.R_z,Ear.L_x,Ear.L_y,Ear.L_z,Ear.R_x,Ear.R_y,Ear.R_z,hip.Center_x,hip.Center_y,hip.Center_z
0,0.6260222,0.026443655,0.4110746,0.23226154,0.100989394,0.293714,-0.042144727,0.087694675,0.0028296513,0.00012589135,0.3279985,-0.037987355,0.38948223,0.31015396,0.09625248,0.7917552,0.36510947,-0.045838274,-0.67067045,0.10504849,0.2683641,-0.5618705,-0.016673846,0.07437641,-0.4566134,0.16579853,-0.09415465,-0.36982602,0.40808353,-0.13950741,-0.19874565,0.6182446,-0.14168285,-0.053103782,0.81617594,-0.092373356,-0.45508447,0.29549414,-0.113873556,-0.6533438,0.3336001,-0.14383201,-0.60119545,0.2690032,-0.016071748,-0.6290818,0.31634757,-0.0368947,-0.6281718,0.2591204,-0.0673341,-0.5866824,0.3879038,-0.092927486,-0.587765,0.2676828,-0.15940386,-0.02100941725075245,0.20784658193588257,-0.0175788514316082
