frame,Ankle.R_x,Ankle.R_y,Ankle.R_z,Knee.R_x,Knee.R_y,Knee.R_z,Hip.R_x,Hip.R_y,Hip.R_z,Hip.L_x,Hip.L_y,Hip.L_z,Knee.L_x,Knee.L_y,Knee.L_z,Ankle.L_x,Ankle.L_y,Ankle.L_z,Wrist.R_x,Wrist.R_y,Wrist.R_z,Elbow.R_x,Elbow.R_y,Elbow.R_z,Shoulder.R_x,Shoulder.R_y,Shoulder.R_z,Shoulder.L_x,Shoulder.L_y,Shoulder.L_z,Elbow.L_x,Elbow.L_y,Elbow.L_z,Wrist.L_x,Wrist.L_y,Wrist.L_z,Neck_x,Neck_y,Neck_z,Head_x,Head_y,Head_z,Nose_x,Nose_y,Nose_z,Eye.L_x,Eye.L_y,Eye.L_z,Eye.R_x,Eye.R_y,Eye.R_z,Ear.L_x,Ear.L_y,Ear.L_z,Ear.R_x,Ear.R_y,Ear.R_z,hip.Center_x,hip.Center_y,hip.Center_z
0,0.6344215,-0.0017259144,-0.42255864,0.37777442,0.05253052,-0.08898207,-0.023230601,0.08927695,0.016686328,0.00096611417,0.32956943,-0.015764093,0.37549257,0.25622815,-0.19016317,0.6138844,0.27061367,-0.5458226,-0.26809815,-0.30220306,0.21884638,-0.28013325,-0.14092462,0.028862955,-0.41852686,0.09837377,0.037897754,-0.4302999,0.36597073,0.039598327,-0.42380244,0.60338867,0.15204091,-0.5789389,0.6015416,0.34215143,-0.4683949,0.24172589,0.047085617,-0.6538462,0.30469975,0.014764283,-0.60637236,0.2834136,0.16092442,-0.62380445,0.32453015,0.12084193,-0.64271367,0.26237658,0.118075594,-0.57167214,0.3501457,0.042364884,-0.61191034,0.21989496,0.02874212,-0.01113224308937788,0.20942318439483643,0.00046111736446619034
