frame,Ankle.R_x,Ankle.R_y,Ankle.R_z,Knee.R_x,Knee.R_y,Knee.R_z,Hip.R_x,Hip.R_y,Hip.R_z,Hip.L_x,Hip.L_y,Hip.L_z,Knee.L_x,Knee.L_y,Knee.L_z,Ankle.L_x,Ankle.L_y,Ankle.L_z,Wrist.R_x,Wrist.R_y,Wrist.R_z,Elbow.R_x,Elbow.R_y,Elbow.R_z,Shoulder.R_x,Shoulder.R_y,Shoulder.R_z,Shoulder.L_x,Shoulder.L_y,Shoulder.L_z,Elbow.L_x,Elbow.L_y,Elbow.L_z,Wrist.L_x,Wrist.L_y,Wrist.L_z,Neck_x,Neck_y,Neck_z,Head_x,Head_y,Head_z,Nose_x,Nose_y,Nose_z,Eye.L_x,Eye.L_y,Eye.L_z,Eye.R_x,Eye.R_y,Eye.R_z,Ear.L_x,Ear.L_y,Ear.L_z,Ear.R_x,Ear.R_y,Ear.R_z,hip.Center_x,hip.Center_y,hip.Center_z
0,0.6817329,0.015459562,-0.344869,0.39135343,0.08172967,-0.04691455,-0.015129317,0.096737355,0.039853796,-0.011423497,0.3254417,-0.040633217,0.36659276,0.28121004,-0.20276758,0.6125902,0.27882913,-0.55270463,-0.1027831,-0.23171054,0.22468337,-0.2507322,-0.11951519,0.05602016,-0.41930568,0.099030174,0.043924414,-0.42014852,0.37181136,0.016819287,-0.32598358,0.6090016,0.0906563,-0.423738,0.65614444,0.3066476,-0.46980265,0.24654928,0.03823206,-0.6573785,0.3159571,0.004475745,-0.61193454,0.2766758,0.14662755,-0.6294844,0.3221285,0.11205085,-0.6471669,0.2608648,0.100818366,-0.57621956,0.35801005,0.03887639,-0.61491835,0.23128784,0.00833445,-0.01327640749514103,0.21108952164649963,-0.00038971006870269775
