frame,Ankle.R_x,Ankle.R_y,Ankle.R_z,Knee.R_x,Knee.R_y,Knee.R_z,Hip.R_x,Hip.R_y,Hip.R_z,Hip.L_x,Hip.L_y,Hip.L_z,Knee.L_x,Knee.L_y,Knee.L_z,Ankle.L_x,Ankle.L_y,Ankle.L_z,Wrist.R_x,Wrist.R_y,Wrist.R_z,Elbow.R_x,Elbow.R_y,Elbow.R_z,Shoulder.R_x,Shoulder.R_y,Shoulder.R_z,Shoulder.L_x,Shoulder.L_y,Shoulder.L_z,Elbow.L_x,Elbow.L_y,Elbow.L_z,Wrist.L_x,Wrist.L_y,Wrist.L_z,Neck_x,Neck_y,Neck_z,Head_x,Head_y,Head_z,Nose_x,Nose_y,Nose_z,Eye.L_x,Eye.L_y,Eye.L_z,Eye.R_x,Eye.R_y,Eye.R_z,Ear.L_x,Ear.L_y,Ear.L_z,Ear.R_x,Ear.R_y,Ear.R_z,hip.Center_x,hip.Center_y,hip.Center_z
0,0.69326746,0.036482383,-0.32177186,0.39729196,0.0935999,-0.026164444,-0.014258916,0.096137434,0.03834725,-0.014706792,0.32641837,-0.03988484,0.35806522,0.29051876,-0.21639945,0.6021219,0.29596445,-0.5704229,-0.028468736,-0.19105121,0.2063463,-0.22516635,-0.11121065,0.06834161,-0.4140181,0.0936085,0.056608256,-0.41186473,0.3716566,0.024101019,-0.27784076,0.60198575,0.070757724,-0.3368443,0.693504,0.28895417,-0.46734536,0.24389157,0.04924335,-0.65693164,0.30662543,0.010113215,-0.6164986,0.27301902,0.15549986,-0.63378716,0.3170445,0.1187373,-0.64927274,0.2548197,0.10874754,-0.5780901,0.3525523,0.046770398,-0.61221415,0.22352919,0.01864691,-0.014482853934168816,0.21127790212631226,-0.0007687937468290329
