frame,Ankle.R_x,Ankle.R_y,Ankle.R_z,Knee.R_x,Knee.R_y,Knee.R_z,Hip.R_x,Hip.R_y,Hip.R_z,Hip.L_x,Hip.L_y,Hip.L_z,Knee.L_x,Knee.L_y,Knee.L_z,Ankle.L_x,Ankle.L_y,Ankle.L_z,Wrist.R_x,Wrist.R_y,Wrist.R_z,Elbow.R_x,Elbow.R_y,Elbow.R_z,Shoulder.R_x,Shoulder.R_y,Shoulder.R_z,Shoulder.L_x,Shoulder.L_y,Shoulder.L_z,Elbow.L_x,Elbow.L_y,Elbow.L_z,Wrist.L_x,Wrist.L_y,Wrist.L_z,Neck_x,Neck_y,Neck_z,Head_x,Head_y,Head_z,Nose_x,Nose_y,Nose_z,Eye.L_x,Eye.L_y,Eye.L_z,Eye.R_x,Eye.R_y,Eye.R_z,Ear.L_x,Ear.L_y,Ear.L_z,Ear.R_x,Ear.R_y,Ear.R_z,hip.Center_x,hip.Center_y,hip.Center_z
0,0.6952688,0.047805276,-0.30688676,0.40142018,0.10978062,-0.011805217,-0.01114529,0.0991992,0.04479948,-0.018881902,0.32566544,-0.048617903,0.35242566,0.29429978,-0.22790362,0.58357316,0.29479444,-0.5893485,0.02748322,-0.14367773,0.17140684,-0.2046365,-0.091856375,0.08157182,-0.41254073,0.09261417,0.07020354,-0.40931165,0.3719364,0.02858159,-0.23694149,0.5789903,0.06375929,-0.23726448,0.68597615,0.2842463,-0.46800044,0.24366911,0.057185434,-0.6566053,0.30433238,0.010206136,-0.6219743,0.26919025,0.15672773,-0.6384001,0.31351525,0.11990421,-0.6522608,0.25110793,0.108356275,-0.5801279,0.35153437,0.050849847,-0.61048704,0.22189802,0.019903742,-0.015013596042990685,0.21243232488632202,-0.001909211277961731
