frame,Ankle.R_x,Ankle.R_y,Ankle.R_z,Knee.R_x,Knee.R_y,Knee.R_z,Hip.R_x,Hip.R_y,Hip.R_z,Hip.L_x,Hip.L_y,Hip.L_z,Knee.L_x,Knee.L_y,Knee.L_z,Ankle.L_x,Ankle.L_y,Ankle.L_z,Wrist.R_x,Wrist.R_y,Wrist.R_z,Elbow.R_x,Elbow.R_y,Elbow.R_z,Shoulder.R_x,Shoulder.R_y,Shoulder.R_z,Shoulder.L_x,Shoulder.L_y,Shoulder.L_z,Elbow.L_x,Elbow.L_y,Elbow.L_z,Wrist.L_x,Wrist.L_y,Wrist.L_z,Neck_x,Neck_y,Neck_z,Head_x,Head_y,Head_z,Nose_x,Nose_y,Nose_z,Eye.L_x,Eye.L_y,Eye.L_z,Eye.R_x,Eye.R_y,Eye.R_z,Ear.L_x,Ear.L_y,Ear.L_z,Ear.R_x,Ear.R_y,Ear.R_z,hip.Center_x,hip.Center_y,hip.Center_z
0,0.7116674,0.08061339,-0.3115526,0.4023747,0.12918596,-0.029717313,-0.0061745746,0.09972899,0.04644594,-0.0254936,0.3248735,-0.04946021,0.34862834,0.31364322,-0.22538385,0.5637543,0.31562918,-0.5963737,0.088919684,-0.08695085,0.12913124,-0.16095446,-0.06686228,0.081802316,-0.39755198,0.078430265,0.0810656,-0.40203097,0.36051965,0.045347117,-0.19197138,0.5302312,0.07746031,-0.07927253,0.6505261,0.2623366,-0.46315292,0.22939737,0.07189889,-0.6544965,0.29335356,0.028204614,-0.62339413,0.23835516,0.16881746,-0.6395514,0.28731778,0.1383662,-0.6518423,0.22699076,0.11754044,-0.57984793,0.33591762,0.07717036,-0.6070354,0.21146865,0.027776122,-0.015834087505936623,0.21230125427246094,-0.0015071351081132889
