frame,Ankle.R_x,Ankle.R_y,Ankle.R_z,Knee.R_x,Knee.R_y,Knee.R_z,Hip.R_x,Hip.R_y,Hip.R_z,Hip.L_x,Hip.L_y,Hip.L_z,Knee.L_x,Knee.L_y,Knee.L_z,Ankle.L_x,Ankle.L_y,Ankle.L_z,Wrist.R_x,Wrist.R_y,Wrist.R_z,Elbow.R_x,Elbow.R_y,Elbow.R_z,Shoulder.R_x,Shoulder.R_y,Shoulder.R_z,Shoulder.L_x,Shoulder.L_y,Shoulder.L_z,Elbow.L_x,Elbow.L_y,Elbow.L_z,Wrist.L_x,Wrist.L_y,Wrist.L_z,Neck_x,Neck_y,Neck_z,Head_x,Head_y,Head_z,Nose_x,Nose_y,Nose_z,Eye.L_x,Eye.L_y,Eye.L_z,Eye.R_x,Eye.R_y,Eye.R_z,Ear.L_x,Ear.L_y,Ear.L_z,Ear.R_x,Ear.R_y,Ear.R_z,hip.Center_x,hip.Center_y,hip.Center_z
0,0.6245,0.07473618,-0.46709043,0.38736272,0.11340502,-0.1167934,-0.0057837516,0.09284341,0.032668673,-0.020146493,0.32918835,-0.030063685,0.35200912,0.29609492,-0.22058274,0.5494708,0.30120638,-0.60476846,0.11025084,-0.043650396,0.14628609,-0.13734938,-0.053314976,0.080925316,-0.38787752,0.06727273,0.08932107,-0.3960611,0.35077175,0.0707827,-0.15741514,0.48829365,0.07049852,0.042529076,0.59078586,0.18102048,-0.4589543,0.21523842,0.09056282,-0.65573525,0.25709075,0.048668828,-0.6188793,0.21014683,0.19120511,-0.640146,0.25631225,0.15952837,-0.6460489,0.19435273,0.14070255,-0.5857428,0.30913073,0.09704526,-0.59983903,0.1814538,0.05112245,-0.012965122237801552,0.21101588010787964,0.0013024937361478806
