frame,Ankle.R_x,Ankle.R_y,Ankle.R_z,Knee.R_x,Knee.R_y,Knee.R_z,Hip.R_x,Hip.R_y,Hip.R_z,Hip.L_x,Hip.L_y,Hip.L_z,Knee.L_x,Knee.L_y,Knee.L_z,Ankle.L_x,Ankle.L_y,Ankle.L_z,Wrist.R_x,Wrist.R_y,Wrist.R_z,Elbow.R_x,Elbow.R_y,Elbow.R_z,Shoulder.R_x,Shoulder.R_y,Shoulder.R_z,Shoulder.L_x,Shoulder.L_y,Shoulder.L_z,Elbow.L_x,Elbow.L_y,Elbow.L_z,Wrist.L_x,Wrist.L_y,Wrist.L_z,Neck_x,Neck_y,Neck_z,Head_x,Head_y,Head_z,Nose_x,Nose_y,Nose_z,Eye.L_x,Eye.L_y,Eye.L_z,Eye.R_x,Eye.R_y,Eye.R_z,Ear.L_x,Ear.L_y,Ear.L_z,Ear.R_x,Ear.R_y,Ear.R_z,hip.Center_x,hip.Center_y,hip.Center_z
0,0.6514982,0.07616827,-0.43990573,0.3889547,0.112853065,-0.106420144,-0.008070367,0.09160622,0.02922417,-0.01836405,0.33065715,-0.026668591,0.35611266,0.2953747,-0.21501571,0.54165924,0.30051824,-0.60576653,0.10789359,-0.051278256,0.13972944,-0.13890219,-0.054760538,0.07132415,-0.38839,0.06864317,0.08514095,-0.39568585,0.35359156,0.07767406,-0.15693124,0.49222144,0.083831616,0.046990957,0.5855217,0.19565275,-0.45940793,0.21681553,0.09167638,-0.6605456,0.2537787,0.054657906,-0.61615556,0.2113374,0.1963687,-0.6397845,0.25627995,0.16449952,-0.6453588,0.19370906,0.14763965,-0.58932567,0.30837268,0.09817815,-0.60309255,0.17927076,0.056207597,-0.013217208907008171,0.21113169193267822,0.0012777894735336304
