frame,Ankle.R_x,Ankle.R_y,Ankle.R_z,Knee.R_x,Knee.R_y,Knee.R_z,Hip.R_x,Hip.R_y,Hip.R_z,Hip.L_x,Hip.L_y,Hip.L_z,Knee.L_x,Knee.L_y,Knee.L_z,Ankle.L_x,Ankle.L_y,Ankle.L_z,Wrist.R_x,Wrist.R_y,Wrist.R_z,Elbow.R_x,Elbow.R_y,Elbow.R_z,Shoulder.R_x,Shoulder.R_y,Shoulder.R_z,Shoulder.L_x,Shoulder.L_y,Shoulder.L_z,Elbow.L_x,Elbow.L_y,Elbow.L_z,Wrist.L_x,Wrist.L_y,Wrist.L_z,Neck_x,Neck_y,Neck_z,Head_x,Head_y,Head_z,Nose_x,Nose_y,Nose_z,Eye.L_x,Eye.L_y,Eye.L_z,Eye.R_x,Eye.R_y,Eye.R_z,Ear.L_x,Ear.L_y,Ear.L_z,Ear.R_x,Ear.R_y,Ear.R_z,hip.Center_x,hip.Center_y,hip.Center_z
0,0.59281665,0.07345743,-0.51229435,0.37704325,0.106751874,-0.14817794,-0.002582093,0.09368801,0.033302195,-0.021437295,0.3303524,-0.029477606,0.3452482,0.29376552,-0.23251246,0.52952224,0.2923837,-0.6236671,0.12510204,-0.02788921,0.14002436,-0.12464335,-0.039323512,0.08194294,-0.38175705,0.06432079,0.09510086,-0.3942898,0.34823072,0.08189116,-0.1489256,0.4731313,0.07770173,0.071894884,0.5571773,0.16199386,-0.45722753,0.2115681,0.09890537,-0.65776485,0.24984737,0.05669336,-0.61758196,0.20027736,0.19731691,-0.6407344,0.2466428,0.16709945,-0.6450012,0.18510017,0.14655738,-0.5885488,0.3026209,0.1055993,-0.599784,0.17594503,0.056169614,-0.012009694240987301,0.21202020347118378,0.0019122948870062828
