frame,Ankle.R_x,Ankle.R_y,Ankle.R_z,Knee.R_x,Knee.R_y,Knee.R_z,Hip.R_x,Hip.R_y,Hip.R_z,Hip.L_x,Hip.L_y,Hip.L_z,Knee.L_x,Knee.L_y,Knee.L_z,Ankle.L_x,Ankle.L_y,Ankle.L_z,Wrist.R_x,Wrist.R_y,Wrist.R_z,Elbow.R_x,Elbow.R_y,Elbow.R_z,Shoulder.R_x,Shoulder.R_y,Shoulder.R_z,Shoulder.L_x,Shoulder.L_y,Shoulder.L_z,Elbow.L_x,Elbow.L_y,Elbow.L_z,Wrist.L_x,Wrist.L_y,Wrist.L_z,Neck_x,Neck_y,Neck_z,Head_x,Head_y,Head_z,Nose_x,Nose_y,Nose_z,Eye.L_x,Eye.L_y,Eye.L_z,Eye.R_x,Eye.R_y,Eye.R_z,Ear.L_x,Ear.L_y,Ear.L_z,Ear.R_x,Ear.R_y,Ear.R_z,hip.Center_x,hip.Center_y,hip.Center_z
0,0.61709183,0.06979585,-0.48807046,0.38076857,0.10788972,-0.13685472,-0.005012371,0.09308159,0.031239383,-0.020077657,0.331355,-0.027981708,0.35193276,0.2957856,-0.22291708,0.534888,0.29578564,-0.6152452,0.12288541,-0.024978256,0.13293867,-0.1280531,-0.035259195,0.07687673,-0.3850841,0.06962871,0.09080275,-0.3922656,0.3545938,0.08848843,-0.14478959,0.47725472,0.08870656,0.079147324,0.5552656,0.17293647,-0.45802218,0.21794014,0.10034336,-0.6593949,0.2589176,0.06131143,-0.6182132,0.20117046,0.19849798,-0.64179283,0.24915728,0.17125762,-0.64572924,0.18892975,0.14697991,-0.59012234,0.30937415,0.11301891,-0.60088,0.18563549,0.05599601,-0.012545013800263405,0.2122182995080948,0.0016288375481963158
