frame,Ankle.R_x,Ankle.R_y,Ankle.R_z,Knee.R_x,Knee.R_y,Knee.R_z,Hip.R_x,Hip.R_y,Hip.R_z,Hip.L_x,Hip.L_y,Hip.L_z,Knee.L_x,Knee.L_y,Knee.L_z,Ankle.L_x,Ankle.L_y,Ankle.L_z,Wrist.R_x,Wrist.R_y,Wrist.R_z,Elbow.R_x,Elbow.R_y,Elbow.R_z,Shoulder.R_x,Shoulder.R_y,Shoulder.R_z,Shoulder.L_x,Shoulder.L_y,Shoulder.L_z,Elbow.L_x,Elbow.L_y,Elbow.L_z,Wrist.L_x,Wrist.L_y,Wrist.L_z,Neck_x,Neck_y,Neck_z,Head_x,Head_y,Head_z,Nose_x,Nose_y,Nose_z,Eye.L_x,Eye.L_y,Eye.L_z,Eye.R_x,Eye.R_y,Eye.R_z,Ear.L_x,Ear.L_y,Ear.L_z,Ear.R_x,Ear.R_y,Ear.R_z,hip.Center_x,hip.Center_y,hip.Center_z
0,0.5582651,0.06639946,-0.55568343,0.36447376,0.098360576,-0.17741424,-0.0056672134,0.08995053,0.022855677,-0.015431433,0.33245048,-0.0180833,0.34731945,0.28541487,-0.23173255,0.514539,0.2900316,-0.63040835,0.12762058,-0.018996334,0.13304906,-0.12362098,-0.03145261,0.07773273,-0.38324574,0.061604075,0.09389438,-0.3954183,0.3444127,0.09659965,-0.14505097,0.4572433,0.08447504,0.09200681,0.5200808,0.13930146,-0.4576171,0.20735595,0.10608728,-0.6565561,0.24476406,0.06481151,-0.6161814,0.1874891,0.20258564,-0.6402594,0.2352151,0.17505816,-0.6429256,0.17496334,0.15069336,-0.5888718,0.29622412,0.117711544,-0.59679174,0.17261796,0.060574077,-0.010549323633313179,0.2112005054950714,0.0023861881345510483
