frame,Ankle.R_x,Ankle.R_y,Ankle.R_z,Knee.R_x,Knee.R_y,Knee.R_z,Hip.R_x,Hip.R_y,Hip.R_z,Hip.L_x,Hip.L_y,Hip.L_z,Knee.L_x,Knee.L_y,Knee.L_z,Ankle.L_x,Ankle.L_y,Ankle.L_z,Wrist.R_x,Wrist.R_y,Wrist.R_z,Elbow.R_x,Elbow.R_y,Elbow.R_z,Shoulder.R_x,Shoulder.R_y,Shoulder.R_z,Shoulder.L_x,Shoulder.L_y,Shoulder.L_z,Elbow.L_x,Elbow.L_y,Elbow.L_z,Wrist.L_x,Wrist.L_y,Wrist.L_z,Neck_x,Neck_y,Neck_z,Head_x,Head_y,Head_z,Nose_x,Nose_y,Nose_z,Eye.L_x,Eye.L_y,Eye.L_z,Eye.R_x,Eye.R_y,Eye.R_z,Ear.L_x,Ear.L_y,Ear.L_z,Ear.R_x,Ear.R_y,Ear.R_z,hip.Center_x,hip.Center_y,hip.Center_z
0,0.5817416,0.07283507,-0.5237988,0.37619442,0.096513055,-0.15132366,-0.006657164,0.091943726,0.027456306,-0.017236609,0.33285338,-0.024794,0.3559361,0.28724828,-0.22111341,0.5337152,0.28091893,-0.61783904,0.12036306,-0.015531407,0.1293846,-0.12932834,-0.038029615,0.06859536,-0.38642737,0.06626778,0.08667831,-0.3965695,0.3502802,0.10242471,-0.14043641,0.45515126,0.097258225,0.102478854,0.49795696,0.15033264,-0.4603464,0.21138091,0.105475284,-0.6629248,0.24057603,0.07056272,-0.61610365,0.17766802,0.20380917,-0.6438284,0.22524652,0.1798492,-0.64286005,0.16661388,0.15164025,-0.597409,0.29354984,0.12569001,-0.5985041,0.17323762,0.060778685,-0.011946886777877808,0.21239855885505676,0.0013311533257365227
