frame,Ankle.R_x,Ankle.R_y,Ankle.R_z,Knee.R_x,Knee.R_y,Knee.R_z,Hip.R_x,Hip.R_y,Hip.R_z,Hip.L_x,Hip.L_y,Hip.L_z,Knee.L_x,Knee.L_y,Knee.L_z,Ankle.L_x,Ankle.L_y,Ankle.L_z,Wrist.R_x,Wrist.R_y,Wrist.R_z,Elbow.R_x,Elbow.R_y,Elbow.R_z,Shoulder.R_x,Shoulder.R_y,Shoulder.R_z,Shoulder.L_x,Shoulder.L_y,Shoulder.L_z,Elbow.L_x,Elbow.L_y,Elbow.L_z,Wrist.L_x,Wrist.L_y,Wrist.L_z,Neck_x,Neck_y,Neck_z,Head_x,Head_y,Head_z,Nose_x,Nose_y,Nose_z,Eye.L_x,Eye.L_y,Eye.L_z,Eye.R_x,Eye.R_y,Eye.R_z,Ear.L_x,Ear.L_y,Ear.L_z,Ear.R_x,Ear.R_y,Ear.R_z,hip.Center_x,hip.Center_y,hip.Center_z
0,0.55674577,0.06542033,-0.5584629,0.36241025,0.09487225,-0.18034148,-0.0061709546,0.09029423,0.022367705,-0.014758835,0.3325163,-0.017350525,0.3449434,0.28613046,-0.2359439,0.5083799,0.28638992,-0.6367692,0.113163,-0.027787438,0.11939447,-0.13502443,-0.037758682,0.05346374,-0.389368,0.06534198,0.085091,-0.39361268,0.34668854,0.111476414,-0.13663325,0.44459373,0.09707339,0.10565725,0.4655077,0.15623236,-0.45883864,0.20999202,0.11097327,-0.65862364,0.25010106,0.080320835,-0.61347836,0.17188883,0.20570606,-0.63967234,0.22261718,0.18713458,-0.6407379,0.16732982,0.15284258,-0.5913791,0.29463997,0.14033929,-0.5965238,0.18206608,0.06328532,-0.010464894585311413,0.21140527725219727,0.0025085899978876114
