frame,Ankle.R_x,Ankle.R_y,Ankle.R_z,Knee.R_x,Knee.R_y,Knee.R_z,Hip.R_x,Hip.R_y,Hip.R_z,Hip.L_x,Hip.L_y,Hip.L_z,Knee.L_x,Knee.L_y,Knee.L_z,Ankle.L_x,Ankle.L_y,Ankle.L_z,Wrist.R_x,Wrist.R_y,Wrist.R_z,Elbow.R_x,Elbow.R_y,Elbow.R_z,Shoulder.R_x,Shoulder.R_y,Shoulder.R_z,Shoulder.L_x,Shoulder.L_y,Shoulder.L_z,Elbow.L_x,Elbow.L_y,Elbow.L_z,Wrist.L_x,Wrist.L_y,Wrist.L_z,Neck_x,Neck_y,Neck_z,Head_x,Head_y,Head_z,Nose_x,Nose_y,Nose_z,Eye.L_x,Eye.L_y,Eye.L_z,Eye.R_x,Eye.R_y,Eye.R_z,Ear.L_x,Ear.L_y,Ear.L_z,Ear.R_x,Ear.R_y,Ear.R_z,hip.Center_x,hip.Center_y,hip.Center_z
0,0.5319458,0.069869936,-0.58388597,0.3547713,0.10180338,-0.198158,0.0012475665,0.0932419,0.03138235,-0.020700993,0.33081767,-0.026438816,0.3341973,0.2965786,-0.2512725,0.5029373,0.28479865,-0.6488431,0.11262037,-0.026048047,0.10295457,-0.13970007,-0.033040702,0.05631667,-0.39300075,0.06494847,0.087656066,-0.39679652,0.34445685,0.11144448,-0.14110295,0.43947098,0.097247705,0.10104656,0.4417581,0.15502615,-0.46009827,0.20918587,0.11281114,-0.65835387,0.25387773,0.08668762,-0.61106616,0.17044465,0.2079167,-0.63731825,0.22195359,0.19188857,-0.6395011,0.1681778,0.15536678,-0.5895144,0.29532513,0.14676939,-0.5973532,0.18598251,0.06568428,-0.00972671341150999,0.21202978491783142,0.00247176643460989
