frame,Ankle.R_x,Ankle.R_y,Ankle.R_z,Knee.R_x,Knee.R_y,Knee.R_z,Hip.R_x,Hip.R_y,Hip.R_z,Hip.L_x,Hip.L_y,Hip.L_z,Knee.L_x,Knee.L_y,Knee.L_z,Ankle.L_x,Ankle.L_y,Ankle.L_z,Wrist.R_x,Wrist.R_y,Wrist.R_z,Elbow.R_x,Elbow.R_y,Elbow.R_z,Shoulder.R_x,Shoulder.R_y,Shoulder.R_z,Shoulder.L_x,Shoulder.L_y,Shoulder.L_z,Elbow.L_x,Elbow.L_y,Elbow.L_z,Wrist.L_x,Wrist.L_y,Wrist.L_z,Neck_x,Neck_y,Neck_z,Head_x,Head_y,Head_z,Nose_x,Nose_y,Nose_z,Eye.L_x,Eye.L_y,Eye.L_z,Eye.R_x,Eye.R_y,Eye.R_z,Ear.L_x,Ear.L_y,Ear.L_z,Ear.R_x,Ear.R_y,Ear.R_z,hip.Center_x,hip.Center_y,hip.Center_z
0,0.51590854,0.070656635,-0.60171217,0.3490512,0.11163092,-0.21217822,0.0026396737,0.09179601,0.027749607,-0.019674899,0.33107796,-0.021992672,0.3370274,0.2927022,-0.24627468,0.50360954,0.27927905,-0.6437649,0.109090485,-0.039425094,0.0868311,-0.14514695,-0.034200396,0.049521074,-0.39649752,0.06392636,0.086712725,-0.39610562,0.34166434,0.11863047,-0.14031112,0.43396184,0.09928932,0.10265039,0.43373686,0.15357022,-0.4604459,0.20785654,0.11691206,-0.6587683,0.2542824,0.0956095,-0.6072456,0.17087874,0.21493955,-0.6337968,0.22248352,0.19975373,-0.63780105,0.16865715,0.16360448,-0.58753955,0.29523504,0.15276988,-0.59908307,0.18606469,0.07235543,-0.00851761270314455,0.21143698692321777,0.0028784675523638725
