frame,Ankle.R_x,Ankle.R_y,Ankle.R_z,Knee.R_x,Knee.R_y,Knee.R_z,Hip.R_x,Hip.R_y,Hip.R_z,Hip.L_x,Hip.L_y,Hip.L_z,Knee.L_x,Knee.L_y,Knee.L_z,Ankle.L_x,Ankle.L_y,Ankle.L_z,Wrist.R_x,Wrist.R_y,Wrist.R_z,Elbow.R_x,Elbow.R_y,Elbow.R_z,Shoulder.R_x,Shoulder.R_y,Shoulder.R_z,Shoulder.L_x,Shoulder.L_y,Shoulder.L_z,Elbow.L_x,Elbow.L_y,Elbow.L_z,Wrist.L_x,Wrist.L_y,Wrist.L_z,Neck_x,Neck_y,Neck_z,Head_x,Head_y,Head_z,Nose_x,Nose_y,Nose_z,Eye.L_x,Eye.L_y,Eye.L_z,Eye.R_x,Eye.R_y,Eye.R_z,Ear.L_x,Ear.L_y,Ear.L_z,Ear.R_x,Ear.R_y,Ear.R_z,hip.Center_x,hip.Center_y,hip.Center_z
0,0.66483223,0.06715842,0.36486349,0.26315716,0.132543,0.27947167,-0.040938307,0.09215634,0.022099433,0.00021395506,0.32045433,-0.054784484,0.39410278,0.342338,0.030974109,0.78574353,0.39419687,-0.13315292,-0.81462526,0.15287627,0.07602331,-0.6302951,-0.009600968,0.024418332,-0.45405906,0.1578631,-0.07118343,-0.40234774,0.39298013,-0.09675874,-0.3151376,0.6428359,-0.11768684,-0.2721219,0.882489,-0.07331305,-0.46359116,0.27781528,-0.066967174,-0.6561629,0.31048304,-0.07590817,-0.60072625,0.2355662,0.045610286,-0.62944525,0.28419578,0.0295582,-0.6286273,0.22991395,-0.0058170017,-0.5894263,0.36063498,-0.02108555,-0.59037316,0.24676314,-0.098017715,-0.02036217600107193,0.2063053399324417,-0.01634252443909645
