frame,Ankle.R_x,Ankle.R_y,Ankle.R_z,Knee.R_x,Knee.R_y,Knee.R_z,Hip.R_x,Hip.R_y,Hip.R_z,Hip.L_x,Hip.L_y,Hip.L_z,Knee.L_x,Knee.L_y,Knee.L_z,Ankle.L_x,Ankle.L_y,Ankle.L_z,Wrist.R_x,Wrist.R_y,Wrist.R_z,Elbow.R_x,Elbow.R_y,Elbow.R_z,Shoulder.R_x,Shoulder.R_y,Shoulder.R_z,Shoulder.L_x,Shoulder.L_y,Shoulder.L_z,Elbow.L_x,Elbow.L_y,Elbow.L_z,Wrist.L_x,Wrist.L_y,Wrist.L_z,Neck_x,Neck_y,Neck_z,Head_x,Head_y,Head_z,Nose_x,Nose_y,Nose_z,Eye.L_x,Eye.L_y,Eye.L_z,Eye.R_x,Eye.R_y,Eye.R_z,Ear.L_x,Ear.L_y,Ear.L_z,Ear.R_x,Ear.R_y,Ear.R_z,hip.Center_x,hip.Center_y,hip.Center_z
0,0.4603707,0.07343552,-0.7451761,0.20730574,0.107780606,-0.3787783,-0.07354624,0.124955446,-0.06787399,0.06607957,0.2748813,0.07612127,0.27528217,0.2728708,-0.31135702,0.50024563,0.2902582,-0.70123386,-0.3706808,-0.122251295,0.009665859,-0.27263024,0.036468882,-0.14088194,-0.41224137,0.122057885,0.09588431,-0.37770528,0.3457804,0.23932768,-0.14700967,0.5068737,0.2839917,-0.19655907,0.31399608,0.42249608,-0.4421327,0.22447255,0.19141027,-0.62268436,0.2588429,0.18233505,-0.589345,0.13062057,0.27257624,-0.6155301,0.18710703,0.27337876,-0.610098,0.14911538,0.21832992,-0.5640337,0.2753612,0.2656103,-0.5547999,0.20056823,0.14820336,-0.0037333332002162933,0.19991837441921234,0.004123639315366745
