frame,Ankle.R_x,Ankle.R_y,Ankle.R_z,Knee.R_x,Knee.R_y,Knee.R_z,Hip.R_x,Hip.R_y,Hip.R_z,Hip.L_x,Hip.L_y,Hip.L_z,Knee.L_x,Knee.L_y,Knee.L_z,Ankle.L_x,Ankle.L_y,Ankle.L_z,Wrist.R_x,Wrist.R_y,Wrist.R_z,Elbow.R_x,Elbow.R_y,Elbow.R_z,Shoulder.R_x,Shoulder.R_y,Shoulder.R_z,Shoulder.L_x,Shoulder.L_y,Shoulder.L_z,Elbow.L_x,Elbow.L_y,Elbow.L_z,Wrist.L_x,Wrist.L_y,Wrist.L_z,Neck_x,Neck_y,Neck_z,Head_x,Head_y,Head_z,Nose_x,Nose_y,Nose_z,Eye.L_x,Eye.L_y,Eye.L_z,Eye.R_x,Eye.R_y,Eye.R_z,Ear.L_x,Ear.L_y,Ear.L_z,Ear.R_x,Ear.R_y,Ear.R_z,hip.Center_x,hip.Center_y,hip.Center_z
0,0.44469467,0.049891815,-0.7469549,0.193715,0.09864988,-0.38451704,-0.07178788,0.12261826,-0.06548545,0.065310985,0.27858225,0.07378073,0.26983696,0.28446355,-0.3150381,0.49080986,0.27994102,-0.703726,-0.420741,-0.1317267,0.008750892,-0.2893858,0.011722652,-0.13220711,-0.4192147,0.13357534,0.093766496,-0.3756489,0.3526954,0.23522678,-0.13908567,0.49767247,0.28809857,-0.19130959,0.31243795,0.43484932,-0.44315284,0.23564476,0.18863417,-0.6252504,0.27523416,0.19167912,-0.5870878,0.14547613,0.27690852,-0.61200595,0.20207861,0.28063682,-0.611813,0.16503085,0.22481197,-0.55974066,0.28921574,0.2699119,-0.56181896,0.21657442,0.15107921,-0.0032384470105171204,0.2006002515554428,0.004147641360759735
