frame,Ankle.R_x,Ankle.R_y,Ankle.R_z,Knee.R_x,Knee.R_y,Knee.R_z,Hip.R_x,Hip.R_y,Hip.R_z,Hip.L_x,Hip.L_y,Hip.L_z,Knee.L_x,Knee.L_y,Knee.L_z,Ankle.L_x,Ankle.L_y,Ankle.L_z,Wrist.R_x,Wrist.R_y,Wrist.R_z,Elbow.R_x,Elbow.R_y,Elbow.R_z,Shoulder.R_x,Shoulder.R_y,Shoulder.R_z,Shoulder.L_x,Shoulder.L_y,Shoulder.L_z,Elbow.L_x,Elbow.L_y,Elbow.L_z,Wrist.L_x,Wrist.L_y,Wrist.L_z,Neck_x,Neck_y,Neck_z,Head_x,Head_y,Head_z,Nose_x,Nose_y,Nose_z,Eye.L_x,Eye.L_y,Eye.L_z,Eye.R_x,Eye.R_y,Eye.R_z,Ear.L_x,Ear.L_y,Ear.L_z,Ear.R_x,Ear.R_y,Ear.R_z,hip.Center_x,hip.Center_y,hip.Center_z
0,0.4707357,0.034669727,-0.72464377,0.19748878,0.12851724,-0.3920333,-0.07474625,0.13562526,-0.078003354,0.06834321,0.2617868,0.08151402,0.2702965,0.30578387,-0.30622074,0.48622683,0.3426048,-0.6979387,-0.65801674,-0.18056694,0.11503792,-0.4980271,-0.07909549,-0.046314187,-0.43757325,0.12496496,0.13678154,-0.3407385,0.3174399,0.26708537,-0.078531176,0.26970553,0.30316556,-0.18633029,0.09733316,0.4379913,-0.42969352,0.21951225,0.22192633,-0.5762855,0.30368462,0.24703208,-0.57390904,0.1696942,0.3352605,-0.57392704,0.23061009,0.33849204,-0.5989586,0.19542632,0.2868822,-0.49633795,0.2914397,0.31007975,-0.54845685,0.22322631,0.20043887,-0.003201521933078766,0.1987060308456421,0.0017553344368934631
