frame,Ankle.R_x,Ankle.R_y,Ankle.R_z,Knee.R_x,Knee.R_y,Knee.R_z,Hip.R_x,Hip.R_y,Hip.R_z,Hip.L_x,Hip.L_y,Hip.L_z,Knee.L_x,Knee.L_y,Knee.L_z,Ankle.L_x,Ankle.L_y,Ankle.L_z,Wrist.R_x,Wrist.R_y,Wrist.R_z,Elbow.R_x,Elbow.R_y,Elbow.R_z,Shoulder.R_x,Shoulder.R_y,Shoulder.R_z,Shoulder.L_x,Shoulder.L_y,Shoulder.L_z,Elbow.L_x,Elbow.L_y,Elbow.L_z,Wrist.L_x,Wrist.L_y,Wrist.L_z,Neck_x,Neck_y,Neck_z,Head_x,Head_y,Head_z,Nose_x,Nose_y,Nose_z,Eye.L_x,Eye.L_y,Eye.L_z,Eye.R_x,Eye.R_y,Eye.R_z,Ear.L_x,Ear.L_y,Ear.L_z,Ear.R_x,Ear.R_y,Ear.R_z,hip.Center_x,hip.Center_y,hip.Center_z
0,0.44811863,0.021606179,-0.73329055,0.18539561,0.1282881,-0.39729983,-0.07810755,0.13621333,-0.07479285,0.07144992,0.2629299,0.07881045,0.26581693,0.30816266,-0.312279,0.478806,0.3479262,-0.7058852,-0.63970095,-0.17633635,0.09296917,-0.47077182,-0.06898642,-0.052635707,-0.4282557,0.12885395,0.14734906,-0.32645032,0.31994295,0.288962,-0.05350006,0.2948314,0.3116925,-0.17282957,0.10765188,0.41308382,-0.42022425,0.22287145,0.23943458,-0.57252973,0.3041355,0.25651848,-0.57398367,0.16596808,0.33783606,-0.5772066,0.22680342,0.34400988,-0.5945262,0.19350074,0.28819016,-0.49925533,0.29183307,0.32822767,-0.5360486,0.22819784,0.20997146,-0.0033288151025772095,0.1995716094970703,0.0020088031888008118
