frame,Ankle.R_x,Ankle.R_y,Ankle.R_z,Knee.R_x,Knee.R_y,Knee.R_z,Hip.R_x,Hip.R_y,Hip.R_z,Hip.L_x,Hip.L_y,Hip.L_z,Knee.L_x,Knee.L_y,Knee.L_z,Ankle.L_x,Ankle.L_y,Ankle.L_z,Wrist.R_x,Wrist.R_y,Wrist.R_z,Elbow.R_x,Elbow.R_y,Elbow.R_z,Shoulder.R_x,Shoulder.R_y,Shoulder.R_z,Shoulder.L_x,Shoulder.L_y,Shoulder.L_z,Elbow.L_x,Elbow.L_y,Elbow.L_z,Wrist.L_x,Wrist.L_y,Wrist.L_z,Neck_x,Neck_y,Neck_z,Head_x,Head_y,Head_z,Nose_x,Nose_y,Nose_z,Eye.L_x,Eye.L_y,Eye.L_z,Eye.R_x,Eye.R_y,Eye.R_z,Ear.L_x,Ear.L_y,Ear.L_z,Ear.R_x,Ear.R_y,Ear.R_z,hip.Center_x,hip.Center_y,hip.Center_z
0,0.44327852,0.035466522,-0.7391046,0.17835575,0.12828659,-0.4000221,-0.08263141,0.14533979,-0.07835534,0.07486131,0.2510438,0.08133376,0.26899716,0.30650592,-0.30875567,0.47236705,0.36414877,-0.7052309,-0.6915519,-0.23592381,0.07934424,-0.5000936,-0.091930665,-0.007297812,-0.43083584,0.1344804,0.14692262,-0.3114233,0.31972727,0.28605747,-0.042979132,0.27036503,0.2885523,-0.09687416,0.07970388,0.43143094,-0.4160167,0.22879444,0.24001713,-0.569443,0.31996983,0.27687314,-0.56825984,0.17505182,0.3435939,-0.5690373,0.2346444,0.3560409,-0.5921341,0.20793615,0.29913643,-0.4911583,0.2983834,0.3397093,-0.540127,0.2490496,0.21975008,-0.0038850493729114532,0.1981917917728424,0.001489207148551941
