frame,Ankle.R_x,Ankle.R_y,Ankle.R_z,Knee.R_x,Knee.R_y,Knee.R_z,Hip.R_x,Hip.R_y,Hip.R_z,Hip.L_x,Hip.L_y,Hip.L_z,Knee.L_x,Knee.L_y,Knee.L_z,Ankle.L_x,Ankle.L_y,Ankle.L_z,Wrist.R_x,Wrist.R_y,Wrist.R_z,Elbow.R_x,Elbow.R_y,Elbow.R_z,Shoulder.R_x,Shoulder.R_y,Shoulder.R_z,Shoulder.L_x,Shoulder.L_y,Shoulder.L_z,Elbow.L_x,Elbow.L_y,Elbow.L_z,Wrist.L_x,Wrist.L_y,Wrist.L_z,Neck_x,Neck_y,Neck_z,Head_x,Head_y,Head_z,Nose_x,Nose_y,Nose_z,Eye.L_x,Eye.L_y,Eye.L_z,Eye.R_x,Eye.R_y,Eye.R_z,Ear.L_x,Ear.L_y,Ear.L_z,Ear.R_x,Ear.R_y,Ear.R_z,hip.Center_x,hip.Center_y,hip.Center_z
0,0.42728877,0.027481114,-0.74683213,0.16949591,0.13300894,-0.4068111,-0.083247736,0.1507079,-0.081003994,0.07543761,0.24768217,0.08353077,0.27211472,0.32243308,-0.30270234,0.48559436,0.3666993,-0.6930818,-0.6979116,-0.29571486,0.074169934,-0.5271881,-0.10348347,0.034198817,-0.4375376,0.13255401,0.15067887,-0.3098986,0.31319934,0.27935898,-0.056406837,0.23462853,0.27568892,-0.048276097,0.05429086,0.44353285,-0.4171536,0.22592941,0.23888211,-0.5595718,0.32742715,0.2839015,-0.566959,0.18221228,0.35002968,-0.5612847,0.24146868,0.36258146,-0.5906377,0.21746773,0.3073547,-0.47964084,0.2983701,0.3408637,-0.54073757,0.25398475,0.22428308,-0.0039050616323947906,0.1991950273513794,0.0012633875012397766
