frame,Ankle.R_x,Ankle.R_y,Ankle.R_z,Knee.R_x,Knee.R_y,Knee.R_z,Hip.R_x,Hip.R_y,Hip.R_z,Hip.L_x,Hip.L_y,Hip.L_z,Knee.L_x,Knee.L_y,Knee.L_z,Ankle.L_x,Ankle.L_y,Ankle.L_z,Wrist.R_x,Wrist.R_y,Wrist.R_z,Elbow.R_x,Elbow.R_y,Elbow.R_z,Shoulder.R_x,Shoulder.R_y,Shoulder.R_z,Shoulder.L_x,Shoulder.L_y,Shoulder.L_z,Elbow.L_x,Elbow.L_y,Elbow.L_z,Wrist.L_x,Wrist.L_y,Wrist.L_z,Neck_x,Neck_y,Neck_z,Head_x,Head_y,Head_z,Nose_x,Nose_y,Nose_z,Eye.L_x,Eye.L_y,Eye.L_z,Eye.R_x,Eye.R_y,Eye.R_z,Ear.L_x,Ear.L_y,Ear.L_z,Ear.R_x,Ear.R_y,Ear.R_z,hip.Center_x,hip.Center_y,hip.Center_z
0,0.43352166,0.009538413,-0.73985356,0.1684064,0.12637007,-0.40720868,-0.08576658,0.15843809,-0.083539054,0.076017424,0.24287473,0.08467242,0.27678442,0.3213398,-0.3001063,0.49017593,0.36127335,-0.6915556,-0.7186157,-0.29242945,0.078407235,-0.54008627,-0.10339393,0.052135993,-0.44373494,0.14204103,0.1403472,-0.314395,0.31252146,0.27782416,-0.06639854,0.21827598,0.28541458,-0.060448006,0.024023157,0.44188237,-0.4211322,0.23201405,0.23109536,-0.5533331,0.34008786,0.29098013,-0.5658314,0.19192551,0.34807897,-0.55482435,0.24968821,0.36349237,-0.590465,0.23145975,0.30981228,-0.47151697,0.30204675,0.33840352,-0.54462636,0.27014267,0.2247231,-0.004874579608440399,0.20065641403198242,0.0005666837096214294
