frame,Ankle.R_x,Ankle.R_y,Ankle.R_z,Knee.R_x,Knee.R_y,Knee.R_z,Hip.R_x,Hip.R_y,Hip.R_z,Hip.L_x,Hip.L_y,Hip.L_z,Knee.L_x,Knee.L_y,Knee.L_z,Ankle.L_x,Ankle.L_y,Ankle.L_z,Wrist.R_x,Wrist.R_y,Wrist.R_z,Elbow.R_x,Elbow.R_y,Elbow.R_z,Shoulder.R_x,Shoulder.R_y,Shoulder.R_z,Shoulder.L_x,Shoulder.L_y,Shoulder.L_z,Elbow.L_x,Elbow.L_y,Elbow.L_z,Wrist.L_x,Wrist.L_y,Wrist.L_z,Neck_x,Neck_y,Neck_z,Head_x,Head_y,Head_z,Nose_x,Nose_y,Nose_z,Eye.L_x,Eye.L_y,Eye.L_z,Eye.R_x,Eye.R_y,Eye.R_z,Ear.L_x,Ear.L_y,Ear.L_z,Ear.R_x,Ear.R_y,Ear.R_z,hip.Center_x,hip.Center_y,hip.Center_z
0,0.42994177,-0.0071526268,-0.7383486,0.16730514,0.10735959,-0.40214795,-0.08857196,0.16124319,-0.08522486,0.07646193,0.23685506,0.085575126,0.28349084,0.29827657,-0.29807273,0.49561682,0.35752216,-0.691903,-0.6889989,-0.22656856,0.0904744,-0.5070165,-0.09830124,-0.02510538,-0.4313277,0.120638005,0.13954607,-0.31195736,0.29101273,0.2952565,-0.045340974,0.22149472,0.30358753,-0.15682977,0.052799486,0.4393246,-0.4156788,0.20937438,0.23856314,-0.5555742,0.3120785,0.2806303,-0.56687546,0.16934982,0.35117865,-0.55976087,0.22874454,0.36157233,-0.5904806,0.20370427,0.30752018,-0.4764213,0.28234679,0.33743998,-0.539414,0.23694274,0.22266342,-0.006055012345314026,0.19904911518096924,0.0001751333475112915
