frame,Ankle.R_x,Ankle.R_y,Ankle.R_z,Knee.R_x,Knee.R_y,Knee.R_z,Hip.R_x,Hip.R_y,Hip.R_z,Hip.L_x,Hip.L_y,Hip.L_z,Knee.L_x,Knee.L_y,Knee.L_z,Ankle.L_x,Ankle.L_y,Ankle.L_z,Wrist.R_x,Wrist.R_y,Wrist.R_z,Elbow.R_x,Elbow.R_y,Elbow.R_z,Shoulder.R_x,Shoulder.R_y,Shoulder.R_z,Shoulder.L_x,Shoulder.L_y,Shoulder.L_z,Elbow.L_x,Elbow.L_y,Elbow.L_z,Wrist.L_x,Wrist.L_y,Wrist.L_z,Neck_x,Neck_y,Neck_z,Head_x,Head_y,Head_z,Nose_x,Nose_y,Nose_z,Eye.L_x,Eye.L_y,Eye.L_z,Eye.R_x,Eye.R_y,Eye.R_z,Ear.L_x,Ear.L_y,Ear.L_z,Ear.R_x,Ear.R_y,Ear.R_z,hip.Center_x,hip.Center_y,hip.Center_z
0,0.40929577,-0.0360256,-0.73940843,0.16343829,0.10022357,-0.40078184,-0.09134061,0.17107654,-0.08816807,0.07730735,0.22827089,0.08716847,0.27703053,0.27805677,-0.30428842,0.4927871,0.3726502,-0.6925683,-0.6089921,-0.15431678,0.0812006,-0.44642013,-0.08209259,-0.08371998,-0.41870302,0.10164237,0.13702554,-0.3136644,0.2760254,0.30836225,-0.035356376,0.240238,0.31370583,-0.18441588,0.08771132,0.42797762,-0.4132448,0.18818548,0.2446814,-0.56708395,0.27493674,0.27668256,-0.5724499,0.12627341,0.3345679,-0.57426286,0.18519433,0.35026136,-0.5926946,0.16200301,0.2900959,-0.49404535,0.24913676,0.34470445,-0.5335431,0.20784718,0.21822625,-0.007016628980636597,0.19967371225357056,-0.0004997998476028442
