frame,Ankle.R_x,Ankle.R_y,Ankle.R_z,Knee.R_x,Knee.R_y,Knee.R_z,Hip.R_x,Hip.R_y,Hip.R_z,Hip.L_x,Hip.L_y,Hip.L_z,Knee.L_x,Knee.L_y,Knee.L_z,Ankle.L_x,Ankle.L_y,Ankle.L_z,Wrist.R_x,Wrist.R_y,Wrist.R_z,Elbow.R_x,Elbow.R_y,Elbow.R_z,Shoulder.R_x,Shoulder.R_y,Shoulder.R_z,Shoulder.L_x,Shoulder.L_y,Shoulder.L_z,Elbow.L_x,Elbow.L_y,Elbow.L_z,Wrist.L_x,Wrist.L_y,Wrist.L_z,Neck_x,Neck_y,Neck_z,Head_x,Head_y,Head_z,Nose_x,Nose_y,Nose_z,Eye.L_x,Eye.L_y,Eye.L_z,Eye.R_x,Eye.R_y,Eye.R_z,Ear.L_x,Ear.L_y,Ear.L_z,Ear.R_x,Ear.R_y,Ear.R_z,hip.Center_x,hip.Center_y,hip.Center_z
0,0.38816893,-0.039001305,-0.7501078,0.14253022,0.089942515,-0.40860665,-0.090642534,0.17278044,-0.08896548,0.07655191,0.22779615,0.08768265,0.27938443,0.28059033,-0.30062598,0.48868713,0.375292,-0.6920068,-0.61002594,-0.18222956,0.09091831,-0.44659746,-0.103751615,-0.067595266,-0.4224266,0.10368237,0.1313861,-0.31918097,0.27996597,0.30150402,-0.043317873,0.23418413,0.32099292,-0.18104623,0.066628814,0.42892978,-0.41632336,0.19254082,0.23729597,-0.57093817,0.27807218,0.2794659,-0.568388,0.12986456,0.3379421,-0.5701881,0.18861173,0.35330313,-0.5934787,0.16489163,0.2952281,-0.4924671,0.25360158,0.33996707,-0.5414691,0.21179612,0.21793392,-0.007045313715934753,0.2002882957458496,-0.0006414167582988739
