frame,Ankle.R_x,Ankle.R_y,Ankle.R_z,Knee.R_x,Knee.R_y,Knee.R_z,Hip.R_x,Hip.R_y,Hip.R_z,Hip.L_x,Hip.L_y,Hip.L_z,Knee.L_x,Knee.L_y,Knee.L_z,Ankle.L_x,Ankle.L_y,Ankle.L_z,Wrist.R_x,Wrist.R_y,Wrist.R_z,Elbow.R_x,Elbow.R_y,Elbow.R_z,Shoulder.R_x,Shoulder.R_y,Shoulder.R_z,Shoulder.L_x,Shoulder.L_y,Shoulder.L_z,Elbow.L_x,Elbow.L_y,Elbow.L_z,Wrist.L_x,Wrist.L_y,Wrist.L_z,Neck_x,Neck_y,Neck_z,Head_x,Head_y,Head_z,Nose_x,Nose_y,Nose_z,Eye.L_x,Eye.L_y,Eye.L_z,Eye.R_x,Eye.R_y,Eye.R_z,Ear.L_x,Ear.L_y,Ear.L_z,Ear.R_x,Ear.R_y,Ear.R_z,hip.Center_x,hip.Center_y,hip.Center_z
0,0.38588905,-0.029177688,-0.7550415,0.14163135,0.09836793,-0.4111323,-0.09062368,0.18152545,-0.09195466,0.07614039,0.21848722,0.089360096,0.28783855,0.2859726,-0.2928261,0.5032816,0.38096943,-0.6792066,-0.64588594,-0.24861488,0.0647542,-0.47578233,-0.11602653,-0.05877528,-0.4364141,0.109354675,0.11095943,-0.32930943,0.27115202,0.28361517,-0.06378854,0.20390777,0.2996994,-0.118064806,0.02362277,0.45592034,-0.4270681,0.19269228,0.21676584,-0.5725271,0.28631565,0.27163228,-0.56998616,0.13926536,0.33273596,-0.5656783,0.19790603,0.34648067,-0.5990457,0.17463326,0.29332328,-0.4880908,0.25815287,0.31978083,-0.55676466,0.21635178,0.20663863,-0.007241643965244293,0.20000633597373962,-0.0012972839176654816
