frame,Ankle.R_x,Ankle.R_y,Ankle.R_z,Knee.R_x,Knee.R_y,Knee.R_z,Hip.R_x,Hip.R_y,Hip.R_z,Hip.L_x,Hip.L_y,Hip.L_z,Knee.L_x,Knee.L_y,Knee.L_z,Ankle.L_x,Ankle.L_y,Ankle.L_z,Wrist.R_x,Wrist.R_y,Wrist.R_z,Elbow.R_x,Elbow.R_y,Elbow.R_z,Shoulder.R_x,Shoulder.R_y,Shoulder.R_z,Shoulder.L_x,Shoulder.L_y,Shoulder.L_z,Elbow.L_x,Elbow.L_y,Elbow.L_z,Wrist.L_x,Wrist.L_y,Wrist.L_z,Neck_x,Neck_y,Neck_z,Head_x,Head_y,Head_z,Nose_x,Nose_y,Nose_z,Eye.L_x,Eye.L_y,Eye.L_z,Eye.R_x,Eye.R_y,Eye.R_z,Ear.L_x,Ear.L_y,Ear.L_z,Ear.R_x,Ear.R_y,Ear.R_z,hip.Center_x,hip.Center_y,hip.Center_z
0,0.39481091,-0.064008944,-0.73317915,0.16771802,0.10262328,-0.39854443,-0.08640998,0.18982768,-0.10159385,0.0734772,0.20814265,0.09104467,0.29166582,0.2878673,-0.2863452,0.5287464,0.4034379,-0.65402484,-0.6800148,-0.112887025,0.045733597,-0.5338257,-0.029473126,-0.13589893,-0.45517525,0.12653193,0.07802532,-0.3757776,0.2517042,0.25965223,-0.12913755,0.19501977,0.34784988,-0.013290455,-0.0053638453,0.45673874,-0.44859076,0.18673393,0.18061921,-0.57638144,0.2821699,0.2228427,-0.5780054,0.14716776,0.31005365,-0.56808054,0.20634562,0.3123602,-0.6084122,0.17702806,0.26748437,-0.4897967,0.25546116,0.26778883,-0.5727055,0.19885153,0.16995674,-0.006466388702392578,0.19898515939712524,-0.005274590104818344
