frame,Ankle.R_x,Ankle.R_y,Ankle.R_z,Knee.R_x,Knee.R_y,Knee.R_z,Hip.R_x,Hip.R_y,Hip.R_z,Hip.L_x,Hip.L_y,Hip.L_z,Knee.L_x,Knee.L_y,Knee.L_z,Ankle.L_x,Ankle.L_y,Ankle.L_z,Wrist.R_x,Wrist.R_y,Wrist.R_z,Elbow.R_x,Elbow.R_y,Elbow.R_z,Shoulder.R_x,Shoulder.R_y,Shoulder.R_z,Shoulder.L_x,Shoulder.L_y,Shoulder.L_z,Elbow.L_x,Elbow.L_y,Elbow.L_z,Wrist.L_x,Wrist.L_y,Wrist.L_z,Neck_x,Neck_y,Neck_z,Head_x,Head_y,Head_z,Nose_x,Nose_y,Nose_z,Eye.L_x,Eye.L_y,Eye.L_z,Eye.R_x,Eye.R_y,Eye.R_z,Ear.L_x,Ear.L_y,Ear.L_z,Ear.R_x,Ear.R_y,Ear.R_z,hip.Center_x,hip.Center_y,hip.Center_z
0,0.38937303,-0.059104938,-0.7315906,0.16303712,0.103042535,-0.39792866,-0.08600462,0.19276956,-0.10303054,0.07552323,0.20539601,0.08995437,0.28826657,0.28441137,-0.2926,0.522389,0.4052822,-0.65870535,-0.680082,0.0055002617,0.051963575,-0.52797455,0.00055481656,-0.14128704,-0.45574582,0.1412942,0.078405805,-0.38925886,0.2329874,0.26247677,-0.14651717,0.2108137,0.36608464,0.0061760675,0.026874134,0.45581332,-0.4529698,0.183561,0.1813002,-0.5846648,0.27605224,0.21682857,-0.5846485,0.14235218,0.3057171,-0.57695186,0.20214486,0.3075357,-0.61456805,0.1708278,0.2616269,-0.4988308,0.25337785,0.26561123,-0.5762653,0.19272235,0.16557427,-0.005240697413682938,0.19908279180526733,-0.006538085639476776
