frame,Ankle.R_x,Ankle.R_y,Ankle.R_z,Knee.R_x,Knee.R_y,Knee.R_z,Hip.R_x,Hip.R_y,Hip.R_z,Hip.L_x,Hip.L_y,Hip.L_z,Knee.L_x,Knee.L_y,Knee.L_z,Ankle.L_x,Ankle.L_y,Ankle.L_z,Wrist.R_x,Wrist.R_y,Wrist.R_z,Elbow.R_x,Elbow.R_y,Elbow.R_z,Shoulder.R_x,Shoulder.R_y,Shoulder.R_z,Shoulder.L_x,Shoulder.L_y,Shoulder.L_z,Elbow.L_x,Elbow.L_y,Elbow.L_z,Wrist.L_x,Wrist.L_y,Wrist.L_z,Neck_x,Neck_y,Neck_z,Head_x,Head_y,Head_z,Nose_x,Nose_y,Nose_z,Eye.L_x,Eye.L_y,Eye.L_z,Eye.R_x,Eye.R_y,Eye.R_z,Ear.L_x,Ear.L_y,Ear.L_z,Ear.R_x,Ear.R_y,Ear.R_z,hip.Center_x,hip.Center_y,hip.Center_z
0,0.38350916,-0.07587459,-0.72747815,0.16595094,0.096810244,-0.39210108,-0.085649416,0.18970785,-0.103632115,0.07740347,0.20795543,0.08675626,0.2903215,0.2790353,-0.29513675,0.5070237,0.4154719,-0.6658843,-0.6803267,0.10734227,0.028716583,-0.50868726,0.02269528,-0.11850603,-0.45884055,0.187141,0.08536031,-0.39739767,0.2353979,0.2710011,-0.15098324,0.22539005,0.37359858,0.033999413,0.047558717,0.40950298,-0.45638445,0.20801172,0.18423964,-0.60106,0.2865005,0.21923682,-0.58945847,0.14541984,0.2958833,-0.5889648,0.20559457,0.3030708,-0.62143576,0.17506641,0.25322267,-0.5157573,0.26783744,0.2690765,-0.58236,0.21002504,0.16096953,-0.00412297248840332,0.19883164763450623,-0.008437927812337875
