frame,Ankle.R_x,Ankle.R_y,Ankle.R_z,Knee.R_x,Knee.R_y,Knee.R_z,Hip.R_x,Hip.R_y,Hip.R_z,Hip.L_x,Hip.L_y,Hip.L_z,Knee.L_x,Knee.L_y,Knee.L_z,Ankle.L_x,Ankle.L_y,Ankle.L_z,Wrist.R_x,Wrist.R_y,Wrist.R_z,Elbow.R_x,Elbow.R_y,Elbow.R_z,Shoulder.R_x,Shoulder.R_y,Shoulder.R_z,Shoulder.L_x,Shoulder.L_y,Shoulder.L_z,Elbow.L_x,Elbow.L_y,Elbow.L_z,Wrist.L_x,Wrist.L_y,Wrist.L_z,Neck_x,Neck_y,Neck_z,Head_x,Head_y,Head_z,Nose_x,Nose_y,Nose_z,Eye.L_x,Eye.L_y,Eye.L_z,Eye.R_x,Eye.R_y,Eye.R_z,Ear.L_x,Ear.L_y,Ear.L_z,Ear.R_x,Ear.R_y,Ear.R_z,hip.Center_x,hip.Center_y,hip.Center_z
0,0.4252712,0.021949222,-0.75090855,0.1779708,0.11734206,-0.3969791,-0.07274394,0.12621558,-0.06809977,0.068233386,0.27178502,0.07549834,0.26676774,0.29384163,-0.3146906,0.4848527,0.30214328,-0.7059371,-0.50973374,-0.20606843,0.0069849878,-0.36622593,-0.04367376,-0.107681476,-0.43404466,0.14196916,0.09587066,-0.37440616,0.34987935,0.230818,-0.12074557,0.38938802,0.3231608,-0.214302,0.19995812,0.44550288,-0.44534758,0.2414971,0.18207934,-0.6166676,0.29596364,0.20633402,-0.5816656,0.16130657,0.28530133,-0.5983064,0.22009248,0.29247177,-0.6114226,0.183824,0.23749092,-0.5389205,0.30082768,0.27219474,-0.56717646,0.22960609,0.15572743,-0.002255275845527649,0.1990002989768982,0.00369928777217865
