frame,Ankle.R_x,Ankle.R_y,Ankle.R_z,Knee.R_x,Knee.R_y,Knee.R_z,Hip.R_x,Hip.R_y,Hip.R_z,Hip.L_x,Hip.L_y,Hip.L_z,Knee.L_x,Knee.L_y,Knee.L_z,Ankle.L_x,Ankle.L_y,Ankle.L_z,Wrist.R_x,Wrist.R_y,Wrist.R_z,Elbow.R_x,Elbow.R_y,Elbow.R_z,Shoulder.R_x,Shoulder.R_y,Shoulder.R_z,Shoulder.L_x,Shoulder.L_y,Shoulder.L_z,Elbow.L_x,Elbow.L_y,Elbow.L_z,Wrist.L_x,Wrist.L_y,Wrist.L_z,Neck_x,Neck_y,Neck_z,Head_x,Head_y,Head_z,Nose_x,Nose_y,Nose_z,Eye.L_x,Eye.L_y,Eye.L_z,Eye.R_x,Eye.R_y,Eye.R_z,Ear.L_x,Ear.L_y,Ear.L_z,Ear.R_x,Ear.R_y,Ear.R_z,hip.Center_x,hip.Center_y,hip.Center_z
0,0.3892977,-0.078088544,-0.7274951,0.16378884,0.09584536,-0.39789218,-0.08612712,0.18381198,-0.10093692,0.077142775,0.2137638,0.08793821,0.2880211,0.27405846,-0.2980662,0.5166766,0.39117423,-0.6704363,-0.616471,0.15002881,0.06881157,-0.5239467,-0.008183224,-0.086900264,-0.45789525,0.18240145,0.09102996,-0.389242,0.27036288,0.26798975,-0.14558956,0.21677263,0.36289108,0.059744187,0.055185556,0.37434104,-0.45225814,0.22603193,0.18548228,-0.5889298,0.31330717,0.2247985,-0.5807919,0.17589386,0.30735922,-0.5764307,0.23598695,0.31166777,-0.6130197,0.2049633,0.26517546,-0.50166047,0.29300466,0.27099526,-0.57655895,0.23339295,0.16979605,-0.004492171108722687,0.1987878978252411,-0.006499353796243668
