frame,Ankle.R_x,Ankle.R_y,Ankle.R_z,Knee.R_x,Knee.R_y,Knee.R_z,Hip.R_x,Hip.R_y,Hip.R_z,Hip.L_x,Hip.L_y,Hip.L_z,Knee.L_x,Knee.L_y,Knee.L_z,Ankle.L_x,Ankle.L_y,Ankle.L_z,Wrist.R_x,Wrist.R_y,Wrist.R_z,Elbow.R_x,Elbow.R_y,Elbow.R_z,Shoulder.R_x,Shoulder.R_y,Shoulder.R_z,Shoulder.L_x,Shoulder.L_y,Shoulder.L_z,Elbow.L_x,Elbow.L_y,Elbow.L_z,Wrist.L_x,Wrist.L_y,Wrist.L_z,Neck_x,Neck_y,Neck_z,Head_x,Head_y,Head_z,Nose_x,Nose_y,Nose_z,Eye.L_x,Eye.L_y,Eye.L_z,Eye.R_x,Eye.R_y,Eye.R_z,Ear.L_x,Ear.L_y,Ear.L_z,Ear.R_x,Ear.R_y,Ear.R_z,hip.Center_x,hip.Center_y,hip.Center_z
0,0.38099015,-0.05450851,-0.75007063,0.14602177,0.10304786,-0.41124904,-0.09179768,0.18396813,-0.092570946,0.0777308,0.21466786,0.08597837,0.2965993,0.2837664,-0.28993,0.5292098,0.34522733,-0.6716359,-0.6948216,-0.1094987,0.0964561,-0.4652404,-0.0759557,0.017436469,-0.4517165,0.18913786,0.09692232,-0.35087657,0.32878023,0.2597139,-0.13829616,0.19730984,0.32006624,0.0204895,0.019128256,0.41957957,-0.43684667,0.26454026,0.19115232,-0.54958427,0.36553118,0.27692622,-0.57435167,0.2112149,0.3048733,-0.5564459,0.26242766,0.33037865,-0.59727407,0.25901484,0.27723828,-0.46934116,0.31289542,0.30862647,-0.5522783,0.30963787,0.19667132,-0.007033441215753555,0.19931799173355103,-0.0032962895929813385
