frame,Ankle.R_x,Ankle.R_y,Ankle.R_z,Knee.R_x,Knee.R_y,Knee.R_z,Hip.R_x,Hip.R_y,Hip.R_z,Hip.L_x,Hip.L_y,Hip.L_z,Knee.L_x,Knee.L_y,Knee.L_z,Ankle.L_x,Ankle.L_y,Ankle.L_z,Wrist.R_x,Wrist.R_y,Wrist.R_z,Elbow.R_x,Elbow.R_y,Elbow.R_z,Shoulder.R_x,Shoulder.R_y,Shoulder.R_z,Shoulder.L_x,Shoulder.L_y,Shoulder.L_z,Elbow.L_x,Elbow.L_y,Elbow.L_z,Wrist.L_x,Wrist.L_y,Wrist.L_z,Neck_x,Neck_y,Neck_z,Head_x,Head_y,Head_z,Nose_x,Nose_y,Nose_z,Eye.L_x,Eye.L_y,Eye.L_z,Eye.R_x,Eye.R_y,Eye.R_z,Ear.L_x,Ear.L_y,Ear.L_z,Ear.R_x,Ear.R_y,Ear.R_z,hip.Center_x,hip.Center_y,hip.Center_z
0,0.37266403,-0.045654856,-0.76070076,0.13565539,0.097441636,-0.41608074,-0.09167954,0.18682592,-0.09287386,0.076864816,0.2137741,0.08690356,0.30047244,0.27691787,-0.28560957,0.53594506,0.33966464,-0.66648793,-0.6577337,-0.16133383,0.20296271,-0.4811543,-0.07949598,0.05409768,-0.45652276,0.19225067,0.11183717,-0.3362631,0.35383946,0.24674042,-0.1369056,0.2050183,0.30234954,0.0052539995,0.027280211,0.41739064,-0.4322639,0.28058589,0.19401161,-0.55034333,0.3809507,0.2835576,-0.5598085,0.22668523,0.3192457,-0.5451071,0.2802307,0.34129432,-0.588794,0.2710283,0.29131144,-0.46511394,0.33692253,0.31117284,-0.5531725,0.32184708,0.20526901,-0.0074073635041713715,0.20030000805854797,-0.002985149621963501
