frame,Ankle.R_x,Ankle.R_y,Ankle.R_z,Knee.R_x,Knee.R_y,Knee.R_z,Hip.R_x,Hip.R_y,Hip.R_z,Hip.L_x,Hip.L_y,Hip.L_z,Knee.L_x,Knee.L_y,Knee.L_z,Ankle.L_x,Ankle.L_y,Ankle.L_z,Wrist.R_x,Wrist.R_y,Wrist.R_z,Elbow.R_x,Elbow.R_y,Elbow.R_z,Shoulder.R_x,Shoulder.R_y,Shoulder.R_z,Shoulder.L_x,Shoulder.L_y,Shoulder.L_z,Elbow.L_x,Elbow.L_y,Elbow.L_z,Wrist.L_x,Wrist.L_y,Wrist.L_z,Neck_x,Neck_y,Neck_z,Head_x,Head_y,Head_z,Nose_x,Nose_y,Nose_z,Eye.L_x,Eye.L_y,Eye.L_z,Eye.R_x,Eye.R_y,Eye.R_z,Ear.L_x,Ear.L_y,Ear.L_z,Ear.R_x,Ear.R_y,Ear.R_z,hip.Center_x,hip.Center_y,hip.Center_z
0,0.3689608,-0.031639665,-0.7692817,0.13292207,0.09910261,-0.41877583,-0.09074479,0.18629918,-0.093554616,0.07744785,0.2134929,0.08597053,0.29925263,0.2785725,-0.28791678,0.538771,0.36435986,-0.66305923,-0.6556979,-0.1096751,0.23201145,-0.47277996,-0.078822345,0.077958666,-0.45638812,0.19359624,0.12400276,-0.33947194,0.34661224,0.2563507,-0.12989742,0.20435293,0.29213038,0.009741956,0.022308312,0.40236434,-0.43261048,0.27574873,0.20372695,-0.54539436,0.37683898,0.28903008,-0.5618996,0.22307366,0.32592744,-0.5457619,0.27631164,0.3479214,-0.5884224,0.2683212,0.29677615,-0.4625255,0.3296218,0.3193984,-0.54840094,0.316865,0.21155322,-0.0066484734416007996,0.19989603757858276,-0.003792043775320053
