frame,Ankle.R_x,Ankle.R_y,Ankle.R_z,Knee.R_x,Knee.R_y,Knee.R_z,Hip.R_x,Hip.R_y,Hip.R_z,Hip.L_x,Hip.L_y,Hip.L_z,Knee.L_x,Knee.L_y,Knee.L_z,Ankle.L_x,Ankle.L_y,Ankle.L_z,Wrist.R_x,Wrist.R_y,Wrist.R_z,Elbow.R_x,Elbow.R_y,Elbow.R_z,Shoulder.R_x,Shoulder.R_y,Shoulder.R_z,Shoulder.L_x,Shoulder.L_y,Shoulder.L_z,Elbow.L_x,Elbow.L_y,Elbow.L_z,Wrist.L_x,Wrist.L_y,Wrist.L_z,Neck_x,Neck_y,Neck_z,Head_x,Head_y,Head_z,Nose_x,Nose_y,Nose_z,Eye.L_x,Eye.L_y,Eye.L_z,Eye.R_x,Eye.R_y,Eye.R_z,Ear.L_x,Ear.L_y,Ear.L_z,Ear.R_x,Ear.R_y,Ear.R_z,hip.Center_x,hip.Center_y,hip.Center_z
0,0.38654345,-0.038321994,-0.7494755,0.13065049,0.09146673,-0.41430148,-0.09252259,0.1846365,-0.093059905,0.0791937,0.21412712,0.08619968,0.2766452,0.2806945,-0.3043225,0.5015076,0.4188685,-0.67334956,-0.6512507,0.11015748,0.2726888,-0.5189372,-0.09125616,0.2352408,-0.4481936,0.15924563,0.14475682,-0.3215292,0.3269638,0.26019534,-0.09526276,0.2024894,0.29129124,0.08037252,0.051911417,0.4007718,-0.42324188,0.25086677,0.21854414,-0.5410673,0.35823685,0.30974975,-0.5441532,0.20724082,0.35506138,-0.52934766,0.2621211,0.37290388,-0.57585335,0.24923232,0.3269018,-0.4518867,0.31752408,0.33441675,-0.5480154,0.29526016,0.23689906,-0.006664447486400604,0.19938181340694427,-0.003430113196372986
