frame,Ankle.R_x,Ankle.R_y,Ankle.R_z,Knee.R_x,Knee.R_y,Knee.R_z,Hip.R_x,Hip.R_y,Hip.R_z,Hip.L_x,Hip.L_y,Hip.L_z,Knee.L_x,Knee.L_y,Knee.L_z,Ankle.L_x,Ankle.L_y,Ankle.L_z,Wrist.R_x,Wrist.R_y,Wrist.R_z,Elbow.R_x,Elbow.R_y,Elbow.R_z,Shoulder.R_x,Shoulder.R_y,Shoulder.R_z,Shoulder.L_x,Shoulder.L_y,Shoulder.L_z,Elbow.L_x,Elbow.L_y,Elbow.L_z,Wrist.L_x,Wrist.L_y,Wrist.L_z,Neck_x,Neck_y,Neck_z,Head_x,Head_y,Head_z,Nose_x,Nose_y,Nose_z,Eye.L_x,Eye.L_y,Eye.L_z,Eye.R_x,Eye.R_y,Eye.R_z,Ear.L_x,Ear.L_y,Ear.L_z,Ear.R_x,Ear.R_y,Ear.R_z,hip.Center_x,hip.Center_y,hip.Center_z
0,0.40080702,-0.026036981,-0.7467264,0.13398908,0.102159016,-0.41935837,-0.09105586,0.1762164,-0.09050046,0.07909331,0.22611585,0.08281704,0.2850956,0.2833178,-0.30055517,0.5166405,0.37123355,-0.6775871,-0.67751735,-0.16633032,0.3349819,-0.52348864,-0.105503514,0.15202929,-0.4459619,0.16035938,0.17377125,-0.32229728,0.34796107,0.2510359,-0.10462434,0.22070721,0.27797252,0.05424816,0.032991298,0.35902283,-0.4161808,0.2560485,0.23246115,-0.5227665,0.3573979,0.32687253,-0.52520525,0.20499253,0.37173256,-0.51099044,0.25980145,0.3896309,-0.55702114,0.24679726,0.34314483,-0.4344356,0.3163279,0.35168183,-0.527868,0.29426095,0.25296143,-0.005981277674436569,0.20116612315177917,-0.0038417093455791473
