frame,Ankle.R_x,Ankle.R_y,Ankle.R_z,Knee.R_x,Knee.R_y,Knee.R_z,Hip.R_x,Hip.R_y,Hip.R_z,Hip.L_x,Hip.L_y,Hip.L_z,Knee.L_x,Knee.L_y,Knee.L_z,Ankle.L_x,Ankle.L_y,Ankle.L_z,Wrist.R_x,Wrist.R_y,Wrist.R_z,Elbow.R_x,Elbow.R_y,Elbow.R_z,Shoulder.R_x,Shoulder.R_y,Shoulder.R_z,Shoulder.L_x,Shoulder.L_y,Shoulder.L_z,Elbow.L_x,Elbow.L_y,Elbow.L_z,Wrist.L_x,Wrist.L_y,Wrist.L_z,Neck_x,Neck_y,Neck_z,Head_x,Head_y,Head_z,Nose_x,Nose_y,Nose_z,Eye.L_x,Eye.L_y,Eye.L_z,Eye.R_x,Eye.R_y,Eye.R_z,Ear.L_x,Ear.L_y,Ear.L_z,Ear.R_x,Ear.R_y,Ear.R_z,hip.Center_x,hip.Center_y,hip.Center_z
0,0.40059537,-0.016154895,-0.74414325,0.12997337,0.094082266,-0.41796473,-0.08946768,0.1786608,-0.09274925,0.07986997,0.22138698,0.082964,0.27129778,0.2698781,-0.3103158,0.49484807,0.37597942,-0.68740803,-0.7104212,-0.040993087,0.31971,-0.53053063,-0.10450952,0.17660671,-0.4411779,0.15378031,0.18015938,-0.3225985,0.32431638,0.27154455,-0.08840919,0.22154723,0.27555597,0.07721366,0.040133625,0.34962878,-0.41314954,0.2380116,0.24470888,-0.5322263,0.33114356,0.32276526,-0.5241362,0.18326353,0.3804974,-0.5163332,0.24051085,0.39457494,-0.55764216,0.2195565,0.34652305,-0.44258842,0.30085823,0.35665408,-0.52660835,0.2620758,0.25470343,-0.004798855632543564,0.20002388954162598,-0.004892624914646149
