frame,Ankle.R_x,Ankle.R_y,Ankle.R_z,Knee.R_x,Knee.R_y,Knee.R_z,Hip.R_x,Hip.R_y,Hip.R_z,Hip.L_x,Hip.L_y,Hip.L_z,Knee.L_x,Knee.L_y,Knee.L_z,Ankle.L_x,Ankle.L_y,Ankle.L_z,Wrist.R_x,Wrist.R_y,Wrist.R_z,Elbow.R_x,Elbow.R_y,Elbow.R_z,Shoulder.R_x,Shoulder.R_y,Shoulder.R_z,Shoulder.L_x,Shoulder.L_y,Shoulder.L_z,Elbow.L_x,Elbow.L_y,Elbow.L_z,Wrist.L_x,Wrist.L_y,Wrist.L_z,Neck_x,Neck_y,Neck_z,Head_x,Head_y,Head_z,Nose_x,Nose_y,Nose_z,Eye.L_x,Eye.L_y,Eye.L_z,Eye.R_x,Eye.R_y,Eye.R_z,Ear.L_x,Ear.L_y,Ear.L_z,Ear.R_x,Ear.R_y,Ear.R_z,hip.Center_x,hip.Center_y,hip.Center_z
0,0.4015434,-0.017360955,-0.74868065,0.1377758,0.096387856,-0.41542906,-0.09009398,0.1768348,-0.09211001,0.07990021,0.22351763,0.083486766,0.27038622,0.27775136,-0.3127555,0.49719495,0.40210137,-0.6844168,-0.7102204,0.03525065,0.29854044,-0.53819036,-0.11022747,0.20892799,-0.4391025,0.14279105,0.17463323,-0.32654843,0.3073087,0.28140563,-0.08178143,0.22433676,0.2819528,0.09042581,0.041261487,0.34045357,-0.415103,0.22330594,0.24546705,-0.5318026,0.31897599,0.32358915,-0.5286637,0.17106959,0.38150272,-0.5180686,0.22818421,0.39527223,-0.5608957,0.20870844,0.3478353,-0.44172585,0.2853024,0.35667378,-0.5301101,0.24941878,0.25587142,-0.005096882581710815,0.2001762092113495,-0.004311621189117432
