frame,Ankle.R_x,Ankle.R_y,Ankle.R_z,Knee.R_x,Knee.R_y,Knee.R_z,Hip.R_x,Hip.R_y,Hip.R_z,Hip.L_x,Hip.L_y,Hip.L_z,Knee.L_x,Knee.L_y,Knee.L_z,Ankle.L_x,Ankle.L_y,Ankle.L_z,Wrist.R_x,Wrist.R_y,Wrist.R_z,Elbow.R_x,Elbow.R_y,Elbow.R_z,Shoulder.R_x,Shoulder.R_y,Shoulder.R_z,Shoulder.L_x,Shoulder.L_y,Shoulder.L_z,Elbow.L_x,Elbow.L_y,Elbow.L_z,Wrist.L_x,Wrist.L_y,Wrist.L_z,Neck_x,Neck_y,Neck_z,Head_x,Head_y,Head_z,Nose_x,Nose_y,Nose_z,Eye.L_x,Eye.L_y,Eye.L_z,Eye.R_x,Eye.R_y,Eye.R_z,Ear.L_x,Ear.L_y,Ear.L_z,Ear.R_x,Ear.R_y,Ear.R_z,hip.Center_x,hip.Center_y,hip.Center_z
0,0.4011501,-0.030102069,-0.74390143,0.14523368,0.09331601,-0.40975896,-0.08944273,0.17190477,-0.09145096,0.08060752,0.22696663,0.08262277,0.26588422,0.28026038,-0.31578594,0.4955768,0.40615952,-0.684391,-0.7028988,0.07464238,0.27644563,-0.5440173,-0.10649348,0.23669383,-0.4334638,0.136466,0.18344003,-0.324726,0.3012963,0.2837488,-0.08088138,0.22195688,0.27766326,0.09708248,0.048157025,0.3411164,-0.41094851,0.21631049,0.25085285,-0.52722996,0.31392714,0.31695437,-0.5229493,0.17320175,0.39096898,-0.5127629,0.23154755,0.39845777,-0.5553696,0.20648387,0.35338113,-0.4366132,0.28495464,0.35394773,-0.52495384,0.2372449,0.25784552,-0.004417605698108673,0.19943571090698242,-0.004414096474647522
