frame,Ankle.R_x,Ankle.R_y,Ankle.R_z,Knee.R_x,Knee.R_y,Knee.R_z,Hip.R_x,Hip.R_y,Hip.R_z,Hip.L_x,Hip.L_y,Hip.L_z,Knee.L_x,Knee.L_y,Knee.L_z,Ankle.L_x,Ankle.L_y,Ankle.L_z,Wrist.R_x,Wrist.R_y,Wrist.R_z,Elbow.R_x,Elbow.R_y,Elbow.R_z,Shoulder.R_x,Shoulder.R_y,Shoulder.R_z,Shoulder.L_x,Shoulder.L_y,Shoulder.L_z,Elbow.L_x,Elbow.L_y,Elbow.L_z,Wrist.L_x,Wrist.L_y,Wrist.L_z,Neck_x,Neck_y,Neck_z,Head_x,Head_y,Head_z,Nose_x,Nose_y,Nose_z,Eye.L_x,Eye.L_y,Eye.L_z,Eye.R_x,Eye.R_y,Eye.R_z,Ear.L_x,Ear.L_y,Ear.L_z,Ear.R_x,Ear.R_y,Ear.R_z,hip.Center_x,hip.Center_y,hip.Center_z
0,0.38955507,-0.031476732,-0.7490516,0.14232819,0.09719065,-0.41257486,-0.08906421,0.17354515,-0.092607245,0.08008055,0.22690248,0.08398249,0.26758924,0.28948876,-0.31330588,0.49396864,0.43537045,-0.67719483,-0.6671795,0.087673366,0.26443708,-0.5435676,-0.11846043,0.2330672,-0.43546715,0.12820132,0.18212071,-0.32294583,0.2984353,0.28189734,-0.074188836,0.22458726,0.27656186,0.10422579,0.050123606,0.34126282,-0.41162533,0.2118194,0.25057885,-0.5238077,0.3162876,0.3203581,-0.5233462,0.17556292,0.39455712,-0.5103487,0.23347074,0.40146542,-0.55566525,0.21039858,0.35801214,-0.4335605,0.2832343,0.35427856,-0.5271882,0.23974343,0.261029,-0.004491832107305527,0.20022381842136383,-0.004312377423048019
