frame,Ankle.R_x,Ankle.R_y,Ankle.R_z,Knee.R_x,Knee.R_y,Knee.R_z,Hip.R_x,Hip.R_y,Hip.R_z,Hip.L_x,Hip.L_y,Hip.L_z,Knee.L_x,Knee.L_y,Knee.L_z,Ankle.L_x,Ankle.L_y,Ankle.L_z,Wrist.R_x,Wrist.R_y,Wrist.R_z,Elbow.R_x,Elbow.R_y,Elbow.R_z,Shoulder.R_x,Shoulder.R_y,Shoulder.R_z,Shoulder.L_x,Shoulder.L_y,Shoulder.L_z,Elbow.L_x,Elbow.L_y,Elbow.L_z,Wrist.L_x,Wrist.L_y,Wrist.L_z,Neck_x,Neck_y,Neck_z,Head_x,Head_y,Head_z,Nose_x,Nose_y,Nose_z,Eye.L_x,Eye.L_y,Eye.L_z,Eye.R_x,Eye.R_y,Eye.R_z,Ear.L_x,Ear.L_y,Ear.L_z,Ear.R_x,Ear.R_y,Ear.R_z,hip.Center_x,hip.Center_y,hip.Center_z
0,0.40909776,-0.015790028,-0.74165505,0.14502229,0.109398834,-0.41491285,-0.09038305,0.17204955,-0.090587996,0.07955824,0.2275134,0.08305447,0.27647337,0.29967582,-0.30447492,0.4996796,0.42291176,-0.677353,-0.68480104,-0.034310434,0.2697948,-0.47652385,-0.14462204,0.22063237,-0.43223593,0.12739164,0.18302673,-0.3109051,0.31374222,0.27662063,-0.074405454,0.21121338,0.25773904,0.09443256,0.040580317,0.3490357,-0.4073161,0.22421457,0.2522396,-0.5231044,0.3293191,0.33319962,-0.5199869,0.1830182,0.39460108,-0.50828165,0.24023537,0.4067431,-0.55299693,0.22028461,0.36129147,-0.43254817,0.2950773,0.36425948,-0.5249709,0.25865865,0.26756,-0.005412407219409943,0.19978147745132446,-0.0037667639553546906
