frame,Ankle.R_x,Ankle.R_y,Ankle.R_z,Knee.R_x,Knee.R_y,Knee.R_z,Hip.R_x,Hip.R_y,Hip.R_z,Hip.L_x,Hip.L_y,Hip.L_z,Knee.L_x,Knee.L_y,Knee.L_z,Ankle.L_x,Ankle.L_y,Ankle.L_z,Wrist.R_x,Wrist.R_y,Wrist.R_z,Elbow.R_x,Elbow.R_y,Elbow.R_z,Shoulder.R_x,Shoulder.R_y,Shoulder.R_z,Shoulder.L_x,Shoulder.L_y,Shoulder.L_z,Elbow.L_x,Elbow.L_y,Elbow.L_z,Wrist.L_x,Wrist.L_y,Wrist.L_z,Neck_x,Neck_y,Neck_z,Head_x,Head_y,Head_z,Nose_x,Nose_y,Nose_z,Eye.L_x,Eye.L_y,Eye.L_z,Eye.R_x,Eye.R_y,Eye.R_z,Ear.L_x,Ear.L_y,Ear.L_z,Ear.R_x,Ear.R_y,Ear.R_z,hip.Center_x,hip.Center_y,hip.Center_z
0,0.41092512,-0.0008699111,-0.7475645,0.1459103,0.11501752,-0.4164261,-0.090911046,0.17339668,-0.08954213,0.08015074,0.22489083,0.0819897,0.27796084,0.29782346,-0.30356404,0.5110364,0.42652017,-0.66895896,-0.6536811,-0.21989591,0.3369765,-0.51031834,-0.120446645,0.16057526,-0.4349385,0.1436503,0.19382218,-0.31047478,0.32971412,0.27002797,-0.07912028,0.22343154,0.24624766,0.05933036,0.038181342,0.35384667,-0.40460587,0.23705104,0.25537652,-0.5146521,0.33495766,0.3478024,-0.5119928,0.18315755,0.39515886,-0.4999091,0.23891455,0.41222477,-0.5449446,0.22341774,0.36551592,-0.4252324,0.2974739,0.37411112,-0.517114,0.27003038,0.27504236,-0.005380153656005859,0.19914375245571136,-0.0037762150168418884
