frame,Ankle.R_x,Ankle.R_y,Ankle.R_z,Knee.R_x,Knee.R_y,Knee.R_z,Hip.R_x,Hip.R_y,Hip.R_z,Hip.L_x,Hip.L_y,Hip.L_z,Knee.L_x,Knee.L_y,Knee.L_z,Ankle.L_x,Ankle.L_y,Ankle.L_z,Wrist.R_x,Wrist.R_y,Wrist.R_z,Elbow.R_x,Elbow.R_y,Elbow.R_z,Shoulder.R_x,Shoulder.R_y,Shoulder.R_z,Shoulder.L_x,Shoulder.L_y,Shoulder.L_z,Elbow.L_x,Elbow.L_y,Elbow.L_z,Wrist.L_x,Wrist.L_y,Wrist.L_z,Neck_x,Neck_y,Neck_z,Head_x,Head_y,Head_z,Nose_x,Nose_y,Nose_z,Eye.L_x,Eye.L_y,Eye.L_z,Eye.R_x,Eye.R_y,Eye.R_z,Ear.L_x,Ear.L_y,Ear.L_z,Ear.R_x,Ear.R_y,Ear.R_z,hip.Center_x,hip.Center_y,hip.Center_z
0,0.3981811,-0.004464017,-0.75151634,0.14090197,0.12356027,-0.4200313,-0.08974558,0.17656326,-0.09243733,0.07920706,0.22204477,0.084147856,0.27193412,0.30631888,-0.30443373,0.48541042,0.43170428,-0.68253255,-0.69473696,0.030150719,0.27025563,-0.522455,-0.13346988,0.22081263,-0.43319643,0.12502804,0.17870834,-0.31809416,0.295254,0.29057464,-0.06055141,0.23423347,0.29404402,0.10424738,0.04121603,0.34267873,-0.4075842,0.20962106,0.2536838,-0.51842,0.3057073,0.34656468,-0.5068761,0.15678504,0.40000886,-0.49540794,0.21373077,0.41379434,-0.5433569,0.19469962,0.3714269,-0.42484385,0.2724315,0.367925,-0.52421486,0.23833773,0.27761108,-0.005269259214401245,0.1993040144443512,-0.004144735634326935
