frame,Ankle.R_x,Ankle.R_y,Ankle.R_z,Knee.R_x,Knee.R_y,Knee.R_z,Hip.R_x,Hip.R_y,Hip.R_z,Hip.L_x,Hip.L_y,Hip.L_z,Knee.L_x,Knee.L_y,Knee.L_z,Ankle.L_x,Ankle.L_y,Ankle.L_z,Wrist.R_x,Wrist.R_y,Wrist.R_z,Elbow.R_x,Elbow.R_y,Elbow.R_z,Shoulder.R_x,Shoulder.R_y,Shoulder.R_z,Shoulder.L_x,Shoulder.L_y,Shoulder.L_z,Elbow.L_x,Elbow.L_y,Elbow.L_z,Wrist.L_x,Wrist.L_y,Wrist.L_z,Neck_x,Neck_y,Neck_z,Head_x,Head_y,Head_z,Nose_x,Nose_y,Nose_z,Eye.L_x,Eye.L_y,Eye.L_z,Eye.R_x,Eye.R_y,Eye.R_z,Ear.L_x,Ear.L_y,Ear.L_z,Ear.R_x,Ear.R_y,Ear.R_z,hip.Center_x,hip.Center_y,hip.Center_z
0,0.40564653,0.023714732,-0.74413025,0.1495148,0.15324162,-0.41269535,-0.07159051,0.12669864,-0.068440326,0.069919,0.27142835,0.07508108,0.25271687,0.3311207,-0.3164898,0.49129394,0.3219402,-0.68970853,-0.650916,-0.31782827,0.034114886,-0.52028835,-0.09016922,0.014962291,-0.45189986,0.15780544,0.098600745,-0.36160842,0.34615168,0.21578954,-0.19053923,0.22553325,0.34962437,-0.1588487,0.047980152,0.5338098,-0.4414522,0.25368324,0.16886511,-0.58153355,0.3430879,0.23056176,-0.5702234,0.19620681,0.2908182,-0.5659094,0.254851,0.3049792,-0.601914,0.23068,0.25373164,-0.4934656,0.3192122,0.27256015,-0.5666365,0.27156585,0.16408058,-0.000835757702589035,0.1990634948015213,0.0033203773200511932
