frame,Ankle.R_x,Ankle.R_y,Ankle.R_z,Knee.R_x,Knee.R_y,Knee.R_z,Hip.R_x,Hip.R_y,Hip.R_z,Hip.L_x,Hip.L_y,Hip.L_z,Knee.L_x,Knee.L_y,Knee.L_z,Ankle.L_x,Ankle.L_y,Ankle.L_z,Wrist.R_x,Wrist.R_y,Wrist.R_z,Elbow.R_x,Elbow.R_y,Elbow.R_z,Shoulder.R_x,Shoulder.R_y,Shoulder.R_z,Shoulder.L_x,Shoulder.L_y,Shoulder.L_z,Elbow.L_x,Elbow.L_y,Elbow.L_z,Wrist.L_x,Wrist.L_y,Wrist.L_z,Neck_x,Neck_y,Neck_z,Head_x,Head_y,Head_z,Nose_x,Nose_y,Nose_z,Eye.L_x,Eye.L_y,Eye.L_z,Eye.R_x,Eye.R_y,Eye.R_z,Ear.L_x,Ear.L_y,Ear.L_z,Ear.R_x,Ear.R_y,Ear.R_z,hip.Center_x,hip.Center_y,hip.Center_z
0,0.3823073,-0.008566903,-0.7572335,0.1430502,0.12337174,-0.41770336,-0.08905786,0.16980563,-0.09093878,0.07936576,0.22694938,0.083563305,0.27069893,0.30926856,-0.30454108,0.4882028,0.43642697,-0.677604,-0.65138024,0.039108362,0.2602701,-0.5112825,-0.14547653,0.20239547,-0.4296857,0.11825198,0.18527326,-0.3150268,0.29866248,0.28479093,-0.06244927,0.22575162,0.2833441,0.109965116,0.041139286,0.33558774,-0.40520602,0.20763999,0.25481716,-0.52348167,0.30260533,0.3374253,-0.5126894,0.15553896,0.3965344,-0.50379914,0.21303685,0.40952003,-0.5476229,0.19158694,0.3640321,-0.43107104,0.27249604,0.36747783,-0.52202535,0.23298088,0.27101827,-0.004846051335334778,0.19837750494480133,-0.0036877356469631195
