frame,Ankle.R_x,Ankle.R_y,Ankle.R_z,Knee.R_x,Knee.R_y,Knee.R_z,Hip.R_x,Hip.R_y,Hip.R_z,Hip.L_x,Hip.L_y,Hip.L_z,Knee.L_x,Knee.L_y,Knee.L_z,Ankle.L_x,Ankle.L_y,Ankle.L_z,Wrist.R_x,Wrist.R_y,Wrist.R_z,Elbow.R_x,Elbow.R_y,Elbow.R_z,Shoulder.R_x,Shoulder.R_y,Shoulder.R_z,Shoulder.L_x,Shoulder.L_y,Shoulder.L_z,Elbow.L_x,Elbow.L_y,Elbow.L_z,Wrist.L_x,Wrist.L_y,Wrist.L_z,Neck_x,Neck_y,Neck_z,Head_x,Head_y,Head_z,Nose_x,Nose_y,Nose_z,Eye.L_x,Eye.L_y,Eye.L_z,Eye.R_x,Eye.R_y,Eye.R_z,Ear.L_x,Ear.L_y,Ear.L_z,Ear.R_x,Ear.R_y,Ear.R_z,hip.Center_x,hip.Center_y,hip.Center_z
0,0.37160152,-0.013360091,-0.7621049,0.14385174,0.12929335,-0.41792974,-0.08851653,0.16398215,-0.08752823,0.07924338,0.23078123,0.0822892,0.27667642,0.32373077,-0.29779446,0.49618167,0.44508052,-0.6723872,-0.6631838,-0.12129079,0.28442994,-0.46566162,-0.15680686,0.1493606,-0.43221742,0.11927365,0.17028396,-0.32345122,0.3066343,0.27523836,-0.07183461,0.23761751,0.26387712,0.08850679,0.05763273,0.35083494,-0.4120679,0.21335633,0.2441349,-0.52414286,0.3138213,0.33283442,-0.5232798,0.16383725,0.3856511,-0.5098028,0.22014967,0.4006544,-0.5561084,0.20370264,0.35526443,-0.43437347,0.27611816,0.35944128,-0.5292976,0.24635383,0.2629007,-0.004636578261852264,0.19738169014453888,-0.0026195161044597626
