frame,Ankle.R_x,Ankle.R_y,Ankle.R_z,Knee.R_x,Knee.R_y,Knee.R_z,Hip.R_x,Hip.R_y,Hip.R_z,Hip.L_x,Hip.L_y,Hip.L_z,Knee.L_x,Knee.L_y,Knee.L_z,Ankle.L_x,Ankle.L_y,Ankle.L_z,Wrist.R_x,Wrist.R_y,Wrist.R_z,Elbow.R_x,Elbow.R_y,Elbow.R_z,Shoulder.R_x,Shoulder.R_y,Shoulder.R_z,Shoulder.L_x,Shoulder.L_y,Shoulder.L_z,Elbow.L_x,Elbow.L_y,Elbow.L_z,Wrist.L_x,Wrist.L_y,Wrist.L_z,Neck_x,Neck_y,Neck_z,Head_x,Head_y,Head_z,Nose_x,Nose_y,Nose_z,Eye.L_x,Eye.L_y,Eye.L_z,Eye.R_x,Eye.R_y,Eye.R_z,Ear.L_x,Ear.L_y,Ear.L_z,Ear.R_x,Ear.R_y,Ear.R_z,hip.Center_x,hip.Center_y,hip.Center_z
0,0.36522818,-0.0048343726,-0.7704738,0.13639396,0.12567171,-0.42188722,-0.08664292,0.16159585,-0.08691494,0.07809281,0.2353492,0.08160029,0.27875888,0.33488628,-0.2931587,0.50038475,0.4413196,-0.66917247,-0.6471086,-0.19574614,0.28730285,-0.47322324,-0.1454006,0.12414861,-0.4360714,0.12575957,0.17339727,-0.3296271,0.31511346,0.26923138,-0.079165205,0.24829823,0.2577953,0.067727916,0.06859736,0.36392123,-0.4143929,0.21891893,0.24320446,-0.5258119,0.31541705,0.3317973,-0.5207001,0.16549508,0.38571763,-0.508766,0.2222494,0.40009868,-0.5548551,0.20423153,0.35507256,-0.43548018,0.2798547,0.35810113,-0.5294169,0.24726552,0.26202428,-0.0042750537395477295,0.1984725296497345,-0.0026573240756988525
