frame,Ankle.R_x,Ankle.R_y,Ankle.R_z,Knee.R_x,Knee.R_y,Knee.R_z,Hip.R_x,Hip.R_y,Hip.R_z,Hip.L_x,Hip.L_y,Hip.L_z,Knee.L_x,Knee.L_y,Knee.L_z,Ankle.L_x,Ankle.L_y,Ankle.L_z,Wrist.R_x,Wrist.R_y,Wrist.R_z,Elbow.R_x,Elbow.R_y,Elbow.R_z,Shoulder.R_x,Shoulder.R_y,Shoulder.R_z,Shoulder.L_x,Shoulder.L_y,Shoulder.L_z,Elbow.L_x,Elbow.L_y,Elbow.L_z,Wrist.L_x,Wrist.L_y,Wrist.L_z,Neck_x,Neck_y,Neck_z,Head_x,Head_y,Head_z,Nose_x,Nose_y,Nose_z,Eye.L_x,Eye.L_y,Eye.L_z,Eye.R_x,Eye.R_y,Eye.R_z,Ear.L_x,Ear.L_y,Ear.L_z,Ear.R_x,Ear.R_y,Ear.R_z,hip.Center_x,hip.Center_y,hip.Center_z
0,0.3739352,0.02775235,-0.7772915,0.13342638,0.12882468,-0.42395574,-0.09024556,0.17528172,-0.09131789,0.08145328,0.22223178,0.08154699,0.26518714,0.31685606,-0.30640477,0.47758648,0.43321577,-0.68587095,-0.66447467,-0.17354688,0.20391257,-0.45018122,-0.14810081,0.096777424,-0.43281847,0.117487,0.17380492,-0.33523774,0.30605447,0.27059856,-0.09225329,0.22637951,0.26143715,0.07259838,0.058442403,0.36283365,-0.4163023,0.20976123,0.24235627,-0.5366811,0.30181107,0.3089976,-0.5245061,0.1595972,0.38124174,-0.5180906,0.21843572,0.38954893,-0.5588577,0.19147041,0.3437272,-0.4454517,0.27732712,0.3463648,-0.52928835,0.22569433,0.24831617,-0.0043961405754089355,0.19875675439834595,-0.004885450005531311
