frame,Ankle.R_x,Ankle.R_y,Ankle.R_z,Knee.R_x,Knee.R_y,Knee.R_z,Hip.R_x,Hip.R_y,Hip.R_z,Hip.L_x,Hip.L_y,Hip.L_z,Knee.L_x,Knee.L_y,Knee.L_z,Ankle.L_x,Ankle.L_y,Ankle.L_z,Wrist.R_x,Wrist.R_y,Wrist.R_z,Elbow.R_x,Elbow.R_y,Elbow.R_z,Shoulder.R_x,Shoulder.R_y,Shoulder.R_z,Shoulder.L_x,Shoulder.L_y,Shoulder.L_z,Elbow.L_x,Elbow.L_y,Elbow.L_z,Wrist.L_x,Wrist.L_y,Wrist.L_z,Neck_x,Neck_y,Neck_z,Head_x,Head_y,Head_z,Nose_x,Nose_y,Nose_z,Eye.L_x,Eye.L_y,Eye.L_z,Eye.R_x,Eye.R_y,Eye.R_z,Ear.L_x,Ear.L_y,Ear.L_z,Ear.R_x,Ear.R_y,Ear.R_z,hip.Center_x,hip.Center_y,hip.Center_z
0,0.35891518,0.019374471,-0.78207487,0.13268644,0.13356423,-0.42470014,-0.0904212,0.17557831,-0.091058604,0.08184682,0.2217874,0.081821814,0.26303607,0.310987,-0.3096162,0.4714095,0.4351266,-0.69040716,-0.6676292,-0.1597082,0.1842777,-0.45674673,-0.14089592,0.069249935,-0.43551132,0.118309334,0.16402286,-0.33769798,0.30001903,0.27334896,-0.09573242,0.21777658,0.2738545,0.07229868,0.05268449,0.3742451,-0.41861412,0.2077069,0.23830542,-0.5397651,0.29912385,0.3093928,-0.52252644,0.15767193,0.3819131,-0.516124,0.21661744,0.3893295,-0.5592756,0.18893367,0.34616247,-0.44675303,0.2756195,0.34158617,-0.5355673,0.22247015,0.24865702,-0.004287190735340118,0.19868284463882446,-0.004618395119905472
