frame,Ankle.R_x,Ankle.R_y,Ankle.R_z,Knee.R_x,Knee.R_y,Knee.R_z,Hip.R_x,Hip.R_y,Hip.R_z,Hip.L_x,Hip.L_y,Hip.L_z,Knee.L_x,Knee.L_y,Knee.L_z,Ankle.L_x,Ankle.L_y,Ankle.L_z,Wrist.R_x,Wrist.R_y,Wrist.R_z,Elbow.R_x,Elbow.R_y,Elbow.R_z,Shoulder.R_x,Shoulder.R_y,Shoulder.R_z,Shoulder.L_x,Shoulder.L_y,Shoulder.L_z,Elbow.L_x,Elbow.L_y,Elbow.L_z,Wrist.L_x,Wrist.L_y,Wrist.L_z,Neck_x,Neck_y,Neck_z,Head_x,Head_y,Head_z,Nose_x,Nose_y,Nose_z,Eye.L_x,Eye.L_y,Eye.L_z,Eye.R_x,Eye.R_y,Eye.R_z,Ear.L_x,Ear.L_y,Ear.L_z,Ear.R_x,Ear.R_y,Ear.R_z,hip.Center_x,hip.Center_y,hip.Center_z
0,0.34692344,0.0018989457,-0.78140235,0.13607386,0.12844756,-0.42207244,-0.08970716,0.17632604,-0.09275513,0.081394345,0.22026204,0.0833794,0.25681496,0.30840576,-0.3122511,0.46225908,0.46213433,-0.68553656,-0.63675946,-0.10605224,0.16539048,-0.47144666,-0.10047937,-0.008675608,-0.4359704,0.11543079,0.16236587,-0.3353532,0.29397857,0.28242558,-0.088921726,0.21310651,0.29080522,0.06887457,0.036415294,0.3880911,-0.4179024,0.20327458,0.2427203,-0.54080737,0.29571015,0.30871648,-0.5247801,0.15603834,0.38537624,-0.51882637,0.21525154,0.39145422,-0.56091845,0.18630807,0.3481595,-0.44829097,0.27314654,0.34383717,-0.5353999,0.21745631,0.25059128,-0.004156406968832016,0.1982940435409546,-0.00468786433339119
