frame,Ankle.R_x,Ankle.R_y,Ankle.R_z,Knee.R_x,Knee.R_y,Knee.R_z,Hip.R_x,Hip.R_y,Hip.R_z,Hip.L_x,Hip.L_y,Hip.L_z,Knee.L_x,Knee.L_y,Knee.L_z,Ankle.L_x,Ankle.L_y,Ankle.L_z,Wrist.R_x,Wrist.R_y,Wrist.R_z,Elbow.R_x,Elbow.R_y,Elbow.R_z,Shoulder.R_x,Shoulder.R_y,Shoulder.R_z,Shoulder.L_x,Shoulder.L_y,Shoulder.L_z,Elbow.L_x,Elbow.L_y,Elbow.L_z,Wrist.L_x,Wrist.L_y,Wrist.L_z,Neck_x,Neck_y,Neck_z,Head_x,Head_y,Head_z,Nose_x,Nose_y,Nose_z,Eye.L_x,Eye.L_y,Eye.L_z,Eye.R_x,Eye.R_y,Eye.R_z,Ear.L_x,Ear.L_y,Ear.L_z,Ear.R_x,Ear.R_y,Ear.R_z,hip.Center_x,hip.Center_y,hip.Center_z
0,0.3569655,-0.011704608,-0.7711399,0.13747859,0.11993141,-0.4130584,-0.09456052,0.18684985,-0.09233527,0.081877105,0.2038391,0.08392472,0.24665889,0.29630807,-0.31466952,0.42858383,0.44211897,-0.7035239,-0.4177651,-0.044443395,0.113079555,-0.3905119,0.012743028,-0.12062666,-0.43829975,0.14121433,0.1239952,-0.3272815,0.30672395,0.2859189,-0.06722138,0.23285109,0.2986609,0.065280706,0.033379238,0.3843376,-0.42183584,0.22373778,0.22715513,-0.5646988,0.28507298,0.3344785,-0.54764885,0.12859613,0.32011124,-0.54649234,0.17382789,0.35970688,-0.5816878,0.17474973,0.30321684,-0.4746746,0.24706876,0.36207694,-0.54905146,0.25379646,0.24512222,-0.006341706961393356,0.195344477891922,-0.004205275326967239
