frame,Ankle.R_x,Ankle.R_y,Ankle.R_z,Knee.R_x,Knee.R_y,Knee.R_z,Hip.R_x,Hip.R_y,Hip.R_z,Hip.L_x,Hip.L_y,Hip.L_z,Knee.L_x,Knee.L_y,Knee.L_z,Ankle.L_x,Ankle.L_y,Ankle.L_z,Wrist.R_x,Wrist.R_y,Wrist.R_z,Elbow.R_x,Elbow.R_y,Elbow.R_z,Shoulder.R_x,Shoulder.R_y,Shoulder.R_z,Shoulder.L_x,Shoulder.L_y,Shoulder.L_z,Elbow.L_x,Elbow.L_y,Elbow.L_z,Wrist.L_x,Wrist.L_y,Wrist.L_z,Neck_x,Neck_y,Neck_z,Head_x,Head_y,Head_z,Nose_x,Nose_y,Nose_z,Eye.L_x,Eye.L_y,Eye.L_z,Eye.R_x,Eye.R_y,Eye.R_z,Ear.L_x,Ear.L_y,Ear.L_z,Ear.R_x,Ear.R_y,Ear.R_z,hip.Center_x,hip.Center_y,hip.Center_z
0,0.37511063,-0.0013121975,-0.7713927,0.15010603,0.12199566,-0.40927947,-0.09517151,0.19425659,-0.094218075,0.08084665,0.19828646,0.083443336,0.25017208,0.29222077,-0.3145628,0.4359793,0.43676955,-0.70455956,-0.3152445,-0.04143816,0.0696091,-0.35102534,0.089743264,-0.13749321,-0.4430309,0.1664545,0.113077275,-0.3346613,0.3116267,0.2916139,-0.071468405,0.2449745,0.30361974,0.0718067,0.043762237,0.37268898,-0.42806715,0.23711993,0.22279222,-0.5794946,0.2866677,0.3234219,-0.5583339,0.1327951,0.2933385,-0.56179684,0.17346483,0.3377394,-0.59111357,0.1806191,0.27830684,-0.49138212,0.2461247,0.35576078,-0.55423284,0.26571366,0.23280704,-0.007162429392337799,0.19627152383327484,-0.00538736954331398
