frame,Ankle.R_x,Ankle.R_y,Ankle.R_z,Knee.R_x,Knee.R_y,Knee.R_z,Hip.R_x,Hip.R_y,Hip.R_z,Hip.L_x,Hip.L_y,Hip.L_z,Knee.L_x,Knee.L_y,Knee.L_z,Ankle.L_x,Ankle.L_y,Ankle.L_z,Wrist.R_x,Wrist.R_y,Wrist.R_z,Elbow.R_x,Elbow.R_y,Elbow.R_z,Shoulder.R_x,Shoulder.R_y,Shoulder.R_z,Shoulder.L_x,Shoulder.L_y,Shoulder.L_z,Elbow.L_x,Elbow.L_y,Elbow.L_z,Wrist.L_x,Wrist.L_y,Wrist.L_z,Neck_x,Neck_y,Neck_z,Head_x,Head_y,Head_z,Nose_x,Nose_y,Nose_z,Eye.L_x,Eye.L_y,Eye.L_z,Eye.R_x,Eye.R_y,Eye.R_z,Ear.L_x,Ear.L_y,Ear.L_z,Ear.R_x,Ear.R_y,Ear.R_z,hip.Center_x,hip.Center_y,hip.Center_z
0,0.35523272,0.008949688,-0.77950984,0.13111997,0.1299779,-0.41926357,-0.09506658,0.19284499,-0.092547156,0.080811724,0.19967102,0.084138386,0.24548668,0.29699004,-0.3162456,0.42911598,0.4463929,-0.7024206,-0.13401987,-0.031168435,0.06941982,-0.25973856,0.07676489,-0.12100286,-0.428626,0.13555536,0.08831785,-0.35614413,0.3111171,0.26115096,-0.09237529,0.27210867,0.27850828,0.052470494,0.08925446,0.3804459,-0.4375521,0.22101061,0.1960832,-0.5970746,0.27292344,0.29097176,-0.5781817,0.122796044,0.24864739,-0.5847713,0.1590189,0.29620945,-0.60700554,0.17321536,0.23507372,-0.5140525,0.22568586,0.3286465,-0.5627646,0.25935423,0.20254399,-0.007127426564693451,0.19625800848007202,-0.004204384982585907
