frame,Ankle.R_x,Ankle.R_y,Ankle.R_z,Knee.R_x,Knee.R_y,Knee.R_z,Hip.R_x,Hip.R_y,Hip.R_z,Hip.L_x,Hip.L_y,Hip.L_z,Knee.L_x,Knee.L_y,Knee.L_z,Ankle.L_x,Ankle.L_y,Ankle.L_z,Wrist.R_x,Wrist.R_y,Wrist.R_z,Elbow.R_x,Elbow.R_y,Elbow.R_z,Shoulder.R_x,Shoulder.R_y,Shoulder.R_z,Shoulder.L_x,Shoulder.L_y,Shoulder.L_z,Elbow.L_x,Elbow.L_y,Elbow.L_z,Wrist.L_x,Wrist.L_y,Wrist.L_z,Neck_x,Neck_y,Neck_z,Head_x,Head_y,Head_z,Nose_x,Nose_y,Nose_z,Eye.L_x,Eye.L_y,Eye.L_z,Eye.R_x,Eye.R_y,Eye.R_z,Ear.L_x,Ear.L_y,Ear.L_z,Ear.R_x,Ear.R_y,Ear.R_z,hip.Center_x,hip.Center_y,hip.Center_z
0,0.41069904,0.06323153,-0.7682706,0.17026757,0.14856055,-0.40890303,-0.08178857,0.14932083,-0.08583933,0.07394426,0.23920234,0.08629341,0.26183358,0.31029606,-0.30768263,0.44047245,0.44570112,-0.70047253,-0.081146814,0.027810313,0.014524045,-0.2799789,0.05388609,-0.14573449,-0.42870045,0.13980031,0.07193809,-0.37270987,0.3308963,0.24247949,-0.10055658,0.33533993,0.27179626,0.08104608,0.16171083,0.31939223,-0.44959894,0.23313665,0.17358278,-0.63498753,0.27798685,0.20813282,-0.58632255,0.13172366,0.2433145,-0.6084321,0.1827406,0.26738673,-0.61841583,0.16399108,0.20435975,-0.55648494,0.269643,0.274288,-0.5809971,0.23555958,0.1420173,-0.003922153264284134,0.1942615807056427,0.00022703781723976135
