frame,Ankle.R_x,Ankle.R_y,Ankle.R_z,Knee.R_x,Knee.R_y,Knee.R_z,Hip.R_x,Hip.R_y,Hip.R_z,Hip.L_x,Hip.L_y,Hip.L_z,Knee.L_x,Knee.L_y,Knee.L_z,Ankle.L_x,Ankle.L_y,Ankle.L_z,Wrist.R_x,Wrist.R_y,Wrist.R_z,Elbow.R_x,Elbow.R_y,Elbow.R_z,Shoulder.R_x,Shoulder.R_y,Shoulder.R_z,Shoulder.L_x,Shoulder.L_y,Shoulder.L_z,Elbow.L_x,Elbow.L_y,Elbow.L_z,Wrist.L_x,Wrist.L_y,Wrist.L_z,Neck_x,Neck_y,Neck_z,Head_x,Head_y,Head_z,Nose_x,Nose_y,Nose_z,Eye.L_x,Eye.L_y,Eye.L_z,Eye.R_x,Eye.R_y,Eye.R_z,Ear.L_x,Ear.L_y,Ear.L_z,Ear.R_x,Ear.R_y,Ear.R_z,hip.Center_x,hip.Center_y,hip.Center_z
0,0.4381297,0.04758216,-0.74323833,0.17569925,0.1531588,-0.40594384,-0.0753569,0.13790302,-0.07851824,0.07015909,0.2608261,0.081835814,0.26253313,0.33783174,-0.30494177,0.49635378,0.34190348,-0.6820001,-0.6927732,-0.273908,0.09344055,-0.5202466,-0.10232988,0.0027009211,-0.45141563,0.14445338,0.10718776,-0.35709935,0.32805425,0.23790708,-0.13069761,0.24312162,0.3361144,-0.17973821,0.040365938,0.47674942,-0.44053626,0.23843342,0.18686873,-0.58363914,0.33045673,0.23034278,-0.5678195,0.19928521,0.32041937,-0.5647268,0.25996795,0.3211385,-0.6013688,0.22447114,0.27725348,-0.49396938,0.31691122,0.27475297,-0.5688802,0.24679992,0.17967208,-0.002598904073238373,0.199364572763443,0.0016587860882282257
