frame,Ankle.R_x,Ankle.R_y,Ankle.R_z,Knee.R_x,Knee.R_y,Knee.R_z,Hip.R_x,Hip.R_y,Hip.R_z,Hip.L_x,Hip.L_y,Hip.L_z,Knee.L_x,Knee.L_y,Knee.L_z,Ankle.L_x,Ankle.L_y,Ankle.L_z,Wrist.R_x,Wrist.R_y,Wrist.R_z,Elbow.R_x,Elbow.R_y,Elbow.R_z,Shoulder.R_x,Shoulder.R_y,Shoulder.R_z,Shoulder.L_x,Shoulder.L_y,Shoulder.L_z,Elbow.L_x,Elbow.L_y,Elbow.L_z,Wrist.L_x,Wrist.L_y,Wrist.L_z,Neck_x,Neck_y,Neck_z,Head_x,Head_y,Head_z,Nose_x,Nose_y,Nose_z,Eye.L_x,Eye.L_y,Eye.L_z,Eye.R_x,Eye.R_y,Eye.R_z,Ear.L_x,Ear.L_y,Ear.L_z,Ear.R_x,Ear.R_y,Ear.R_z,hip.Center_x,hip.Center_y,hip.Center_z
0,0.44335088,0.07596887,-0.7450272,0.1901735,0.15644033,-0.39657927,-0.06025143,0.11580588,-0.06996661,0.05932518,0.27651238,0.07722047,0.25804356,0.3299465,-0.30908328,0.4413661,0.40479064,-0.7093728,-0.062834635,0.04790679,-0.022825437,-0.28545168,0.05654069,-0.15385185,-0.44059432,0.14392585,0.05450854,-0.38786587,0.3392859,0.21715331,-0.118444905,0.35451645,0.25947213,0.08311591,0.19284818,0.25546587,-0.46039683,0.23898743,0.1504682,-0.6454139,0.2774154,0.16365427,-0.5950335,0.14056928,0.22585782,-0.62106454,0.19383144,0.23951103,-0.62440807,0.16505769,0.1796362,-0.57324106,0.28277814,0.23696257,-0.583685,0.22763017,0.11027726,-0.0004631243646144867,0.19615912437438965,0.003626931458711624
