frame,Ankle.R_x,Ankle.R_y,Ankle.R_z,Knee.R_x,Knee.R_y,Knee.R_z,Hip.R_x,Hip.R_y,Hip.R_z,Hip.L_x,Hip.L_y,Hip.L_z,Knee.L_x,Knee.L_y,Knee.L_z,Ankle.L_x,Ankle.L_y,Ankle.L_z,Wrist.R_x,Wrist.R_y,Wrist.R_z,Elbow.R_x,Elbow.R_y,Elbow.R_z,Shoulder.R_x,Shoulder.R_y,Shoulder.R_z,Shoulder.L_x,Shoulder.L_y,Shoulder.L_z,Elbow.L_x,Elbow.L_y,Elbow.L_z,Wrist.L_x,Wrist.L_y,Wrist.L_z,Neck_x,Neck_y,Neck_z,Head_x,Head_y,Head_z,Nose_x,Nose_y,Nose_z,Eye.L_x,Eye.L_y,Eye.L_z,Eye.R_x,Eye.R_y,Eye.R_z,Ear.L_x,Ear.L_y,Ear.L_z,Ear.R_x,Ear.R_y,Ear.R_z,hip.Center_x,hip.Center_y,hip.Center_z
0,0.47392035,0.1076008,-0.7367573,0.20882784,0.16105257,-0.38236275,-0.04298854,0.10335305,-0.05787443,0.04591631,0.29753348,0.07082346,0.19465786,0.33455786,-0.33882657,0.3939241,0.31275618,-0.73228735,0.083801955,0.057101298,-0.09158557,-0.17693289,0.06744786,-0.136096,-0.41582707,0.10717173,-0.0033545932,-0.407205,0.30982307,0.17823422,-0.13595997,0.34877872,0.19723938,0.08235736,0.21035299,0.19680056,-0.46979484,0.20197424,0.09420741,-0.6578691,0.23110484,0.059186496,-0.6218707,0.09861703,0.13921073,-0.6515093,0.15254861,0.143423,-0.6395542,0.12022683,0.08602272,-0.60637164,0.24257207,0.14757477,-0.58369875,0.18000282,0.025526598,0.0014638863503932953,0.20044326782226562,0.006474515423178673
