frame,Ankle.R_x,Ankle.R_y,Ankle.R_z,Knee.R_x,Knee.R_y,Knee.R_z,Hip.R_x,Hip.R_y,Hip.R_z,Hip.L_x,Hip.L_y,Hip.L_z,Knee.L_x,Knee.L_y,Knee.L_z,Ankle.L_x,Ankle.L_y,Ankle.L_z,Wrist.R_x,Wrist.R_y,Wrist.R_z,Elbow.R_x,Elbow.R_y,Elbow.R_z,Shoulder.R_x,Shoulder.R_y,Shoulder.R_z,Shoulder.L_x,Shoulder.L_y,Shoulder.L_z,Elbow.L_x,Elbow.L_y,Elbow.L_z,Wrist.L_x,Wrist.L_y,Wrist.L_z,Neck_x,Neck_y,Neck_z,Head_x,Head_y,Head_z,Nose_x,Nose_y,Nose_z,Eye.L_x,Eye.L_y,Eye.L_z,Eye.R_x,Eye.R_y,Eye.R_z,Ear.L_x,Ear.L_y,Ear.L_z,Ear.R_x,Ear.R_y,Ear.R_z,hip.Center_x,hip.Center_y,hip.Center_z
0,0.46974877,0.13351029,-0.74588144,0.2224862,0.15520683,-0.37269914,-0.0448257,0.10306695,-0.056420162,0.044431236,0.3001165,0.069905326,0.2184765,0.3186807,-0.3332131,0.42372954,0.29473907,-0.7247086,0.08228121,0.014383305,-0.11494598,-0.17112324,0.08137795,-0.14496571,-0.41280738,0.11715615,-0.014822784,-0.4046355,0.31082678,0.18025431,-0.1307817,0.3453285,0.18736577,0.093186416,0.21939424,0.18221433,-0.47138476,0.20630422,0.08901985,-0.66243005,0.2232235,0.037113614,-0.62238204,0.09521595,0.12140059,-0.6570065,0.14633954,0.12243327,-0.63726807,0.11516594,0.06677893,-0.6200797,0.2397744,0.12995227,-0.58217233,0.17932498,0.011271104,-0.00019723176956176758,0.20159173011779785,0.006742581725120544
