frame,Ankle.R_x,Ankle.R_y,Ankle.R_z,Knee.R_x,Knee.R_y,Knee.R_z,Hip.R_x,Hip.R_y,Hip.R_z,Hip.L_x,Hip.L_y,Hip.L_z,Knee.L_x,Knee.L_y,Knee.L_z,Ankle.L_x,Ankle.L_y,Ankle.L_z,Wrist.R_x,Wrist.R_y,Wrist.R_z,Elbow.R_x,Elbow.R_y,Elbow.R_z,Shoulder.R_x,Shoulder.R_y,Shoulder.R_z,Shoulder.L_x,Shoulder.L_y,Shoulder.L_z,Elbow.L_x,Elbow.L_y,Elbow.L_z,Wrist.L_x,Wrist.L_y,Wrist.L_z,Neck_x,Neck_y,Neck_z,Head_x,Head_y,Head_z,Nose_x,Nose_y,Nose_z,Eye.L_x,Eye.L_y,Eye.L_z,Eye.R_x,Eye.R_y,Eye.R_z,Ear.L_x,Ear.L_y,Ear.L_z,Ear.R_x,Ear.R_y,Ear.R_z,hip.Center_x,hip.Center_y,hip.Center_z
0,0.49409786,0.122980155,-0.7245355,0.23284273,0.14690396,-0.36120343,-0.04042512,0.09880085,-0.04855831,0.03798295,0.3072691,0.06477061,0.24167128,0.31098887,-0.32420763,0.45579335,0.3025781,-0.7131108,0.09620215,0.00081349874,-0.1547227,-0.15573983,0.075892195,-0.13895382,-0.40734944,0.12238902,-0.03569813,-0.4127125,0.3195742,0.1559757,-0.14237769,0.34569058,0.19006667,0.09626277,0.2515179,0.18289892,-0.47354904,0.21245074,0.06628836,-0.676779,0.22239333,0.038742796,-0.61342585,0.093266375,0.102698304,-0.65182257,0.14038016,0.11381711,-0.6383342,0.116524294,0.05309055,-0.62285537,0.23568216,0.12462622,-0.59799373,0.19019668,-0.0028611124,-0.0012210849672555923,0.20303496718406677,0.008106149733066559
