frame,Ankle.R_x,Ankle.R_y,Ankle.R_z,Knee.R_x,Knee.R_y,Knee.R_z,Hip.R_x,Hip.R_y,Hip.R_z,Hip.L_x,Hip.L_y,Hip.L_z,Knee.L_x,Knee.L_y,Knee.L_z,Ankle.L_x,Ankle.L_y,Ankle.L_z,Wrist.R_x,Wrist.R_y,Wrist.R_z,Elbow.R_x,Elbow.R_y,Elbow.R_z,Shoulder.R_x,Shoulder.R_y,Shoulder.R_z,Shoulder.L_x,Shoulder.L_y,Shoulder.L_z,Elbow.L_x,Elbow.L_y,Elbow.L_z,Wrist.L_x,Wrist.L_y,Wrist.L_z,Neck_x,Neck_y,Neck_z,Head_x,Head_y,Head_z,Nose_x,Nose_y,Nose_z,Eye.L_x,Eye.L_y,Eye.L_z,Eye.R_x,Eye.R_y,Eye.R_z,Ear.L_x,Ear.L_y,Ear.L_z,Ear.R_x,Ear.R_y,Ear.R_z,hip.Center_x,hip.Center_y,hip.Center_z
0,0.49795458,0.115059376,-0.7168408,0.24199359,0.14384429,-0.35049996,-0.030613858,0.09319339,-0.038375553,0.0278222,0.3161802,0.057141606,0.2424043,0.31715786,-0.32223955,0.47059217,0.32320318,-0.7026372,0.09750989,-0.016833046,-0.16363333,-0.14877695,0.069065064,-0.15267518,-0.40250164,0.115412906,-0.048586287,-0.4143251,0.30820507,0.15024547,-0.14539813,0.35528865,0.19022074,0.098963484,0.2859372,0.16830368,-0.47334015,0.20356265,0.057896424,-0.6751267,0.23538446,0.047029037,-0.6259983,0.096449256,0.10218972,-0.6561104,0.14824854,0.11777538,-0.6518031,0.12471881,0.05546566,-0.6128701,0.2377688,0.1271517,-0.6059368,0.19339027,-0.0026183352,-0.0013958290219306946,0.20468679070472717,0.009383026510477066
