frame,Ankle.R_x,Ankle.R_y,Ankle.R_z,Knee.R_x,Knee.R_y,Knee.R_z,Hip.R_x,Hip.R_y,Hip.R_z,Hip.L_x,Hip.L_y,Hip.L_z,Knee.L_x,Knee.L_y,Knee.L_z,Ankle.L_x,Ankle.L_y,Ankle.L_z,Wrist.R_x,Wrist.R_y,Wrist.R_z,Elbow.R_x,Elbow.R_y,Elbow.R_z,Shoulder.R_x,Shoulder.R_y,Shoulder.R_z,Shoulder.L_x,Shoulder.L_y,Shoulder.L_z,Elbow.L_x,Elbow.L_y,Elbow.L_z,Wrist.L_x,Wrist.L_y,Wrist.L_z,Neck_x,Neck_y,Neck_z,Head_x,Head_y,Head_z,Nose_x,Nose_y,Nose_z,Eye.L_x,Eye.L_y,Eye.L_z,Eye.R_x,Eye.R_y,Eye.R_z,Ear.L_x,Ear.L_y,Ear.L_z,Ear.R_x,Ear.R_y,Ear.R_z,hip.Center_x,hip.Center_y,hip.Center_z
0,0.48687762,0.14771335,-0.7300687,0.237263,0.13504125,-0.35862538,-0.049944226,0.10488391,-0.05615869,0.044795413,0.29927698,0.069994226,0.2733992,0.29005125,-0.30534512,0.4808296,0.3272423,-0.70100117,0.09644035,-0.009973976,-0.15968442,-0.15220934,0.068889335,-0.14925523,-0.40078464,0.12230729,-0.03364232,-0.41795188,0.3223732,0.15491253,-0.14803796,0.3731169,0.17902784,0.099073485,0.33239588,0.12988146,-0.47335872,0.21442598,0.06610823,-0.6723636,0.24629658,0.04391071,-0.62737536,0.11041026,0.110531144,-0.6573864,0.16370033,0.12112406,-0.6512859,0.13586023,0.060766704,-0.6125958,0.25328034,0.12587507,-0.6029663,0.20029265,8.726865e-05,-0.0025744065642356873,0.20208044350147247,0.006917767226696014
