frame,Ankle.R_x,Ankle.R_y,Ankle.R_z,Knee.R_x,Knee.R_y,Knee.R_z,Hip.R_x,Hip.R_y,Hip.R_z,Hip.L_x,Hip.L_y,Hip.L_z,Knee.L_x,Knee.L_y,Knee.L_z,Ankle.L_x,Ankle.L_y,Ankle.L_z,Wrist.R_x,Wrist.R_y,Wrist.R_z,Elbow.R_x,Elbow.R_y,Elbow.R_z,Shoulder.R_x,Shoulder.R_y,Shoulder.R_z,Shoulder.L_x,Shoulder.L_y,Shoulder.L_z,Elbow.L_x,Elbow.L_y,Elbow.L_z,Wrist.L_x,Wrist.L_y,Wrist.L_z,Neck_x,Neck_y,Neck_z,Head_x,Head_y,Head_z,Nose_x,Nose_y,Nose_z,Eye.L_x,Eye.L_y,Eye.L_z,Eye.R_x,Eye.R_y,Eye.R_z,Ear.L_x,Ear.L_y,Ear.L_z,Ear.R_x,Ear.R_y,Ear.R_z,hip.Center_x,hip.Center_y,hip.Center_z
0,0.46861434,0.10457804,-0.63259816,0.35463455,0.113889046,-0.21649407,-0.01874865,0.096090965,-0.0094934665,0.006888808,0.3377646,0.016291356,0.33190683,0.30465692,-0.2620548,0.45665473,0.30070987,-0.6759963,-0.63577914,-0.23503971,0.14627172,-0.43653744,-0.1515944,0.016706666,-0.4624088,0.12129447,0.013200465,-0.44712478,0.365875,0.07579642,-0.48520982,0.56989926,0.23726468,-0.7094439,0.6309974,0.33152068,-0.4919605,0.253316,0.05257965,-0.6624594,0.34299478,0.01772897,-0.6528152,0.26155096,0.15258932,-0.65998685,0.3169957,0.12872508,-0.6771936,0.26214826,0.096521825,-0.58747566,0.36815602,0.08068104,-0.6231265,0.25465336,0.0062331706,-0.005929920822381973,0.21692778170108795,0.0033989446237683296
