frame,Ankle.R_x,Ankle.R_y,Ankle.R_z,Knee.R_x,Knee.R_y,Knee.R_z,Hip.R_x,Hip.R_y,Hip.R_z,Hip.L_x,Hip.L_y,Hip.L_z,Knee.L_x,Knee.L_y,Knee.L_z,Ankle.L_x,Ankle.L_y,Ankle.L_z,Wrist.R_x,Wrist.R_y,Wrist.R_z,Elbow.R_x,Elbow.R_y,Elbow.R_z,Shoulder.R_x,Shoulder.R_y,Shoulder.R_z,Shoulder.L_x,Shoulder.L_y,Shoulder.L_z,Elbow.L_x,Elbow.L_y,Elbow.L_z,Wrist.L_x,Wrist.L_y,Wrist.L_z,Neck_x,Neck_y,Neck_z,Head_x,Head_y,Head_z,Nose_x,Nose_y,Nose_z,Eye.L_x,Eye.L_y,Eye.L_z,Eye.R_x,Eye.R_y,Eye.R_z,Ear.L_x,Ear.L_y,Ear.L_z,Ear.R_x,Ear.R_y,Ear.R_z,hip.Center_x,hip.Center_y,hip.Center_z
0,0.36925104,0.1512294,-0.77894974,0.14844625,0.1721834,-0.39961904,-0.054917455,0.10906624,-0.050076485,0.055045545,0.29523057,0.060657,0.17512213,0.3310298,-0.3489728,0.36024052,0.31915453,-0.7484768,-0.59791124,-0.13820598,-0.015446024,-0.39063653,-0.087026685,-0.13658693,-0.4123062,0.14213014,0.04082074,-0.398479,0.37045005,0.14731282,-0.45877805,0.6303888,0.2162933,-0.6558553,0.60880375,0.36359686,-0.4465027,0.24904746,0.11402559,-0.58502877,0.33533886,0.21039605,-0.60163236,0.284091,0.064332254,-0.6289129,0.2859898,0.119379446,-0.58379287,0.33005744,0.0988592,-0.597293,0.2328392,0.20243105,-0.50375915,0.328725,0.16111626,6.404519081115723e-05,0.2021484076976776,0.005290256813168526
