frame,Ankle.R_x,Ankle.R_y,Ankle.R_z,Knee.R_x,Knee.R_y,Knee.R_z,Hip.R_x,Hip.R_y,Hip.R_z,Hip.L_x,Hip.L_y,Hip.L_z,Knee.L_x,Knee.L_y,Knee.L_z,Ankle.L_x,Ankle.L_y,Ankle.L_z,Wrist.R_x,Wrist.R_y,Wrist.R_z,Elbow.R_x,Elbow.R_y,Elbow.R_z,Shoulder.R_x,Shoulder.R_y,Shoulder.R_z,Shoulder.L_x,Shoulder.L_y,Shoulder.L_z,Elbow.L_x,Elbow.L_y,Elbow.L_z,Wrist.L_x,Wrist.L_y,Wrist.L_z,Neck_x,Neck_y,Neck_z,Head_x,Head_y,Head_z,Nose_x,Nose_y,Nose_z,Eye.L_x,Eye.L_y,Eye.L_z,Eye.R_x,Eye.R_y,Eye.R_z,Ear.L_x,Ear.L_y,Ear.L_z,Ear.R_x,Ear.R_y,Ear.R_z,hip.Center_x,hip.Center_y,hip.Center_z
0,0.4920388,0.10491612,-0.6172149,0.36045593,0.11573169,-0.20613526,-0.01678312,0.095146455,-0.007382328,0.003812626,0.33752888,0.014208187,0.3320289,0.31080776,-0.25944692,0.47646958,0.30169725,-0.6673337,-0.63648075,-0.22529794,0.14880839,-0.43639207,-0.1546103,0.013378859,-0.4607823,0.11853323,0.010712603,-0.4468556,0.36370283,0.07086871,-0.50703937,0.561362,0.23149171,-0.7375319,0.6233952,0.31014892,-0.49087948,0.2511571,0.047888458,-0.662704,0.3371142,0.008031912,-0.65388894,0.2585874,0.14438431,-0.6619653,0.31333354,0.119418666,-0.6771215,0.25749487,0.08791675,-0.58965826,0.36533016,0.07194153,-0.62116235,0.24992894,-0.0010708869,-0.006485247053205967,0.2163376659154892,0.0034129295963793993
