frame,Ankle.R_x,Ankle.R_y,Ankle.R_z,Knee.R_x,Knee.R_y,Knee.R_z,Hip.R_x,Hip.R_y,Hip.R_z,Hip.L_x,Hip.L_y,Hip.L_z,Knee.L_x,Knee.L_y,Knee.L_z,Ankle.L_x,Ankle.L_y,Ankle.L_z,Wrist.R_x,Wrist.R_y,Wrist.R_z,Elbow.R_x,Elbow.R_y,Elbow.R_z,Shoulder.R_x,Shoulder.R_y,Shoulder.R_z,Shoulder.L_x,Shoulder.L_y,Shoulder.L_z,Elbow.L_x,Elbow.L_y,Elbow.L_z,Wrist.L_x,Wrist.L_y,Wrist.L_z,Neck_x,Neck_y,Neck_z,Head_x,Head_y,Head_z,Nose_x,Nose_y,Nose_z,Eye.L_x,Eye.L_y,Eye.L_z,Eye.R_x,Eye.R_y,Eye.R_z,Ear.L_x,Ear.L_y,Ear.L_z,Ear.R_x,Ear.R_y,Ear.R_z,hip.Center_x,hip.Center_y,hip.Center_z
0,0.47004303,0.101070255,-0.6348599,0.35374016,0.12517677,-0.2209515,-0.012806494,0.09560521,-0.0045770826,0.0035417988,0.33892414,0.012099763,0.30934417,0.30655906,-0.28436762,0.44462594,0.30295965,-0.69342005,-0.6333231,-0.21759592,0.1628438,-0.42671123,-0.16054788,0.034572527,-0.46045,0.11117651,0.025115762,-0.44930962,0.3574864,0.08059074,-0.5001299,0.5522213,0.24783568,-0.7287762,0.61798966,0.32506937,-0.49180043,0.24377969,0.05984941,-0.6695719,0.322539,0.027023707,-0.64793456,0.24952397,0.16516182,-0.65982723,0.3030138,0.13887747,-0.67503965,0.24546239,0.11059575,-0.593349,0.3558646,0.08437069,-0.62532735,0.23654954,0.017975137,-0.004632347263395786,0.21726468205451965,0.0037613403983414173
