frame,Ankle.R_x,Ankle.R_y,Ankle.R_z,Knee.R_x,Knee.R_y,Knee.R_z,Hip.R_x,Hip.R_y,Hip.R_z,Hip.L_x,Hip.L_y,Hip.L_z,Knee.L_x,Knee.L_y,Knee.L_z,Ankle.L_x,Ankle.L_y,Ankle.L_z,Wrist.R_x,Wrist.R_y,Wrist.R_z,Elbow.R_x,Elbow.R_y,Elbow.R_z,Shoulder.R_x,Shoulder.R_y,Shoulder.R_z,Shoulder.L_x,Shoulder.L_y,Shoulder.L_z,Elbow.L_x,Elbow.L_y,Elbow.L_z,Wrist.L_x,Wrist.L_y,Wrist.L_z,Neck_x,Neck_y,Neck_z,Head_x,Head_y,Head_z,Nose_x,Nose_y,Nose_z,Eye.L_x,Eye.L_y,Eye.L_z,Eye.R_x,Eye.R_y,Eye.R_z,Ear.L_x,Ear.L_y,Ear.L_z,Ear.R_x,Ear.R_y,Ear.R_z,hip.Center_x,hip.Center_y,hip.Center_z
0,0.38429746,0.18570115,-0.7628366,0.13738568,0.19680877,-0.4022272,-0.056554783,0.109842375,-0.05169298,0.05709131,0.2921726,0.062282354,0.16394745,0.35227054,-0.34573793,0.37151626,0.34934875,-0.7312609,-0.6124334,-0.10496601,-0.039776314,-0.40841508,-0.05907437,-0.16765557,-0.4128404,0.15701607,0.023683028,-0.39606082,0.38399956,0.12253705,-0.46657115,0.6505381,0.12924577,-0.68935156,0.621976,0.22631031,-0.44702247,0.26694706,0.09352401,-0.58454967,0.36855647,0.17539519,-0.5984607,0.30707857,0.032680012,-0.6278105,0.3152227,0.08639832,-0.5790064,0.35451669,0.06458523,-0.60362417,0.26672113,0.17447421,-0.50219524,0.3528299,0.13069026,0.0002682637423276901,0.20100748538970947,0.005294686183333397
