frame,Ankle.R_x,Ankle.R_y,Ankle.R_z,Knee.R_x,Knee.R_y,Knee.R_z,Hip.R_x,Hip.R_y,Hip.R_z,Hip.L_x,Hip.L_y,Hip.L_z,Knee.L_x,Knee.L_y,Knee.L_z,Ankle.L_x,Ankle.L_y,Ankle.L_z,Wrist.R_x,Wrist.R_y,Wrist.R_z,Elbow.R_x,Elbow.R_y,Elbow.R_z,Shoulder.R_x,Shoulder.R_y,Shoulder.R_z,Shoulder.L_x,Shoulder.L_y,Shoulder.L_z,Elbow.L_x,Elbow.L_y,Elbow.L_z,Wrist.L_x,Wrist.L_y,Wrist.L_z,Neck_x,Neck_y,Neck_z,Head_x,Head_y,Head_z,Nose_x,Nose_y,Nose_z,Eye.L_x,Eye.L_y,Eye.L_z,Eye.R_x,Eye.R_y,Eye.R_z,Ear.L_x,Ear.L_y,Ear.L_z,Ear.R_x,Ear.R_y,Ear.R_z,hip.Center_x,hip.Center_y,hip.Center_z
0,0.4661158,0.10840912,-0.63645685,0.3545583,0.11590358,-0.2186422,-0.016569754,0.095290385,-0.008257016,0.005190217,0.3373992,0.01547534,0.3232266,0.30798572,-0.27087843,0.45583206,0.30109954,-0.68330884,-0.648733,-0.21922195,0.14599097,-0.4418483,-0.15575248,0.01712944,-0.4603272,0.11780128,0.01240393,-0.44709572,0.361694,0.07371824,-0.50859094,0.56002796,0.23287868,-0.7396567,0.618888,0.31225994,-0.49037904,0.2497379,0.050739937,-0.6612263,0.339511,0.014660409,-0.65300155,0.2554804,0.1477215,-0.6605184,0.31128442,0.12498326,-0.6763874,0.2569217,0.09129529,-0.5877167,0.36431247,0.07944714,-0.6206623,0.25226068,0.001925528,-0.005689768586307764,0.21634480357170105,0.003609162289649248
