frame,Ankle.R_x,Ankle.R_y,Ankle.R_z,Knee.R_x,Knee.R_y,Knee.R_z,Hip.R_x,Hip.R_y,Hip.R_z,Hip.L_x,Hip.L_y,Hip.L_z,Knee.L_x,Knee.L_y,Knee.L_z,Ankle.L_x,Ankle.L_y,Ankle.L_z,Wrist.R_x,Wrist.R_y,Wrist.R_z,Elbow.R_x,Elbow.R_y,Elbow.R_z,Shoulder.R_x,Shoulder.R_y,Shoulder.R_z,Shoulder.L_x,Shoulder.L_y,Shoulder.L_z,Elbow.L_x,Elbow.L_y,Elbow.L_z,Wrist.L_x,Wrist.L_y,Wrist.L_z,Neck_x,Neck_y,Neck_z,Head_x,Head_y,Head_z,Nose_x,Nose_y,Nose_z,Eye.L_x,Eye.L_y,Eye.L_z,Eye.R_x,Eye.R_y,Eye.R_z,Ear.L_x,Ear.L_y,Ear.L_z,Ear.R_x,Ear.R_y,Ear.R_z,hip.Center_x,hip.Center_y,hip.Center_z
0,0.3988829,0.126473,-0.755535,0.14856629,0.16439582,-0.39580488,-0.050780952,0.10417694,-0.042058147,0.0495644,0.30402988,0.054414973,0.1870879,0.322872,-0.3505619,0.38881466,0.30561692,-0.74391294,-0.6836203,-0.1922401,-0.0042022387,-0.46435973,-0.105960436,-0.10252691,-0.4087162,0.13204111,0.03627332,-0.40609595,0.36461085,0.1317941,-0.5225181,0.606469,0.17160079,-0.72672707,0.6008519,0.31928238,-0.44806755,0.24070266,0.100196905,-0.6006921,0.3273801,0.17196631,-0.6066407,0.2495141,0.037667386,-0.63588524,0.25791237,0.09099255,-0.5946177,0.3023979,0.06351712,-0.6020727,0.22436377,0.18293612,-0.5166175,0.32086876,0.12674,-0.0006082765758037567,0.20410341024398804,0.006178412586450577
