frame,Ankle.R_x,Ankle.R_y,Ankle.R_z,Knee.R_x,Knee.R_y,Knee.R_z,Hip.R_x,Hip.R_y,Hip.R_z,Hip.L_x,Hip.L_y,Hip.L_z,Knee.L_x,Knee.L_y,Knee.L_z,Ankle.L_x,Ankle.L_y,Ankle.L_z,Wrist.R_x,Wrist.R_y,Wrist.R_z,Elbow.R_x,Elbow.R_y,Elbow.R_z,Shoulder.R_x,Shoulder.R_y,Shoulder.R_z,Shoulder.L_x,Shoulder.L_y,Shoulder.L_z,Elbow.L_x,Elbow.L_y,Elbow.L_z,Wrist.L_x,Wrist.L_y,Wrist.L_z,Neck_x,Neck_y,Neck_z,Head_x,Head_y,Head_z,Nose_x,Nose_y,Nose_z,Eye.L_x,Eye.L_y,Eye.L_z,Eye.R_x,Eye.R_y,Eye.R_z,Ear.L_x,Ear.L_y,Ear.L_z,Ear.R_x,Ear.R_y,Ear.R_z,hip.Center_x,hip.Center_y,hip.Center_z
0,0.40041214,0.14880309,-0.7534998,0.14320569,0.18692179,-0.39950538,-0.05682451,0.10950754,-0.048932455,0.05426988,0.2980768,0.059605822,0.18255946,0.33049974,-0.3477835,0.3781265,0.32398146,-0.74405235,-0.6832217,-0.17852108,-0.016633647,-0.47110844,-0.08676373,-0.12723674,-0.41193408,0.14567183,0.018037003,-0.40945816,0.3752604,0.11804196,-0.5225385,0.61962706,0.15348545,-0.72649413,0.627576,0.30389428,-0.4514155,0.25404018,0.08178247,-0.59671247,0.34843093,0.14935492,-0.6113303,0.26803356,0.017019603,-0.6384376,0.27925497,0.071028575,-0.59516525,0.32046336,0.041254945,-0.60433054,0.24549975,0.16299501,-0.5144044,0.33541584,0.10193531,-0.0012773144990205765,0.20379216969013214,0.005336683243513107
