frame,Ankle.R_x,Ankle.R_y,Ankle.R_z,Knee.R_x,Knee.R_y,Knee.R_z,Hip.R_x,Hip.R_y,Hip.R_z,Hip.L_x,Hip.L_y,Hip.L_z,Knee.L_x,Knee.L_y,Knee.L_z,Ankle.L_x,Ankle.L_y,Ankle.L_z,Wrist.R_x,Wrist.R_y,Wrist.R_z,Elbow.R_x,Elbow.R_y,Elbow.R_z,Shoulder.R_x,Shoulder.R_y,Shoulder.R_z,Shoulder.L_x,Shoulder.L_y,Shoulder.L_z,Elbow.L_x,Elbow.L_y,Elbow.L_z,Wrist.L_x,Wrist.L_y,Wrist.L_z,Neck_x,Neck_y,Neck_z,Head_x,Head_y,Head_z,Nose_x,Nose_y,Nose_z,Eye.L_x,Eye.L_y,Eye.L_z,Eye.R_x,Eye.R_y,Eye.R_z,Ear.L_x,Ear.L_y,Ear.L_z,Ear.R_x,Ear.R_y,Ear.R_z,hip.Center_x,hip.Center_y,hip.Center_z
0,0.5118575,0.09146338,-0.59286255,0.37153828,0.12587862,-0.18448274,-0.009878481,0.0964311,0.011011193,-0.0046885367,0.34004602,-0.004201782,0.3102909,0.31097123,-0.28776684,0.48935646,0.299013,-0.68283385,-0.68552566,-0.27820805,0.13800155,-0.48333693,-0.15950502,0.03282552,-0.45403513,0.11181996,0.03992898,-0.4506084,0.35384202,0.088484995,-0.5541937,0.5672368,0.19968581,-0.7819252,0.63491154,0.29251888,-0.48709005,0.23947275,0.07638074,-0.6681948,0.28859308,0.033649534,-0.6490962,0.24027863,0.18319678,-0.6643744,0.28778383,0.14801505,-0.6713166,0.22509432,0.12838134,-0.60007674,0.33905536,0.08922977,-0.6143172,0.20812139,0.04104969,-0.007283508777618408,0.21823856234550476,0.0034047053195536137
