frame,Ankle.R_x,Ankle.R_y,Ankle.R_z,Knee.R_x,Knee.R_y,Knee.R_z,Hip.R_x,Hip.R_y,Hip.R_z,Hip.L_x,Hip.L_y,Hip.L_z,Knee.L_x,Knee.L_y,Knee.L_z,Ankle.L_x,Ankle.L_y,Ankle.L_z,Wrist.R_x,Wrist.R_y,Wrist.R_z,Elbow.R_x,Elbow.R_y,Elbow.R_z,Shoulder.R_x,Shoulder.R_y,Shoulder.R_z,Shoulder.L_x,Shoulder.L_y,Shoulder.L_z,Elbow.L_x,Elbow.L_y,Elbow.L_z,Wrist.L_x,Wrist.L_y,Wrist.L_z,Neck_x,Neck_y,Neck_z,Head_x,Head_y,Head_z,Nose_x,Nose_y,Nose_z,Eye.L_x,Eye.L_y,Eye.L_z,Eye.R_x,Eye.R_y,Eye.R_z,Ear.L_x,Ear.L_y,Ear.L_z,Ear.R_x,Ear.R_y,Ear.R_z,hip.Center_x,hip.Center_y,hip.Center_z
0,0.49489105,0.093718864,-0.6070835,0.36811924,0.12631476,-0.1934409,-0.0099621015,0.09657171,0.009711809,-0.003073177,0.3407892,-0.0031586252,0.30313134,0.3049279,-0.29686946,0.47230566,0.29023272,-0.6968649,-0.70790124,-0.2668446,0.12464015,-0.4956303,-0.15602869,0.030527258,-0.45514336,0.11365563,0.039980005,-0.4508471,0.35426635,0.09113852,-0.55805534,0.56684864,0.2005954,-0.78874195,0.6354872,0.28616357,-0.48738515,0.2403954,0.07790375,-0.66735303,0.29277545,0.035357963,-0.6502955,0.23952359,0.18360773,-0.66468346,0.28833207,0.14975959,-0.6721163,0.22632247,0.12806374,-0.5991838,0.34085095,0.09318201,-0.6143235,0.21141241,0.040761933,-0.006517639383673668,0.2186804562807083,0.003276592120528221
