frame,Ankle.R_x,Ankle.R_y,Ankle.R_z,Knee.R_x,Knee.R_y,Knee.R_z,Hip.R_x,Hip.R_y,Hip.R_z,Hip.L_x,Hip.L_y,Hip.L_z,Knee.L_x,Knee.L_y,Knee.L_z,Ankle.L_x,Ankle.L_y,Ankle.L_z,Wrist.R_x,Wrist.R_y,Wrist.R_z,Elbow.R_x,Elbow.R_y,Elbow.R_z,Shoulder.R_x,Shoulder.R_y,Shoulder.R_z,Shoulder.L_x,Shoulder.L_y,Shoulder.L_z,Elbow.L_x,Elbow.L_y,Elbow.L_z,Wrist.L_x,Wrist.L_y,Wrist.L_z,Neck_x,Neck_y,Neck_z,Head_x,Head_y,Head_z,Nose_x,Nose_y,Nose_z,Eye.L_x,Eye.L_y,Eye.L_z,Eye.R_x,Eye.R_y,Eye.R_z,Ear.L_x,Ear.L_y,Ear.L_z,Ear.R_x,Ear.R_y,Ear.R_z,hip.Center_x,hip.Center_y,hip.Center_z
0,0.48141474,0.119491726,-0.6246771,0.3591628,0.13511154,-0.21032815,-0.004734085,0.09807511,0.015967831,-0.0063422113,0.34053272,-0.0072746216,0.28260717,0.3030707,-0.31404442,0.46243376,0.2988821,-0.7087389,-0.66994506,-0.23494929,0.15826285,-0.45451757,-0.16465636,0.04517128,-0.45006463,0.10884673,0.045165632,-0.44958,0.35413074,0.08906287,-0.5351039,0.5740946,0.20435186,-0.75876594,0.6291088,0.3083804,-0.4862399,0.23792912,0.08016235,-0.6714943,0.2890808,0.046299856,-0.64496183,0.2319594,0.19147012,-0.66252446,0.28136528,0.16009678,-0.66916543,0.21986966,0.13675827,-0.6018844,0.33762816,0.1018687,-0.61584365,0.20941883,0.046365768,-0.005538147874176502,0.2193039059638977,0.004346604458987713
