frame,Ankle.R_x,Ankle.R_y,Ankle.R_z,Knee.R_x,Knee.R_y,Knee.R_z,Hip.R_x,Hip.R_y,Hip.R_z,Hip.L_x,Hip.L_y,Hip.L_z,Knee.L_x,Knee.L_y,Knee.L_z,Ankle.L_x,Ankle.L_y,Ankle.L_z,Wrist.R_x,Wrist.R_y,Wrist.R_z,Elbow.R_x,Elbow.R_y,Elbow.R_z,Shoulder.R_x,Shoulder.R_y,Shoulder.R_z,Shoulder.L_x,Shoulder.L_y,Shoulder.L_z,Elbow.L_x,Elbow.L_y,Elbow.L_z,Wrist.L_x,Wrist.L_y,Wrist.L_z,Neck_x,Neck_y,Neck_z,Head_x,Head_y,Head_z,Nose_x,Nose_y,Nose_z,Eye.L_x,Eye.L_y,Eye.L_z,Eye.R_x,Eye.R_y,Eye.R_z,Ear.L_x,Ear.L_y,Ear.L_z,Ear.R_x,Ear.R_y,Ear.R_z,hip.Center_x,hip.Center_y,hip.Center_z
0,0.3936483,0.13550772,-0.76049525,0.15423274,0.16353008,-0.39257976,-0.04523626,0.10084349,-0.03792504,0.04489553,0.3087757,0.051347744,0.18619214,0.3203891,-0.3523548,0.3854331,0.30641705,-0.74644524,-0.648755,-0.16562703,-0.0017007515,-0.43316793,-0.1105654,-0.11725097,-0.407935,0.12819158,0.03504127,-0.40571284,0.36441252,0.12823434,-0.50532913,0.6154742,0.16639772,-0.70163286,0.60603046,0.32001054,-0.44955888,0.24038623,0.099255726,-0.60048485,0.33796114,0.16250935,-0.60851324,0.24874307,0.03538251,-0.6378194,0.26287735,0.087458506,-0.59484506,0.30332315,0.056558844,-0.6057197,0.2364132,0.18235499,-0.5167048,0.32474145,0.11838825,-0.00017036497592926025,0.20480959117412567,0.006711352616548538
