frame,Ankle.R_x,Ankle.R_y,Ankle.R_z,Knee.R_x,Knee.R_y,Knee.R_z,Hip.R_x,Hip.R_y,Hip.R_z,Hip.L_x,Hip.L_y,Hip.L_z,Knee.L_x,Knee.L_y,Knee.L_z,Ankle.L_x,Ankle.L_y,Ankle.L_z,Wrist.R_x,Wrist.R_y,Wrist.R_z,Elbow.R_x,Elbow.R_y,Elbow.R_z,Shoulder.R_x,Shoulder.R_y,Shoulder.R_z,Shoulder.L_x,Shoulder.L_y,Shoulder.L_z,Elbow.L_x,Elbow.L_y,Elbow.L_z,Wrist.L_x,Wrist.L_y,Wrist.L_z,Neck_x,Neck_y,Neck_z,Head_x,Head_y,Head_z,Nose_x,Nose_y,Nose_z,Eye.L_x,Eye.L_y,Eye.L_z,Eye.R_x,Eye.R_y,Eye.R_z,Ear.L_x,Ear.L_y,Ear.L_z,Ear.R_x,Ear.R_y,Ear.R_z,hip.Center_x,hip.Center_y,hip.Center_z
0,0.4987024,0.1079186,-0.61897534,0.3541303,0.12613113,-0.2135514,-0.00621525,0.09782913,0.017151868,-0.005747383,0.34017184,-0.009118686,0.29367077,0.3087099,-0.3044598,0.48862442,0.30208117,-0.689121,-0.6687033,-0.23410384,0.15105864,-0.45702308,-0.15607749,0.03701185,-0.4532121,0.11673187,0.04429331,-0.44952092,0.35948485,0.086004086,-0.5356188,0.5812223,0.19619863,-0.7609675,0.63858545,0.2943915,-0.48675108,0.24537796,0.07754918,-0.6701438,0.29601085,0.038522948,-0.6448577,0.25321335,0.18882044,-0.6608356,0.29960328,0.15250225,-0.66983414,0.2363559,0.13573676,-0.5987344,0.34712613,0.08876136,-0.6175849,0.21465704,0.0466692,-0.005981316789984703,0.21900048851966858,0.004016590770334005
