frame,Ankle.R_x,Ankle.R_y,Ankle.R_z,Knee.R_x,Knee.R_y,Knee.R_z,Hip.R_x,Hip.R_y,Hip.R_z,Hip.L_x,Hip.L_y,Hip.L_z,Knee.L_x,Knee.L_y,Knee.L_z,Ankle.L_x,Ankle.L_y,Ankle.L_z,Wrist.R_x,Wrist.R_y,Wrist.R_z,Elbow.R_x,Elbow.R_y,Elbow.R_z,Shoulder.R_x,Shoulder.R_y,Shoulder.R_z,Shoulder.L_x,Shoulder.L_y,Shoulder.L_z,Elbow.L_x,Elbow.L_y,Elbow.L_z,Wrist.L_x,Wrist.L_y,Wrist.L_z,Neck_x,Neck_y,Neck_z,Head_x,Head_y,Head_z,Nose_x,Nose_y,Nose_z,Eye.L_x,Eye.L_y,Eye.L_z,Eye.R_x,Eye.R_y,Eye.R_z,Ear.L_x,Ear.L_y,Ear.L_z,Ear.R_x,Ear.R_y,Ear.R_z,hip.Center_x,hip.Center_y,hip.Center_z
0,0.46286118,0.12780131,-0.65795857,0.338778,0.12986672,-0.24277668,-0.0073708007,0.09634868,0.0074030953,-0.0002114749,0.34028316,0.002903376,0.27961254,0.30529216,-0.3145229,0.4510203,0.30516642,-0.7129042,-0.62367535,-0.19610168,0.15639423,-0.40757003,-0.16228735,0.041312475,-0.45403248,0.10827779,0.041469116,-0.45164847,0.35350308,0.08506514,-0.4974589,0.58586526,0.20464219,-0.72339594,0.6001048,0.30414554,-0.49035943,0.23860759,0.07428988,-0.6770003,0.29714763,0.044291858,-0.6424574,0.24467352,0.18940538,-0.6599384,0.29357392,0.1568849,-0.67168814,0.2315895,0.13723223,-0.60115325,0.34347892,0.09192118,-0.62613595,0.21409082,0.043926157,-0.003791137831285596,0.21831591427326202,0.005153235513716936
