frame,Ankle.R_x,Ankle.R_y,Ankle.R_z,Knee.R_x,Knee.R_y,Knee.R_z,Hip.R_x,Hip.R_y,Hip.R_z,Hip.L_x,Hip.L_y,Hip.L_z,Knee.L_x,Knee.L_y,Knee.L_z,Ankle.L_x,Ankle.L_y,Ankle.L_z,Wrist.R_x,Wrist.R_y,Wrist.R_z,Elbow.R_x,Elbow.R_y,Elbow.R_z,Shoulder.R_x,Shoulder.R_y,Shoulder.R_z,Shoulder.L_x,Shoulder.L_y,Shoulder.L_z,Elbow.L_x,Elbow.L_y,Elbow.L_z,Wrist.L_x,Wrist.L_y,Wrist.L_z,Neck_x,Neck_y,Neck_z,Head_x,Head_y,Head_z,Nose_x,Nose_y,Nose_z,Eye.L_x,Eye.L_y,Eye.L_z,Eye.R_x,Eye.R_y,Eye.R_z,Ear.L_x,Ear.L_y,Ear.L_z,Ear.R_x,Ear.R_y,Ear.R_z,hip.Center_x,hip.Center_y,hip.Center_z
0,0.47710648,0.12840484,-0.6466177,0.3414456,0.13823903,-0.23529865,0.0002955962,0.09985225,0.024040695,-0.009123185,0.3401873,-0.01356263,0.27210918,0.30118695,-0.32500944,0.4523116,0.2988319,-0.7189481,-0.623824,-0.18784149,0.16527061,-0.4051023,-0.16190521,0.053676005,-0.4512404,0.10777099,0.043832168,-0.4525722,0.35433483,0.08018645,-0.50070745,0.5900781,0.1917089,-0.7216998,0.6070925,0.3010418,-0.48984274,0.23819235,0.07401387,-0.6781189,0.29065403,0.0439853,-0.64361143,0.23582837,0.18831372,-0.6630048,0.28467587,0.15697257,-0.6708636,0.22281396,0.1351069,-0.60565066,0.33965668,0.09458259,-0.62286735,0.21066256,0.04245817,-0.004413794260472059,0.22001978754997253,0.0052390326745808125
