frame,Ankle.R_x,Ankle.R_y,Ankle.R_z,Knee.R_x,Knee.R_y,Knee.R_z,Hip.R_x,Hip.R_y,Hip.R_z,Hip.L_x,Hip.L_y,Hip.L_z,Knee.L_x,Knee.L_y,Knee.L_z,Ankle.L_x,Ankle.L_y,Ankle.L_z,Wrist.R_x,Wrist.R_y,Wrist.R_z,Elbow.R_x,Elbow.R_y,Elbow.R_z,Shoulder.R_x,Shoulder.R_y,Shoulder.R_z,Shoulder.L_x,Shoulder.L_y,Shoulder.L_z,Elbow.L_x,Elbow.L_y,Elbow.L_z,Wrist.L_x,Wrist.L_y,Wrist.L_z,Neck_x,Neck_y,Neck_z,Head_x,Head_y,Head_z,Nose_x,Nose_y,Nose_z,Eye.L_x,Eye.L_y,Eye.L_z,Eye.R_x,Eye.R_y,Eye.R_z,Ear.L_x,Ear.L_y,Ear.L_z,Ear.R_x,Ear.R_y,Ear.R_z,hip.Center_x,hip.Center_y,hip.Center_z
0,0.37060285,0.17940192,-0.7722736,0.14836459,0.17615855,-0.39496467,-0.025345443,0.092870064,-0.026191337,0.030611858,0.32100984,0.04218387,0.1629044,0.3294008,-0.363927,0.37470216,0.3327577,-0.7470023,-0.5290997,-0.0767961,-0.042259563,-0.3285985,-0.07362688,-0.17381999,-0.42292824,0.13158451,0.008336681,-0.4181375,0.36921692,0.10217204,-0.42637146,0.6320765,0.1878863,-0.60528684,0.58925235,0.34874135,-0.46555287,0.24782069,0.07421152,-0.627875,0.3505168,0.08269946,-0.62948626,0.2039059,0.026258826,-0.65783834,0.24264744,0.06541218,-0.62328696,0.26277572,0.012351081,-0.61735773,0.27614367,0.15372686,-0.5469645,0.32224458,0.041501477,0.0026332074776291847,0.2069399505853653,0.007996265776455402
