frame,Ankle.R_x,Ankle.R_y,Ankle.R_z,Knee.R_x,Knee.R_y,Knee.R_z,Hip.R_x,Hip.R_y,Hip.R_z,Hip.L_x,Hip.L_y,Hip.L_z,Knee.L_x,Knee.L_y,Knee.L_z,Ankle.L_x,Ankle.L_y,Ankle.L_z,Wrist.R_x,Wrist.R_y,Wrist.R_z,Elbow.R_x,Elbow.R_y,Elbow.R_z,Shoulder.R_x,Shoulder.R_y,Shoulder.R_z,Shoulder.L_x,Shoulder.L_y,Shoulder.L_z,Elbow.L_x,Elbow.L_y,Elbow.L_z,Wrist.L_x,Wrist.L_y,Wrist.L_z,Neck_x,Neck_y,Neck_z,Head_x,Head_y,Head_z,Nose_x,Nose_y,Nose_z,Eye.L_x,Eye.L_y,Eye.L_z,Eye.R_x,Eye.R_y,Eye.R_z,Ear.L_x,Ear.L_y,Ear.L_z,Ear.R_x,Ear.R_y,Ear.R_z,hip.Center_x,hip.Center_y,hip.Center_z
0,0.3787442,0.16271827,-0.77171487,0.16178583,0.16790403,-0.3899445,-0.027500395,0.094274834,-0.02823809,0.031958368,0.31955186,0.04315764,0.17243412,0.32016724,-0.36108294,0.38233924,0.31369933,-0.74669147,-0.5295945,-0.095599666,-0.025474101,-0.31875488,-0.091990344,-0.1396314,-0.42286053,0.12352356,0.025267258,-0.4187792,0.3616828,0.11279025,-0.42069495,0.6261477,0.1943781,-0.60049856,0.57863355,0.34976652,-0.46474245,0.2382551,0.08824887,-0.60931873,0.34969985,0.12742177,-0.6231484,0.22941354,0.027510017,-0.65030396,0.25784963,0.075300895,-0.60849315,0.28794646,0.03329867,-0.6146968,0.25657353,0.17218708,-0.5286534,0.32336003,0.08362502,0.002228986471891403,0.20691335201263428,0.007459775544703007
