frame,Ankle.R_x,Ankle.R_y,Ankle.R_z,Knee.R_x,Knee.R_y,Knee.R_z,Hip.R_x,Hip.R_y,Hip.R_z,Hip.L_x,Hip.L_y,Hip.L_z,Knee.L_x,Knee.L_y,Knee.L_z,Ankle.L_x,Ankle.L_y,Ankle.L_z,Wrist.R_x,Wrist.R_y,Wrist.R_z,Elbow.R_x,Elbow.R_y,Elbow.R_z,Shoulder.R_x,Shoulder.R_y,Shoulder.R_z,Shoulder.L_x,Shoulder.L_y,Shoulder.L_z,Elbow.L_x,Elbow.L_y,Elbow.L_z,Wrist.L_x,Wrist.L_y,Wrist.L_z,Neck_x,Neck_y,Neck_z,Head_x,Head_y,Head_z,Nose_x,Nose_y,Nose_z,Eye.L_x,Eye.L_y,Eye.L_z,Eye.R_x,Eye.R_y,Eye.R_z,Ear.L_x,Ear.L_y,Ear.L_z,Ear.R_x,Ear.R_y,Ear.R_z,hip.Center_x,hip.Center_y,hip.Center_z
0,0.47428367,0.1327838,-0.6546179,0.33035037,0.12564911,-0.24558796,0.0013010369,0.10195479,0.029833162,-0.010580335,0.3399503,-0.019139089,0.29076594,0.3078011,-0.31129557,0.47065657,0.3008319,-0.7062516,-0.5735033,-0.17363288,0.1811904,-0.36580455,-0.14656955,0.056088373,-0.45622087,0.10825309,0.03913307,-0.4599865,0.35305518,0.066674076,-0.45772824,0.5988836,0.16795242,-0.6613294,0.5931242,0.29845086,-0.4968341,0.23843455,0.064201325,-0.6863575,0.2938867,0.040045258,-0.6366234,0.26379243,0.18749307,-0.6571721,0.30723208,0.14941224,-0.67148155,0.24339864,0.1413073,-0.6056149,0.34415233,0.071743235,-0.63668585,0.21005931,0.04780994,-0.004639648832380772,0.22095254063606262,0.005347036756575108
