frame,Ankle.R_x,Ankle.R_y,Ankle.R_z,Knee.R_x,Knee.R_y,Knee.R_z,Hip.R_x,Hip.R_y,Hip.R_z,Hip.L_x,Hip.L_y,Hip.L_z,Knee.L_x,Knee.L_y,Knee.L_z,Ankle.L_x,Ankle.L_y,Ankle.L_z,Wrist.R_x,Wrist.R_y,Wrist.R_z,Elbow.R_x,Elbow.R_y,Elbow.R_z,Shoulder.R_x,Shoulder.R_y,Shoulder.R_z,Shoulder.L_x,Shoulder.L_y,Shoulder.L_z,Elbow.L_x,Elbow.L_y,Elbow.L_z,Wrist.L_x,Wrist.L_y,Wrist.L_z,Neck_x,Neck_y,Neck_z,Head_x,Head_y,Head_z,Nose_x,Nose_y,Nose_z,Eye.L_x,Eye.L_y,Eye.L_z,Eye.R_x,Eye.R_y,Eye.R_z,Ear.L_x,Ear.L_y,Ear.L_z,Ear.R_x,Ear.R_y,Ear.R_z,hip.Center_x,hip.Center_y,hip.Center_z
0,0.465112,0.13534714,-0.6657909,0.32850048,0.13654824,-0.2531616,0.0030012364,0.10201157,0.027708884,-0.01082034,0.34120357,-0.016622461,0.27514458,0.3036642,-0.32500628,0.4547623,0.29983875,-0.72120017,-0.55930674,-0.17241682,0.19238222,-0.35438192,-0.15003592,0.06005962,-0.45346427,0.102673784,0.03752987,-0.4587135,0.3513641,0.06715703,-0.45406806,0.59705573,0.17161378,-0.65779066,0.59068316,0.30436876,-0.4962321,0.2342761,0.06411014,-0.68868387,0.2890474,0.04468708,-0.63757795,0.24694167,0.18863603,-0.6594066,0.29318303,0.15468125,-0.67190063,0.22993353,0.14060338,-0.6089636,0.33887333,0.080721706,-0.63644344,0.20632887,0.044381175,-0.003909552004188299,0.22160756587982178,0.005543211475014687
