frame,Ankle.R_x,Ankle.R_y,Ankle.R_z,Knee.R_x,Knee.R_y,Knee.R_z,Hip.R_x,Hip.R_y,Hip.R_z,Hip.L_x,Hip.L_y,Hip.L_z,Knee.L_x,Knee.L_y,Knee.L_z,Ankle.L_x,Ankle.L_y,Ankle.L_z,Wrist.R_x,Wrist.R_y,Wrist.R_z,Elbow.R_x,Elbow.R_y,Elbow.R_z,Shoulder.R_x,Shoulder.R_y,Shoulder.R_z,Shoulder.L_x,Shoulder.L_y,Shoulder.L_z,Elbow.L_x,Elbow.L_y,Elbow.L_z,Wrist.L_x,Wrist.L_y,Wrist.L_z,Neck_x,Neck_y,Neck_z,Head_x,Head_y,Head_z,Nose_x,Nose_y,Nose_z,Eye.L_x,Eye.L_y,Eye.L_z,Eye.R_x,Eye.R_y,Eye.R_z,Ear.L_x,Ear.L_y,Ear.L_z,Ear.R_x,Ear.R_y,Ear.R_z,hip.Center_x,hip.Center_y,hip.Center_z
0,0.46128365,0.13523868,-0.66565186,0.32492647,0.12735604,-0.25356126,0.0020274683,0.10169193,0.028919544,-0.010257962,0.34029412,-0.017852364,0.28098145,0.30649552,-0.3198276,0.45706025,0.30175987,-0.71652484,-0.5611593,-0.17496195,0.18208262,-0.35546523,-0.14736085,0.053981416,-0.45445716,0.10483788,0.03755955,-0.46070266,0.35072714,0.0660013,-0.45823124,0.59776235,0.16542962,-0.65782255,0.59070325,0.30212164,-0.4969456,0.23543803,0.06282483,-0.6863328,0.2919278,0.037054643,-0.638547,0.2581829,0.1843818,-0.65858674,0.3025985,0.14709112,-0.67279667,0.2389583,0.13723338,-0.60601306,0.34146148,0.07106465,-0.6367148,0.20791289,0.0434402,-0.004115247167646885,0.2209930270910263,0.005533589981496334
