frame,Ankle.R_x,Ankle.R_y,Ankle.R_z,Knee.R_x,Knee.R_y,Knee.R_z,Hip.R_x,Hip.R_y,Hip.R_z,Hip.L_x,Hip.L_y,Hip.L_z,Knee.L_x,Knee.L_y,Knee.L_z,Ankle.L_x,Ankle.L_y,Ankle.L_z,Wrist.R_x,Wrist.R_y,Wrist.R_z,Elbow.R_x,Elbow.R_y,Elbow.R_z,Shoulder.R_x,Shoulder.R_y,Shoulder.R_z,Shoulder.L_x,Shoulder.L_y,Shoulder.L_z,Elbow.L_x,Elbow.L_y,Elbow.L_z,Wrist.L_x,Wrist.L_y,Wrist.L_z,Neck_x,Neck_y,Neck_z,Head_x,Head_y,Head_z,Nose_x,Nose_y,Nose_z,Eye.L_x,Eye.L_y,Eye.L_z,Eye.R_x,Eye.R_y,Eye.R_z,Ear.L_x,Ear.L_y,Ear.L_z,Ear.R_x,Ear.R_y,Ear.R_z,hip.Center_x,hip.Center_y,hip.Center_z
0,0.362095,0.1731241,-0.77889156,0.15724026,0.1678356,-0.3913972,-0.019749634,0.092582405,-0.023335662,0.027098,0.32246315,0.03922757,0.16156259,0.32327926,-0.36558887,0.36735302,0.3181623,-0.7528498,-0.47977304,-0.07680448,-0.004766683,-0.28182992,-0.067181155,-0.14078277,-0.42857385,0.12555528,0.01717915,-0.41983286,0.3648284,0.10472638,-0.36213222,0.61630124,0.20319617,-0.5327518,0.57375485,0.365135,-0.47006583,0.24038139,0.08022866,-0.62926245,0.34179643,0.10438744,-0.6261437,0.20733139,0.022927657,-0.6568998,0.2387366,0.06662542,-0.61992896,0.26775387,0.019897148,-0.6215838,0.25611717,0.16103198,-0.5462028,0.32077038,0.062563784,0.003674183040857315,0.20752277970314026,0.0079459547996521
