frame,Ankle.R_x,Ankle.R_y,Ankle.R_z,Knee.R_x,Knee.R_y,Knee.R_z,Hip.R_x,Hip.R_y,Hip.R_z,Hip.L_x,Hip.L_y,Hip.L_z,Knee.L_x,Knee.L_y,Knee.L_z,Ankle.L_x,Ankle.L_y,Ankle.L_z,Wrist.R_x,Wrist.R_y,Wrist.R_z,Elbow.R_x,Elbow.R_y,Elbow.R_z,Shoulder.R_x,Shoulder.R_y,Shoulder.R_z,Shoulder.L_x,Shoulder.L_y,Shoulder.L_z,Elbow.L_x,Elbow.L_y,Elbow.L_z,Wrist.L_x,Wrist.L_y,Wrist.L_z,Neck_x,Neck_y,Neck_z,Head_x,Head_y,Head_z,Nose_x,Nose_y,Nose_z,Eye.L_x,Eye.L_y,Eye.L_z,Eye.R_x,Eye.R_y,Eye.R_z,Ear.L_x,Ear.L_y,Ear.L_z,Ear.R_x,Ear.R_y,Ear.R_z,hip.Center_x,hip.Center_y,hip.Center_z
0,0.4484529,0.14562522,-0.66504526,0.32860368,0.13568556,-0.2496181,0.0051066205,0.104436874,0.034403875,-0.012892821,0.3406049,-0.023417944,0.27726653,0.30305472,-0.32443672,0.4331578,0.31024554,-0.72949207,-0.5137035,-0.14844856,0.21787918,-0.32816324,-0.13496222,0.06218536,-0.45518926,0.10631209,0.041433185,-0.45636603,0.36082113,0.06754524,-0.39881063,0.60717636,0.1604897,-0.5760299,0.5809142,0.31943884,-0.49828273,0.24141261,0.06618444,-0.68874294,0.30423704,0.047187943,-0.64104426,0.24438623,0.18605831,-0.662014,0.29453316,0.1576444,-0.67436516,0.2336487,0.13556498,-0.60960007,0.3486808,0.09105134,-0.63701034,0.22206461,0.03821577,-0.0038931001909077168,0.2225208878517151,0.005492965690791607
