frame,Ankle.R_x,Ankle.R_y,Ankle.R_z,Knee.R_x,Knee.R_y,Knee.R_z,Hip.R_x,Hip.R_y,Hip.R_z,Hip.L_x,Hip.L_y,Hip.L_z,Knee.L_x,Knee.L_y,Knee.L_z,Ankle.L_x,Ankle.L_y,Ankle.L_z,Wrist.R_x,Wrist.R_y,Wrist.R_z,Elbow.R_x,Elbow.R_y,Elbow.R_z,Shoulder.R_x,Shoulder.R_y,Shoulder.R_z,Shoulder.L_x,Shoulder.L_y,Shoulder.L_z,Elbow.L_x,Elbow.L_y,Elbow.L_z,Wrist.L_x,Wrist.L_y,Wrist.L_z,Neck_x,Neck_y,Neck_z,Head_x,Head_y,Head_z,Nose_x,Nose_y,Nose_z,Eye.L_x,Eye.L_y,Eye.L_z,Eye.R_x,Eye.R_y,Eye.R_z,Ear.L_x,Ear.L_y,Ear.L_z,Ear.R_x,Ear.R_y,Ear.R_z,hip.Center_x,hip.Center_y,hip.Center_z
0,0.4584759,0.1658346,-0.65486765,0.33360827,0.15108995,-0.24256349,0.010987446,0.10896337,0.04321102,-0.019343238,0.3385443,-0.033931263,0.28391472,0.30853546,-0.32031995,0.43871385,0.32166708,-0.72525185,-0.55557716,-0.12567031,0.21662737,-0.35823095,-0.13998757,0.07657081,-0.46101272,0.11101842,0.045290146,-0.45889497,0.36238614,0.058934253,-0.41520873,0.6126395,0.14583059,-0.59056526,0.5842631,0.30784476,-0.50010246,0.24523059,0.0639404,-0.68801236,0.31155878,0.04084231,-0.6446171,0.25027257,0.18066975,-0.66450256,0.30063286,0.15207961,-0.67654073,0.24007605,0.12902549,-0.6097532,0.35506976,0.08724871,-0.6366431,0.22904855,0.03239207,-0.0041778963059186935,0.22375383973121643,0.004639878869056702
