frame,Ankle.R_x,Ankle.R_y,Ankle.R_z,Knee.R_x,Knee.R_y,Knee.R_z,Hip.R_x,Hip.R_y,Hip.R_z,Hip.L_x,Hip.L_y,Hip.L_z,Knee.L_x,Knee.L_y,Knee.L_z,Ankle.L_x,Ankle.L_y,Ankle.L_z,Wrist.R_x,Wrist.R_y,Wrist.R_z,Elbow.R_x,Elbow.R_y,Elbow.R_z,Shoulder.R_x,Shoulder.R_y,Shoulder.R_z,Shoulder.L_x,Shoulder.L_y,Shoulder.L_z,Elbow.L_x,Elbow.L_y,Elbow.L_z,Wrist.L_x,Wrist.L_y,Wrist.L_z,Neck_x,Neck_y,Neck_z,Head_x,Head_y,Head_z,Nose_x,Nose_y,Nose_z,Eye.L_x,Eye.L_y,Eye.L_z,Eye.R_x,Eye.R_y,Eye.R_z,Ear.L_x,Ear.L_y,Ear.L_z,Ear.R_x,Ear.R_y,Ear.R_z,hip.Center_x,hip.Center_y,hip.Center_z
0,0.36345932,0.1875356,-0.7747444,0.15807071,0.1753656,-0.3884488,-0.014797369,0.09055613,-0.017610926,0.022655185,0.32586768,0.034535646,0.16826865,0.3212195,-0.36586863,0.36273742,0.331485,-0.7586468,-0.5036602,-0.07285555,-0.008375917,-0.31923488,-0.087817855,-0.16110264,-0.42104954,0.11786846,0.014781406,-0.41350618,0.36341974,0.098838545,-0.3798615,0.6190639,0.19571525,-0.5468352,0.5578028,0.3567812,-0.4655681,0.23812595,0.07591474,-0.6301464,0.341477,0.07959233,-0.6278878,0.19367267,0.026652202,-0.6578755,0.23288205,0.063893706,-0.62246734,0.25224987,0.011299208,-0.6202253,0.26897877,0.15163758,-0.54804504,0.313741,0.040664166,0.00392890814691782,0.20821189880371094,0.008462360128760338
