frame,Ankle.R_x,Ankle.R_y,Ankle.R_z,Knee.R_x,Knee.R_y,Knee.R_z,Hip.R_x,Hip.R_y,Hip.R_z,Hip.L_x,Hip.L_y,Hip.L_z,Knee.L_x,Knee.L_y,Knee.L_z,Ankle.L_x,Ankle.L_y,Ankle.L_z,Wrist.R_x,Wrist.R_y,Wrist.R_z,Elbow.R_x,Elbow.R_y,Elbow.R_z,Shoulder.R_x,Shoulder.R_y,Shoulder.R_z,Shoulder.L_x,Shoulder.L_y,Shoulder.L_z,Elbow.L_x,Elbow.L_y,Elbow.L_z,Wrist.L_x,Wrist.L_y,Wrist.L_z,Neck_x,Neck_y,Neck_z,Head_x,Head_y,Head_z,Nose_x,Nose_y,Nose_z,Eye.L_x,Eye.L_y,Eye.L_z,Eye.R_x,Eye.R_y,Eye.R_z,Ear.L_x,Ear.L_y,Ear.L_z,Ear.R_x,Ear.R_y,Ear.R_z,hip.Center_x,hip.Center_y,hip.Center_z
0,0.46242532,0.16166607,-0.6505416,0.3343756,0.1479826,-0.23971945,0.011695859,0.10924514,0.045519814,-0.020225665,0.3364326,-0.03599114,0.289638,0.30808488,-0.3149472,0.4448912,0.31595293,-0.7190036,-0.5509409,-0.1435844,0.22102891,-0.35576862,-0.14137734,0.07837999,-0.45881918,0.109799065,0.05211742,-0.45677978,0.36040285,0.055362955,-0.4135226,0.61172736,0.13597691,-0.5972657,0.5834582,0.2869327,-0.49776503,0.24399835,0.06575575,-0.6876917,0.3039622,0.043772005,-0.63683176,0.2591409,0.18713614,-0.65899765,0.30569518,0.1542331,-0.6709494,0.2429109,0.1386545,-0.6085262,0.35295123,0.08138621,-0.6354488,0.22197561,0.042110153,-0.004264902789145708,0.2228388786315918,0.004764337092638016
