frame,Ankle.R_x,Ankle.R_y,Ankle.R_z,Knee.R_x,Knee.R_y,Knee.R_z,Hip.R_x,Hip.R_y,Hip.R_z,Hip.L_x,Hip.L_y,Hip.L_z,Knee.L_x,Knee.L_y,Knee.L_z,Ankle.L_x,Ankle.L_y,Ankle.L_z,Wrist.R_x,Wrist.R_y,Wrist.R_z,Elbow.R_x,Elbow.R_y,Elbow.R_z,Shoulder.R_x,Shoulder.R_y,Shoulder.R_z,Shoulder.L_x,Shoulder.L_y,Shoulder.L_z,Elbow.L_x,Elbow.L_y,Elbow.L_z,Wrist.L_x,Wrist.L_y,Wrist.L_z,Neck_x,Neck_y,Neck_z,Head_x,Head_y,Head_z,Nose_x,Nose_y,Nose_z,Eye.L_x,Eye.L_y,Eye.L_z,Eye.R_x,Eye.R_y,Eye.R_z,Ear.L_x,Ear.L_y,Ear.L_z,Ear.R_x,Ear.R_y,Ear.R_z,hip.Center_x,hip.Center_y,hip.Center_z
0,0.35367882,0.19604464,-0.7722011,0.1338697,0.18267106,-0.39531067,-0.014568708,0.09052481,-0.01674615,0.022422126,0.32745442,0.034591336,0.15285093,0.3286554,-0.36955202,0.35423687,0.34413823,-0.75718105,-0.5042328,-0.06702466,-0.021451304,-0.33189702,-0.07990656,-0.18720391,-0.42213985,0.119892344,0.0008548824,-0.4166945,0.36856493,0.08697956,-0.38565192,0.628753,0.17938906,-0.54269314,0.5655478,0.35277194,-0.4680632,0.24380343,0.061696026,-0.6320837,0.34855777,0.05135926,-0.64355445,0.19185776,0.03950365,-0.6657265,0.24163303,0.069222316,-0.6385592,0.2440778,0.008556604,-0.61348414,0.29605478,0.13780345,-0.5577669,0.30577165,0.00956665,0.0039267088286578655,0.20898962020874023,0.008922592736780643
