frame,Ankle.R_x,Ankle.R_y,Ankle.R_z,Knee.R_x,Knee.R_y,Knee.R_z,Hip.R_x,Hip.R_y,Hip.R_z,Hip.L_x,Hip.L_y,Hip.L_z,Knee.L_x,Knee.L_y,Knee.L_z,Ankle.L_x,Ankle.L_y,Ankle.L_z,Wrist.R_x,Wrist.R_y,Wrist.R_z,Elbow.R_x,Elbow.R_y,Elbow.R_z,Shoulder.R_x,Shoulder.R_y,Shoulder.R_z,Shoulder.L_x,Shoulder.L_y,Shoulder.L_z,Elbow.L_x,Elbow.L_y,Elbow.L_z,Wrist.L_x,Wrist.L_y,Wrist.L_z,Neck_x,Neck_y,Neck_z,Head_x,Head_y,Head_z,Nose_x,Nose_y,Nose_z,Eye.L_x,Eye.L_y,Eye.L_z,Eye.R_x,Eye.R_y,Eye.R_z,Ear.L_x,Ear.L_y,Ear.L_z,Ear.R_x,Ear.R_y,Ear.R_z,hip.Center_x,hip.Center_y,hip.Center_z
0,0.36955062,0.20271805,-0.7646451,0.13932316,0.18754935,-0.39391458,-0.015910437,0.09040754,-0.019275937,0.023228267,0.32502058,0.036082193,0.15722898,0.33011222,-0.36729878,0.35788167,0.345819,-0.7563185,-0.57950956,-0.07270346,-0.016501276,-0.39894935,-0.09914561,-0.176827,-0.42054784,0.11949922,0.0070170118,-0.41566277,0.36117774,0.09112004,-0.45009547,0.6272718,0.15425421,-0.6154938,0.5945758,0.3320645,-0.46338043,0.23802333,0.06745793,-0.625227,0.34531403,0.07276263,-0.62806404,0.20039414,0.01320897,-0.6570012,0.23889792,0.05184856,-0.619888,0.25918114,0.0006776303,-0.61929333,0.26934496,0.14211193,-0.54329544,0.31650472,0.03433433,0.003658914938569069,0.20771406590938568,0.008403128013014793
