frame,Ankle.R_x,Ankle.R_y,Ankle.R_z,Knee.R_x,Knee.R_y,Knee.R_z,Hip.R_x,Hip.R_y,Hip.R_z,Hip.L_x,Hip.L_y,Hip.L_z,Knee.L_x,Knee.L_y,Knee.L_z,Ankle.L_x,Ankle.L_y,Ankle.L_z,Wrist.R_x,Wrist.R_y,Wrist.R_z,Elbow.R_x,Elbow.R_y,Elbow.R_z,Shoulder.R_x,Shoulder.R_y,Shoulder.R_z,Shoulder.L_x,Shoulder.L_y,Shoulder.L_z,Elbow.L_x,Elbow.L_y,Elbow.L_z,Wrist.L_x,Wrist.L_y,Wrist.L_z,Neck_x,Neck_y,Neck_z,Head_x,Head_y,Head_z,Nose_x,Nose_y,Nose_z,Eye.L_x,Eye.L_y,Eye.L_z,Eye.R_x,Eye.R_y,Eye.R_z,Ear.L_x,Ear.L_y,Ear.L_z,Ear.R_x,Ear.R_y,Ear.R_z,hip.Center_x,hip.Center_y,hip.Center_z
0,0.37956464,0.1800195,-0.76726764,0.16468324,0.17375994,-0.38583407,-0.017770553,0.090422295,-0.019728018,0.02366555,0.3240277,0.036628366,0.17646758,0.3220964,-0.3611058,0.36983094,0.33143762,-0.7553463,-0.57215255,-0.08636581,0.0038337098,-0.3848984,-0.11823762,-0.14646597,-0.41794148,0.11264621,0.021574762,-0.41502228,0.35825503,0.09894535,-0.44689175,0.62443113,0.16204761,-0.621062,0.57780576,0.32567084,-0.462424,0.23284833,0.07885278,-0.626515,0.33610094,0.07979644,-0.6223924,0.19072379,0.021621183,-0.6541854,0.22851159,0.058530167,-0.6156841,0.24966195,0.008858547,-0.621012,0.26085427,0.14997147,-0.5426687,0.3097437,0.045020312,0.0029474981129169464,0.2072249948978424,0.008450173772871494
