frame,Ankle.R_x,Ankle.R_y,Ankle.R_z,Knee.R_x,Knee.R_y,Knee.R_z,Hip.R_x,Hip.R_y,Hip.R_z,Hip.L_x,Hip.L_y,Hip.L_z,Knee.L_x,Knee.L_y,Knee.L_z,Ankle.L_x,Ankle.L_y,Ankle.L_z,Wrist.R_x,Wrist.R_y,Wrist.R_z,Elbow.R_x,Elbow.R_y,Elbow.R_z,Shoulder.R_x,Shoulder.R_y,Shoulder.R_z,Shoulder.L_x,Shoulder.L_y,Shoulder.L_z,Elbow.L_x,Elbow.L_y,Elbow.L_z,Wrist.L_x,Wrist.L_y,Wrist.L_z,Neck_x,Neck_y,Neck_z,Head_x,Head_y,Head_z,Nose_x,Nose_y,Nose_z,Eye.L_x,Eye.L_y,Eye.L_z,Eye.R_x,Eye.R_y,Eye.R_z,Ear.L_x,Ear.L_y,Ear.L_z,Ear.R_x,Ear.R_y,Ear.R_z,hip.Center_x,hip.Center_y,hip.Center_z
0,0.48822802,0.16822156,-0.6144272,0.36089686,0.15892816,-0.20600183,0.010784419,0.10545697,0.03988377,-0.021769105,0.335151,-0.032282993,0.2842308,0.3176873,-0.31495148,0.47237623,0.32667267,-0.7013393,-0.67587876,-0.18951729,0.19820945,-0.4566093,-0.1587685,0.08489367,-0.4550354,0.11177734,0.064376935,-0.4533454,0.3512168,0.06834906,-0.52251995,0.5950801,0.13482822,-0.73894596,0.6403827,0.24782588,-0.488049,0.24023531,0.081709966,-0.67680067,0.29367435,0.058355592,-0.63167465,0.25501344,0.20479965,-0.65295184,0.29994208,0.16981947,-0.6630571,0.23650281,0.15578772,-0.6005338,0.34607357,0.09743379,-0.62282157,0.21315777,0.061284438,-0.005492342635989189,0.2203039824962616,0.003800388425588608
