frame,Ankle.R_x,Ankle.R_y,Ankle.R_z,Knee.R_x,Knee.R_y,Knee.R_z,Hip.R_x,Hip.R_y,Hip.R_z,Hip.L_x,Hip.L_y,Hip.L_z,Knee.L_x,Knee.L_y,Knee.L_z,Ankle.L_x,Ankle.L_y,Ankle.L_z,Wrist.R_x,Wrist.R_y,Wrist.R_z,Elbow.R_x,Elbow.R_y,Elbow.R_z,Shoulder.R_x,Shoulder.R_y,Shoulder.R_z,Shoulder.L_x,Shoulder.L_y,Shoulder.L_z,Elbow.L_x,Elbow.L_y,Elbow.L_z,Wrist.L_x,Wrist.L_y,Wrist.L_z,Neck_x,Neck_y,Neck_z,Head_x,Head_y,Head_z,Nose_x,Nose_y,Nose_z,Eye.L_x,Eye.L_y,Eye.L_z,Eye.R_x,Eye.R_y,Eye.R_z,Ear.L_x,Ear.L_y,Ear.L_z,Ear.R_x,Ear.R_y,Ear.R_z,hip.Center_x,hip.Center_y,hip.Center_z
0,0.46613282,0.1738777,-0.63014954,0.3550775,0.1564011,-0.21695009,0.010423485,0.10451509,0.03741415,-0.020456031,0.33615816,-0.029519148,0.27668622,0.31729746,-0.3218743,0.45850906,0.3274949,-0.71116924,-0.68426114,-0.18193318,0.19349307,-0.46475112,-0.15628828,0.078698486,-0.45616212,0.115016684,0.0642588,-0.45146647,0.35442927,0.07409953,-0.5197299,0.59739035,0.14526664,-0.73307943,0.6379721,0.26603192,-0.48749465,0.24364889,0.084899634,-0.6752317,0.3021244,0.0628847,-0.63187367,0.25482848,0.20732126,-0.6521773,0.30195853,0.17467268,-0.6631714,0.23952045,0.15710849,-0.5984118,0.35119003,0.10534524,-0.62248576,0.22074196,0.061746962,-0.005016272887587547,0.22033661603927612,0.003947500139474869
