frame,Ankle.R_x,Ankle.R_y,Ankle.R_z,Knee.R_x,Knee.R_y,Knee.R_z,Hip.R_x,Hip.R_y,Hip.R_z,Hip.L_x,Hip.L_y,Hip.L_z,Knee.L_x,Knee.L_y,Knee.L_z,Ankle.L_x,Ankle.L_y,Ankle.L_z,Wrist.R_x,Wrist.R_y,Wrist.R_z,Elbow.R_x,Elbow.R_y,Elbow.R_z,Shoulder.R_x,Shoulder.R_y,Shoulder.R_z,Shoulder.L_x,Shoulder.L_y,Shoulder.L_z,Elbow.L_x,Elbow.L_y,Elbow.L_z,Wrist.L_x,Wrist.L_y,Wrist.L_z,Neck_x,Neck_y,Neck_z,Head_x,Head_y,Head_z,Nose_x,Nose_y,Nose_z,Eye.L_x,Eye.L_y,Eye.L_z,Eye.R_x,Eye.R_y,Eye.R_z,Ear.L_x,Ear.L_y,Ear.L_z,Ear.R_x,Ear.R_y,Ear.R_z,hip.Center_x,hip.Center_y,hip.Center_z
0,0.4936041,0.1807127,-0.58352643,0.37839052,0.16220775,-0.17526293,0.009505438,0.10392847,0.036632173,-0.022547033,0.33499834,-0.031917367,0.27903438,0.31753796,-0.31784743,0.47432512,0.32824653,-0.69786173,-0.7459156,-0.24182351,0.1965776,-0.52788395,-0.1405062,0.10599964,-0.4492694,0.11153592,0.06987919,-0.44815147,0.348212,0.07895105,-0.5570351,0.5675091,0.1564774,-0.7769505,0.6620763,0.2404845,-0.48098916,0.23691651,0.089862786,-0.66716635,0.28810894,0.06022809,-0.63414747,0.23066819,0.20349655,-0.6544278,0.2792977,0.17348315,-0.6594751,0.21832043,0.14953268,-0.59805983,0.33797216,0.11403863,-0.6091384,0.21121195,0.057217367,-0.006520797498524189,0.21946340799331665,0.002357402816414833
