frame,Ankle.R_x,Ankle.R_y,Ankle.R_z,Knee.R_x,Knee.R_y,Knee.R_z,Hip.R_x,Hip.R_y,Hip.R_z,Hip.L_x,Hip.L_y,Hip.L_z,Knee.L_x,Knee.L_y,Knee.L_z,Ankle.L_x,Ankle.L_y,Ankle.L_z,Wrist.R_x,Wrist.R_y,Wrist.R_z,Elbow.R_x,Elbow.R_y,Elbow.R_z,Shoulder.R_x,Shoulder.R_y,Shoulder.R_z,Shoulder.L_x,Shoulder.L_y,Shoulder.L_z,Elbow.L_x,Elbow.L_y,Elbow.L_z,Wrist.L_x,Wrist.L_y,Wrist.L_z,Neck_x,Neck_y,Neck_z,Head_x,Head_y,Head_z,Nose_x,Nose_y,Nose_z,Eye.L_x,Eye.L_y,Eye.L_z,Eye.R_x,Eye.R_y,Eye.R_z,Ear.L_x,Ear.L_y,Ear.L_z,Ear.R_x,Ear.R_y,Ear.R_z,hip.Center_x,hip.Center_y,hip.Center_z
0,0.4697577,0.104725726,-0.63649005,0.35210314,0.11924451,-0.22085722,-0.0137648005,0.095561236,-0.0004041167,0.0029591804,0.33873904,0.009100106,0.31735674,0.30751282,-0.2772243,0.4585838,0.308483,-0.6868751,-0.6081036,-0.18629819,0.1527134,-0.40564972,-0.14538135,0.017224854,-0.46426833,0.12149683,0.013520999,-0.44980752,0.36684182,0.06508056,-0.48408136,0.5677613,0.23040804,-0.710936,0.6006762,0.3259009,-0.4944399,0.25452396,0.046240862,-0.66798025,0.33999342,0.011334283,-0.6522835,0.26403102,0.14860855,-0.66152817,0.3184002,0.12287197,-0.6783275,0.26185086,0.09336241,-0.5918954,0.36932027,0.07049388,-0.62697583,0.25217238,0.0022485554,-0.00540280994027853,0.21715013682842255,0.0043479944579303265
