frame,Ankle.R_x,Ankle.R_y,Ankle.R_z,Knee.R_x,Knee.R_y,Knee.R_z,Hip.R_x,Hip.R_y,Hip.R_z,Hip.L_x,Hip.L_y,Hip.L_z,Knee.L_x,Knee.L_y,Knee.L_z,Ankle.L_x,Ankle.L_y,Ankle.L_z,Wrist.R_x,Wrist.R_y,Wrist.R_z,Elbow.R_x,Elbow.R_y,Elbow.R_z,Shoulder.R_x,Shoulder.R_y,Shoulder.R_z,Shoulder.L_x,Shoulder.L_y,Shoulder.L_z,Elbow.L_x,Elbow.L_y,Elbow.L_z,Wrist.L_x,Wrist.L_y,Wrist.L_z,Neck_x,Neck_y,Neck_z,Head_x,Head_y,Head_z,Nose_x,Nose_y,Nose_z,Eye.L_x,Eye.L_y,Eye.L_z,Eye.R_x,Eye.R_y,Eye.R_z,Ear.L_x,Ear.L_y,Ear.L_z,Ear.R_x,Ear.R_y,Ear.R_z,hip.Center_x,hip.Center_y,hip.Center_z
0,0.47440484,0.09731357,-0.63204867,0.35600764,0.12397347,-0.21686134,-0.011269227,0.09602191,0.0012089554,0.0013073896,0.33987388,0.0069998824,0.31212828,0.3042205,-0.2835146,0.45389447,0.30093297,-0.6936401,-0.6029313,-0.1946899,0.17524764,-0.4034081,-0.15245439,0.035094265,-0.46290302,0.11363903,0.023819506,-0.45099998,0.35994565,0.074810795,-0.47720915,0.5572541,0.24617054,-0.70452046,0.5827628,0.3407417,-0.49482337,0.24572246,0.056874834,-0.6723056,0.32389122,0.024812737,-0.6509752,0.24958628,0.16248657,-0.6629807,0.30335194,0.13653634,-0.6778028,0.2459184,0.107655734,-0.5964414,0.35687917,0.0826702,-0.6277113,0.23777243,0.015568092,-0.004980918485671282,0.21794790029525757,0.004104418680071831
