frame,Ankle.R_x,Ankle.R_y,Ankle.R_z,Knee.R_x,Knee.R_y,Knee.R_z,Hip.R_x,Hip.R_y,Hip.R_z,Hip.L_x,Hip.L_y,Hip.L_z,Knee.L_x,Knee.L_y,Knee.L_z,Ankle.L_x,Ankle.L_y,Ankle.L_z,Wrist.R_x,Wrist.R_y,Wrist.R_z,Elbow.R_x,Elbow.R_y,Elbow.R_z,Shoulder.R_x,Shoulder.R_y,Shoulder.R_z,Shoulder.L_x,Shoulder.L_y,Shoulder.L_z,Elbow.L_x,Elbow.L_y,Elbow.L_z,Wrist.L_x,Wrist.L_y,Wrist.L_z,Neck_x,Neck_y,Neck_z,Head_x,Head_y,Head_z,Nose_x,Nose_y,Nose_z,Eye.L_x,Eye.L_y,Eye.L_z,Eye.R_x,Eye.R_y,Eye.R_z,Ear.L_x,Ear.L_y,Ear.L_z,Ear.R_x,Ear.R_y,Ear.R_z,hip.Center_x,hip.Center_y,hip.Center_z
0,0.49752316,0.1892138,-0.57697445,0.38582858,0.1632403,-0.16582413,0.009437421,0.10385253,0.035604626,-0.024139438,0.33515328,-0.03163011,0.28220093,0.32918602,-0.3145929,0.4892966,0.3441049,-0.68965816,-0.77238864,-0.23892958,0.18085626,-0.54820484,-0.13769524,0.10004796,-0.45300063,0.11148684,0.076503806,-0.45052862,0.34459904,0.07775091,-0.57565427,0.5641493,0.13007689,-0.80002916,0.6721182,0.19063264,-0.48211056,0.23598944,0.09447389,-0.6683507,0.28489715,0.068584524,-0.63013434,0.24466838,0.21665779,-0.6505865,0.28981978,0.18142174,-0.658182,0.22639556,0.16562937,-0.5957828,0.33911547,0.112670526,-0.61193913,0.20639652,0.072549336,-0.007351008243858814,0.21950291097164154,0.0019872579723596573
