frame,Ankle.R_x,Ankle.R_y,Ankle.R_z,Knee.R_x,Knee.R_y,Knee.R_z,Hip.R_x,Hip.R_y,Hip.R_z,Hip.L_x,Hip.L_y,Hip.L_z,Knee.L_x,Knee.L_y,Knee.L_z,Ankle.L_x,Ankle.L_y,Ankle.L_z,Wrist.R_x,Wrist.R_y,Wrist.R_z,Elbow.R_x,Elbow.R_y,Elbow.R_z,Shoulder.R_x,Shoulder.R_y,Shoulder.R_z,Shoulder.L_x,Shoulder.L_y,Shoulder.L_z,Elbow.L_x,Elbow.L_y,Elbow.L_z,Wrist.L_x,Wrist.L_y,Wrist.L_z,Neck_x,Neck_y,Neck_z,Head_x,Head_y,Head_z,Nose_x,Nose_y,Nose_z,Eye.L_x,Eye.L_y,Eye.L_z,Eye.R_x,Eye.R_y,Eye.R_z,Ear.L_x,Ear.L_y,Ear.L_z,Ear.R_x,Ear.R_y,Ear.R_z,hip.Center_x,hip.Center_y,hip.Center_z
0,0.49315068,0.18536776,-0.5799333,0.38452598,0.15564893,-0.16870597,0.008067198,0.103166655,0.033067845,-0.02228135,0.33640897,-0.02933944,0.27892056,0.32882094,-0.31739882,0.4834949,0.3471208,-0.6929974,-0.78341776,-0.23172665,0.1663421,-0.5541532,-0.13588962,0.09353058,-0.4529353,0.11077188,0.07453658,-0.4528898,0.34244803,0.08337816,-0.58522165,0.55582964,0.14128116,-0.8129984,0.6547211,0.2044588,-0.48280168,0.23363976,0.096999705,-0.6692594,0.28382087,0.07482061,-0.6304237,0.23432568,0.21993724,-0.6511321,0.28159267,0.1877366,-0.6585062,0.21926728,0.16787368,-0.5967562,0.33559018,0.12213752,-0.61239165,0.20547575,0.07353702,-0.007107076235115528,0.2197878062725067,0.0018642023205757141
