frame,Ankle.R_x,Ankle.R_y,Ankle.R_z,Knee.R_x,Knee.R_y,Knee.R_z,Hip.R_x,Hip.R_y,Hip.R_z,Hip.L_x,Hip.L_y,Hip.L_z,Knee.L_x,Knee.L_y,Knee.L_z,Ankle.L_x,Ankle.L_y,Ankle.L_z,Wrist.R_x,Wrist.R_y,Wrist.R_z,Elbow.R_x,Elbow.R_y,Elbow.R_z,Shoulder.R_x,Shoulder.R_y,Shoulder.R_z,Shoulder.L_x,Shoulder.L_y,Shoulder.L_z,Elbow.L_x,Elbow.L_y,Elbow.L_z,Wrist.L_x,Wrist.L_y,Wrist.L_z,Neck_x,Neck_y,Neck_z,Head_x,Head_y,Head_z,Nose_x,Nose_y,Nose_z,Eye.L_x,Eye.L_y,Eye.L_z,Eye.R_x,Eye.R_y,Eye.R_z,Ear.L_x,Ear.L_y,Ear.L_z,Ear.R_x,Ear.R_y,Ear.R_z,hip.Center_x,hip.Center_y,hip.Center_z
0,0.3889025,0.20512299,-0.76063806,0.16554688,0.1765165,-0.3836524,-0.017477429,0.091152966,-0.017149746,0.019782733,0.32614908,0.031559587,0.17397235,0.32308155,-0.36545032,0.3821497,0.33226147,-0.75334436,-0.73326755,-0.14045322,-0.019410795,-0.50816387,-0.09508318,-0.12786713,-0.42563528,0.12027648,0.026705446,-0.4195279,0.3537196,0.09184009,-0.5434057,0.5899061,0.11367351,-0.748837,0.6218461,0.25710127,-0.462932,0.23112443,0.076552905,-0.62570417,0.32833982,0.09382689,-0.60126257,0.21311478,-0.0076693147,-0.64167535,0.23536965,0.032491744,-0.59518427,0.27215844,0.0027058274,-0.629465,0.23320843,0.13490531,-0.5345016,0.31430498,0.072010115,0.0011526523157954216,0.20865102112293243,0.007204920053482056
