frame,Ankle.R_x,Ankle.R_y,Ankle.R_z,Knee.R_x,Knee.R_y,Knee.R_z,Hip.R_x,Hip.R_y,Hip.R_z,Hip.L_x,Hip.L_y,Hip.L_z,Knee.L_x,Knee.L_y,Knee.L_z,Ankle.L_x,Ankle.L_y,Ankle.L_z,Wrist.R_x,Wrist.R_y,Wrist.R_z,Elbow.R_x,Elbow.R_y,Elbow.R_z,Shoulder.R_x,Shoulder.R_y,Shoulder.R_z,Shoulder.L_x,Shoulder.L_y,Shoulder.L_z,Elbow.L_x,Elbow.L_y,Elbow.L_z,Wrist.L_x,Wrist.L_y,Wrist.L_z,Neck_x,Neck_y,Neck_z,Head_x,Head_y,Head_z,Nose_x,Nose_y,Nose_z,Eye.L_x,Eye.L_y,Eye.L_z,Eye.R_x,Eye.R_y,Eye.R_z,Ear.L_x,Ear.L_y,Ear.L_z,Ear.R_x,Ear.R_y,Ear.R_z,hip.Center_x,hip.Center_y,hip.Center_z
0,0.49767065,0.19386779,-0.5767017,0.38358697,0.17724518,-0.16818222,0.015104973,0.10844613,0.043718554,-0.02962174,0.33185744,-0.0391324,0.2760741,0.32800418,-0.31915286,0.48156917,0.34699926,-0.69359785,-0.77062243,-0.20584576,0.19257998,-0.53880715,-0.14320704,0.103148125,-0.45152968,0.10766728,0.07124191,-0.44937676,0.34390324,0.07207163,-0.54421407,0.57569766,0.13727544,-0.7638236,0.66406995,0.22670463,-0.4829873,0.23254254,0.088481024,-0.669756,0.28696677,0.061753057,-0.6349921,0.22743668,0.20371193,-0.655136,0.27663904,0.17452702,-0.66137123,0.21602459,0.14990394,-0.59905994,0.33526218,0.11475079,-0.61265063,0.20921545,0.05665335,-0.007258384022861719,0.22015178203582764,0.002293076366186142
