frame,Ankle.R_x,Ankle.R_y,Ankle.R_z,Knee.R_x,Knee.R_y,Knee.R_z,Hip.R_x,Hip.R_y,Hip.R_z,Hip.L_x,Hip.L_y,Hip.L_z,Knee.L_x,Knee.L_y,Knee.L_z,Ankle.L_x,Ankle.L_y,Ankle.L_z,Wrist.R_x,Wrist.R_y,Wrist.R_z,Elbow.R_x,Elbow.R_y,Elbow.R_z,Shoulder.R_x,Shoulder.R_y,Shoulder.R_z,Shoulder.L_x,Shoulder.L_y,Shoulder.L_z,Elbow.L_x,Elbow.L_y,Elbow.L_z,Wrist.L_x,Wrist.L_y,Wrist.L_z,Neck_x,Neck_y,Neck_z,Head_x,Head_y,Head_z,Nose_x,Nose_y,Nose_z,Eye.L_x,Eye.L_y,Eye.L_z,Eye.R_x,Eye.R_y,Eye.R_z,Ear.L_x,Ear.L_y,Ear.L_z,Ear.R_x,Ear.R_y,Ear.R_z,hip.Center_x,hip.Center_y,hip.Center_z
0,0.47632122,0.20654836,-0.6434142,0.33754578,0.19326213,-0.23545277,0.031070692,0.12761988,0.066560216,-0.04309411,0.32050085,-0.059092678,0.2552282,0.33241436,-0.34170127,0.4634415,0.36008766,-0.71901375,-0.6435534,-0.1472074,0.21396457,-0.4195293,-0.1601466,0.1204395,-0.46110618,0.102542564,0.075234875,-0.45868748,0.3389601,0.05607392,-0.45814005,0.6033976,0.08724097,-0.6555937,0.62446296,0.22537225,-0.49499282,0.23016001,0.081928365,-0.6822558,0.28829703,0.057797626,-0.6363119,0.24417824,0.20308787,-0.65819144,0.29033107,0.16935828,-0.66763055,0.22723758,0.15280147,-0.6060501,0.33959246,0.09843709,-0.6276509,0.20771347,0.057771184,-0.00601170863956213,0.22406035661697388,0.0037337690591812134
