frame,Ankle.R_x,Ankle.R_y,Ankle.R_z,Knee.R_x,Knee.R_y,Knee.R_z,Hip.R_x,Hip.R_y,Hip.R_z,Hip.L_x,Hip.L_y,Hip.L_z,Knee.L_x,Knee.L_y,Knee.L_z,Ankle.L_x,Ankle.L_y,Ankle.L_z,Wrist.R_x,Wrist.R_y,Wrist.R_z,Elbow.R_x,Elbow.R_y,Elbow.R_z,Shoulder.R_x,Shoulder.R_y,Shoulder.R_z,Shoulder.L_x,Shoulder.L_y,Shoulder.L_z,Elbow.L_x,Elbow.L_y,Elbow.L_z,Wrist.L_x,Wrist.L_y,Wrist.L_z,Neck_x,Neck_y,Neck_z,Head_x,Head_y,Head_z,Nose_x,Nose_y,Nose_z,Eye.L_x,Eye.L_y,Eye.L_z,Eye.R_x,Eye.R_y,Eye.R_z,Ear.L_x,Ear.L_y,Ear.L_z,Ear.R_x,Ear.R_y,Ear.R_z,hip.Center_x,hip.Center_y,hip.Center_z
0,0.36022726,0.2333463,-0.76789266,0.1430908,0.19046739,-0.39051136,0.0009577265,0.08916582,-0.009985904,0.0078177415,0.32947558,0.02703912,0.15041643,0.3363711,-0.3720721,0.35963836,0.3632154,-0.7566623,-0.61346966,-0.08593338,-0.039316252,-0.4094802,-0.112638794,-0.16883971,-0.42663184,0.10179853,0.02283791,-0.41847357,0.34238493,0.09068808,-0.4395698,0.6148773,0.13464634,-0.6115516,0.5928503,0.30472738,-0.46555668,0.21723974,0.07883591,-0.62538385,0.3217972,0.09125619,-0.6191563,0.1841167,0.016384855,-0.6523353,0.21798256,0.055922523,-0.61136305,0.24423896,0.011080533,-0.6234373,0.23880053,0.1519215,-0.5397937,0.29841828,0.057491705,0.004387733992189169,0.20932069420814514,0.008526608347892761
