frame,Ankle.R_x,Ankle.R_y,Ankle.R_z,Knee.R_x,Knee.R_y,Knee.R_z,Hip.R_x,Hip.R_y,Hip.R_z,Hip.L_x,Hip.L_y,Hip.L_z,Knee.L_x,Knee.L_y,Knee.L_z,Ankle.L_x,Ankle.L_y,Ankle.L_z,Wrist.R_x,Wrist.R_y,Wrist.R_z,Elbow.R_x,Elbow.R_y,Elbow.R_z,Shoulder.R_x,Shoulder.R_y,Shoulder.R_z,Shoulder.L_x,Shoulder.L_y,Shoulder.L_z,Elbow.L_x,Elbow.L_y,Elbow.L_z,Wrist.L_x,Wrist.L_y,Wrist.L_z,Neck_x,Neck_y,Neck_z,Head_x,Head_y,Head_z,Nose_x,Nose_y,Nose_z,Eye.L_x,Eye.L_y,Eye.L_z,Eye.R_x,Eye.R_y,Eye.R_z,Ear.L_x,Ear.L_y,Ear.L_z,Ear.R_x,Ear.R_y,Ear.R_z,hip.Center_x,hip.Center_y,hip.Center_z
0,0.47070837,0.20503207,-0.6459842,0.33555746,0.18814413,-0.23740958,0.02934666,0.1272484,0.06702976,-0.041623365,0.32231966,-0.060116746,0.256196,0.32602105,-0.34337947,0.43999234,0.35719934,-0.7328683,-0.58816075,-0.1411805,0.23122834,-0.37880424,-0.15631528,0.110046245,-0.45797563,0.10074443,0.07049889,-0.4572136,0.34478813,0.047201492,-0.416545,0.6084361,0.07410293,-0.5985426,0.61929715,0.23112878,-0.49589586,0.23256257,0.07400746,-0.68356466,0.28979498,0.045193277,-0.639174,0.25173917,0.19292498,-0.6603206,0.29653195,0.15695049,-0.67027533,0.23288783,0.14325026,-0.6069409,0.3420279,0.08443226,-0.62971824,0.20875531,0.049506336,-0.006138352677226067,0.2247840315103531,0.0034565068781375885
