frame,Ankle.R_x,Ankle.R_y,Ankle.R_z,Knee.R_x,Knee.R_y,Knee.R_z,Hip.R_x,Hip.R_y,Hip.R_z,Hip.L_x,Hip.L_y,Hip.L_z,Knee.L_x,Knee.L_y,Knee.L_z,Ankle.L_x,Ankle.L_y,Ankle.L_z,Wrist.R_x,Wrist.R_y,Wrist.R_z,Elbow.R_x,Elbow.R_y,Elbow.R_z,Shoulder.R_x,Shoulder.R_y,Shoulder.R_z,Shoulder.L_x,Shoulder.L_y,Shoulder.L_z,Elbow.L_x,Elbow.L_y,Elbow.L_z,Wrist.L_x,Wrist.L_y,Wrist.L_z,Neck_x,Neck_y,Neck_z,Head_x,Head_y,Head_z,Nose_x,Nose_y,Nose_z,Eye.L_x,Eye.L_y,Eye.L_z,Eye.R_x,Eye.R_y,Eye.R_z,Ear.L_x,Ear.L_y,Ear.L_z,Ear.R_x,Ear.R_y,Ear.R_z,hip.Center_x,hip.Center_y,hip.Center_z
0,0.43840125,0.20285974,-0.66620153,0.32561386,0.18458708,-0.25076407,0.031324055,0.12749353,0.06652849,-0.042505424,0.3225881,-0.059385907,0.24457306,0.32052222,-0.35340354,0.42855954,0.34901875,-0.7430677,-0.59042376,-0.13276291,0.2244579,-0.3781604,-0.1555309,0.11029928,-0.4567597,0.102056004,0.07138099,-0.45366177,0.34805977,0.053166494,-0.40755087,0.6103562,0.08793427,-0.5925158,0.61561453,0.24128193,-0.49410403,0.23502085,0.0769556,-0.68001425,0.29642886,0.04528878,-0.64059156,0.2519051,0.19264324,-0.6601018,0.2984223,0.15789287,-0.67045677,0.23546118,0.1413418,-0.6038485,0.34607053,0.088892445,-0.627407,0.21454927,0.047981337,-0.005590684711933136,0.22504080832004547,0.0035712923854589462
