frame,Ankle.R_x,Ankle.R_y,Ankle.R_z,Knee.R_x,Knee.R_y,Knee.R_z,Hip.R_x,Hip.R_y,Hip.R_z,Hip.L_x,Hip.L_y,Hip.L_z,Knee.L_x,Knee.L_y,Knee.L_z,Ankle.L_x,Ankle.L_y,Ankle.L_z,Wrist.R_x,Wrist.R_y,Wrist.R_z,Elbow.R_x,Elbow.R_y,Elbow.R_z,Shoulder.R_x,Shoulder.R_y,Shoulder.R_z,Shoulder.L_x,Shoulder.L_y,Shoulder.L_z,Elbow.L_x,Elbow.L_y,Elbow.L_z,Wrist.L_x,Wrist.L_y,Wrist.L_z,Neck_x,Neck_y,Neck_z,Head_x,Head_y,Head_z,Nose_x,Nose_y,Nose_z,Eye.L_x,Eye.L_y,Eye.L_z,Eye.R_x,Eye.R_y,Eye.R_z,Ear.L_x,Ear.L_y,Ear.L_z,Ear.R_x,Ear.R_y,Ear.R_z,hip.Center_x,hip.Center_y,hip.Center_z
0,0.46805623,0.211627,-0.6445133,0.3413366,0.1917724,-0.23150375,0.024433447,0.120902,0.060293466,-0.03596219,0.32867795,-0.051586017,0.26384062,0.32536694,-0.33561242,0.44373006,0.35573617,-0.7300019,-0.5711607,-0.1321646,0.24761434,-0.37272567,-0.15891805,0.11054233,-0.46020114,0.097997434,0.064405486,-0.45625097,0.34939057,0.03989074,-0.41545767,0.61047524,0.09364935,-0.60188425,0.58345896,0.2436265,-0.4977559,0.23402175,0.06585889,-0.6882688,0.2972895,0.04649066,-0.6373033,0.24697308,0.18808722,-0.6599025,0.29466885,0.15691611,-0.67085207,0.23239675,0.13847904,-0.6096232,0.3459811,0.086055845,-0.63460004,0.2160825,0.041157484,-0.00576437171548605,0.22478997707366943,0.004353724420070648
