frame,Ankle.R_x,Ankle.R_y,Ankle.R_z,Knee.R_x,Knee.R_y,Knee.R_z,Hip.R_x,Hip.R_y,Hip.R_z,Hip.L_x,Hip.L_y,Hip.L_z,Knee.L_x,Knee.L_y,Knee.L_z,Ankle.L_x,Ankle.L_y,Ankle.L_z,Wrist.R_x,Wrist.R_y,Wrist.R_z,Elbow.R_x,Elbow.R_y,Elbow.R_z,Shoulder.R_x,Shoulder.R_y,Shoulder.R_z,Shoulder.L_x,Shoulder.L_y,Shoulder.L_z,Elbow.L_x,Elbow.L_y,Elbow.L_z,Wrist.L_x,Wrist.L_y,Wrist.L_z,Neck_x,Neck_y,Neck_z,Head_x,Head_y,Head_z,Nose_x,Nose_y,Nose_z,Eye.L_x,Eye.L_y,Eye.L_z,Eye.R_x,Eye.R_y,Eye.R_z,Ear.L_x,Ear.L_y,Ear.L_z,Ear.R_x,Ear.R_y,Ear.R_z,hip.Center_x,hip.Center_y,hip.Center_z
0,0.5059041,0.21108103,-0.61142486,0.35727987,0.19636789,-0.20657447,0.02040241,0.120449334,0.060488112,-0.03454435,0.32928187,-0.05285749,0.27843803,0.32817397,-0.323173,0.44138828,0.3555553,-0.72603834,-0.56630415,-0.12753803,0.25829464,-0.37579224,-0.1554259,0.10770123,-0.45896342,0.10141191,0.053783618,-0.45497042,0.35826707,0.039746307,-0.40833297,0.6135373,0.11351923,-0.58678377,0.5900086,0.27475065,-0.49865425,0.23890568,0.059760787,-0.6913601,0.300029,0.03864171,-0.64422494,0.23876253,0.17700025,-0.6669602,0.2883581,0.14946452,-0.6754294,0.22781157,0.12504572,-0.615302,0.34712058,0.08541411,-0.6353519,0.2210104,0.028124183,-0.007070969790220261,0.2248656004667282,0.003815311938524246
