frame,Ankle.R_x,Ankle.R_y,Ankle.R_z,Knee.R_x,Knee.R_y,Knee.R_z,Hip.R_x,Hip.R_y,Hip.R_z,Hip.L_x,Hip.L_y,Hip.L_z,Knee.L_x,Knee.L_y,Knee.L_z,Ankle.L_x,Ankle.L_y,Ankle.L_z,Wrist.R_x,Wrist.R_y,Wrist.R_z,Elbow.R_x,Elbow.R_y,Elbow.R_z,Shoulder.R_x,Shoulder.R_y,Shoulder.R_z,Shoulder.L_x,Shoulder.L_y,Shoulder.L_z,Elbow.L_x,Elbow.L_y,Elbow.L_z,Wrist.L_x,Wrist.L_y,Wrist.L_z,Neck_x,Neck_y,Neck_z,Head_x,Head_y,Head_z,Nose_x,Nose_y,Nose_z,Eye.L_x,Eye.L_y,Eye.L_z,Eye.R_x,Eye.R_y,Eye.R_z,Ear.L_x,Ear.L_y,Ear.L_z,Ear.R_x,Ear.R_y,Ear.R_z,hip.Center_x,hip.Center_y,hip.Center_z
0,0.43501315,0.21008533,-0.65938,0.32853377,0.19741328,-0.24393433,0.03462984,0.13284637,0.07151502,-0.04563316,0.31707102,-0.06512793,0.24518934,0.3219691,-0.3522869,0.42763364,0.35313082,-0.7413275,-0.5933898,-0.13223153,0.25609726,-0.38986927,-0.15975176,0.12669855,-0.45657328,0.097112335,0.07214808,-0.4593466,0.33856073,0.04943711,-0.43971053,0.60181385,0.08692243,-0.6122716,0.58668625,0.25399375,-0.4946617,0.22771503,0.07526091,-0.6817569,0.2939928,0.048951164,-0.6379413,0.24121922,0.1918979,-0.6582322,0.28949317,0.1604008,-0.6696804,0.22774781,0.14075738,-0.60416716,0.34009916,0.09226537,-0.6300423,0.21149343,0.044870965,-0.005501659587025642,0.22495868802070618,0.003193546086549759
