frame,Ankle.R_x,Ankle.R_y,Ankle.R_z,Knee.R_x,Knee.R_y,Knee.R_z,Hip.R_x,Hip.R_y,Hip.R_z,Hip.L_x,Hip.L_y,Hip.L_z,Knee.L_x,Knee.L_y,Knee.L_z,Ankle.L_x,Ankle.L_y,Ankle.L_z,Wrist.R_x,Wrist.R_y,Wrist.R_z,Elbow.R_x,Elbow.R_y,Elbow.R_z,Shoulder.R_x,Shoulder.R_y,Shoulder.R_z,Shoulder.L_x,Shoulder.L_y,Shoulder.L_z,Elbow.L_x,Elbow.L_y,Elbow.L_z,Wrist.L_x,Wrist.L_y,Wrist.L_z,Neck_x,Neck_y,Neck_z,Head_x,Head_y,Head_z,Nose_x,Nose_y,Nose_z,Eye.L_x,Eye.L_y,Eye.L_z,Eye.R_x,Eye.R_y,Eye.R_z,Ear.L_x,Ear.L_y,Ear.L_z,Ear.R_x,Ear.R_y,Ear.R_z,hip.Center_x,hip.Center_y,hip.Center_z
0,0.50713545,0.21938017,-0.60963345,0.35404223,0.20122568,-0.20907198,0.025127472,0.12591523,0.066625714,-0.039495863,0.3230782,-0.060877968,0.27490938,0.33941543,-0.32491893,0.43971193,0.36249086,-0.7243258,-0.60061777,-0.13043506,0.24400873,-0.3959333,-0.15325667,0.112902805,-0.46169934,0.10330771,0.055769004,-0.4606493,0.34984362,0.046131976,-0.43206763,0.6073569,0.110126264,-0.6079779,0.60767615,0.27671075,-0.49914497,0.23536196,0.064839974,-0.6870636,0.30113307,0.041199453,-0.64493406,0.23748338,0.18009382,-0.66545707,0.2877981,0.15246254,-0.6752909,0.22777718,0.12734598,-0.6108527,0.34539664,0.08989916,-0.63341606,0.22019142,0.031293422,-0.007184195332229137,0.22449670732021332,0.0028738733381032944
