frame,Ankle.R_x,Ankle.R_y,Ankle.R_z,Knee.R_x,Knee.R_y,Knee.R_z,Hip.R_x,Hip.R_y,Hip.R_z,Hip.L_x,Hip.L_y,Hip.L_z,Knee.L_x,Knee.L_y,Knee.L_z,Ankle.L_x,Ankle.L_y,Ankle.L_z,Wrist.R_x,Wrist.R_y,Wrist.R_z,Elbow.R_x,Elbow.R_y,Elbow.R_z,Shoulder.R_x,Shoulder.R_y,Shoulder.R_z,Shoulder.L_x,Shoulder.L_y,Shoulder.L_z,Elbow.L_x,Elbow.L_y,Elbow.L_z,Wrist.L_x,Wrist.L_y,Wrist.L_z,Neck_x,Neck_y,Neck_z,Head_x,Head_y,Head_z,Nose_x,Nose_y,Nose_z,Eye.L_x,Eye.L_y,Eye.L_z,Eye.R_x,Eye.R_y,Eye.R_z,Ear.L_x,Ear.L_y,Ear.L_z,Ear.R_x,Ear.R_y,Ear.R_z,hip.Center_x,hip.Center_y,hip.Center_z
0,0.49182117,0.21942323,-0.6263118,0.3438322,0.19274557,-0.22464922,0.026674073,0.12306388,0.06304752,-0.038645826,0.3233961,-0.05576618,0.2629513,0.3287976,-0.33420673,0.4618344,0.36578095,-0.71476203,-0.6689156,-0.14782089,0.22426067,-0.4457066,-0.1541199,0.12261891,-0.46051562,0.1100758,0.07126546,-0.4581407,0.34408742,0.049849063,-0.487726,0.60152406,0.09311221,-0.6791778,0.6103387,0.24423665,-0.4930181,0.23745885,0.07619133,-0.67710423,0.30006817,0.044560842,-0.6406641,0.25205955,0.19117737,-0.6596377,0.29925215,0.15742101,-0.6691579,0.23680776,0.13884643,-0.6025594,0.34905177,0.09078355,-0.6239581,0.21853419,0.04581932,-0.0059858765453100204,0.22322997450828552,0.0036406703293323517
