frame,Ankle.R_x,Ankle.R_y,Ankle.R_z,Knee.R_x,Knee.R_y,Knee.R_z,Hip.R_x,Hip.R_y,Hip.R_z,Hip.L_x,Hip.L_y,Hip.L_z,Knee.L_x,Knee.L_y,Knee.L_z,Ankle.L_x,Ankle.L_y,Ankle.L_z,Wrist.R_x,Wrist.R_y,Wrist.R_z,Elbow.R_x,Elbow.R_y,Elbow.R_z,Shoulder.R_x,Shoulder.R_y,Shoulder.R_z,Shoulder.L_x,Shoulder.L_y,Shoulder.L_z,Elbow.L_x,Elbow.L_y,Elbow.L_z,Wrist.L_x,Wrist.L_y,Wrist.L_z,Neck_x,Neck_y,Neck_z,Head_x,Head_y,Head_z,Nose_x,Nose_y,Nose_z,Eye.L_x,Eye.L_y,Eye.L_z,Eye.R_x,Eye.R_y,Eye.R_z,Ear.L_x,Ear.L_y,Ear.L_z,Ear.R_x,Ear.R_y,Ear.R_z,hip.Center_x,hip.Center_y,hip.Center_z
0,0.48381597,0.2039939,-0.59820074,0.36997604,0.19608697,-0.18926664,0.022131221,0.11614668,0.0557575,-0.035190966,0.32646927,-0.050641734,0.27413452,0.32386363,-0.3233671,0.4736454,0.3578814,-0.70030105,-0.72394085,-0.18765196,0.2283996,-0.5001468,-0.15274568,0.11648903,-0.4525566,0.10776059,0.07030199,-0.4557441,0.34171292,0.05354769,-0.54614073,0.581041,0.099051744,-0.758589,0.6423602,0.2168909,-0.48647535,0.23358376,0.07792508,-0.6722183,0.2887415,0.045612264,-0.6374695,0.24610616,0.19389988,-0.6564685,0.29181325,0.15885147,-0.66486925,0.22885877,0.1420871,-0.59929603,0.34034026,0.09153847,-0.6178982,0.20851198,0.049926475,-0.006529872305691242,0.22130797803401947,0.0025578830391168594
