frame,Ankle.R_x,Ankle.R_y,Ankle.R_z,Knee.R_x,Knee.R_y,Knee.R_z,Hip.R_x,Hip.R_y,Hip.R_z,Hip.L_x,Hip.L_y,Hip.L_z,Knee.L_x,Knee.L_y,Knee.L_z,Ankle.L_x,Ankle.L_y,Ankle.L_z,Wrist.R_x,Wrist.R_y,Wrist.R_z,Elbow.R_x,Elbow.R_y,Elbow.R_z,Shoulder.R_x,Shoulder.R_y,Shoulder.R_z,Shoulder.L_x,Shoulder.L_y,Shoulder.L_z,Elbow.L_x,Elbow.L_y,Elbow.L_z,Wrist.L_x,Wrist.L_y,Wrist.L_z,Neck_x,Neck_y,Neck_z,Head_x,Head_y,Head_z,Nose_x,Nose_y,Nose_z,Eye.L_x,Eye.L_y,Eye.L_z,Eye.R_x,Eye.R_y,Eye.R_z,Ear.L_x,Ear.L_y,Ear.L_z,Ear.R_x,Ear.R_y,Ear.R_z,hip.Center_x,hip.Center_y,hip.Center_z
0,0.46824807,0.20031384,-0.6113204,0.36525106,0.19444133,-0.19927068,0.023625322,0.11673343,0.05564498,-0.035829455,0.32702157,-0.050478492,0.26460633,0.32100174,-0.33284116,0.45725146,0.35358608,-0.7134816,-0.7212678,-0.18024482,0.24303524,-0.5004469,-0.15375979,0.12280026,-0.4513949,0.10628465,0.07468026,-0.45598775,0.3408646,0.06127106,-0.548672,0.57839227,0.11254978,-0.75919855,0.6319132,0.23752633,-0.4857968,0.23199639,0.084220365,-0.6718941,0.28859302,0.054649293,-0.6365133,0.2400085,0.20101957,-0.6557059,0.2870926,0.16792205,-0.66404396,0.22481903,0.14859809,-0.5988163,0.3385454,0.10239683,-0.61732304,0.2082718,0.055482432,-0.006102066487073898,0.22187750041484833,0.002583244815468788
