frame,Ankle.R_x,Ankle.R_y,Ankle.R_z,Knee.R_x,Knee.R_y,Knee.R_z,Hip.R_x,Hip.R_y,Hip.R_z,Hip.L_x,Hip.L_y,Hip.L_z,Knee.L_x,Knee.L_y,Knee.L_z,Ankle.L_x,Ankle.L_y,Ankle.L_z,Wrist.R_x,Wrist.R_y,Wrist.R_z,Elbow.R_x,Elbow.R_y,Elbow.R_z,Shoulder.R_x,Shoulder.R_y,Shoulder.R_z,Shoulder.L_x,Shoulder.L_y,Shoulder.L_z,Elbow.L_x,Elbow.L_y,Elbow.L_z,Wrist.L_x,Wrist.L_y,Wrist.L_z,Neck_x,Neck_y,Neck_z,Head_x,Head_y,Head_z,Nose_x,Nose_y,Nose_z,Eye.L_x,Eye.L_y,Eye.L_z,Eye.R_x,Eye.R_y,Eye.R_z,Ear.L_x,Ear.L_y,Ear.L_z,Ear.R_x,Ear.R_y,Ear.R_z,hip.Center_x,hip.Center_y,hip.Center_z
0,0.38077772,0.22813506,-0.76739544,0.17400518,0.17459545,-0.38335314,-0.026836153,0.092388906,-0.024218831,0.02882847,0.3200164,0.039152328,0.18855752,0.33673975,-0.3552769,0.37649187,0.3626331,-0.75429344,-0.68157583,-0.10595809,0.017863909,-0.4782358,-0.09473797,-0.12864517,-0.42012694,0.13427877,0.024574235,-0.41215622,0.37057334,0.09620266,-0.5279499,0.6107089,0.11711091,-0.7074316,0.61245,0.2915157,-0.45835716,0.24953136,0.08030705,-0.6389516,0.33461618,0.08818298,-0.6066518,0.2015906,0.014177218,-0.6461123,0.22814414,0.052794218,-0.60924006,0.2620608,0.009344712,-0.6240639,0.2532856,0.14982511,-0.5494814,0.32829282,0.05816041,0.0009961584582924843,0.2062026560306549,0.007466748356819153
