frame,Ankle.R_x,Ankle.R_y,Ankle.R_z,Knee.R_x,Knee.R_y,Knee.R_z,Hip.R_x,Hip.R_y,Hip.R_z,Hip.L_x,Hip.L_y,Hip.L_z,Knee.L_x,Knee.L_y,Knee.L_z,Ankle.L_x,Ankle.L_y,Ankle.L_z,Wrist.R_x,Wrist.R_y,Wrist.R_z,Elbow.R_x,Elbow.R_y,Elbow.R_z,Shoulder.R_x,Shoulder.R_y,Shoulder.R_z,Shoulder.L_x,Shoulder.L_y,Shoulder.L_z,Elbow.L_x,Elbow.L_y,Elbow.L_z,Wrist.L_x,Wrist.L_y,Wrist.L_z,Neck_x,Neck_y,Neck_z,Head_x,Head_y,Head_z,Nose_x,Nose_y,Nose_z,Eye.L_x,Eye.L_y,Eye.L_z,Eye.R_x,Eye.R_y,Eye.R_z,Ear.L_x,Ear.L_y,Ear.L_z,Ear.R_x,Ear.R_y,Ear.R_z,hip.Center_x,hip.Center_y,hip.Center_z
0,0.48552236,0.20549421,-0.578717,0.38578224,0.17468111,-0.16636334,0.012750766,0.106869176,0.041393396,-0.02599,0.33344978,-0.0377005,0.28468496,0.32477823,-0.31507757,0.45787525,0.3495374,-0.70788,-0.7726752,-0.20741831,0.21275479,-0.5442422,-0.13633043,0.11490272,-0.45377728,0.11099226,0.06888976,-0.45599818,0.34340972,0.06332937,-0.5890208,0.5550331,0.119270906,-0.8204417,0.63782954,0.18991613,-0.4859161,0.23516822,0.08224292,-0.6712921,0.2895156,0.051576436,-0.6389334,0.23399378,0.19589153,-0.6585505,0.28234342,0.1649512,-0.66453266,0.22107574,0.14193739,-0.60132587,0.33916837,0.10441733,-0.6142149,0.2115916,0.04946827,-0.006619616877287626,0.22015947103500366,0.0018464475870132446
