frame,Ankle.R_x,Ankle.R_y,Ankle.R_z,Knee.R_x,Knee.R_y,Knee.R_z,Hip.R_x,Hip.R_y,Hip.R_z,Hip.L_x,Hip.L_y,Hip.L_z,Knee.L_x,Knee.L_y,Knee.L_z,Ankle.L_x,Ankle.L_y,Ankle.L_z,Wrist.R_x,Wrist.R_y,Wrist.R_z,Elbow.R_x,Elbow.R_y,Elbow.R_z,Shoulder.R_x,Shoulder.R_y,Shoulder.R_z,Shoulder.L_x,Shoulder.L_y,Shoulder.L_z,Elbow.L_x,Elbow.L_y,Elbow.L_z,Wrist.L_x,Wrist.L_y,Wrist.L_z,Neck_x,Neck_y,Neck_z,Head_x,Head_y,Head_z,Nose_x,Nose_y,Nose_z,Eye.L_x,Eye.L_y,Eye.L_z,Eye.R_x,Eye.R_y,Eye.R_z,Ear.L_x,Ear.L_y,Ear.L_z,Ear.R_x,Ear.R_y,Ear.R_z,hip.Center_x,hip.Center_y,hip.Center_z
0,0.48929816,0.2090872,-0.5696511,0.38691816,0.18943541,-0.15860023,0.012856786,0.10640734,0.04185462,-0.02639144,0.3327362,-0.037867736,0.2932076,0.3290471,-0.3041493,0.460897,0.35798252,-0.69736844,-0.7661693,-0.1899843,0.21792826,-0.54165804,-0.13676248,0.104605764,-0.45667225,0.113096066,0.059368715,-0.4535332,0.34832454,0.058802195,-0.5661975,0.5682124,0.12987342,-0.78752124,0.65527296,0.22114138,-0.48656505,0.23828255,0.07392199,-0.67519915,0.29312754,0.049308058,-0.6353469,0.23646267,0.19091928,-0.65659297,0.28486267,0.16153471,-0.6637045,0.22391522,0.13837118,-0.60256773,0.3421083,0.09858726,-0.6184231,0.21521655,0.04337366,-0.00676732650026679,0.2195717692375183,0.001993441954255104
