frame,Ankle.R_x,Ankle.R_y,Ankle.R_z,Knee.R_x,Knee.R_y,Knee.R_z,Hip.R_x,Hip.R_y,Hip.R_z,Hip.L_x,Hip.L_y,Hip.L_z,Knee.L_x,Knee.L_y,Knee.L_z,Ankle.L_x,Ankle.L_y,Ankle.L_z,Wrist.R_x,Wrist.R_y,Wrist.R_z,Elbow.R_x,Elbow.R_y,Elbow.R_z,Shoulder.R_x,Shoulder.R_y,Shoulder.R_z,Shoulder.L_x,Shoulder.L_y,Shoulder.L_z,Elbow.L_x,Elbow.L_y,Elbow.L_z,Wrist.L_x,Wrist.L_y,Wrist.L_z,Neck_x,Neck_y,Neck_z,Head_x,Head_y,Head_z,Nose_x,Nose_y,Nose_z,Eye.L_x,Eye.L_y,Eye.L_z,Eye.R_x,Eye.R_y,Eye.R_z,Ear.L_x,Ear.L_y,Ear.L_z,Ear.R_x,Ear.R_y,Ear.R_z,hip.Center_x,hip.Center_y,hip.Center_z
0,0.49413863,0.20182858,-0.5741405,0.3862198,0.1771495,-0.16320935,0.012760538,0.10705286,0.04245749,-0.026528277,0.33259588,-0.038494285,0.28951478,0.32735652,-0.30924845,0.47027308,0.35605857,-0.6978179,-0.7686801,-0.2083545,0.22119702,-0.54352045,-0.13363865,0.118916586,-0.45433673,0.11353524,0.07072042,-0.45394808,0.34600192,0.06173185,-0.579152,0.56185246,0.119903564,-0.80468464,0.6513754,0.20036654,-0.48500738,0.23834103,0.08195269,-0.67005926,0.29334736,0.050707135,-0.6366361,0.24495356,0.19729081,-0.6558047,0.29192263,0.16405243,-0.66324466,0.22966537,0.14447907,-0.5984794,0.34419495,0.09976143,-0.6145101,0.21427065,0.05198644,-0.0068838694132864475,0.21982437372207642,0.001981602981686592
