frame,Ankle.R_x,Ankle.R_y,Ankle.R_z,Knee.R_x,Knee.R_y,Knee.R_z,Hip.R_x,Hip.R_y,Hip.R_z,Hip.L_x,Hip.L_y,Hip.L_z,Knee.L_x,Knee.L_y,Knee.L_z,Ankle.L_x,Ankle.L_y,Ankle.L_z,Wrist.R_x,Wrist.R_y,Wrist.R_z,Elbow.R_x,Elbow.R_y,Elbow.R_z,Shoulder.R_x,Shoulder.R_y,Shoulder.R_z,Shoulder.L_x,Shoulder.L_y,Shoulder.L_z,Elbow.L_x,Elbow.L_y,Elbow.L_z,Wrist.L_x,Wrist.L_y,Wrist.L_z,Neck_x,Neck_y,Neck_z,Head_x,Head_y,Head_z,Nose_x,Nose_y,Nose_z,Eye.L_x,Eye.L_y,Eye.L_z,Eye.R_x,Eye.R_y,Eye.R_z,Ear.L_x,Ear.L_y,Ear.L_z,Ear.R_x,Ear.R_y,Ear.R_z,hip.Center_x,hip.Center_y,hip.Center_z
0,0.46477506,0.08593966,-0.6391087,0.35207936,0.11925166,-0.22110584,-0.010760806,0.0974932,0.007405959,-0.00075063226,0.34089607,0.0021664952,0.32430524,0.30196428,-0.27300513,0.44947404,0.29418537,-0.69124794,-0.56173486,-0.16137885,0.18938874,-0.37026086,-0.14374912,0.03661103,-0.46395764,0.112595886,0.01582016,-0.45319626,0.36370993,0.063304596,-0.43260902,0.57196486,0.22833091,-0.6499873,0.56218773,0.3385121,-0.4990773,0.24661183,0.046708092,-0.6804763,0.32192788,0.0200814,-0.65110946,0.24807084,0.15654321,-0.6654736,0.30161947,0.13102904,-0.68048203,0.24390146,0.102863364,-0.60244036,0.35615426,0.074138686,-0.6347667,0.23651782,0.008792803,-0.005755718797445297,0.21919463574886322,0.004786226898431778
