frame,Ankle.R_x,Ankle.R_y,Ankle.R_z,Knee.R_x,Knee.R_y,Knee.R_z,Hip.R_x,Hip.R_y,Hip.R_z,Hip.L_x,Hip.L_y,Hip.L_z,Knee.L_x,Knee.L_y,Knee.L_z,Ankle.L_x,Ankle.L_y,Ankle.L_z,Wrist.R_x,Wrist.R_y,Wrist.R_z,Elbow.R_x,Elbow.R_y,Elbow.R_z,Shoulder.R_x,Shoulder.R_y,Shoulder.R_z,Shoulder.L_x,Shoulder.L_y,Shoulder.L_z,Elbow.L_x,Elbow.L_y,Elbow.L_z,Wrist.L_x,Wrist.L_y,Wrist.L_z,Neck_x,Neck_y,Neck_z,Head_x,Head_y,Head_z,Nose_x,Nose_y,Nose_z,Eye.L_x,Eye.L_y,Eye.L_z,Eye.R_x,Eye.R_y,Eye.R_z,Ear.L_x,Ear.L_y,Ear.L_z,Ear.R_x,Ear.R_y,Ear.R_z,hip.Center_x,hip.Center_y,hip.Center_z
0,0.4570862,0.09404418,-0.6454865,0.34772804,0.11643982,-0.2267581,-0.012588875,0.09677862,0.0036725486,0.0011456736,0.33982363,0.006558298,0.32474196,0.3056709,-0.27004948,0.4437098,0.30097708,-0.6895501,-0.5557687,-0.15930718,0.16286282,-0.36111495,-0.13625851,0.016627334,-0.46378583,0.11674054,0.0048748692,-0.45376813,0.36632967,0.053616058,-0.43653813,0.578567,0.21254268,-0.6488519,0.5775234,0.33230034,-0.4991534,0.25089365,0.036900096,-0.6784365,0.33334228,0.013216827,-0.6490145,0.25849378,0.14896643,-0.6615063,0.31256276,0.12368168,-0.68004507,0.25558797,0.09619685,-0.59773636,0.36378762,0.06494797,-0.637186,0.2457234,0.0010335445,-0.005721600726246834,0.21830111742019653,0.00511542335152626
