frame,Ankle.R_x,Ankle.R_y,Ankle.R_z,Knee.R_x,Knee.R_y,Knee.R_z,Hip.R_x,Hip.R_y,Hip.R_z,Hip.L_x,Hip.L_y,Hip.L_z,Knee.L_x,Knee.L_y,Knee.L_z,Ankle.L_x,Ankle.L_y,Ankle.L_z,Wrist.R_x,Wrist.R_y,Wrist.R_z,Elbow.R_x,Elbow.R_y,Elbow.R_z,Shoulder.R_x,Shoulder.R_y,Shoulder.R_z,Shoulder.L_x,Shoulder.L_y,Shoulder.L_z,Elbow.L_x,Elbow.L_y,Elbow.L_z,Wrist.L_x,Wrist.L_y,Wrist.L_z,Neck_x,Neck_y,Neck_z,Head_x,Head_y,Head_z,Nose_x,Nose_y,Nose_z,Eye.L_x,Eye.L_y,Eye.L_z,Eye.R_x,Eye.R_y,Eye.R_z,Ear.L_x,Ear.L_y,Ear.L_z,Ear.R_x,Ear.R_y,Ear.R_z,hip.Center_x,hip.Center_y,hip.Center_z
0,0.47274405,0.099580735,-0.6348779,0.35169145,0.116350465,-0.21917225,-0.01374478,0.09670265,0.0034569795,0.0013578831,0.3392246,0.0062938863,0.33197606,0.30746856,-0.26162457,0.46072558,0.307191,-0.6776292,-0.5579787,-0.16742457,0.16395387,-0.3688281,-0.1324373,0.012117551,-0.4660221,0.12223533,0.006520207,-0.45178604,0.37005404,0.057918582,-0.43216923,0.5780825,0.22118354,-0.6470685,0.5889686,0.3360107,-0.49870926,0.25569344,0.040605653,-0.6779488,0.3376169,0.01946398,-0.6461383,0.26461828,0.15567836,-0.6590492,0.31830847,0.12987238,-0.6780504,0.26100895,0.10350272,-0.5963832,0.36859834,0.069356695,-0.63697624,0.24988252,0.0077458993,-0.006193448323756456,0.21796363592147827,0.004875432699918747
