frame,Ankle.R_x,Ankle.R_y,Ankle.R_z,Knee.R_x,Knee.R_y,Knee.R_z,Hip.R_x,Hip.R_y,Hip.R_z,Hip.L_x,Hip.L_y,Hip.L_z,Knee.L_x,Knee.L_y,Knee.L_z,Ankle.L_x,Ankle.L_y,Ankle.L_z,Wrist.R_x,Wrist.R_y,Wrist.R_z,Elbow.R_x,Elbow.R_y,Elbow.R_z,Shoulder.R_x,Shoulder.R_y,Shoulder.R_z,Shoulder.L_x,Shoulder.L_y,Shoulder.L_z,Elbow.L_x,Elbow.L_y,Elbow.L_z,Wrist.L_x,Wrist.L_y,Wrist.L_z,Neck_x,Neck_y,Neck_z,Head_x,Head_y,Head_z,Nose_x,Nose_y,Nose_z,Eye.L_x,Eye.L_y,Eye.L_z,Eye.R_x,Eye.R_y,Eye.R_z,Ear.L_x,Ear.L_y,Ear.L_z,Ear.R_x,Ear.R_y,Ear.R_z,hip.Center_x,hip.Center_y,hip.Center_z
0,0.37925863,0.23547438,-0.76569563,0.1521819,0.19686511,-0.3930641,-0.024085991,0.092221916,-0.028397182,0.029393358,0.31895152,0.040511627,0.15444253,0.33813784,-0.36654735,0.3279421,0.35392404,-0.77197295,-0.7321214,-0.1324298,-0.0058908775,-0.5142692,-0.081480294,-0.12947755,-0.4290802,0.13626204,0.0251644,-0.4181683,0.36119047,0.09927692,-0.5506622,0.5905637,0.124910615,-0.7436029,0.6259621,0.28627366,-0.46130773,0.24309632,0.08000906,-0.62549907,0.3376689,0.10212035,-0.5942726,0.23079446,-0.0065707862,-0.6365551,0.24925546,0.03361,-0.5903871,0.2892028,0.008191839,-0.62760484,0.23957938,0.13570324,-0.5337273,0.32782003,0.082473196,0.0026536835357546806,0.20558671653270721,0.006057222373783588
