frame,Ankle.R_x,Ankle.R_y,Ankle.R_z,Knee.R_x,Knee.R_y,Knee.R_z,Hip.R_x,Hip.R_y,Hip.R_z,Hip.L_x,Hip.L_y,Hip.L_z,Knee.L_x,Knee.L_y,Knee.L_z,Ankle.L_x,Ankle.L_y,Ankle.L_z,Wrist.R_x,Wrist.R_y,Wrist.R_z,Elbow.R_x,Elbow.R_y,Elbow.R_z,Shoulder.R_x,Shoulder.R_y,Shoulder.R_z,Shoulder.L_x,Shoulder.L_y,Shoulder.L_z,Elbow.L_x,Elbow.L_y,Elbow.L_z,Wrist.L_x,Wrist.L_y,Wrist.L_z,Neck_x,Neck_y,Neck_z,Head_x,Head_y,Head_z,Nose_x,Nose_y,Nose_z,Eye.L_x,Eye.L_y,Eye.L_z,Eye.R_x,Eye.R_y,Eye.R_z,Ear.L_x,Ear.L_y,Ear.L_z,Ear.R_x,Ear.R_y,Ear.R_z,hip.Center_x,hip.Center_y,hip.Center_z
0,0.4741767,0.20834416,-0.57222986,0.38897905,0.17953598,-0.15906128,0.011058255,0.10446295,0.036542617,-0.024638806,0.3346833,-0.032524288,0.29529956,0.335792,-0.29999492,0.45009407,0.36043534,-0.69783986,-0.7666398,-0.20056215,0.211856,-0.54176,-0.1413901,0.10078695,-0.457061,0.10833125,0.055385068,-0.45567158,0.34453118,0.061698623,-0.5721002,0.56143206,0.13510837,-0.798458,0.64567393,0.2170693,-0.48838928,0.23358591,0.0737546,-0.6768547,0.28899345,0.049251184,-0.6379661,0.23194762,0.19109048,-0.6585417,0.28064653,0.16157763,-0.6665377,0.21972525,0.13849197,-0.6037626,0.3371004,0.09883776,-0.6209913,0.21029899,0.043439128,-0.00679027521982789,0.21957312524318695,0.0020091645419597626
