frame,Ankle.R_x,Ankle.R_y,Ankle.R_z,Knee.R_x,Knee.R_y,Knee.R_z,Hip.R_x,Hip.R_y,Hip.R_z,Hip.L_x,Hip.L_y,Hip.L_z,Knee.L_x,Knee.L_y,Knee.L_z,Ankle.L_x,Ankle.L_y,Ankle.L_z,Wrist.R_x,Wrist.R_y,Wrist.R_z,Elbow.R_x,Elbow.R_y,Elbow.R_z,Shoulder.R_x,Shoulder.R_y,Shoulder.R_z,Shoulder.L_x,Shoulder.L_y,Shoulder.L_z,Elbow.L_x,Elbow.L_y,Elbow.L_z,Wrist.L_x,Wrist.L_y,Wrist.L_z,Neck_x,Neck_y,Neck_z,Head_x,Head_y,Head_z,Nose_x,Nose_y,Nose_z,Eye.L_x,Eye.L_y,Eye.L_z,Eye.R_x,Eye.R_y,Eye.R_z,Ear.L_x,Ear.L_y,Ear.L_z,Ear.R_x,Ear.R_y,Ear.R_z,hip.Center_x,hip.Center_y,hip.Center_z
0,0.37993118,0.23151967,-0.76859474,0.16716446,0.18552072,-0.38815892,-0.022610635,0.09223607,-0.0262396,0.026320588,0.3204508,0.039659675,0.17290834,0.33771443,-0.36088032,0.36730078,0.354635,-0.75564325,-0.70515764,-0.119783215,-0.0077439575,-0.48579445,-0.09876998,-0.12632032,-0.42875704,0.12602498,0.036400437,-0.41369715,0.3582495,0.10485633,-0.5076192,0.6089714,0.14156058,-0.71939385,0.6103848,0.2747159,-0.46101555,0.23765615,0.09050276,-0.6190552,0.34067267,0.108245306,-0.60330534,0.21764576,0.01343061,-0.64097154,0.2442261,0.05377756,-0.5950987,0.27731165,0.019327328,-0.6236222,0.24828489,0.1552441,-0.5300941,0.322288,0.08258021,0.0018549766391515732,0.20634344220161438,0.006710037589073181
