frame,Ankle.R_x,Ankle.R_y,Ankle.R_z,Knee.R_x,Knee.R_y,Knee.R_z,Hip.R_x,Hip.R_y,Hip.R_z,Hip.L_x,Hip.L_y,Hip.L_z,Knee.L_x,Knee.L_y,Knee.L_z,Ankle.L_x,Ankle.L_y,Ankle.L_z,Wrist.R_x,Wrist.R_y,Wrist.R_z,Elbow.R_x,Elbow.R_y,Elbow.R_z,Shoulder.R_x,Shoulder.R_y,Shoulder.R_z,Shoulder.L_x,Shoulder.L_y,Shoulder.L_z,Elbow.L_x,Elbow.L_y,Elbow.L_z,Wrist.L_x,Wrist.L_y,Wrist.L_z,Neck_x,Neck_y,Neck_z,Head_x,Head_y,Head_z,Nose_x,Nose_y,Nose_z,Eye.L_x,Eye.L_y,Eye.L_z,Eye.R_x,Eye.R_y,Eye.R_z,Ear.L_x,Ear.L_y,Ear.L_z,Ear.R_x,Ear.R_y,Ear.R_z,hip.Center_x,hip.Center_y,hip.Center_z
0,0.49410462,0.21057472,-0.5952275,0.37235543,0.17384598,-0.18887773,0.013287939,0.10714509,0.041860692,-0.026162608,0.33325753,-0.035534073,0.28111425,0.33022618,-0.31506145,0.47161964,0.34976166,-0.69865376,-0.73953104,-0.1968495,0.2063777,-0.5149617,-0.15244602,0.09452505,-0.4548574,0.10718853,0.055431817,-0.45215046,0.3460927,0.059923086,-0.5377756,0.5819835,0.12899166,-0.7668762,0.6377602,0.215377,-0.48713052,0.23494525,0.07235945,-0.669315,0.30012855,0.03784304,-0.6428491,0.24225685,0.18256599,-0.6585091,0.29189575,0.15133487,-0.6687763,0.23116067,0.128299,-0.5965625,0.34408963,0.091645196,-0.61837685,0.21772906,0.036529906,-0.006437334232032299,0.220201313495636,0.003163309767842293
