frame,Ankle.R_x,Ankle.R_y,Ankle.R_z,Knee.R_x,Knee.R_y,Knee.R_z,Hip.R_x,Hip.R_y,Hip.R_z,Hip.L_x,Hip.L_y,Hip.L_z,Knee.L_x,Knee.L_y,Knee.L_z,Ankle.L_x,Ankle.L_y,Ankle.L_z,Wrist.R_x,Wrist.R_y,Wrist.R_z,Elbow.R_x,Elbow.R_y,Elbow.R_z,Shoulder.R_x,Shoulder.R_y,Shoulder.R_z,Shoulder.L_x,Shoulder.L_y,Shoulder.L_z,Elbow.L_x,Elbow.L_y,Elbow.L_z,Wrist.L_x,Wrist.L_y,Wrist.L_z,Neck_x,Neck_y,Neck_z,Head_x,Head_y,Head_z,Nose_x,Nose_y,Nose_z,Eye.L_x,Eye.L_y,Eye.L_z,Eye.R_x,Eye.R_y,Eye.R_z,Ear.L_x,Ear.L_y,Ear.L_z,Ear.R_x,Ear.R_y,Ear.R_z,hip.Center_x,hip.Center_y,hip.Center_z
0,0.48078403,0.21505737,-0.58930016,0.3772078,0.18076646,-0.17977424,0.012690522,0.10648976,0.04071103,-0.025099892,0.3339549,-0.03556151,0.28648996,0.33197117,-0.30984178,0.44879803,0.35922292,-0.704619,-0.741761,-0.17545086,0.21775219,-0.5171052,-0.1445698,0.10288458,-0.45717582,0.11201858,0.052560605,-0.45351738,0.35049534,0.0611124,-0.53678924,0.5820487,0.14323093,-0.76413715,0.63990384,0.23348425,-0.48860484,0.23881409,0.07113315,-0.6736206,0.30083144,0.041875534,-0.6412803,0.24167931,0.18482709,-0.6590383,0.29125446,0.15488935,-0.668668,0.23069118,0.13130052,-0.6001628,0.34575647,0.09390251,-0.62082,0.21954167,0.03771794,-0.006204685196280479,0.2202223241329193,0.002574760466814041
