frame,Ankle.R_x,Ankle.R_y,Ankle.R_z,Knee.R_x,Knee.R_y,Knee.R_z,Hip.R_x,Hip.R_y,Hip.R_z,Hip.L_x,Hip.L_y,Hip.L_z,Knee.L_x,Knee.L_y,Knee.L_z,Ankle.L_x,Ankle.L_y,Ankle.L_z,Wrist.R_x,Wrist.R_y,Wrist.R_z,Elbow.R_x,Elbow.R_y,Elbow.R_z,Shoulder.R_x,Shoulder.R_y,Shoulder.R_z,Shoulder.L_x,Shoulder.L_y,Shoulder.L_z,Elbow.L_x,Elbow.L_y,Elbow.L_z,Wrist.L_x,Wrist.L_y,Wrist.L_z,Neck_x,Neck_y,Neck_z,Head_x,Head_y,Head_z,Nose_x,Nose_y,Nose_z,Eye.L_x,Eye.L_y,Eye.L_z,Eye.R_x,Eye.R_y,Eye.R_z,Ear.L_x,Ear.L_y,Ear.L_z,Ear.R_x,Ear.R_y,Ear.R_z,hip.Center_x,hip.Center_y,hip.Center_z
0,0.33023262,0.23924875,-0.7925288,0.14731626,0.1914411,-0.39683574,-0.013252934,0.09047143,-0.024110975,0.020314258,0.3244929,0.03855928,0.13825075,0.34221733,-0.37091708,0.31602216,0.36117637,-0.77193487,-0.6314914,-0.08592273,-0.045466956,-0.42670423,-0.09598351,-0.17658794,-0.42279154,0.107789665,0.023690447,-0.41576433,0.34559947,0.10467228,-0.46913314,0.6100272,0.1563219,-0.6682086,0.5894973,0.30127972,-0.46286568,0.22548307,0.08331087,-0.6030063,0.34699053,0.0784152,-0.62788177,0.20089115,0.026408687,-0.6514572,0.24570788,0.061638445,-0.60986304,0.25669137,0.011031136,-0.61204326,0.27450758,0.15210131,-0.5263506,0.30301774,0.045179933,0.0035306615754961967,0.20748215913772583,0.00722415279597044
