frame,Ankle.R_x,Ankle.R_y,Ankle.R_z,Knee.R_x,Knee.R_y,Knee.R_z,Hip.R_x,Hip.R_y,Hip.R_z,Hip.L_x,Hip.L_y,Hip.L_z,Knee.L_x,Knee.L_y,Knee.L_z,Ankle.L_x,Ankle.L_y,Ankle.L_z,Wrist.R_x,Wrist.R_y,Wrist.R_z,Elbow.R_x,Elbow.R_y,Elbow.R_z,Shoulder.R_x,Shoulder.R_y,Shoulder.R_z,Shoulder.L_x,Shoulder.L_y,Shoulder.L_z,Elbow.L_x,Elbow.L_y,Elbow.L_z,Wrist.L_x,Wrist.L_y,Wrist.L_z,Neck_x,Neck_y,Neck_z,Head_x,Head_y,Head_z,Nose_x,Nose_y,Nose_z,Eye.L_x,Eye.L_y,Eye.L_z,Eye.R_x,Eye.R_y,Eye.R_z,Ear.L_x,Ear.L_y,Ear.L_z,Ear.R_x,Ear.R_y,Ear.R_z,hip.Center_x,hip.Center_y,hip.Center_z
0,0.35667598,0.23708598,-0.77986264,0.15635549,0.18944032,-0.39171213,-0.014777462,0.0905823,-0.022118352,0.02012576,0.32375103,0.037830472,0.15435751,0.34536517,-0.36560947,0.34746787,0.36819577,-0.7607353,-0.6336884,-0.09102288,-0.017494809,-0.42972457,-0.10612991,-0.14991434,-0.42663398,0.11485842,0.034514762,-0.4110872,0.3558885,0.10494675,-0.45661247,0.6229785,0.1538746,-0.65357524,0.5838506,0.29536194,-0.46172455,0.23285484,0.09115126,-0.6122281,0.34651506,0.106889084,-0.6180124,0.21068078,0.028898075,-0.64812064,0.2459951,0.06947604,-0.6052555,0.2699469,0.024938002,-0.6170064,0.2618322,0.16626011,-0.52929246,0.31698325,0.072538376,0.0026741488836705685,0.2071666717529297,0.007856059819459915
