frame,Ankle.R_x,Ankle.R_y,Ankle.R_z,Knee.R_x,Knee.R_y,Knee.R_z,Hip.R_x,Hip.R_y,Hip.R_z,Hip.L_x,Hip.L_y,Hip.L_z,Knee.L_x,Knee.L_y,Knee.L_z,Ankle.L_x,Ankle.L_y,Ankle.L_z,Wrist.R_x,Wrist.R_y,Wrist.R_z,Elbow.R_x,Elbow.R_y,Elbow.R_z,Shoulder.R_x,Shoulder.R_y,Shoulder.R_z,Shoulder.L_x,Shoulder.L_y,Shoulder.L_z,Elbow.L_x,Elbow.L_y,Elbow.L_z,Wrist.L_x,Wrist.L_y,Wrist.L_z,Neck_x,Neck_y,Neck_z,Head_x,Head_y,Head_z,Nose_x,Nose_y,Nose_z,Eye.L_x,Eye.L_y,Eye.L_z,Eye.R_x,Eye.R_y,Eye.R_z,Ear.L_x,Ear.L_y,Ear.L_z,Ear.R_x,Ear.R_y,Ear.R_z,hip.Center_x,hip.Center_y,hip.Center_z
0,0.3402822,0.23903547,-0.78461164,0.14812739,0.19359083,-0.39487138,-0.010614606,0.09066398,-0.02207042,0.019714784,0.32404733,0.03727071,0.13551696,0.3419046,-0.37114286,0.323927,0.36079893,-0.7666467,-0.56507367,-0.08248794,-0.026955104,-0.36401796,-0.09448587,-0.1580422,-0.43392816,0.11767329,0.026610116,-0.41968787,0.3544298,0.0990534,-0.40850905,0.6239788,0.16028467,-0.5849017,0.56505454,0.3130235,-0.46868628,0.23296307,0.08500493,-0.6145464,0.3464247,0.099789,-0.627079,0.20489441,0.03166035,-0.65387857,0.243743,0.071779236,-0.6140678,0.26377124,0.022743747,-0.6161852,0.265971,0.16433696,-0.5348207,0.31260806,0.061097622,0.004550089128315449,0.20735564827919006,0.007600144483149052
