frame,Ankle.R_x,Ankle.R_y,Ankle.R_z,Knee.R_x,Knee.R_y,Knee.R_z,Hip.R_x,Hip.R_y,Hip.R_z,Hip.L_x,Hip.L_y,Hip.L_z,Knee.L_x,Knee.L_y,Knee.L_z,Ankle.L_x,Ankle.L_y,Ankle.L_z,Wrist.R_x,Wrist.R_y,Wrist.R_z,Elbow.R_x,Elbow.R_y,Elbow.R_z,Shoulder.R_x,Shoulder.R_y,Shoulder.R_z,Shoulder.L_x,Shoulder.L_y,Shoulder.L_z,Elbow.L_x,Elbow.L_y,Elbow.L_z,Wrist.L_x,Wrist.L_y,Wrist.L_z,Neck_x,Neck_y,Neck_z,Head_x,Head_y,Head_z,Nose_x,Nose_y,Nose_z,Eye.L_x,Eye.L_y,Eye.L_z,Eye.R_x,Eye.R_y,Eye.R_z,Ear.L_x,Ear.L_y,Ear.L_z,Ear.R_x,Ear.R_y,Ear.R_z,hip.Center_x,hip.Center_y,hip.Center_z
0,0.46678087,0.20893155,-0.6476617,0.3399238,0.17426589,-0.2370355,0.018656127,0.111130714,0.04777447,-0.028357027,0.33346912,-0.038234327,0.27285457,0.33433038,-0.32468444,0.42846563,0.3537875,-0.72841346,-0.603576,-0.15037665,0.21093106,-0.39232334,-0.1541467,0.090324625,-0.46387798,0.10563864,0.04962444,-0.45509535,0.35207665,0.048775896,-0.42855257,0.6088166,0.11827232,-0.62699485,0.59652793,0.25459313,-0.49735373,0.23964188,0.061533652,-0.68300986,0.3151629,0.04200279,-0.63636565,0.2579306,0.1819095,-0.6549325,0.30782405,0.15190166,-0.67135715,0.24719018,0.13235047,-0.60083854,0.35572344,0.08210325,-0.6368583,0.22971742,0.034748018,-0.004850449971854687,0.22229991853237152,0.004770072177052498
