frame,Ankle.R_x,Ankle.R_y,Ankle.R_z,Knee.R_x,Knee.R_y,Knee.R_z,Hip.R_x,Hip.R_y,Hip.R_z,Hip.L_x,Hip.L_y,Hip.L_z,Knee.L_x,Knee.L_y,Knee.L_z,Ankle.L_x,Ankle.L_y,Ankle.L_z,Wrist.R_x,Wrist.R_y,Wrist.R_z,Elbow.R_x,Elbow.R_y,Elbow.R_z,Shoulder.R_x,Shoulder.R_y,Shoulder.R_z,Shoulder.L_x,Shoulder.L_y,Shoulder.L_z,Elbow.L_x,Elbow.L_y,Elbow.L_z,Wrist.L_x,Wrist.L_y,Wrist.L_z,Neck_x,Neck_y,Neck_z,Head_x,Head_y,Head_z,Nose_x,Nose_y,Nose_z,Eye.L_x,Eye.L_y,Eye.L_z,Eye.R_x,Eye.R_y,Eye.R_z,Ear.L_x,Ear.L_y,Ear.L_z,Ear.R_x,Ear.R_y,Ear.R_z,hip.Center_x,hip.Center_y,hip.Center_z
0,0.44133413,0.21514021,-0.6636303,0.33158097,0.17616102,-0.24834253,0.020987337,0.11159849,0.04775604,-0.029830154,0.33329996,-0.037688386,0.26208085,0.3338531,-0.33303896,0.4169217,0.3525137,-0.7366922,-0.5872957,-0.15450764,0.21075496,-0.37527016,-0.15939826,0.092583165,-0.45933136,0.09631285,0.049521018,-0.45699918,0.34416524,0.051705487,-0.43512455,0.59980273,0.12663949,-0.63083285,0.57717866,0.26495376,-0.4968598,0.23023237,0.06253139,-0.6836821,0.3027174,0.04146761,-0.6385703,0.24230003,0.18054435,-0.6577473,0.29269272,0.15171018,-0.67226213,0.23227856,0.12996018,-0.6033213,0.3440621,0.08464145,-0.63529843,0.21874477,0.032680266,-0.004421408288180828,0.22244922816753387,0.0050338264554739
