frame,Ankle.R_x,Ankle.R_y,Ankle.R_z,Knee.R_x,Knee.R_y,Knee.R_z,Hip.R_x,Hip.R_y,Hip.R_z,Hip.L_x,Hip.L_y,Hip.L_z,Knee.L_x,Knee.L_y,Knee.L_z,Ankle.L_x,Ankle.L_y,Ankle.L_z,Wrist.R_x,Wrist.R_y,Wrist.R_z,Elbow.R_x,Elbow.R_y,Elbow.R_z,Shoulder.R_x,Shoulder.R_y,Shoulder.R_z,Shoulder.L_x,Shoulder.L_y,Shoulder.L_z,Elbow.L_x,Elbow.L_y,Elbow.L_z,Wrist.L_x,Wrist.L_y,Wrist.L_z,Neck_x,Neck_y,Neck_z,Head_x,Head_y,Head_z,Nose_x,Nose_y,Nose_z,Eye.L_x,Eye.L_y,Eye.L_z,Eye.R_x,Eye.R_y,Eye.R_z,Ear.L_x,Ear.L_y,Ear.L_z,Ear.R_x,Ear.R_y,Ear.R_z,hip.Center_x,hip.Center_y,hip.Center_z
0,0.47146046,0.21583395,-0.6449273,0.3414097,0.182059,-0.23499435,0.017936235,0.11156303,0.047375463,-0.027711723,0.33492136,-0.037855748,0.27086022,0.33285275,-0.32705328,0.4247529,0.3691654,-0.73133636,-0.59046215,-0.15061374,0.2293358,-0.38588813,-0.15072444,0.0954284,-0.4623567,0.10542718,0.045127563,-0.4571144,0.35490403,0.054386392,-0.42707515,0.6097376,0.1321041,-0.62029076,0.6034783,0.27759588,-0.49887887,0.23967788,0.062406477,-0.687168,0.3136936,0.047120195,-0.6409825,0.24595368,0.18255761,-0.66006845,0.29788512,0.15642571,-0.6750532,0.23871627,0.13166082,-0.60595393,0.3526498,0.091380216,-0.63905746,0.22961706,0.033286843,-0.004887743853032589,0.22324219346046448,0.004759857431054115
