frame,Ankle.R_x,Ankle.R_y,Ankle.R_z,Knee.R_x,Knee.R_y,Knee.R_z,Hip.R_x,Hip.R_y,Hip.R_z,Hip.L_x,Hip.L_y,Hip.L_z,Knee.L_x,Knee.L_y,Knee.L_z,Ankle.L_x,Ankle.L_y,Ankle.L_z,Wrist.R_x,Wrist.R_y,Wrist.R_z,Elbow.R_x,Elbow.R_y,Elbow.R_z,Shoulder.R_x,Shoulder.R_y,Shoulder.R_z,Shoulder.L_x,Shoulder.L_y,Shoulder.L_z,Elbow.L_x,Elbow.L_y,Elbow.L_z,Wrist.L_x,Wrist.L_y,Wrist.L_z,Neck_x,Neck_y,Neck_z,Head_x,Head_y,Head_z,Nose_x,Nose_y,Nose_z,Eye.L_x,Eye.L_y,Eye.L_z,Eye.R_x,Eye.R_y,Eye.R_z,Ear.L_x,Ear.L_y,Ear.L_z,Ear.R_x,Ear.R_y,Ear.R_z,hip.Center_x,hip.Center_y,hip.Center_z
0,0.31897545,0.24271388,-0.79636616,0.14100663,0.19486243,-0.39982677,-0.011378007,0.0913574,-0.024411596,0.021333475,0.3245228,0.03864259,0.12669545,0.3452638,-0.37353197,0.31008866,0.36712956,-0.7706687,-0.56672966,-0.074898295,-0.04093778,-0.36652392,-0.08576063,-0.17343444,-0.4354112,0.119273305,0.018446546,-0.42098477,0.3538429,0.09808162,-0.40723726,0.6142563,0.1860915,-0.5899969,0.5641965,0.33745855,-0.47018293,0.23402049,0.0789984,-0.6163074,0.34855175,0.08574805,-0.6343345,0.20062655,0.03381954,-0.65810025,0.24383377,0.071379766,-0.6216191,0.25810283,0.017834783,-0.6142111,0.27521873,0.15838751,-0.5393028,0.3097461,0.045363173,0.004977733828127384,0.20794010162353516,0.007115496322512627
