frame,Ankle.R_x,Ankle.R_y,Ankle.R_z,Knee.R_x,Knee.R_y,Knee.R_z,Hip.R_x,Hip.R_y,Hip.R_z,Hip.L_x,Hip.L_y,Hip.L_z,Knee.L_x,Knee.L_y,Knee.L_z,Ankle.L_x,Ankle.L_y,Ankle.L_z,Wrist.R_x,Wrist.R_y,Wrist.R_z,Elbow.R_x,Elbow.R_y,Elbow.R_z,Shoulder.R_x,Shoulder.R_y,Shoulder.R_z,Shoulder.L_x,Shoulder.L_y,Shoulder.L_z,Elbow.L_x,Elbow.L_y,Elbow.L_z,Wrist.L_x,Wrist.L_y,Wrist.L_z,Neck_x,Neck_y,Neck_z,Head_x,Head_y,Head_z,Nose_x,Nose_y,Nose_z,Eye.L_x,Eye.L_y,Eye.L_z,Eye.R_x,Eye.R_y,Eye.R_z,Ear.L_x,Ear.L_y,Ear.L_z,Ear.R_x,Ear.R_y,Ear.R_z,hip.Center_x,hip.Center_y,hip.Center_z
0,0.42773882,0.20846656,-0.66999304,0.32515776,0.17432967,-0.2522711,0.021498676,0.11526425,0.05379744,-0.031161191,0.33207995,-0.043450862,0.26073843,0.3272347,-0.33714125,0.3994075,0.34855855,-0.74816453,-0.5510004,-0.14810188,0.22275482,-0.34633157,-0.15246545,0.09371052,-0.45399505,0.0974471,0.052486524,-0.45440534,0.35274833,0.049232,-0.4171707,0.610675,0.11817772,-0.5975304,0.5777743,0.2739394,-0.4953917,0.2354102,0.062972955,-0.6831366,0.30917868,0.04305151,-0.6381156,0.2469744,0.18145296,-0.65721476,0.2977883,0.15324798,-0.67174864,0.23761976,0.13074653,-0.60267085,0.35012263,0.08674862,-0.6346256,0.22519973,0.033241443,-0.004831257276237011,0.22367209196090698,0.005173288285732269
