frame,Ankle.R_x,Ankle.R_y,Ankle.R_z,Knee.R_x,Knee.R_y,Knee.R_z,Hip.R_x,Hip.R_y,Hip.R_z,Hip.L_x,Hip.L_y,Hip.L_z,Knee.L_x,Knee.L_y,Knee.L_z,Ankle.L_x,Ankle.L_y,Ankle.L_z,Wrist.R_x,Wrist.R_y,Wrist.R_z,Elbow.R_x,Elbow.R_y,Elbow.R_z,Shoulder.R_x,Shoulder.R_y,Shoulder.R_z,Shoulder.L_x,Shoulder.L_y,Shoulder.L_z,Elbow.L_x,Elbow.L_y,Elbow.L_z,Wrist.L_x,Wrist.L_y,Wrist.L_z,Neck_x,Neck_y,Neck_z,Head_x,Head_y,Head_z,Nose_x,Nose_y,Nose_z,Eye.L_x,Eye.L_y,Eye.L_z,Eye.R_x,Eye.R_y,Eye.R_z,Ear.L_x,Ear.L_y,Ear.L_z,Ear.R_x,Ear.R_y,Ear.R_z,hip.Center_x,hip.Center_y,hip.Center_z
0,0.31812993,0.22703756,-0.7894603,0.117147386,0.19698372,-0.4018945,-0.011440327,0.09119966,-0.022506079,0.02212019,0.32341594,0.038918603,0.10822855,0.34060702,-0.37606385,0.29941016,0.36437133,-0.76862127,-0.53567016,-0.07349725,-0.018065954,-0.34766817,-0.087180376,-0.17121525,-0.42484754,0.12549295,0.0110260155,-0.4088822,0.35967255,0.10908811,-0.40306786,0.620893,0.20034571,-0.5561379,0.57390153,0.38182887,-0.4609509,0.2377798,0.081030086,-0.6172853,0.3389811,0.14114776,-0.6190131,0.23888445,0.021353424,-0.64899653,0.2561877,0.072501294,-0.60953856,0.29637593,0.037871853,-0.61524725,0.23998566,0.16759476,-0.5337795,0.32810766,0.0958649,0.005339931696653366,0.20730780065059662,0.00820626225322485
