frame,Ankle.R_x,Ankle.R_y,Ankle.R_z,Knee.R_x,Knee.R_y,Knee.R_z,Hip.R_x,Hip.R_y,Hip.R_z,Hip.L_x,Hip.L_y,Hip.L_z,Knee.L_x,Knee.L_y,Knee.L_z,Ankle.L_x,Ankle.L_y,Ankle.L_z,Wrist.R_x,Wrist.R_y,Wrist.R_z,Elbow.R_x,Elbow.R_y,Elbow.R_z,Shoulder.R_x,Shoulder.R_y,Shoulder.R_z,Shoulder.L_x,Shoulder.L_y,Shoulder.L_z,Elbow.L_x,Elbow.L_y,Elbow.L_z,Wrist.L_x,Wrist.L_y,Wrist.L_z,Neck_x,Neck_y,Neck_z,Head_x,Head_y,Head_z,Nose_x,Nose_y,Nose_z,Eye.L_x,Eye.L_y,Eye.L_z,Eye.R_x,Eye.R_y,Eye.R_z,Ear.L_x,Ear.L_y,Ear.L_z,Ear.R_x,Ear.R_y,Ear.R_z,hip.Center_x,hip.Center_y,hip.Center_z
0,0.47343168,0.21611373,-0.64514285,0.33698002,0.18189324,-0.23839235,0.020359943,0.11523887,0.052794956,-0.030507112,0.3328606,-0.043980934,0.26055878,0.32850373,-0.3376382,0.40316182,0.36771291,-0.7449274,-0.57560897,-0.14037123,0.23148929,-0.37485307,-0.14880706,0.09264757,-0.4598102,0.104650676,0.0463534,-0.45871115,0.3534282,0.050980713,-0.43174794,0.60882276,0.1235745,-0.61276615,0.5952426,0.2837813,-0.49832398,0.23819484,0.06284336,-0.68617743,0.30887526,0.046009354,-0.64187807,0.24263054,0.18314917,-0.6611778,0.29411337,0.15637295,-0.67446315,0.23455602,0.13147748,-0.6065715,0.3497428,0.09225673,-0.63603806,0.22565982,0.034052968,-0.005073584616184235,0.22404973208904266,0.004407010972499847
