frame,Ankle.R_x,Ankle.R_y,Ankle.R_z,Knee.R_x,Knee.R_y,Knee.R_z,Hip.R_x,Hip.R_y,Hip.R_z,Hip.L_x,Hip.L_y,Hip.L_z,Knee.L_x,Knee.L_y,Knee.L_z,Ankle.L_x,Ankle.L_y,Ankle.L_z,Wrist.R_x,Wrist.R_y,Wrist.R_z,Elbow.R_x,Elbow.R_y,Elbow.R_z,Shoulder.R_x,Shoulder.R_y,Shoulder.R_z,Shoulder.L_x,Shoulder.L_y,Shoulder.L_z,Elbow.L_x,Elbow.L_y,Elbow.L_z,Wrist.L_x,Wrist.L_y,Wrist.L_z,Neck_x,Neck_y,Neck_z,Head_x,Head_y,Head_z,Nose_x,Nose_y,Nose_z,Eye.L_x,Eye.L_y,Eye.L_z,Eye.R_x,Eye.R_y,Eye.R_z,Ear.L_x,Ear.L_y,Ear.L_z,Ear.R_x,Ear.R_y,Ear.R_z,hip.Center_x,hip.Center_y,hip.Center_z
0,0.47306246,0.20199619,-0.6370115,0.34201503,0.18098767,-0.22864476,0.024411239,0.12208226,0.06285334,-0.036893014,0.32550186,-0.054656796,0.2644035,0.33100665,-0.3347014,0.42198572,0.3531326,-0.7369959,-0.5859588,-0.15147701,0.23049445,-0.3834187,-0.15774204,0.09486184,-0.4559959,0.101522624,0.05243,-0.45813653,0.34886128,0.0428538,-0.44680163,0.6106236,0.0956657,-0.62388355,0.5975784,0.26003307,-0.4953614,0.23521155,0.06212923,-0.68335545,0.30469644,0.04063028,-0.6388265,0.24881542,0.18200499,-0.6582756,0.29801217,0.15161204,-0.6716417,0.236922,0.13121766,-0.6038734,0.34830993,0.083457015,-0.6336845,0.2209303,0.03452286,-0.006240887567400932,0.22379206120967865,0.004098270088434219
