frame,Ankle.R_x,Ankle.R_y,Ankle.R_z,Knee.R_x,Knee.R_y,Knee.R_z,Hip.R_x,Hip.R_y,Hip.R_z,Hip.L_x,Hip.L_y,Hip.L_z,Knee.L_x,Knee.L_y,Knee.L_z,Ankle.L_x,Ankle.L_y,Ankle.L_z,Wrist.R_x,Wrist.R_y,Wrist.R_z,Elbow.R_x,Elbow.R_y,Elbow.R_z,Shoulder.R_x,Shoulder.R_y,Shoulder.R_z,Shoulder.L_x,Shoulder.L_y,Shoulder.L_z,Elbow.L_x,Elbow.L_y,Elbow.L_z,Wrist.L_x,Wrist.L_y,Wrist.L_z,Neck_x,Neck_y,Neck_z,Head_x,Head_y,Head_z,Nose_x,Nose_y,Nose_z,Eye.L_x,Eye.L_y,Eye.L_z,Eye.R_x,Eye.R_y,Eye.R_z,Ear.L_x,Ear.L_y,Ear.L_z,Ear.R_x,Ear.R_y,Ear.R_z,hip.Center_x,hip.Center_y,hip.Center_z
0,0.44972417,0.19893955,-0.64874566,0.33619887,0.18370903,-0.23755239,0.029203556,0.12353565,0.063266456,-0.039200723,0.3235094,-0.055539057,0.25282636,0.3276143,-0.3439239,0.41171333,0.35293025,-0.743243,-0.6271158,-0.15700555,0.22269836,-0.41565776,-0.16243646,0.099820815,-0.45336175,0.10323827,0.061977148,-0.45755816,0.3442347,0.054525834,-0.48187554,0.60020804,0.112868346,-0.6658967,0.60334915,0.27260372,-0.49158603,0.23336737,0.073358454,-0.6764946,0.30657873,0.047081508,-0.6401346,0.24192367,0.18682104,-0.6576432,0.29293993,0.15864365,-0.6702371,0.23337072,0.13379468,-0.59955144,0.34683713,0.09670763,-0.6271347,0.22291444,0.038393438,-0.004998583346605301,0.22352251410484314,0.003863699734210968
