frame,Ankle.R_x,Ankle.R_y,Ankle.R_z,Knee.R_x,Knee.R_y,Knee.R_z,Hip.R_x,Hip.R_y,Hip.R_z,Hip.L_x,Hip.L_y,Hip.L_z,Knee.L_x,Knee.L_y,Knee.L_z,Ankle.L_x,Ankle.L_y,Ankle.L_z,Wrist.R_x,Wrist.R_y,Wrist.R_z,Elbow.R_x,Elbow.R_y,Elbow.R_z,Shoulder.R_x,Shoulder.R_y,Shoulder.R_z,Shoulder.L_x,Shoulder.L_y,Shoulder.L_z,Elbow.L_x,Elbow.L_y,Elbow.L_z,Wrist.L_x,Wrist.L_y,Wrist.L_z,Neck_x,Neck_y,Neck_z,Head_x,Head_y,Head_z,Nose_x,Nose_y,Nose_z,Eye.L_x,Eye.L_y,Eye.L_z,Eye.R_x,Eye.R_y,Eye.R_z,Ear.L_x,Ear.L_y,Ear.L_z,Ear.R_x,Ear.R_y,Ear.R_z,hip.Center_x,hip.Center_y,hip.Center_z
0,0.48324832,0.19364887,-0.6255024,0.34629384,0.17987381,-0.22198547,0.025310954,0.122008756,0.06296085,-0.03663508,0.324101,-0.055703837,0.26755327,0.3296041,-0.33128425,0.43121874,0.35602224,-0.7283366,-0.62849134,-0.16088296,0.22111161,-0.4192623,-0.15801118,0.09413902,-0.45542878,0.10800519,0.059227496,-0.45819327,0.3484072,0.050306763,-0.482397,0.6041024,0.108062364,-0.6684835,0.6187887,0.26518768,-0.4925784,0.2379215,0.070159435,-0.6783327,0.30920672,0.045752052,-0.63830924,0.25029966,0.18698674,-0.65652585,0.30008215,0.15725505,-0.6697529,0.23961675,0.13521919,-0.6001955,0.35131514,0.09164433,-0.6291995,0.22521876,0.039168194,-0.005662062205374241,0.2230548858642578,0.0036285053938627243
