frame,Ankle.R_x,Ankle.R_y,Ankle.R_z,Knee.R_x,Knee.R_y,Knee.R_z,Hip.R_x,Hip.R_y,Hip.R_z,Hip.L_x,Hip.L_y,Hip.L_z,Knee.L_x,Knee.L_y,Knee.L_z,Ankle.L_x,Ankle.L_y,Ankle.L_z,Wrist.R_x,Wrist.R_y,Wrist.R_z,Elbow.R_x,Elbow.R_y,Elbow.R_z,Shoulder.R_x,Shoulder.R_y,Shoulder.R_z,Shoulder.L_x,Shoulder.L_y,Shoulder.L_z,Elbow.L_x,Elbow.L_y,Elbow.L_z,Wrist.L_x,Wrist.L_y,Wrist.L_z,Neck_x,Neck_y,Neck_z,Head_x,Head_y,Head_z,Nose_x,Nose_y,Nose_z,Eye.L_x,Eye.L_y,Eye.L_z,Eye.R_x,Eye.R_y,Eye.R_z,Ear.L_x,Ear.L_y,Ear.L_z,Ear.R_x,Ear.R_y,Ear.R_z,hip.Center_x,hip.Center_y,hip.Center_z
0,0.48382849,0.20858942,-0.62917584,0.3460009,0.18232544,-0.22641702,0.020490613,0.112344295,0.049205698,-0.028793558,0.33234167,-0.04130107,0.26748013,0.32745773,-0.33004022,0.4021769,0.36213258,-0.7369202,-0.61380947,-0.14570555,0.22565325,-0.4062917,-0.15006717,0.09764979,-0.460882,0.11049073,0.05586727,-0.46027005,0.34887907,0.05776673,-0.4783652,0.6020507,0.12793793,-0.65792215,0.6160841,0.29334903,-0.49521953,0.23911154,0.07097491,-0.67977023,0.30832034,0.046272073,-0.64114785,0.24604143,0.18680526,-0.65972495,0.2964297,0.15811303,-0.6714635,0.23630288,0.13416964,-0.6029948,0.35083097,0.0949753,-0.6288462,0.22537902,0.038567342,-0.004151472821831703,0.22234298288822174,0.003952313214540482
