frame,Ankle.R_x,Ankle.R_y,Ankle.R_z,Knee.R_x,Knee.R_y,Knee.R_z,Hip.R_x,Hip.R_y,Hip.R_z,Hip.L_x,Hip.L_y,Hip.L_z,Knee.L_x,Knee.L_y,Knee.L_z,Ankle.L_x,Ankle.L_y,Ankle.L_z,Wrist.R_x,Wrist.R_y,Wrist.R_z,Elbow.R_x,Elbow.R_y,Elbow.R_z,Shoulder.R_x,Shoulder.R_y,Shoulder.R_z,Shoulder.L_x,Shoulder.L_y,Shoulder.L_z,Elbow.L_x,Elbow.L_y,Elbow.L_z,Wrist.L_x,Wrist.L_y,Wrist.L_z,Neck_x,Neck_y,Neck_z,Head_x,Head_y,Head_z,Nose_x,Nose_y,Nose_z,Eye.L_x,Eye.L_y,Eye.L_z,Eye.R_x,Eye.R_y,Eye.R_z,Ear.L_x,Ear.L_y,Ear.L_z,Ear.R_x,Ear.R_y,Ear.R_z,hip.Center_x,hip.Center_y,hip.Center_z
0,0.48583803,0.21555929,-0.6028928,0.36528534,0.17848508,-0.19728,0.010902735,0.10470179,0.037836514,-0.02129439,0.33577234,-0.030949768,0.28314668,0.32343435,-0.31348976,0.42562768,0.36374894,-0.71621394,-0.6706714,-0.16819325,0.22943236,-0.46105078,-0.15213238,0.09543355,-0.45732298,0.11423825,0.05249274,-0.4553968,0.35443848,0.06255221,-0.5220253,0.5917836,0.14752842,-0.7238519,0.64385283,0.28330952,-0.4902296,0.24285264,0.071486,-0.67790693,0.30404466,0.04852675,-0.6381044,0.24518687,0.189645,-0.657786,0.29463127,0.1606163,-0.6678175,0.23394123,0.13748603,-0.602421,0.34973744,0.09679063,-0.6246239,0.22304417,0.04204438,-0.005195827689021826,0.22023706138134003,0.003443373367190361
