frame,Ankle.R_x,Ankle.R_y,Ankle.R_z,Knee.R_x,Knee.R_y,Knee.R_z,Hip.R_x,Hip.R_y,Hip.R_z,Hip.L_x,Hip.L_y,Hip.L_z,Knee.L_x,Knee.L_y,Knee.L_z,Ankle.L_x,Ankle.L_y,Ankle.L_z,Wrist.R_x,Wrist.R_y,Wrist.R_z,Elbow.R_x,Elbow.R_y,Elbow.R_z,Shoulder.R_x,Shoulder.R_y,Shoulder.R_z,Shoulder.L_x,Shoulder.L_y,Shoulder.L_z,Elbow.L_x,Elbow.L_y,Elbow.L_z,Wrist.L_x,Wrist.L_y,Wrist.L_z,Neck_x,Neck_y,Neck_z,Head_x,Head_y,Head_z,Nose_x,Nose_y,Nose_z,Eye.L_x,Eye.L_y,Eye.L_z,Eye.R_x,Eye.R_y,Eye.R_z,Ear.L_x,Ear.L_y,Ear.L_z,Ear.R_x,Ear.R_y,Ear.R_z,hip.Center_x,hip.Center_y,hip.Center_z
0,0.4952423,0.20156448,-0.59434396,0.37125894,0.17149968,-0.18796244,0.012861134,0.10731274,0.043210205,-0.025727738,0.3332476,-0.036253713,0.27966323,0.32780027,-0.31697404,0.4413247,0.34846082,-0.71518266,-0.6820893,-0.18376248,0.21942241,-0.46652654,-0.15735635,0.09543589,-0.45393217,0.10963046,0.05662119,-0.45423484,0.35013285,0.05954101,-0.5360629,0.58564365,0.13406691,-0.7417828,0.6529205,0.25781122,-0.48819953,0.23878969,0.07259714,-0.6760813,0.30050167,0.049490787,-0.63639003,0.24321605,0.19092649,-0.6559199,0.29244176,0.16140981,-0.66617525,0.23150016,0.13895139,-0.60055053,0.3465968,0.09693173,-0.62306386,0.21950597,0.043761104,-0.006433302070945501,0.22028017044067383,0.003478245809674263
