frame,Ankle.R_x,Ankle.R_y,Ankle.R_z,Knee.R_x,Knee.R_y,Knee.R_z,Hip.R_x,Hip.R_y,Hip.R_z,Hip.L_x,Hip.L_y,Hip.L_z,Knee.L_x,Knee.L_y,Knee.L_z,Ankle.L_x,Ankle.L_y,Ankle.L_z,Wrist.R_x,Wrist.R_y,Wrist.R_z,Elbow.R_x,Elbow.R_y,Elbow.R_z,Shoulder.R_x,Shoulder.R_y,Shoulder.R_z,Shoulder.L_x,Shoulder.L_y,Shoulder.L_z,Elbow.L_x,Elbow.L_y,Elbow.L_z,Wrist.L_x,Wrist.L_y,Wrist.L_z,Neck_x,Neck_y,Neck_z,Head_x,Head_y,Head_z,Nose_x,Nose_y,Nose_z,Eye.L_x,Eye.L_y,Eye.L_z,Eye.R_x,Eye.R_y,Eye.R_z,Ear.L_x,Ear.L_y,Ear.L_z,Ear.R_x,Ear.R_y,Ear.R_z,hip.Center_x,hip.Center_y,hip.Center_z
0,0.3760164,0.21673927,-0.76494706,0.14970629,0.18611811,-0.39037594,-0.025336187,0.09263393,-0.023945063,0.029301114,0.32020608,0.03897618,0.15126805,0.33368856,-0.36757952,0.3369827,0.34646258,-0.7675088,-0.63875526,-0.11647009,0.009441987,-0.4353638,-0.103254706,-0.13283953,-0.41179937,0.1280952,0.03193001,-0.40474322,0.3680594,0.10600413,-0.508066,0.61627537,0.13063,-0.6814257,0.613275,0.30753428,-0.4517158,0.242293,0.089984536,-0.6264572,0.3248794,0.14576875,-0.5989493,0.24155705,0.018246599,-0.63791937,0.24873884,0.06475371,-0.59829557,0.29684606,0.042184412,-0.6172615,0.22377485,0.1624391,-0.53615624,0.32802713,0.116132975,0.001982463523745537,0.20642000436782837,0.00751555897295475
