frame,Ankle.R_x,Ankle.R_y,Ankle.R_z,Knee.R_x,Knee.R_y,Knee.R_z,Hip.R_x,Hip.R_y,Hip.R_z,Hip.L_x,Hip.L_y,Hip.L_z,Knee.L_x,Knee.L_y,Knee.L_z,Ankle.L_x,Ankle.L_y,Ankle.L_z,Wrist.R_x,Wrist.R_y,Wrist.R_z,Elbow.R_x,Elbow.R_y,Elbow.R_z,Shoulder.R_x,Shoulder.R_y,Shoulder.R_z,Shoulder.L_x,Shoulder.L_y,Shoulder.L_z,Elbow.L_x,Elbow.L_y,Elbow.L_z,Wrist.L_x,Wrist.L_y,Wrist.L_z,Neck_x,Neck_y,Neck_z,Head_x,Head_y,Head_z,Nose_x,Nose_y,Nose_z,Eye.L_x,Eye.L_y,Eye.L_z,Eye.R_x,Eye.R_y,Eye.R_z,Ear.L_x,Ear.L_y,Ear.L_z,Ear.R_x,Ear.R_y,Ear.R_z,hip.Center_x,hip.Center_y,hip.Center_z
0,0.35324532,0.21924421,-0.7740237,0.1309825,0.18958762,-0.3971393,-0.025858872,0.09281625,-0.025297616,0.03232279,0.3185568,0.040187113,0.12601681,0.3386115,-0.37212995,0.29758766,0.34879857,-0.7783786,-0.6381241,-0.10332793,0.0022053756,-0.43734667,-0.086711936,-0.14421245,-0.41134632,0.13368268,0.03544097,-0.40089896,0.36958715,0.12005496,-0.51315147,0.6109617,0.15599822,-0.67708576,0.60709345,0.34250543,-0.44823125,0.24609259,0.100055166,-0.617157,0.329541,0.17154285,-0.601879,0.25306508,0.037863344,-0.6367575,0.25848845,0.08785087,-0.5982824,0.3070118,0.06446038,-0.60884136,0.22784244,0.18182372,-0.5295281,0.33286256,0.13450728,0.003231959417462349,0.2056865096092224,0.007444748654961586
