frame,Ankle.R_x,Ankle.R_y,Ankle.R_z,Knee.R_x,Knee.R_y,Knee.R_z,Hip.R_x,Hip.R_y,Hip.R_z,Hip.L_x,Hip.L_y,Hip.L_z,Knee.L_x,Knee.L_y,Knee.L_z,Ankle.L_x,Ankle.L_y,Ankle.L_z,Wrist.R_x,Wrist.R_y,Wrist.R_z,Elbow.R_x,Elbow.R_y,Elbow.R_z,Shoulder.R_x,Shoulder.R_y,Shoulder.R_z,Shoulder.L_x,Shoulder.L_y,Shoulder.L_z,Elbow.L_x,Elbow.L_y,Elbow.L_z,Wrist.L_x,Wrist.L_y,Wrist.L_z,Neck_x,Neck_y,Neck_z,Head_x,Head_y,Head_z,Nose_x,Nose_y,Nose_z,Eye.L_x,Eye.L_y,Eye.L_z,Eye.R_x,Eye.R_y,Eye.R_z,Ear.L_x,Ear.L_y,Ear.L_z,Ear.R_x,Ear.R_y,Ear.R_z,hip.Center_x,hip.Center_y,hip.Center_z
0,0.3839833,0.21154745,-0.7652466,0.15764357,0.18417495,-0.38971028,-0.031647086,0.094429135,-0.029379992,0.033889312,0.31691554,0.04219121,0.16531348,0.33573857,-0.36227924,0.35174838,0.35372573,-0.762464,-0.6874372,-0.1401895,0.0072094263,-0.47279134,-0.09513075,-0.119183175,-0.41494474,0.13434355,0.034155905,-0.40867436,0.36613798,0.11004451,-0.5513787,0.58870244,0.13025774,-0.7427977,0.6215428,0.29339615,-0.45131707,0.24304245,0.09208959,-0.6289296,0.31520197,0.14580986,-0.5919641,0.23996606,0.01593811,-0.6331661,0.24290247,0.060728893,-0.5946667,0.29375234,0.04288464,-0.6159704,0.21345104,0.15805712,-0.53743386,0.3233378,0.12142085,0.0011211130768060684,0.20567233860492706,0.006405609659850597
