frame,Ankle.R_x,Ankle.R_y,Ankle.R_z,Knee.R_x,Knee.R_y,Knee.R_z,Hip.R_x,Hip.R_y,Hip.R_z,Hip.L_x,Hip.L_y,Hip.L_z,Knee.L_x,Knee.L_y,Knee.L_z,Ankle.L_x,Ankle.L_y,Ankle.L_z,Wrist.R_x,Wrist.R_y,Wrist.R_z,Elbow.R_x,Elbow.R_y,Elbow.R_z,Shoulder.R_x,Shoulder.R_y,Shoulder.R_z,Shoulder.L_x,Shoulder.L_y,Shoulder.L_z,Elbow.L_x,Elbow.L_y,Elbow.L_z,Wrist.L_x,Wrist.L_y,Wrist.L_z,Neck_x,Neck_y,Neck_z,Head_x,Head_y,Head_z,Nose_x,Nose_y,Nose_z,Eye.L_x,Eye.L_y,Eye.L_z,Eye.R_x,Eye.R_y,Eye.R_z,Ear.L_x,Ear.L_y,Ear.L_z,Ear.R_x,Ear.R_y,Ear.R_z,hip.Center_x,hip.Center_y,hip.Center_z
0,0.4738287,0.21423417,-0.5607098,0.3914944,0.16870125,-0.14756685,0.0025261634,0.09957105,0.027834166,-0.016656438,0.3377503,-0.024632156,0.30826744,0.3237154,-0.28879547,0.4477166,0.36746502,-0.69386524,-0.72003555,-0.2098533,0.23098741,-0.5070027,-0.14432506,0.10468354,-0.45239937,0.11572224,0.0582214,-0.45108092,0.35814577,0.0716725,-0.5572009,0.57335716,0.1656758,-0.76554585,0.67362475,0.27378792,-0.48487258,0.24433732,0.078526236,-0.67233217,0.30011836,0.0525338,-0.6373834,0.23670635,0.19263338,-0.657516,0.28669488,0.16502486,-0.66408914,0.2268208,0.13884678,-0.6011213,0.3468502,0.10653284,-0.6154336,0.22220153,0.04513278,-0.007065137382596731,0.21866066753864288,0.0016010049730539322
