frame,Ankle.R_x,Ankle.R_y,Ankle.R_z,Knee.R_x,Knee.R_y,Knee.R_z,Hip.R_x,Hip.R_y,Hip.R_z,Hip.L_x,Hip.L_y,Hip.L_z,Knee.L_x,Knee.L_y,Knee.L_z,Ankle.L_x,Ankle.L_y,Ankle.L_z,Wrist.R_x,Wrist.R_y,Wrist.R_z,Elbow.R_x,Elbow.R_y,Elbow.R_z,Shoulder.R_x,Shoulder.R_y,Shoulder.R_z,Shoulder.L_x,Shoulder.L_y,Shoulder.L_z,Elbow.L_x,Elbow.L_y,Elbow.L_z,Wrist.L_x,Wrist.L_y,Wrist.L_z,Neck_x,Neck_y,Neck_z,Head_x,Head_y,Head_z,Nose_x,Nose_y,Nose_z,Eye.L_x,Eye.L_y,Eye.L_z,Eye.R_x,Eye.R_y,Eye.R_z,Ear.L_x,Ear.L_y,Ear.L_z,Ear.R_x,Ear.R_y,Ear.R_z,hip.Center_x,hip.Center_y,hip.Center_z
0,0.46889958,0.20610495,-0.5476425,0.39913505,0.1664028,-0.13103388,0.00055732485,0.09769707,0.02114935,-0.014183015,0.3389314,-0.019244278,0.32149473,0.3210305,-0.27542078,0.4473942,0.36545455,-0.6865183,-0.7281665,-0.22129436,0.2278651,-0.51570415,-0.14755173,0.10323321,-0.4546928,0.111812085,0.05944286,-0.45357335,0.35331717,0.075003214,-0.5637325,0.5636848,0.174218,-0.7814547,0.6536913,0.27398425,-0.48661673,0.23934095,0.08061544,-0.67309415,0.29340842,0.05234699,-0.638991,0.23359942,0.19434842,-0.6591066,0.2828257,0.16525584,-0.66556716,0.22225776,0.14070533,-0.60223997,0.34136477,0.10569855,-0.61622095,0.21533227,0.047276743,-0.006812844891101122,0.2183142453432083,0.0009525362402200699
