frame,Ankle.R_x,Ankle.R_y,Ankle.R_z,Knee.R_x,Knee.R_y,Knee.R_z,Hip.R_x,Hip.R_y,Hip.R_z,Hip.L_x,Hip.L_y,Hip.L_z,Knee.L_x,Knee.L_y,Knee.L_z,Ankle.L_x,Ankle.L_y,Ankle.L_z,Wrist.R_x,Wrist.R_y,Wrist.R_z,Elbow.R_x,Elbow.R_y,Elbow.R_z,Shoulder.R_x,Shoulder.R_y,Shoulder.R_z,Shoulder.L_x,Shoulder.L_y,Shoulder.L_z,Elbow.L_x,Elbow.L_y,Elbow.L_z,Wrist.L_x,Wrist.L_y,Wrist.L_z,Neck_x,Neck_y,Neck_z,Head_x,Head_y,Head_z,Nose_x,Nose_y,Nose_z,Eye.L_x,Eye.L_y,Eye.L_z,Eye.R_x,Eye.R_y,Eye.R_z,Ear.L_x,Ear.L_y,Ear.L_z,Ear.R_x,Ear.R_y,Ear.R_z,hip.Center_x,hip.Center_y,hip.Center_z
0,0.46197924,0.07781175,-0.6368464,0.34856653,0.10636752,-0.21932094,-0.013808388,0.09765273,0.009012346,0.0007269828,0.34060812,0.0014151392,0.33712256,0.29991224,-0.259471,0.44443676,0.29479578,-0.6819887,-0.5197515,-0.15217224,0.19450141,-0.34978154,-0.1242104,0.020046525,-0.46456084,0.12304233,-0.0038750237,-0.44824463,0.3774634,0.047685087,-0.37670198,0.586319,0.20178524,-0.5737362,0.56532586,0.33789858,-0.50005263,0.25965503,0.028337877,-0.68477154,0.33908933,0.011183471,-0.6488521,0.25170544,0.13719983,-0.66511637,0.30727106,0.11831221,-0.6802295,0.2528373,0.084622376,-0.60505956,0.36859787,0.06555174,-0.63837093,0.25671047,-0.010903355,-0.006540702655911446,0.21913042664527893,0.005213742610067129
