frame,Ankle.R_x,Ankle.R_y,Ankle.R_z,Knee.R_x,Knee.R_y,Knee.R_z,Hip.R_x,Hip.R_y,Hip.R_z,Hip.L_x,Hip.L_y,Hip.L_z,Knee.L_x,Knee.L_y,Knee.L_z,Ankle.L_x,Ankle.L_y,Ankle.L_z,Wrist.R_x,Wrist.R_y,Wrist.R_z,Elbow.R_x,Elbow.R_y,Elbow.R_z,Shoulder.R_x,Shoulder.R_y,Shoulder.R_z,Shoulder.L_x,Shoulder.L_y,Shoulder.L_z,Elbow.L_x,Elbow.L_y,Elbow.L_z,Wrist.L_x,Wrist.L_y,Wrist.L_z,Neck_x,Neck_y,Neck_z,Head_x,Head_y,Head_z,Nose_x,Nose_y,Nose_z,Eye.L_x,Eye.L_y,Eye.L_z,Eye.R_x,Eye.R_y,Eye.R_z,Ear.L_x,Ear.L_y,Ear.L_z,Ear.R_x,Ear.R_y,Ear.R_z,hip.Center_x,hip.Center_y,hip.Center_z
0,0.37277177,0.21897596,-0.77114385,0.1464878,0.19451734,-0.39591667,-0.030933015,0.09503287,-0.033373322,0.03431222,0.31496397,0.046082128,0.15666993,0.3447469,-0.36137408,0.34395945,0.36678606,-0.7603194,-0.6796842,-0.1265849,0.006345508,-0.47294164,-0.09339092,-0.1313684,-0.41916713,0.1271857,0.038239725,-0.4070132,0.35888124,0.11778201,-0.52140915,0.60009146,0.1547608,-0.7171743,0.6048063,0.31288168,-0.45300418,0.23648638,0.097877786,-0.61213845,0.32626227,0.16366492,-0.59770477,0.25315776,0.027668186,-0.6345662,0.26030716,0.0759556,-0.5896076,0.30515257,0.056911293,-0.6153072,0.22317979,0.17043397,-0.52261084,0.32070327,0.13155979,0.0016896016895771027,0.2049984186887741,0.0063544027507305145
