frame,Ankle.R_x,Ankle.R_y,Ankle.R_z,Knee.R_x,Knee.R_y,Knee.R_z,Hip.R_x,Hip.R_y,Hip.R_z,Hip.L_x,Hip.L_y,Hip.L_z,Knee.L_x,Knee.L_y,Knee.L_z,Ankle.L_x,Ankle.L_y,Ankle.L_z,Wrist.R_x,Wrist.R_y,Wrist.R_z,Elbow.R_x,Elbow.R_y,Elbow.R_z,Shoulder.R_x,Shoulder.R_y,Shoulder.R_z,Shoulder.L_x,Shoulder.L_y,Shoulder.L_z,Elbow.L_x,Elbow.L_y,Elbow.L_z,Wrist.L_x,Wrist.L_y,Wrist.L_z,Neck_x,Neck_y,Neck_z,Head_x,Head_y,Head_z,Nose_x,Nose_y,Nose_z,Eye.L_x,Eye.L_y,Eye.L_z,Eye.R_x,Eye.R_y,Eye.R_z,Ear.L_x,Ear.L_y,Ear.L_z,Ear.R_x,Ear.R_y,Ear.R_z,hip.Center_x,hip.Center_y,hip.Center_z
0,0.44798315,0.21457118,-0.6367894,0.35931957,0.16542907,-0.21955077,0.0076136244,0.09948283,0.022143248,-0.01674532,0.33879584,-0.014092505,0.27478033,0.33424646,-0.3163082,0.42112452,0.3638752,-0.721237,-0.6491214,-0.18818699,0.20313622,-0.43678063,-0.16540052,0.076958865,-0.46166688,0.103253655,0.046242878,-0.4523873,0.3465794,0.065659046,-0.49683842,0.5677151,0.19630247,-0.71016747,0.6018611,0.3196411,-0.49188793,0.23424196,0.066665344,-0.6750972,0.3075683,0.044213664,-0.63977396,0.23573403,0.18009678,-0.6568676,0.2883129,0.15491636,-0.66958433,0.23005953,0.12702629,-0.59800863,0.34577614,0.09648788,-0.62539,0.22499308,0.031675547,-0.00456584757193923,0.21913933753967285,0.004025371745228767
