frame,Ankle.R_x,Ankle.R_y,Ankle.R_z,Knee.R_x,Knee.R_y,Knee.R_z,Hip.R_x,Hip.R_y,Hip.R_z,Hip.L_x,Hip.L_y,Hip.L_z,Knee.L_x,Knee.L_y,Knee.L_z,Ankle.L_x,Ankle.L_y,Ankle.L_z,Wrist.R_x,Wrist.R_y,Wrist.R_z,Elbow.R_x,Elbow.R_y,Elbow.R_z,Shoulder.R_x,Shoulder.R_y,Shoulder.R_z,Shoulder.L_x,Shoulder.L_y,Shoulder.L_z,Elbow.L_x,Elbow.L_y,Elbow.L_z,Wrist.L_x,Wrist.L_y,Wrist.L_z,Neck_x,Neck_y,Neck_z,Head_x,Head_y,Head_z,Nose_x,Nose_y,Nose_z,Eye.L_x,Eye.L_y,Eye.L_z,Eye.R_x,Eye.R_y,Eye.R_z,Ear.L_x,Ear.L_y,Ear.L_z,Ear.R_x,Ear.R_y,Ear.R_z,hip.Center_x,hip.Center_y,hip.Center_z
0,0.3552894,0.22732922,-0.77890235,0.13751483,0.20038891,-0.39769453,-0.02459933,0.093968116,-0.031520065,0.030919924,0.31671563,0.04595965,0.13864218,0.34563258,-0.36458448,0.32496724,0.36387533,-0.7641013,-0.61335546,-0.11151905,-0.005712271,-0.41266444,-0.1094389,-0.14824322,-0.41813114,0.11778906,0.029938567,-0.4096235,0.35511187,0.11581124,-0.48223823,0.6142319,0.17228805,-0.66813964,0.5764001,0.32853273,-0.45576394,0.2306777,0.09303018,-0.59677166,0.3347191,0.1654455,-0.6105218,0.25335813,0.03308601,-0.6389258,0.2674159,0.08587719,-0.5930065,0.30582973,0.057271436,-0.6097542,0.23323119,0.17869264,-0.51431894,0.31768757,0.120141484,0.0031602969393134117,0.2053418755531311,0.007219793274998665
