frame,Ankle.R_x,Ankle.R_y,Ankle.R_z,Knee.R_x,Knee.R_y,Knee.R_z,Hip.R_x,Hip.R_y,Hip.R_z,Hip.L_x,Hip.L_y,Hip.L_z,Knee.L_x,Knee.L_y,Knee.L_z,Ankle.L_x,Ankle.L_y,Ankle.L_z,Wrist.R_x,Wrist.R_y,Wrist.R_z,Elbow.R_x,Elbow.R_y,Elbow.R_z,Shoulder.R_x,Shoulder.R_y,Shoulder.R_z,Shoulder.L_x,Shoulder.L_y,Shoulder.L_z,Elbow.L_x,Elbow.L_y,Elbow.L_z,Wrist.L_x,Wrist.L_y,Wrist.L_z,Neck_x,Neck_y,Neck_z,Head_x,Head_y,Head_z,Nose_x,Nose_y,Nose_z,Eye.L_x,Eye.L_y,Eye.L_z,Eye.R_x,Eye.R_y,Eye.R_z,Ear.L_x,Ear.L_y,Ear.L_z,Ear.R_x,Ear.R_y,Ear.R_z,hip.Center_x,hip.Center_y,hip.Center_z
0,0.31111395,0.24105638,-0.7966126,0.11192434,0.21955317,-0.40627858,-0.030584153,0.09760211,-0.039478943,0.039848406,0.31063047,0.05276127,0.11168803,0.35261738,-0.36451405,0.28036797,0.375969,-0.76870984,-0.54778594,-0.08674803,-0.025920987,-0.35022134,-0.079455726,-0.16494712,-0.42283177,0.13427484,0.018153816,-0.4094357,0.36296532,0.12436123,-0.43619394,0.61792105,0.22617836,-0.602886,0.55838716,0.39534563,-0.4574757,0.24210665,0.09173608,-0.59865093,0.33521476,0.17982951,-0.62091994,0.2572251,0.046424083,-0.64391273,0.26677102,0.10294619,-0.605152,0.3101073,0.0708489,-0.60139173,0.23275803,0.19052657,-0.5207241,0.32668793,0.12389462,0.004632126539945602,0.20411628484725952,0.006641164422035217
