frame,Ankle.R_x,Ankle.R_y,Ankle.R_z,Knee.R_x,Knee.R_y,Knee.R_z,Hip.R_x,Hip.R_y,Hip.R_z,Hip.L_x,Hip.L_y,Hip.L_z,Knee.L_x,Knee.L_y,Knee.L_z,Ankle.L_x,Ankle.L_y,Ankle.L_z,Wrist.R_x,Wrist.R_y,Wrist.R_z,Elbow.R_x,Elbow.R_y,Elbow.R_z,Shoulder.R_x,Shoulder.R_y,Shoulder.R_z,Shoulder.L_x,Shoulder.L_y,Shoulder.L_z,Elbow.L_x,Elbow.L_y,Elbow.L_z,Wrist.L_x,Wrist.L_y,Wrist.L_z,Neck_x,Neck_y,Neck_z,Head_x,Head_y,Head_z,Nose_x,Nose_y,Nose_z,Eye.L_x,Eye.L_y,Eye.L_z,Eye.R_x,Eye.R_y,Eye.R_z,Ear.L_x,Ear.L_y,Ear.L_z,Ear.R_x,Ear.R_y,Ear.R_z,hip.Center_x,hip.Center_y,hip.Center_z
0,0.3257714,0.2361061,-0.7961137,0.13330063,0.20672518,-0.40200695,-0.029326541,0.09711453,-0.037821278,0.03765112,0.31187257,0.051295333,0.1308364,0.3498892,-0.36303154,0.30091012,0.3706299,-0.7685984,-0.553712,-0.099261455,-0.02072873,-0.346851,-0.09442022,-0.14582957,-0.42304185,0.1251886,0.030253299,-0.4132939,0.35793155,0.1228234,-0.4316107,0.6224977,0.20194952,-0.5985404,0.55493534,0.36408147,-0.45976,0.23494953,0.096848175,-0.59823936,0.33608517,0.1720268,-0.61346745,0.25503257,0.038812853,-0.641063,0.26846075,0.09255159,-0.59616196,0.30762228,0.06338024,-0.6098203,0.23421668,0.18475102,-0.51670045,0.3199469,0.12426391,0.004162290133535862,0.20449355244636536,0.006737027317285538
