frame,Ankle.R_x,Ankle.R_y,Ankle.R_z,Knee.R_x,Knee.R_y,Knee.R_z,Hip.R_x,Hip.R_y,Hip.R_z,Hip.L_x,Hip.L_y,Hip.L_z,Knee.L_x,Knee.L_y,Knee.L_z,Ankle.L_x,Ankle.L_y,Ankle.L_z,Wrist.R_x,Wrist.R_y,Wrist.R_z,Elbow.R_x,Elbow.R_y,Elbow.R_z,Shoulder.R_x,Shoulder.R_y,Shoulder.R_z,Shoulder.L_x,Shoulder.L_y,Shoulder.L_z,Elbow.L_x,Elbow.L_y,Elbow.L_z,Wrist.L_x,Wrist.L_y,Wrist.L_z,Neck_x,Neck_y,Neck_z,Head_x,Head_y,Head_z,Nose_x,Nose_y,Nose_z,Eye.L_x,Eye.L_y,Eye.L_z,Eye.R_x,Eye.R_y,Eye.R_z,Ear.L_x,Ear.L_y,Ear.L_z,Ear.R_x,Ear.R_y,Ear.R_z,hip.Center_x,hip.Center_y,hip.Center_z
0,0.42412844,0.19156732,-0.66970223,0.338529,0.14564112,-0.24766931,-0.000102592865,0.09833867,0.014985241,-0.0072098207,0.3410298,-0.0039493768,0.2878711,0.31822723,-0.30852327,0.38844478,0.33994392,-0.7318096,-0.5378798,-0.17209737,0.23200285,-0.36163428,-0.15499133,0.06215211,-0.4591758,0.09965643,0.035620455,-0.4566188,0.351506,0.064683646,-0.42680287,0.57810026,0.20168573,-0.6143227,0.54065317,0.35113594,-0.49795806,0.2334194,0.05937638,-0.6879819,0.29656565,0.043064155,-0.64042485,0.22512925,0.1758334,-0.66244894,0.2770725,0.15223916,-0.6729803,0.21844697,0.12425726,-0.6103003,0.33870652,0.092041746,-0.6339117,0.21730816,0.026940316,-0.003656206652522087,0.21968422830104828,0.005517932120710611
