frame,Ankle.R_x,Ankle.R_y,Ankle.R_z,Knee.R_x,Knee.R_y,Knee.R_z,Hip.R_x,Hip.R_y,Hip.R_z,Hip.L_x,Hip.L_y,Hip.L_z,Knee.L_x,Knee.L_y,Knee.L_z,Ankle.L_x,Ankle.L_y,Ankle.L_z,Wrist.R_x,Wrist.R_y,Wrist.R_z,Elbow.R_x,Elbow.R_y,Elbow.R_z,Shoulder.R_x,Shoulder.R_y,Shoulder.R_z,Shoulder.L_x,Shoulder.L_y,Shoulder.L_z,Elbow.L_x,Elbow.L_y,Elbow.L_z,Wrist.L_x,Wrist.L_y,Wrist.L_z,Neck_x,Neck_y,Neck_z,Head_x,Head_y,Head_z,Nose_x,Nose_y,Nose_z,Eye.L_x,Eye.L_y,Eye.L_z,Eye.R_x,Eye.R_y,Eye.R_z,Ear.L_x,Ear.L_y,Ear.L_z,Ear.R_x,Ear.R_y,Ear.R_z,hip.Center_x,hip.Center_y,hip.Center_z
0,0.41036895,0.1920184,-0.6815669,0.33199048,0.14251602,-0.2577181,-0.0009874054,0.09761833,0.012264963,-0.005391766,0.34131977,-0.0010632561,0.27752328,0.3183142,-0.31734693,0.3721003,0.34288707,-0.7427086,-0.52707094,-0.17327777,0.22756085,-0.35070848,-0.15394981,0.05763787,-0.4567387,0.098089695,0.030465253,-0.45569792,0.3514102,0.06773081,-0.42145342,0.57408255,0.21187192,-0.6070301,0.52985364,0.36223692,-0.49726728,0.2329088,0.05746822,-0.6853589,0.30341563,0.040756796,-0.6425296,0.22453554,0.17091003,-0.662143,0.27829966,0.14927644,-0.6746651,0.22131519,0.118713506,-0.6067555,0.34029064,0.0924157,-0.63423866,0.22260877,0.021863304,-0.0031895856373012066,0.21946904063224792,0.005600853823125362
