frame,Ankle.R_x,Ankle.R_y,Ankle.R_z,Knee.R_x,Knee.R_y,Knee.R_z,Hip.R_x,Hip.R_y,Hip.R_z,Hip.L_x,Hip.L_y,Hip.L_z,Knee.L_x,Knee.L_y,Knee.L_z,Ankle.L_x,Ankle.L_y,Ankle.L_z,Wrist.R_x,Wrist.R_y,Wrist.R_z,Elbow.R_x,Elbow.R_y,Elbow.R_z,Shoulder.R_x,Shoulder.R_y,Shoulder.R_z,Shoulder.L_x,Shoulder.L_y,Shoulder.L_z,Elbow.L_x,Elbow.L_y,Elbow.L_z,Wrist.L_x,Wrist.L_y,Wrist.L_z,Neck_x,Neck_y,Neck_z,Head_x,Head_y,Head_z,Nose_x,Nose_y,Nose_z,Eye.L_x,Eye.L_y,Eye.L_z,Eye.R_x,Eye.R_y,Eye.R_z,Ear.L_x,Ear.L_y,Ear.L_z,Ear.R_x,Ear.R_y,Ear.R_z,hip.Center_x,hip.Center_y,hip.Center_z
0,0.43531966,0.18774371,-0.6704992,0.33832806,0.15046696,-0.25030333,0.00012349035,0.097798795,0.010983095,-0.0055348817,0.34238687,-0.0014229416,0.2831479,0.31422988,-0.31258005,0.39093712,0.34192342,-0.733021,-0.545677,-0.1618809,0.22715454,-0.3538989,-0.15489052,0.07582898,-0.45934227,0.09551244,0.043360375,-0.46476632,0.3431812,0.07282475,-0.45064315,0.5764183,0.20106204,-0.62650067,0.5247743,0.36149943,-0.50039726,0.22617346,0.06740977,-0.69096196,0.2832995,0.049580716,-0.64135385,0.2208929,0.18653145,-0.66417027,0.27111256,0.15966566,-0.67426443,0.2105568,0.1356555,-0.61341494,0.32962173,0.0950205,-0.6359099,0.2034509,0.038018845,-0.0027056955732405186,0.22009283304214478,0.004780076444149017
