frame,Ankle.R_x,Ankle.R_y,Ankle.R_z,Knee.R_x,Knee.R_y,Knee.R_z,Hip.R_x,Hip.R_y,Hip.R_z,Hip.L_x,Hip.L_y,Hip.L_z,Knee.L_x,Knee.L_y,Knee.L_z,Ankle.L_x,Ankle.L_y,Ankle.L_z,Wrist.R_x,Wrist.R_y,Wrist.R_z,Elbow.R_x,Elbow.R_y,Elbow.R_z,Shoulder.R_x,Shoulder.R_y,Shoulder.R_z,Shoulder.L_x,Shoulder.L_y,Shoulder.L_z,Elbow.L_x,Elbow.L_y,Elbow.L_z,Wrist.L_x,Wrist.L_y,Wrist.L_z,Neck_x,Neck_y,Neck_z,Head_x,Head_y,Head_z,Nose_x,Nose_y,Nose_z,Eye.L_x,Eye.L_y,Eye.L_z,Eye.R_x,Eye.R_y,Eye.R_z,Ear.L_x,Ear.L_y,Ear.L_z,Ear.R_x,Ear.R_y,Ear.R_z,hip.Center_x,hip.Center_y,hip.Center_z
0,0.3223196,0.23072384,-0.8017227,0.13466586,0.20488055,-0.4046996,-0.03604413,0.100465104,-0.043098666,0.044749383,0.30727017,0.0552828,0.13337934,0.3433902,-0.3628633,0.30146053,0.3540962,-0.76827985,-0.5039249,-0.08331703,0.007548327,-0.3143618,-0.08040807,-0.14167365,-0.42317188,0.13323033,0.020279728,-0.4174141,0.35822788,0.123540536,-0.4278442,0.6198007,0.21057223,-0.5898925,0.53606594,0.36880037,-0.46225885,0.23895115,0.09097088,-0.61414194,0.3295675,0.16339372,-0.6144862,0.2516591,0.027529996,-0.64596385,0.2605258,0.08025768,-0.60375595,0.30480823,0.05460405,-0.6162826,0.22669679,0.17315906,-0.52917564,0.32287753,0.1194644,0.004352627322077751,0.20386764407157898,0.0060920678079128265
