frame,Ankle.R_x,Ankle.R_y,Ankle.R_z,Knee.R_x,Knee.R_y,Knee.R_z,Hip.R_x,Hip.R_y,Hip.R_z,Hip.L_x,Hip.L_y,Hip.L_z,Knee.L_x,Knee.L_y,Knee.L_z,Ankle.L_x,Ankle.L_y,Ankle.L_z,Wrist.R_x,Wrist.R_y,Wrist.R_z,Elbow.R_x,Elbow.R_y,Elbow.R_z,Shoulder.R_x,Shoulder.R_y,Shoulder.R_z,Shoulder.L_x,Shoulder.L_y,Shoulder.L_z,Elbow.L_x,Elbow.L_y,Elbow.L_z,Wrist.L_x,Wrist.L_y,Wrist.L_z,Neck_x,Neck_y,Neck_z,Head_x,Head_y,Head_z,Nose_x,Nose_y,Nose_z,Eye.L_x,Eye.L_y,Eye.L_z,Eye.R_x,Eye.R_y,Eye.R_z,Ear.L_x,Ear.L_y,Ear.L_z,Ear.R_x,Ear.R_y,Ear.R_z,hip.Center_x,hip.Center_y,hip.Center_z
0,0.2992647,0.2391504,-0.79739386,0.09419138,0.22094528,-0.41119403,-0.033525407,0.09828484,-0.040627547,0.045441,0.30739895,0.05301539,0.1057072,0.35101125,-0.36678866,0.2734017,0.35815102,-0.77129185,-0.5557346,-0.06456708,-0.008973492,-0.3679381,-0.069639586,-0.16379267,-0.4210817,0.14220041,0.02740056,-0.40748388,0.36261368,0.1360239,-0.4704039,0.6139141,0.22642696,-0.6202226,0.55792004,0.4126318,-0.45209262,0.24443921,0.10292154,-0.6013826,0.32031265,0.20114739,-0.6113044,0.26318765,0.05666682,-0.6379758,0.2628253,0.1124285,-0.60007167,0.3122886,0.089906365,-0.5988165,0.2179536,0.19638,-0.5200243,0.32421944,0.14993031,0.005957797169685364,0.2028418928384781,0.006193920969963074
