frame,Ankle.R_x,Ankle.R_y,Ankle.R_z,Knee.R_x,Knee.R_y,Knee.R_z,Hip.R_x,Hip.R_y,Hip.R_z,Hip.L_x,Hip.L_y,Hip.L_z,Knee.L_x,Knee.L_y,Knee.L_z,Ankle.L_x,Ankle.L_y,Ankle.L_z,Wrist.R_x,Wrist.R_y,Wrist.R_z,Elbow.R_x,Elbow.R_y,Elbow.R_z,Shoulder.R_x,Shoulder.R_y,Shoulder.R_z,Shoulder.L_x,Shoulder.L_y,Shoulder.L_z,Elbow.L_x,Elbow.L_y,Elbow.L_z,Wrist.L_x,Wrist.L_y,Wrist.L_z,Neck_x,Neck_y,Neck_z,Head_x,Head_y,Head_z,Nose_x,Nose_y,Nose_z,Eye.L_x,Eye.L_y,Eye.L_z,Eye.R_x,Eye.R_y,Eye.R_z,Ear.L_x,Ear.L_y,Ear.L_z,Ear.R_x,Ear.R_y,Ear.R_z,hip.Center_x,hip.Center_y,hip.Center_z
0,0.42440382,0.18163306,-0.6921096,0.313711,0.14093776,-0.27660835,0.0033894395,0.09857094,0.016535278,-0.005790788,0.34108493,-0.00682139,0.2651124,0.30668166,-0.330919,0.40355915,0.3131546,-0.74106026,-0.5964944,-0.16379473,0.18070045,-0.38145834,-0.1581042,0.065364234,-0.45650488,0.10089754,0.04519143,-0.4661374,0.33608168,0.07498123,-0.49544,0.573109,0.18603964,-0.6842976,0.54764605,0.3399596,-0.49652696,0.22450161,0.071854286,-0.6860622,0.27530086,0.048825342,-0.6401991,0.21868406,0.18979846,-0.66323376,0.2673591,0.16050598,-0.67073077,0.20583126,0.1379546,-0.6118773,0.32515424,0.095884085,-0.62866324,0.19680291,0.041950427,-0.0012006743345409632,0.21982793509960175,0.0048569440841674805
