frame,Ankle.R_x,Ankle.R_y,Ankle.R_z,Knee.R_x,Knee.R_y,Knee.R_z,Hip.R_x,Hip.R_y,Hip.R_z,Hip.L_x,Hip.L_y,Hip.L_z,Knee.L_x,Knee.L_y,Knee.L_z,Ankle.L_x,Ankle.L_y,Ankle.L_z,Wrist.R_x,Wrist.R_y,Wrist.R_z,Elbow.R_x,Elbow.R_y,Elbow.R_z,Shoulder.R_x,Shoulder.R_y,Shoulder.R_z,Shoulder.L_x,Shoulder.L_y,Shoulder.L_z,Elbow.L_x,Elbow.L_y,Elbow.L_z,Wrist.L_x,Wrist.L_y,Wrist.L_z,Neck_x,Neck_y,Neck_z,Head_x,Head_y,Head_z,Nose_x,Nose_y,Nose_z,Eye.L_x,Eye.L_y,Eye.L_z,Eye.R_x,Eye.R_y,Eye.R_z,Ear.L_x,Ear.L_y,Ear.L_z,Ear.R_x,Ear.R_y,Ear.R_z,hip.Center_x,hip.Center_y,hip.Center_z
0,0.32252243,0.22671679,-0.8004806,0.1349749,0.19913003,-0.4047343,-0.037674263,0.10066217,-0.043016613,0.04409795,0.30715713,0.05489536,0.14137304,0.33962134,-0.3616555,0.31207776,0.34173715,-0.76590246,-0.5595392,-0.073848926,-0.00435034,-0.36556095,-0.09331476,-0.1475633,-0.42100993,0.12913948,0.030528624,-0.4162743,0.35664228,0.12575375,-0.47714874,0.61465615,0.19898884,-0.6401066,0.5415976,0.36608744,-0.45846713,0.23639885,0.09804297,-0.6057838,0.3309607,0.17071854,-0.6115658,0.24985382,0.037275635,-0.6416186,0.2609539,0.09013587,-0.59865725,0.3033049,0.062484983,-0.61084723,0.22847256,0.18328658,-0.52224374,0.32080153,0.1258281,0.0032118428498506546,0.20390965044498444,0.00593937374651432
