frame,Ankle.R_x,Ankle.R_y,Ankle.R_z,Knee.R_x,Knee.R_y,Knee.R_z,Hip.R_x,Hip.R_y,Hip.R_z,Hip.L_x,Hip.L_y,Hip.L_z,Knee.L_x,Knee.L_y,Knee.L_z,Ankle.L_x,Ankle.L_y,Ankle.L_z,Wrist.R_x,Wrist.R_y,Wrist.R_z,Elbow.R_x,Elbow.R_y,Elbow.R_z,Shoulder.R_x,Shoulder.R_y,Shoulder.R_z,Shoulder.L_x,Shoulder.L_y,Shoulder.L_z,Elbow.L_x,Elbow.L_y,Elbow.L_z,Wrist.L_x,Wrist.L_y,Wrist.L_z,Neck_x,Neck_y,Neck_z,Head_x,Head_y,Head_z,Nose_x,Nose_y,Nose_z,Eye.L_x,Eye.L_y,Eye.L_z,Eye.R_x,Eye.R_y,Eye.R_z,Ear.L_x,Ear.L_y,Ear.L_z,Ear.R_x,Ear.R_y,Ear.R_z,hip.Center_x,hip.Center_y,hip.Center_z
0,0.30286208,0.24740154,-0.8024497,0.106604606,0.21962006,-0.4096717,-0.04476197,0.10298629,-0.04482246,0.051667996,0.30264682,0.055371597,0.123508625,0.34741923,-0.36366248,0.27714577,0.35418218,-0.77643615,-0.6260086,-0.080101855,0.0097461045,-0.438234,-0.072711036,-0.15007627,-0.4139451,0.14068548,0.039735265,-0.40480584,0.36203218,0.14504674,-0.5305301,0.596328,0.19865862,-0.70344496,0.55847853,0.37586558,-0.4466843,0.24315892,0.11356259,-0.5982224,0.31413254,0.21321012,-0.6084908,0.25850406,0.068734,-0.63465846,0.25658324,0.124336615,-0.5977592,0.3073236,0.10220079,-0.5935651,0.21128534,0.20800407,-0.5168792,0.32014787,0.16246653,0.0034530125558376312,0.20281654596328735,0.005274569615721703
