frame,Ankle.R_x,Ankle.R_y,Ankle.R_z,Knee.R_x,Knee.R_y,Knee.R_z,Hip.R_x,Hip.R_y,Hip.R_z,Hip.L_x,Hip.L_y,Hip.L_z,Knee.L_x,Knee.L_y,Knee.L_z,Ankle.L_x,Ankle.L_y,Ankle.L_z,Wrist.R_x,Wrist.R_y,Wrist.R_z,Elbow.R_x,Elbow.R_y,Elbow.R_z,Shoulder.R_x,Shoulder.R_y,Shoulder.R_z,Shoulder.L_x,Shoulder.L_y,Shoulder.L_z,Elbow.L_x,Elbow.L_y,Elbow.L_z,Wrist.L_x,Wrist.L_y,Wrist.L_z,Neck_x,Neck_y,Neck_z,Head_x,Head_y,Head_z,Nose_x,Nose_y,Nose_z,Eye.L_x,Eye.L_y,Eye.L_z,Eye.R_x,Eye.R_y,Eye.R_z,Ear.L_x,Ear.L_y,Ear.L_z,Ear.R_x,Ear.R_y,Ear.R_z,hip.Center_x,hip.Center_y,hip.Center_z
0,0.3427594,0.22040838,-0.7937797,0.14606899,0.18857217,-0.4018894,-0.044983096,0.103848055,-0.046165314,0.04790847,0.30296546,0.057009004,0.15721363,0.33775863,-0.35625425,0.3144119,0.3397908,-0.76865065,-0.6247172,-0.106961556,0.01155225,-0.4257014,-0.10185579,-0.13331649,-0.41807306,0.13075556,0.0369431,-0.41597432,0.35707292,0.13092443,-0.53259796,0.5985579,0.18097433,-0.7049159,0.5459189,0.3531209,-0.45445535,0.2363289,0.103226915,-0.6103723,0.31939408,0.17597817,-0.60789335,0.24067526,0.041562162,-0.6394162,0.24820924,0.09384175,-0.5994526,0.29441312,0.06782788,-0.60746264,0.2163675,0.18712518,-0.5252515,0.31678364,0.13324106,0.0014626868069171906,0.20340675115585327,0.005421845242381096
