frame,Ankle.R_x,Ankle.R_y,Ankle.R_z,Knee.R_x,Knee.R_y,Knee.R_z,Hip.R_x,Hip.R_y,Hip.R_z,Hip.L_x,Hip.L_y,Hip.L_z,Knee.L_x,Knee.L_y,Knee.L_z,Ankle.L_x,Ankle.L_y,Ankle.L_z,Wrist.R_x,Wrist.R_y,Wrist.R_z,Elbow.R_x,Elbow.R_y,Elbow.R_z,Shoulder.R_x,Shoulder.R_y,Shoulder.R_z,Shoulder.L_x,Shoulder.L_y,Shoulder.L_z,Elbow.L_x,Elbow.L_y,Elbow.L_z,Wrist.L_x,Wrist.L_y,Wrist.L_z,Neck_x,Neck_y,Neck_z,Head_x,Head_y,Head_z,Nose_x,Nose_y,Nose_z,Eye.L_x,Eye.L_y,Eye.L_z,Eye.R_x,Eye.R_y,Eye.R_z,Ear.L_x,Ear.L_y,Ear.L_z,Ear.R_x,Ear.R_y,Ear.R_z,hip.Center_x,hip.Center_y,hip.Center_z
0,0.45213833,0.18746834,-0.6477206,0.34633583,0.14239924,-0.23632807,-0.0031014758,0.09508219,0.0038574883,-0.0020198599,0.33903274,0.0022055102,0.28202334,0.3087775,-0.31155694,0.42597133,0.3226541,-0.7153913,-0.7237404,-0.23775023,0.18020134,-0.5012444,-0.16385521,0.07623488,-0.44908214,0.09888693,0.054879826,-0.46006012,0.32824177,0.09530435,-0.6046445,0.5169396,0.19009379,-0.8338823,0.5860604,0.27890372,-0.4854692,0.219193,0.08890246,-0.6747174,0.266983,0.06636911,-0.6330524,0.21017702,0.20771748,-0.65480876,0.258855,0.17854308,-0.6621844,0.19765316,0.15558606,-0.60180205,0.31647518,0.11558294,-0.61777544,0.18930803,0.05986526,-0.0025606676936149597,0.217057466506958,0.003031499218195677
