frame,Ankle.R_x,Ankle.R_y,Ankle.R_z,Knee.R_x,Knee.R_y,Knee.R_z,Hip.R_x,Hip.R_y,Hip.R_z,Hip.L_x,Hip.L_y,Hip.L_z,Knee.L_x,Knee.L_y,Knee.L_z,Ankle.L_x,Ankle.L_y,Ankle.L_z,Wrist.R_x,Wrist.R_y,Wrist.R_z,Elbow.R_x,Elbow.R_y,Elbow.R_z,Shoulder.R_x,Shoulder.R_y,Shoulder.R_z,Shoulder.L_x,Shoulder.L_y,Shoulder.L_z,Elbow.L_x,Elbow.L_y,Elbow.L_z,Wrist.L_x,Wrist.L_y,Wrist.L_z,Neck_x,Neck_y,Neck_z,Head_x,Head_y,Head_z,Nose_x,Nose_y,Nose_z,Eye.L_x,Eye.L_y,Eye.L_z,Eye.R_x,Eye.R_y,Eye.R_z,Ear.L_x,Ear.L_y,Ear.L_z,Ear.R_x,Ear.R_y,Ear.R_z,hip.Center_x,hip.Center_y,hip.Center_z
0,0.34519243,0.2131336,-0.7929099,0.14383623,0.19103698,-0.4024604,-0.04683903,0.10356061,-0.045882065,0.049410082,0.3031314,0.054768525,0.17396404,0.32945824,-0.3561886,0.3290418,0.33906218,-0.7704328,-0.68626356,-0.14122497,0.024378313,-0.47216153,-0.10282071,-0.10378452,-0.41803962,0.13425873,0.04288379,-0.41689438,0.35349578,0.13058895,-0.5760975,0.5651208,0.16428636,-0.77950543,0.5656695,0.31780967,-0.45221487,0.23568934,0.10587914,-0.6167785,0.3095591,0.17090864,-0.59791625,0.23402198,0.03663692,-0.634079,0.23833577,0.08581039,-0.59472597,0.2873967,0.06444142,-0.6084973,0.20666969,0.18124053,-0.52790844,0.31267595,0.13656047,0.0012855269014835358,0.20334601402282715,0.004443230107426643
