frame,Ankle.R_x,Ankle.R_y,Ankle.R_z,Knee.R_x,Knee.R_y,Knee.R_z,Hip.R_x,Hip.R_y,Hip.R_z,Hip.L_x,Hip.L_y,Hip.L_z,Knee.L_x,Knee.L_y,Knee.L_z,Ankle.L_x,Ankle.L_y,Ankle.L_z,Wrist.R_x,Wrist.R_y,Wrist.R_z,Elbow.R_x,Elbow.R_y,Elbow.R_z,Shoulder.R_x,Shoulder.R_y,Shoulder.R_z,Shoulder.L_x,Shoulder.L_y,Shoulder.L_z,Elbow.L_x,Elbow.L_y,Elbow.L_z,Wrist.L_x,Wrist.L_y,Wrist.L_z,Neck_x,Neck_y,Neck_z,Head_x,Head_y,Head_z,Nose_x,Nose_y,Nose_z,Eye.L_x,Eye.L_y,Eye.L_z,Eye.R_x,Eye.R_y,Eye.R_z,Ear.L_x,Ear.L_y,Ear.L_z,Ear.R_x,Ear.R_y,Ear.R_z,hip.Center_x,hip.Center_y,hip.Center_z
0,0.46771175,0.18165357,-0.6356333,0.35143304,0.14282842,-0.22686212,-0.0021035466,0.09498283,0.0069346223,-0.0042070253,0.33856544,-0.00086660683,0.29192075,0.31064942,-0.3026713,0.4446861,0.3213403,-0.70219874,-0.71286035,-0.23614645,0.2028674,-0.49494797,-0.16595563,0.087645635,-0.44811323,0.096432656,0.055977754,-0.46131748,0.32589632,0.09384455,-0.60783565,0.51255965,0.18969579,-0.8376994,0.577736,0.27948257,-0.4854805,0.21674237,0.08843432,-0.6755214,0.26012558,0.0665791,-0.6311621,0.20931472,0.20926577,-0.6541081,0.25647104,0.17865674,-0.6606942,0.194386,0.1580727,-0.6029459,0.31254596,0.11297633,-0.6173784,0.18331057,0.06222357,-0.003155285958200693,0.2167741358280182,0.0030340077355504036
