frame,Ankle.R_x,Ankle.R_y,Ankle.R_z,Knee.R_x,Knee.R_y,Knee.R_z,Hip.R_x,Hip.R_y,Hip.R_z,Hip.L_x,Hip.L_y,Hip.L_z,Knee.L_x,Knee.L_y,Knee.L_z,Ankle.L_x,Ankle.L_y,Ankle.L_z,Wrist.R_x,Wrist.R_y,Wrist.R_z,Elbow.R_x,Elbow.R_y,Elbow.R_z,Shoulder.R_x,Shoulder.R_y,Shoulder.R_z,Shoulder.L_x,Shoulder.L_y,Shoulder.L_z,Elbow.L_x,Elbow.L_y,Elbow.L_z,Wrist.L_x,Wrist.L_y,Wrist.L_z,Neck_x,Neck_y,Neck_z,Head_x,Head_y,Head_z,Nose_x,Nose_y,Nose_z,Eye.L_x,Eye.L_y,Eye.L_z,Eye.R_x,Eye.R_y,Eye.R_z,Ear.L_x,Ear.L_y,Ear.L_z,Ear.R_x,Ear.R_y,Ear.R_z,hip.Center_x,hip.Center_y,hip.Center_z
0,0.45203984,0.18504104,-0.626438,0.36746004,0.15206943,-0.20714927,-0.0041974457,0.095253155,0.0005689296,-0.0035345645,0.34008598,0.0036829016,0.3057747,0.31076884,-0.28978288,0.4416692,0.3318622,-0.6990411,-0.74327785,-0.26492417,0.18979178,-0.5276936,-0.16337131,0.08519618,-0.45170033,0.09151244,0.05368043,-0.46368936,0.32052818,0.09348008,-0.62241524,0.49846998,0.18564223,-0.85639346,0.5741216,0.26346427,-0.4875636,0.21088529,0.08852459,-0.67842156,0.2621423,0.077994294,-0.6301297,0.19927704,0.21448109,-0.6523055,0.24948213,0.18817624,-0.66259086,0.1893307,0.16360362,-0.6016096,0.30814403,0.12408588,-0.62361115,0.18310778,0.06498502,-0.0038660052232444286,0.21766957640647888,0.0021259156055748463
