frame,Ankle.R_x,Ankle.R_y,Ankle.R_z,Knee.R_x,Knee.R_y,Knee.R_z,Hip.R_x,Hip.R_y,Hip.R_z,Hip.L_x,Hip.L_y,Hip.L_z,Knee.L_x,Knee.L_y,Knee.L_z,Ankle.L_x,Ankle.L_y,Ankle.L_z,Wrist.R_x,Wrist.R_y,Wrist.R_z,Elbow.R_x,Elbow.R_y,Elbow.R_z,Shoulder.R_x,Shoulder.R_y,Shoulder.R_z,Shoulder.L_x,Shoulder.L_y,Shoulder.L_z,Elbow.L_x,Elbow.L_y,Elbow.L_z,Wrist.L_x,Wrist.L_y,Wrist.L_z,Neck_x,Neck_y,Neck_z,Head_x,Head_y,Head_z,Nose_x,Nose_y,Nose_z,Eye.L_x,Eye.L_y,Eye.L_z,Eye.R_x,Eye.R_y,Eye.R_z,Ear.L_x,Ear.L_y,Ear.L_z,Ear.R_x,Ear.R_y,Ear.R_z,hip.Center_x,hip.Center_y,hip.Center_z
0,0.31768367,0.24473068,-0.80172145,0.11880122,0.21618672,-0.40916967,-0.050840747,0.10710694,-0.049582433,0.05330392,0.2991207,0.05706275,0.15760003,0.34704408,-0.35631415,0.31326202,0.36689207,-0.7714072,-0.71917206,-0.15075356,0.025064316,-0.519552,-0.06490082,-0.11163522,-0.42333537,0.14339009,0.050277945,-0.41604513,0.3534816,0.14042023,-0.60017824,0.5422391,0.16904774,-0.8077574,0.5743644,0.31939766,-0.4492856,0.23727033,0.11452102,-0.59401864,0.29482764,0.2175858,-0.6043166,0.2497532,0.069688395,-0.6302439,0.24363843,0.124672025,-0.5928592,0.2957191,0.1066318,-0.5892498,0.19217813,0.20514905,-0.5114663,0.30357546,0.16813211,0.0012315865606069565,0.20311382412910461,0.0037401579320430756
