frame,Ankle.R_x,Ankle.R_y,Ankle.R_z,Knee.R_x,Knee.R_y,Knee.R_z,Hip.R_x,Hip.R_y,Hip.R_z,Hip.L_x,Hip.L_y,Hip.L_z,Knee.L_x,Knee.L_y,Knee.L_z,Ankle.L_x,Ankle.L_y,Ankle.L_z,Wrist.R_x,Wrist.R_y,Wrist.R_z,Elbow.R_x,Elbow.R_y,Elbow.R_z,Shoulder.R_x,Shoulder.R_y,Shoulder.R_z,Shoulder.L_x,Shoulder.L_y,Shoulder.L_z,Elbow.L_x,Elbow.L_y,Elbow.L_z,Wrist.L_x,Wrist.L_y,Wrist.L_z,Neck_x,Neck_y,Neck_z,Head_x,Head_y,Head_z,Nose_x,Nose_y,Nose_z,Eye.L_x,Eye.L_y,Eye.L_z,Eye.R_x,Eye.R_y,Eye.R_z,Ear.L_x,Ear.L_y,Ear.L_z,Ear.R_x,Ear.R_y,Ear.R_z,hip.Center_x,hip.Center_y,hip.Center_z
0,0.45398524,0.1937471,-0.6221586,0.36881724,0.15118754,-0.20514165,-0.0032636693,0.09467274,9.166775e-05,-0.0054744775,0.33927402,0.004538768,0.31241053,0.31714895,-0.28011152,0.44819602,0.33844912,-0.6887985,-0.7193782,-0.26249692,0.21957898,-0.5089243,-0.17530234,0.09644748,-0.44940478,0.08367646,0.053208273,-0.46165907,0.31817716,0.08927288,-0.6039164,0.506398,0.19143525,-0.83989286,0.5514451,0.2807973,-0.48678094,0.20638525,0.08405162,-0.6768894,0.25954628,0.067416556,-0.63100326,0.20362404,0.2075144,-0.65198755,0.25259674,0.1782446,-0.663425,0.19137515,0.15717301,-0.59951216,0.3061177,0.11145434,-0.62397623,0.1786573,0.059462912,-0.004369073547422886,0.21697337925434113,0.002315217861905694
