frame,Ankle.R_x,Ankle.R_y,Ankle.R_z,Knee.R_x,Knee.R_y,Knee.R_z,Hip.R_x,Hip.R_y,Hip.R_z,Hip.L_x,Hip.L_y,Hip.L_z,Knee.L_x,Knee.L_y,Knee.L_z,Ankle.L_x,Ankle.L_y,Ankle.L_z,Wrist.R_x,Wrist.R_y,Wrist.R_z,Elbow.R_x,Elbow.R_y,Elbow.R_z,Shoulder.R_x,Shoulder.R_y,Shoulder.R_z,Shoulder.L_x,Shoulder.L_y,Shoulder.L_z,Elbow.L_x,Elbow.L_y,Elbow.L_z,Wrist.L_x,Wrist.L_y,Wrist.L_z,Neck_x,Neck_y,Neck_z,Head_x,Head_y,Head_z,Nose_x,Nose_y,Nose_z,Eye.L_x,Eye.L_y,Eye.L_z,Eye.R_x,Eye.R_y,Eye.R_z,Ear.L_x,Ear.L_y,Ear.L_z,Ear.R_x,Ear.R_y,Ear.R_z,hip.Center_x,hip.Center_y,hip.Center_z
0,0.3276473,0.23179123,-0.79932237,0.1333364,0.20456386,-0.40541413,-0.0424682,0.10138878,-0.04491052,0.046449915,0.3060482,0.053496268,0.1645216,0.3387307,-0.35857046,0.31918383,0.3590977,-0.7728433,-0.71974385,-0.16633403,0.015114394,-0.50311524,-0.096956685,-0.09978221,-0.42098176,0.12554039,0.051058512,-0.416243,0.3445831,0.13419808,-0.5747699,0.5559835,0.17240922,-0.7784301,0.5492978,0.3268159,-0.4522652,0.22578152,0.11151738,-0.6074622,0.3038387,0.18255049,-0.5981741,0.23153017,0.045239978,-0.63232577,0.23673724,0.095722444,-0.59026015,0.28353944,0.07449219,-0.6060046,0.20012343,0.18918422,-0.5194663,0.30160084,0.14532554,0.0019908566027879715,0.20371849834918976,0.004292873665690422
