frame,Ankle.R_x,Ankle.R_y,Ankle.R_z,Knee.R_x,Knee.R_y,Knee.R_z,Hip.R_x,Hip.R_y,Hip.R_z,Hip.L_x,Hip.L_y,Hip.L_z,Knee.L_x,Knee.L_y,Knee.L_z,Ankle.L_x,Ankle.L_y,Ankle.L_z,Wrist.R_x,Wrist.R_y,Wrist.R_z,Elbow.R_x,Elbow.R_y,Elbow.R_z,Shoulder.R_x,Shoulder.R_y,Shoulder.R_z,Shoulder.L_x,Shoulder.L_y,Shoulder.L_z,Elbow.L_x,Elbow.L_y,Elbow.L_z,Wrist.L_x,Wrist.L_y,Wrist.L_z,Neck_x,Neck_y,Neck_z,Head_x,Head_y,Head_z,Nose_x,Nose_y,Nose_z,Eye.L_x,Eye.L_y,Eye.L_z,Eye.R_x,Eye.R_y,Eye.R_z,Ear.L_x,Ear.L_y,Ear.L_z,Ear.R_x,Ear.R_y,Ear.R_z,hip.Center_x,hip.Center_y,hip.Center_z
0,0.44559166,0.19323045,-0.60043573,0.38096312,0.16177723,-0.18137074,0.000942499,0.09508105,0.0058358926,-0.010595764,0.3396639,-0.00218858,0.3087266,0.32222462,-0.28318503,0.42790174,0.33760357,-0.6958176,-0.72846264,-0.25173813,0.23126407,-0.5162175,-0.16935064,0.109792404,-0.44885182,0.084973864,0.058509108,-0.4577068,0.32118708,0.09076396,-0.59504354,0.5123781,0.19221884,-0.8289478,0.56260175,0.28108123,-0.4848044,0.2089799,0.087033495,-0.67398185,0.26430276,0.06636438,-0.63188475,0.20820807,0.20741463,-0.6518724,0.2572071,0.17775667,-0.66325796,0.1960983,0.156478,-0.59740996,0.31021506,0.11208117,-0.6216474,0.18303844,0.05978159,-0.0048266323283314705,0.21737247705459595,0.0018236562609672546
