frame,Ankle.R_x,Ankle.R_y,Ankle.R_z,Knee.R_x,Knee.R_y,Knee.R_z,Hip.R_x,Hip.R_y,Hip.R_z,Hip.L_x,Hip.L_y,Hip.L_z,Knee.L_x,Knee.L_y,Knee.L_z,Ankle.L_x,Ankle.L_y,Ankle.L_z,Wrist.R_x,Wrist.R_y,Wrist.R_z,Elbow.R_x,Elbow.R_y,Elbow.R_z,Shoulder.R_x,Shoulder.R_y,Shoulder.R_z,Shoulder.L_x,Shoulder.L_y,Shoulder.L_z,Elbow.L_x,Elbow.L_y,Elbow.L_z,Wrist.L_x,Wrist.L_y,Wrist.L_z,Neck_x,Neck_y,Neck_z,Head_x,Head_y,Head_z,Nose_x,Nose_y,Nose_z,Eye.L_x,Eye.L_y,Eye.L_z,Eye.R_x,Eye.R_y,Eye.R_z,Ear.L_x,Ear.L_y,Ear.L_z,Ear.R_x,Ear.R_y,Ear.R_z,hip.Center_x,hip.Center_y,hip.Center_z
0,0.46574596,0.052581593,-0.6167334,0.35547894,0.09863911,-0.20253538,-0.015435864,0.098707534,0.010679922,0.0028901391,0.34121516,-0.0012839735,0.34335366,0.2851845,-0.25461295,0.44306934,0.27997246,-0.67718965,-0.50051534,-0.19318663,0.23459935,-0.35712638,-0.12999722,0.042275645,-0.45877972,0.12067015,0.0045796502,-0.4481888,0.37460867,0.06505458,-0.343914,0.5795079,0.20519745,-0.5193976,0.54238635,0.36225843,-0.49950245,0.25375596,0.042978555,-0.6901128,0.32308474,0.027853321,-0.65053606,0.22366625,0.14327288,-0.67096657,0.27955654,0.13091683,-0.6803256,0.22910155,0.09006668,-0.6149013,0.3514136,0.088911325,-0.6363772,0.24847749,-0.0024365857,-0.0062728626653552055,0.21996134519577026,0.004697974305599928
