frame,Ankle.R_x,Ankle.R_y,Ankle.R_z,Knee.R_x,Knee.R_y,Knee.R_z,Hip.R_x,Hip.R_y,Hip.R_z,Hip.L_x,Hip.L_y,Hip.L_z,Knee.L_x,Knee.L_y,Knee.L_z,Ankle.L_x,Ankle.L_y,Ankle.L_z,Wrist.R_x,Wrist.R_y,Wrist.R_z,Elbow.R_x,Elbow.R_y,Elbow.R_z,Shoulder.R_x,Shoulder.R_y,Shoulder.R_z,Shoulder.L_x,Shoulder.L_y,Shoulder.L_z,Elbow.L_x,Elbow.L_y,Elbow.L_z,Wrist.L_x,Wrist.L_y,Wrist.L_z,Neck_x,Neck_y,Neck_z,Head_x,Head_y,Head_z,Nose_x,Nose_y,Nose_z,Eye.L_x,Eye.L_y,Eye.L_z,Eye.R_x,Eye.R_y,Eye.R_z,Ear.L_x,Ear.L_y,Ear.L_z,Ear.R_x,Ear.R_y,Ear.R_z,hip.Center_x,hip.Center_y,hip.Center_z
0,0.37584662,0.13278727,-0.75017214,0.11025909,0.18169527,-0.40518495,-0.03864386,0.09971615,-0.034593172,0.044064254,0.3117417,0.05259632,0.12355397,0.34623012,-0.36121863,0.3610541,0.34021863,-0.7280169,-0.44432276,-0.06984894,-0.025918383,-0.26203543,-0.018305805,-0.17420053,-0.42213583,0.16226442,-0.007150717,-0.3941938,0.40196598,0.11253101,-0.2791356,0.60182637,0.27361494,-0.47944337,0.56194544,0.16488075,-0.46003193,0.27733532,0.068929665,-0.6166979,0.3624732,0.15457788,-0.63199687,0.27495408,0.025832186,-0.6534524,0.28416574,0.08369483,-0.6239746,0.3311148,0.047385976,-0.6021358,0.26210082,0.16836251,-0.5420096,0.3631143,0.09498036,0.0027101971209049225,0.2057289332151413,0.009001573547720909
