frame,Ankle.R_x,Ankle.R_y,Ankle.R_z,Knee.R_x,Knee.R_y,Knee.R_z,Hip.R_x,Hip.R_y,Hip.R_z,Hip.L_x,Hip.L_y,Hip.L_z,Knee.L_x,Knee.L_y,Knee.L_z,Ankle.L_x,Ankle.L_y,Ankle.L_z,Wrist.R_x,Wrist.R_y,Wrist.R_z,Elbow.R_x,Elbow.R_y,Elbow.R_z,Shoulder.R_x,Shoulder.R_y,Shoulder.R_z,Shoulder.L_x,Shoulder.L_y,Shoulder.L_z,Elbow.L_x,Elbow.L_y,Elbow.L_z,Wrist.L_x,Wrist.L_y,Wrist.L_z,Neck_x,Neck_y,Neck_z,Head_x,Head_y,Head_z,Nose_x,Nose_y,Nose_z,Eye.L_x,Eye.L_y,Eye.L_z,Eye.R_x,Eye.R_y,Eye.R_z,Ear.L_x,Ear.L_y,Ear.L_z,Ear.R_x,Ear.R_y,Ear.R_z,hip.Center_x,hip.Center_y,hip.Center_z
0,0.47218478,0.06419598,-0.64282376,0.33830714,0.10077826,-0.23128928,-0.01604137,0.09806912,0.007076287,0.0026456823,0.34049678,0.004889377,0.33876544,0.30122104,-0.2570956,0.44642654,0.29944572,-0.6799325,-0.4921757,-0.17511825,0.21438426,-0.35891336,-0.12996899,0.01177654,-0.46431428,0.12637018,0.006238195,-0.4399734,0.38574305,0.05872522,-0.3307744,0.5962401,0.19439968,-0.5082991,0.55060315,0.34807926,-0.49827236,0.26495355,0.041241188,-0.6877591,0.3385411,0.027163649,-0.64642227,0.25113294,0.15182804,-0.6653797,0.30624464,0.13378435,-0.6784463,0.251723,0.099467404,-0.6085614,0.37058964,0.08130513,-0.63816667,0.25892472,0.0033521727,-0.006697843782603741,0.21928295493125916,0.0059828320518136024
