frame,Ankle.R_x,Ankle.R_y,Ankle.R_z,Knee.R_x,Knee.R_y,Knee.R_z,Hip.R_x,Hip.R_y,Hip.R_z,Hip.L_x,Hip.L_y,Hip.L_z,Knee.L_x,Knee.L_y,Knee.L_z,Ankle.L_x,Ankle.L_y,Ankle.L_z,Wrist.R_x,Wrist.R_y,Wrist.R_z,Elbow.R_x,Elbow.R_y,Elbow.R_z,Shoulder.R_x,Shoulder.R_y,Shoulder.R_z,Shoulder.L_x,Shoulder.L_y,Shoulder.L_z,Elbow.L_x,Elbow.L_y,Elbow.L_z,Wrist.L_x,Wrist.L_y,Wrist.L_z,Neck_x,Neck_y,Neck_z,Head_x,Head_y,Head_z,Nose_x,Nose_y,Nose_z,Eye.L_x,Eye.L_y,Eye.L_z,Eye.R_x,Eye.R_y,Eye.R_z,Ear.L_x,Ear.L_y,Ear.L_z,Ear.R_x,Ear.R_y,Ear.R_z,hip.Center_x,hip.Center_y,hip.Center_z
0,0.45773187,0.066427425,-0.6538041,0.33356416,0.103459485,-0.23916711,-0.0152309,0.097576335,0.006593937,0.0027138905,0.33998328,0.006037836,0.33351946,0.30095333,-0.26281872,0.43167222,0.29758424,-0.6880119,-0.4868458,-0.16997334,0.21671642,-0.34530672,-0.12830296,0.019473806,-0.4608232,0.12313782,0.003762125,-0.4389348,0.3832275,0.058815703,-0.32865724,0.59010625,0.19906053,-0.51303756,0.5436933,0.34332013,-0.49710715,0.26236564,0.03887683,-0.68518114,0.33908674,0.021299498,-0.6489521,0.24710914,0.14405309,-0.6667399,0.3029914,0.12737772,-0.6793452,0.24981672,0.09085483,-0.60741913,0.36825478,0.07901673,-0.63593364,0.2597836,-0.0034641176,-0.006258504465222359,0.2187798023223877,0.0063158865086734295
