frame,Ankle.R_x,Ankle.R_y,Ankle.R_z,Knee.R_x,Knee.R_y,Knee.R_z,Hip.R_x,Hip.R_y,Hip.R_z,Hip.L_x,Hip.L_y,Hip.L_z,Knee.L_x,Knee.L_y,Knee.L_z,Ankle.L_x,Ankle.L_y,Ankle.L_z,Wrist.R_x,Wrist.R_y,Wrist.R_z,Elbow.R_x,Elbow.R_y,Elbow.R_z,Shoulder.R_x,Shoulder.R_y,Shoulder.R_z,Shoulder.L_x,Shoulder.L_y,Shoulder.L_z,Elbow.L_x,Elbow.L_y,Elbow.L_z,Wrist.L_x,Wrist.L_y,Wrist.L_z,Neck_x,Neck_y,Neck_z,Head_x,Head_y,Head_z,Nose_x,Nose_y,Nose_z,Eye.L_x,Eye.L_y,Eye.L_z,Eye.R_x,Eye.R_y,Eye.R_z,Ear.L_x,Ear.L_y,Ear.L_z,Ear.R_x,Ear.R_y,Ear.R_z,hip.Center_x,hip.Center_y,hip.Center_z
0,0.37218693,0.11584579,-0.7648699,0.13062283,0.16521011,-0.40016553,-0.034708336,0.09875813,-0.032675046,0.04018187,0.31481493,0.049466394,0.1341997,0.33107197,-0.36445826,0.3537508,0.32312876,-0.7442551,-0.45098972,-0.07231228,-0.012517135,-0.26743808,-0.028895838,-0.16374917,-0.42705905,0.1497873,0.0032065632,-0.40029132,0.38525033,0.12492858,-0.2808517,0.59306,0.26960438,-0.4669637,0.55635047,0.4143358,-0.4625941,0.2588477,0.0806055,-0.61192256,0.32877123,0.18402192,-0.6284101,0.27568957,0.037977856,-0.6515999,0.2725876,0.09538932,-0.61705923,0.32416153,0.07209021,-0.6057556,0.22655444,0.17472127,-0.5339413,0.3373149,0.12727459,0.002736767753958702,0.20678652822971344,0.008395673707127571
