frame,Ankle.R_x,Ankle.R_y,Ankle.R_z,Knee.R_x,Knee.R_y,Knee.R_z,Hip.R_x,Hip.R_y,Hip.R_z,Hip.L_x,Hip.L_y,Hip.L_z,Knee.L_x,Knee.L_y,Knee.L_z,Ankle.L_x,Ankle.L_y,Ankle.L_z,Wrist.R_x,Wrist.R_y,Wrist.R_z,Elbow.R_x,Elbow.R_y,Elbow.R_z,Shoulder.R_x,Shoulder.R_y,Shoulder.R_z,Shoulder.L_x,Shoulder.L_y,Shoulder.L_z,Elbow.L_x,Elbow.L_y,Elbow.L_z,Wrist.L_x,Wrist.L_y,Wrist.L_z,Neck_x,Neck_y,Neck_z,Head_x,Head_y,Head_z,Nose_x,Nose_y,Nose_z,Eye.L_x,Eye.L_y,Eye.L_z,Eye.R_x,Eye.R_y,Eye.R_z,Ear.L_x,Ear.L_y,Ear.L_z,Ear.R_x,Ear.R_y,Ear.R_z,hip.Center_x,hip.Center_y,hip.Center_z
0,0.43447998,0.19041605,-0.6374443,0.36166364,0.15462628,-0.2186238,0.003271468,0.095867604,0.00826473,-0.011201694,0.33951172,-0.0018779874,0.29643792,0.3237348,-0.29409233,0.4404753,0.33460703,-0.69975644,-0.6826306,-0.22446932,0.2412615,-0.47078216,-0.18494852,0.10762076,-0.44964188,0.07937603,0.054548305,-0.45992735,0.31852707,0.08029768,-0.5571858,0.5286924,0.19733293,-0.7757236,0.5397005,0.32046363,-0.487927,0.20485136,0.07877343,-0.67577636,0.2596675,0.052122854,-0.6372583,0.20715725,0.19593799,-0.65651083,0.25541055,0.16445795,-0.6672531,0.19369987,0.14440432,-0.60021245,0.30670273,0.0989424,-0.6233619,0.178008,0.04949251,-0.003965112846344709,0.2176896631717682,0.003193371230736375
