frame,Ankle.R_x,Ankle.R_y,Ankle.R_z,Knee.R_x,Knee.R_y,Knee.R_z,Hip.R_x,Hip.R_y,Hip.R_z,Hip.L_x,Hip.L_y,Hip.L_z,Knee.L_x,Knee.L_y,Knee.L_z,Ankle.L_x,Ankle.L_y,Ankle.L_z,Wrist.R_x,Wrist.R_y,Wrist.R_z,Elbow.R_x,Elbow.R_y,Elbow.R_z,Shoulder.R_x,Shoulder.R_y,Shoulder.R_z,Shoulder.L_x,Shoulder.L_y,Shoulder.L_z,Elbow.L_x,Elbow.L_y,Elbow.L_z,Wrist.L_x,Wrist.L_y,Wrist.L_z,Neck_x,Neck_y,Neck_z,Head_x,Head_y,Head_z,Nose_x,Nose_y,Nose_z,Eye.L_x,Eye.L_y,Eye.L_z,Eye.R_x,Eye.R_y,Eye.R_z,Ear.L_x,Ear.L_y,Ear.L_z,Ear.R_x,Ear.R_y,Ear.R_z,hip.Center_x,hip.Center_y,hip.Center_z
0,0.318451,0.2294528,-0.7992266,0.12968619,0.20341128,-0.4049786,-0.02970305,0.09621574,-0.039977163,0.036976274,0.31149146,0.05069839,0.14620574,0.34736645,-0.36115566,0.3257959,0.36024272,-0.7614687,-0.6740436,-0.13539624,-0.003684711,-0.46318167,-0.1059487,-0.13067096,-0.42150682,0.111042574,0.04904706,-0.41895157,0.33256906,0.13249353,-0.54503304,0.56844157,0.17992003,-0.7265744,0.520676,0.34357682,-0.4546992,0.21254596,0.11094444,-0.59670407,0.30478454,0.17921011,-0.6021189,0.22119689,0.04745046,-0.6329123,0.23408164,0.09899172,-0.58778,0.27443442,0.071754426,-0.6051637,0.20255671,0.1936442,-0.5121215,0.29081833,0.13714011,0.0036366116255521774,0.20385360717773438,0.005360612645745277
