frame,Ankle.R_x,Ankle.R_y,Ankle.R_z,Knee.R_x,Knee.R_y,Knee.R_z,Hip.R_x,Hip.R_y,Hip.R_z,Hip.L_x,Hip.L_y,Hip.L_z,Knee.L_x,Knee.L_y,Knee.L_z,Ankle.L_x,Ankle.L_y,Ankle.L_z,Wrist.R_x,Wrist.R_y,Wrist.R_z,Elbow.R_x,Elbow.R_y,Elbow.R_z,Shoulder.R_x,Shoulder.R_y,Shoulder.R_z,Shoulder.L_x,Shoulder.L_y,Shoulder.L_z,Elbow.L_x,Elbow.L_y,Elbow.L_z,Wrist.L_x,Wrist.L_y,Wrist.L_z,Neck_x,Neck_y,Neck_z,Head_x,Head_y,Head_z,Nose_x,Nose_y,Nose_z,Eye.L_x,Eye.L_y,Eye.L_z,Eye.R_x,Eye.R_y,Eye.R_z,Ear.L_x,Ear.L_y,Ear.L_z,Ear.R_x,Ear.R_y,Ear.R_z,hip.Center_x,hip.Center_y,hip.Center_z
0,0.42265347,0.192734,-0.64522296,0.35815465,0.15286094,-0.22521871,0.0027061875,0.095826745,0.0063506514,-0.010036694,0.33963263,0.0001990638,0.29214787,0.3234406,-0.29819307,0.43023357,0.33776608,-0.7060496,-0.68948066,-0.22130457,0.23016846,-0.4728522,-0.18643154,0.10323278,-0.44845435,0.07786812,0.052138023,-0.46040794,0.3158426,0.08448781,-0.55745316,0.52337474,0.20680836,-0.7735623,0.5289872,0.33430046,-0.48749614,0.20212859,0.07977125,-0.67587185,0.25854304,0.05653,-0.6367933,0.19757335,0.19675836,-0.6562419,0.24760085,0.16829315,-0.6668997,0.18717687,0.14455251,-0.60021615,0.3029372,0.10580212,-0.6232433,0.17728508,0.04875672,-0.0036652530543506145,0.21772968769073486,0.003274857532233
