frame,Ankle.R_x,Ankle.R_y,Ankle.R_z,Knee.R_x,Knee.R_y,Knee.R_z,Hip.R_x,Hip.R_y,Hip.R_z,Hip.L_x,Hip.L_y,Hip.L_z,Knee.L_x,Knee.L_y,Knee.L_z,Ankle.L_x,Ankle.L_y,Ankle.L_z,Wrist.R_x,Wrist.R_y,Wrist.R_z,Elbow.R_x,Elbow.R_y,Elbow.R_z,Shoulder.R_x,Shoulder.R_y,Shoulder.R_z,Shoulder.L_x,Shoulder.L_y,Shoulder.L_z,Elbow.L_x,Elbow.L_y,Elbow.L_z,Wrist.L_x,Wrist.L_y,Wrist.L_z,Neck_x,Neck_y,Neck_z,Head_x,Head_y,Head_z,Nose_x,Nose_y,Nose_z,Eye.L_x,Eye.L_y,Eye.L_z,Eye.R_x,Eye.R_y,Eye.R_z,Ear.L_x,Ear.L_y,Ear.L_z,Ear.R_x,Ear.R_y,Ear.R_z,hip.Center_x,hip.Center_y,hip.Center_z
0,0.43874738,0.20352638,-0.6629414,0.34405142,0.16889451,-0.24508852,0.011243113,0.09915479,0.016405005,-0.016528986,0.34024265,-0.007937812,0.28220838,0.3314036,-0.3073045,0.41831648,0.34601063,-0.71819574,-0.6184746,-0.17274174,0.25336537,-0.41129458,-0.17442036,0.12139205,-0.46114618,0.08322947,0.06034919,-0.4648384,0.32119685,0.069924645,-0.49076366,0.55107224,0.19107457,-0.68911684,0.5285864,0.3314454,-0.4974131,0.20882945,0.07498088,-0.68516564,0.2641731,0.049827136,-0.6410361,0.21135992,0.19234437,-0.66252416,0.2594599,0.16149074,-0.67220354,0.19749804,0.1412532,-0.60919964,0.31272817,0.09453924,-0.63085294,0.1834228,0.045739964,-0.0026429365389049053,0.2196987271308899,0.004233596380800009
