frame,Ankle.R_x,Ankle.R_y,Ankle.R_z,Knee.R_x,Knee.R_y,Knee.R_z,Hip.R_x,Hip.R_y,Hip.R_z,Hip.L_x,Hip.L_y,Hip.L_z,Knee.L_x,Knee.L_y,Knee.L_z,Ankle.L_x,Ankle.L_y,Ankle.L_z,Wrist.R_x,Wrist.R_y,Wrist.R_z,Elbow.R_x,Elbow.R_y,Elbow.R_z,Shoulder.R_x,Shoulder.R_y,Shoulder.R_z,Shoulder.L_x,Shoulder.L_y,Shoulder.L_z,Elbow.L_x,Elbow.L_y,Elbow.L_z,Wrist.L_x,Wrist.L_y,Wrist.L_z,Neck_x,Neck_y,Neck_z,Head_x,Head_y,Head_z,Nose_x,Nose_y,Nose_z,Eye.L_x,Eye.L_y,Eye.L_z,Eye.R_x,Eye.R_y,Eye.R_z,Ear.L_x,Ear.L_y,Ear.L_z,Ear.R_x,Ear.R_y,Ear.R_z,hip.Center_x,hip.Center_y,hip.Center_z
0,0.32325697,0.21706022,-0.79766554,0.12688394,0.20139182,-0.4048376,-0.021228097,0.09489864,-0.034472313,0.029978469,0.3173841,0.047790267,0.13200909,0.34563205,-0.3662518,0.32999957,0.35384873,-0.75843924,-0.60869676,-0.1015857,-0.005866518,-0.41138768,-0.115258664,-0.14779289,-0.4286225,0.10551424,0.039392777,-0.42407712,0.33591422,0.12162677,-0.485723,0.5979963,0.18907513,-0.65186137,0.5169643,0.34833294,-0.4627057,0.21035369,0.10077666,-0.5998124,0.30378556,0.17558235,-0.61368227,0.22225544,0.04217279,-0.64146274,0.23530832,0.09598636,-0.597057,0.27509624,0.06686886,-0.6096295,0.20141345,0.18830326,-0.51786005,0.2886672,0.12812579,0.004375185817480087,0.2061413675546646,0.006658976897597313
