frame,Ankle.R_x,Ankle.R_y,Ankle.R_z,Knee.R_x,Knee.R_y,Knee.R_z,Hip.R_x,Hip.R_y,Hip.R_z,Hip.L_x,Hip.L_y,Hip.L_z,Knee.L_x,Knee.L_y,Knee.L_z,Ankle.L_x,Ankle.L_y,Ankle.L_z,Wrist.R_x,Wrist.R_y,Wrist.R_z,Elbow.R_x,Elbow.R_y,Elbow.R_z,Shoulder.R_x,Shoulder.R_y,Shoulder.R_z,Shoulder.L_x,Shoulder.L_y,Shoulder.L_z,Elbow.L_x,Elbow.L_y,Elbow.L_z,Wrist.L_x,Wrist.L_y,Wrist.L_z,Neck_x,Neck_y,Neck_z,Head_x,Head_y,Head_z,Nose_x,Nose_y,Nose_z,Eye.L_x,Eye.L_y,Eye.L_z,Eye.R_x,Eye.R_y,Eye.R_z,Ear.L_x,Ear.L_y,Ear.L_z,Ear.R_x,Ear.R_y,Ear.R_z,hip.Center_x,hip.Center_y,hip.Center_z
0,0.4239275,0.1851407,-0.6673011,0.34270635,0.15580864,-0.24697454,0.011817604,0.09934437,0.018812219,-0.016701894,0.33952624,-0.010518749,0.28376073,0.32817844,-0.30802307,0.4323735,0.3371166,-0.71321666,-0.6250351,-0.18523872,0.2534771,-0.4170722,-0.18037187,0.12120964,-0.45736212,0.078727216,0.05819455,-0.46540672,0.31619287,0.06536292,-0.49867427,0.54339266,0.18869123,-0.6982715,0.52372247,0.32886988,-0.49568456,0.20415826,0.07038163,-0.6817254,0.26328048,0.040210817,-0.641275,0.2104166,0.18368432,-0.66122687,0.25866714,0.15228839,-0.67190814,0.19689733,0.1322682,-0.6058176,0.31021577,0.08612555,-0.6291332,0.18149972,0.037329867,-0.00244214478880167,0.21943530440330505,0.004146734718233347
