frame,Ankle.R_x,Ankle.R_y,Ankle.R_z,Knee.R_x,Knee.R_y,Knee.R_z,Hip.R_x,Hip.R_y,Hip.R_z,Hip.L_x,Hip.L_y,Hip.L_z,Knee.L_x,Knee.L_y,Knee.L_z,Ankle.L_x,Ankle.L_y,Ankle.L_z,Wrist.R_x,Wrist.R_y,Wrist.R_z,Elbow.R_x,Elbow.R_y,Elbow.R_z,Shoulder.R_x,Shoulder.R_y,Shoulder.R_z,Shoulder.L_x,Shoulder.L_y,Shoulder.L_z,Elbow.L_x,Elbow.L_y,Elbow.L_z,Wrist.L_x,Wrist.L_y,Wrist.L_z,Neck_x,Neck_y,Neck_z,Head_x,Head_y,Head_z,Nose_x,Nose_y,Nose_z,Eye.L_x,Eye.L_y,Eye.L_z,Eye.R_x,Eye.R_y,Eye.R_z,Ear.L_x,Ear.L_y,Ear.L_z,Ear.R_x,Ear.R_y,Ear.R_z,hip.Center_x,hip.Center_y,hip.Center_z
0,0.4338967,0.19681628,-0.67228776,0.3370257,0.16549636,-0.25229114,0.014616829,0.10286901,0.027096013,-0.01993077,0.34129885,-0.01890684,0.28821784,0.32554275,-0.30932403,0.40727508,0.33969942,-0.728227,-0.54657024,-0.1516086,0.28103316,-0.35276935,-0.15960477,0.13485251,-0.45878354,0.08283436,0.07428246,-0.46614832,0.3287542,0.06889586,-0.4383917,0.55567497,0.19999151,-0.6280371,0.49695128,0.33546373,-0.50057304,0.21232273,0.07848364,-0.6919431,0.25495106,0.04936985,-0.6407833,0.2229404,0.19625384,-0.66619354,0.26555282,0.16024491,-0.6724162,0.20102379,0.14825134,-0.61766756,0.31298918,0.085483775,-0.6328796,0.17773357,0.05378446,-0.002656970638781786,0.2220839262008667,0.004094586707651615
