frame,Ankle.R_x,Ankle.R_y,Ankle.R_z,Knee.R_x,Knee.R_y,Knee.R_z,Hip.R_x,Hip.R_y,Hip.R_z,Hip.L_x,Hip.L_y,Hip.L_z,Knee.L_x,Knee.L_y,Knee.L_z,Ankle.L_x,Ankle.L_y,Ankle.L_z,Wrist.R_x,Wrist.R_y,Wrist.R_z,Elbow.R_x,Elbow.R_y,Elbow.R_z,Shoulder.R_x,Shoulder.R_y,Shoulder.R_z,Shoulder.L_x,Shoulder.L_y,Shoulder.L_z,Elbow.L_x,Elbow.L_y,Elbow.L_z,Wrist.L_x,Wrist.L_y,Wrist.L_z,Neck_x,Neck_y,Neck_z,Head_x,Head_y,Head_z,Nose_x,Nose_y,Nose_z,Eye.L_x,Eye.L_y,Eye.L_z,Eye.R_x,Eye.R_y,Eye.R_z,Ear.L_x,Ear.L_y,Ear.L_z,Ear.R_x,Ear.R_y,Ear.R_z,hip.Center_x,hip.Center_y,hip.Center_z
0,0.40600622,0.1858291,-0.6865527,0.33171606,0.15237632,-0.26239145,0.01400931,0.10156785,0.022866046,-0.018481355,0.3415993,-0.014147917,0.272779,0.3278707,-0.32109702,0.4042545,0.33498535,-0.7347527,-0.5476347,-0.16652793,0.26237506,-0.3492774,-0.16937706,0.12217258,-0.45687762,0.0752882,0.06841683,-0.4678034,0.3207684,0.060633287,-0.44865316,0.55361104,0.18381861,-0.6303952,0.49602777,0.33267742,-0.50015277,0.20484893,0.070855886,-0.6892448,0.25261456,0.035827067,-0.64261675,0.22373287,0.18489286,-0.6653032,0.26608747,0.14671637,-0.6743416,0.20147689,0.1370213,-0.61342716,0.3084721,0.07153492,-0.6337221,0.17288314,0.044239305,-0.002236022613942623,0.22158357501029968,0.004359064623713493
