frame,Ankle.R_x,Ankle.R_y,Ankle.R_z,Knee.R_x,Knee.R_y,Knee.R_z,Hip.R_x,Hip.R_y,Hip.R_z,Hip.L_x,Hip.L_y,Hip.L_z,Knee.L_x,Knee.L_y,Knee.L_z,Ankle.L_x,Ankle.L_y,Ankle.L_z,Wrist.R_x,Wrist.R_y,Wrist.R_z,Elbow.R_x,Elbow.R_y,Elbow.R_z,Shoulder.R_x,Shoulder.R_y,Shoulder.R_z,Shoulder.L_x,Shoulder.L_y,Shoulder.L_z,Elbow.L_x,Elbow.L_y,Elbow.L_z,Wrist.L_x,Wrist.L_y,Wrist.L_z,Neck_x,Neck_y,Neck_z,Head_x,Head_y,Head_z,Nose_x,Nose_y,Nose_z,Eye.L_x,Eye.L_y,Eye.L_z,Eye.R_x,Eye.R_y,Eye.R_z,Ear.L_x,Ear.L_y,Ear.L_z,Ear.R_x,Ear.R_y,Ear.R_z,hip.Center_x,hip.Center_y,hip.Center_z
0,0.41300195,0.18389797,-0.6807016,0.33558,0.15555866,-0.25697157,0.014890352,0.10227093,0.025249332,-0.0198245,0.34116673,-0.016872404,0.27948812,0.32855824,-0.31605682,0.40759978,0.33507732,-0.7303587,-0.5477752,-0.16406646,0.27560085,-0.35307285,-0.16799425,0.13015005,-0.45774612,0.076851435,0.07416671,-0.46745598,0.32117093,0.060940225,-0.44813466,0.5572226,0.17746772,-0.63359994,0.5075548,0.32455486,-0.4998954,0.20604624,0.0748161,-0.690411,0.2522185,0.045377985,-0.63792115,0.2284399,0.19336273,-0.66220164,0.26940703,0.15473372,-0.67137045,0.20454234,0.14753108,-0.61349356,0.3093217,0.076178595,-0.6342997,0.17293693,0.05423405,-0.0024670735001564026,0.22171883285045624,0.004188464023172855
