frame,Ankle.R_x,Ankle.R_y,Ankle.R_z,Knee.R_x,Knee.R_y,Knee.R_z,Hip.R_x,Hip.R_y,Hip.R_z,Hip.L_x,Hip.L_y,Hip.L_z,Knee.L_x,Knee.L_y,Knee.L_z,Ankle.L_x,Ankle.L_y,Ankle.L_z,Wrist.R_x,Wrist.R_y,Wrist.R_z,Elbow.R_x,Elbow.R_y,Elbow.R_z,Shoulder.R_x,Shoulder.R_y,Shoulder.R_z,Shoulder.L_x,Shoulder.L_y,Shoulder.L_z,Elbow.L_x,Elbow.L_y,Elbow.L_z,Wrist.L_x,Wrist.L_y,Wrist.L_z,Neck_x,Neck_y,Neck_z,Head_x,Head_y,Head_z,Nose_x,Nose_y,Nose_z,Eye.L_x,Eye.L_y,Eye.L_z,Eye.R_x,Eye.R_y,Eye.R_z,Ear.L_x,Ear.L_y,Ear.L_z,Ear.R_x,Ear.R_y,Ear.R_z,hip.Center_x,hip.Center_y,hip.Center_z
0,0.2781087,0.22799875,-0.8053249,0.08619838,0.20365676,-0.4112609,-0.014731016,0.093523756,-0.031076249,0.027595771,0.3193809,0.046374626,0.092205495,0.34551695,-0.37276632,0.28074196,0.34806725,-0.768084,-0.49047634,-0.053952016,-0.005195858,-0.31722182,-0.085752055,-0.17483552,-0.4194087,0.11001959,0.015380799,-0.41148263,0.3439276,0.12641558,-0.40665573,0.58986366,0.25500643,-0.55774605,0.49081516,0.4114486,-0.4579559,0.21623652,0.09055504,-0.6167203,0.2811187,0.18955192,-0.61878884,0.22897683,0.042875975,-0.6466083,0.22498731,0.097945936,-0.6122519,0.27768415,0.0779883,-0.6061612,0.17997737,0.17996517,-0.53546786,0.29352403,0.14033228,0.0064323777332901955,0.20645233988761902,0.007649188861250877
