frame,Ankle.R_x,Ankle.R_y,Ankle.R_z,Knee.R_x,Knee.R_y,Knee.R_z,Hip.R_x,Hip.R_y,Hip.R_z,Hip.L_x,Hip.L_y,Hip.L_z,Knee.L_x,Knee.L_y,Knee.L_z,Ankle.L_x,Ankle.L_y,Ankle.L_z,Wrist.R_x,Wrist.R_y,Wrist.R_z,Elbow.R_x,Elbow.R_y,Elbow.R_z,Shoulder.R_x,Shoulder.R_y,Shoulder.R_z,Shoulder.L_x,Shoulder.L_y,Shoulder.L_z,Elbow.L_x,Elbow.L_y,Elbow.L_z,Wrist.L_x,Wrist.L_y,Wrist.L_z,Neck_x,Neck_y,Neck_z,Head_x,Head_y,Head_z,Nose_x,Nose_y,Nose_z,Eye.L_x,Eye.L_y,Eye.L_z,Eye.R_x,Eye.R_y,Eye.R_z,Ear.L_x,Ear.L_y,Ear.L_z,Ear.R_x,Ear.R_y,Ear.R_z,hip.Center_x,hip.Center_y,hip.Center_z
0,0.437797,0.19772081,-0.6580065,0.34494045,0.17650753,-0.23641813,0.022811461,0.115141325,0.05017906,-0.03088921,0.3367996,-0.044754643,0.29324913,0.3294184,-0.31183925,0.39622864,0.34054857,-0.7347059,-0.51919734,-0.127886,0.2873638,-0.32703468,-0.1523942,0.14428864,-0.4564903,0.086772755,0.09025316,-0.46993986,0.3388269,0.05723591,-0.42061657,0.56445915,0.18956837,-0.5976953,0.4349503,0.2866785,-0.50312656,0.21913712,0.079793446,-0.695345,0.2547834,0.042418636,-0.647114,0.2234292,0.1911399,-0.674729,0.2646976,0.15473793,-0.67515576,0.20016158,0.1410909,-0.62718844,0.31788898,0.08261123,-0.6301925,0.18252043,0.047254026,-0.004038874059915543,0.22597046196460724,0.002712208777666092
