frame,Ankle.R_x,Ankle.R_y,Ankle.R_z,Knee.R_x,Knee.R_y,Knee.R_z,Hip.R_x,Hip.R_y,Hip.R_z,Hip.L_x,Hip.L_y,Hip.L_z,Knee.L_x,Knee.L_y,Knee.L_z,Ankle.L_x,Ankle.L_y,Ankle.L_z,Wrist.R_x,Wrist.R_y,Wrist.R_z,Elbow.R_x,Elbow.R_y,Elbow.R_z,Shoulder.R_x,Shoulder.R_y,Shoulder.R_z,Shoulder.L_x,Shoulder.L_y,Shoulder.L_z,Elbow.L_x,Elbow.L_y,Elbow.L_z,Wrist.L_x,Wrist.L_y,Wrist.L_z,Neck_x,Neck_y,Neck_z,Head_x,Head_y,Head_z,Nose_x,Nose_y,Nose_z,Eye.L_x,Eye.L_y,Eye.L_z,Eye.R_x,Eye.R_y,Eye.R_z,Ear.L_x,Ear.L_y,Ear.L_z,Ear.R_x,Ear.R_y,Ear.R_z,hip.Center_x,hip.Center_y,hip.Center_z
0,0.38407886,0.19115812,-0.6872954,0.32507545,0.16383234,-0.26241452,0.024710767,0.11253875,0.046048507,-0.030110408,0.33652058,-0.038339138,0.26727685,0.3270095,-0.33237326,0.38718286,0.34137648,-0.7477556,-0.51750773,-0.12891366,0.2804139,-0.32348916,-0.16179438,0.14197572,-0.44888583,0.07573719,0.08314502,-0.46781343,0.32629985,0.06552422,-0.43230495,0.5711385,0.16707599,-0.5913335,0.47177383,0.31599525,-0.49795562,0.20768222,0.08071442,-0.68757683,0.25737312,0.041916825,-0.64382184,0.22172216,0.19061464,-0.6665168,0.26550156,0.1539508,-0.67407334,0.20135964,0.14075351,-0.61375487,0.3124149,0.08202293,-0.6308888,0.17809437,0.047445416,-0.002699820324778557,0.2245296686887741,0.00385468453168869
