frame,Ankle.R_x,Ankle.R_y,Ankle.R_z,Knee.R_x,Knee.R_y,Knee.R_z,Hip.R_x,Hip.R_y,Hip.R_z,Hip.L_x,Hip.L_y,Hip.L_z,Knee.L_x,Knee.L_y,Knee.L_z,Ankle.L_x,Ankle.L_y,Ankle.L_z,Wrist.R_x,Wrist.R_y,Wrist.R_z,Elbow.R_x,Elbow.R_y,Elbow.R_z,Shoulder.R_x,Shoulder.R_y,Shoulder.R_z,Shoulder.L_x,Shoulder.L_y,Shoulder.L_z,Elbow.L_x,Elbow.L_y,Elbow.L_z,Wrist.L_x,Wrist.L_y,Wrist.L_z,Neck_x,Neck_y,Neck_z,Head_x,Head_y,Head_z,Nose_x,Nose_y,Nose_z,Eye.L_x,Eye.L_y,Eye.L_z,Eye.R_x,Eye.R_y,Eye.R_z,Ear.L_x,Ear.L_y,Ear.L_z,Ear.R_x,Ear.R_y,Ear.R_z,hip.Center_x,hip.Center_y,hip.Center_z
0,0.27783895,0.218317,-0.7999649,0.081437305,0.19971101,-0.40961203,-0.010993728,0.09208579,-0.025891677,0.024117984,0.32184002,0.04192823,0.09775853,0.33731487,-0.37585264,0.29025167,0.34500518,-0.768188,-0.5117901,-0.032600835,-0.0013136085,-0.3459095,-0.09756932,-0.1687383,-0.41608623,0.11064151,0.020420622,-0.40476012,0.3457019,0.12974794,-0.41761497,0.59233797,0.2534695,-0.5746289,0.5151954,0.41718093,-0.45383728,0.21757875,0.09511269,-0.6193723,0.2819439,0.18857166,-0.6108029,0.23218481,0.04180576,-0.6425273,0.22734568,0.09438394,-0.60690403,0.28032428,0.077862754,-0.608069,0.1811271,0.17842,-0.53491354,0.29522625,0.14604995,0.006562127731740475,0.20696291327476501,0.00801827758550644
