frame,Ankle.R_x,Ankle.R_y,Ankle.R_z,Knee.R_x,Knee.R_y,Knee.R_z,Hip.R_x,Hip.R_y,Hip.R_z,Hip.L_x,Hip.L_y,Hip.L_z,Knee.L_x,Knee.L_y,Knee.L_z,Ankle.L_x,Ankle.L_y,Ankle.L_z,Wrist.R_x,Wrist.R_y,Wrist.R_z,Elbow.R_x,Elbow.R_y,Elbow.R_z,Shoulder.R_x,Shoulder.R_y,Shoulder.R_z,Shoulder.L_x,Shoulder.L_y,Shoulder.L_z,Elbow.L_x,Elbow.L_y,Elbow.L_z,Wrist.L_x,Wrist.L_y,Wrist.L_z,Neck_x,Neck_y,Neck_z,Head_x,Head_y,Head_z,Nose_x,Nose_y,Nose_z,Eye.L_x,Eye.L_y,Eye.L_z,Eye.R_x,Eye.R_y,Eye.R_z,Ear.L_x,Ear.L_y,Ear.L_z,Ear.R_x,Ear.R_y,Ear.R_z,hip.Center_x,hip.Center_y,hip.Center_z
0,0.40260294,0.18817393,-0.68094325,0.32692328,0.16440819,-0.25966915,0.025329387,0.112778686,0.046663556,-0.030329054,0.33512694,-0.040007077,0.27112204,0.32957217,-0.32905123,0.40962875,0.33288306,-0.73786354,-0.5434236,-0.1109109,0.28645414,-0.34988934,-0.15520833,0.14877997,-0.45521218,0.08503325,0.082805626,-0.46944973,0.32543457,0.072453216,-0.4459524,0.58081096,0.14491451,-0.6192196,0.5094931,0.29349953,-0.49896646,0.21191117,0.08697769,-0.68503344,0.26031297,0.045693677,-0.6468171,0.22255693,0.19571227,-0.66843975,0.26667973,0.15891841,-0.6748874,0.20274161,0.14423668,-0.6133889,0.3151829,0.08998912,-0.6281902,0.18135737,0.052378885,-0.0024998337030410767,0.22395281493663788,0.003328239545226097
