frame,Ankle.R_x,Ankle.R_y,Ankle.R_z,Knee.R_x,Knee.R_y,Knee.R_z,Hip.R_x,Hip.R_y,Hip.R_z,Hip.L_x,Hip.L_y,Hip.L_z,Knee.L_x,Knee.L_y,Knee.L_z,Ankle.L_x,Ankle.L_y,Ankle.L_z,Wrist.R_x,Wrist.R_y,Wrist.R_z,Elbow.R_x,Elbow.R_y,Elbow.R_z,Shoulder.R_x,Shoulder.R_y,Shoulder.R_z,Shoulder.L_x,Shoulder.L_y,Shoulder.L_z,Elbow.L_x,Elbow.L_y,Elbow.L_z,Wrist.L_x,Wrist.L_y,Wrist.L_z,Neck_x,Neck_y,Neck_z,Head_x,Head_y,Head_z,Nose_x,Nose_y,Nose_z,Eye.L_x,Eye.L_y,Eye.L_z,Eye.R_x,Eye.R_y,Eye.R_z,Ear.L_x,Ear.L_y,Ear.L_z,Ear.R_x,Ear.R_y,Ear.R_z,hip.Center_x,hip.Center_y,hip.Center_z
0,0.30772132,0.21367316,-0.7954117,0.10852071,0.19517817,-0.40599626,-0.011666407,0.09253541,-0.027235592,0.023452882,0.32150108,0.04321426,0.11201907,0.3409261,-0.37239715,0.31524464,0.3455916,-0.7595526,-0.51610875,-0.05090744,0.0019922296,-0.3440751,-0.10795353,-0.16237155,-0.42018422,0.1048402,0.019374361,-0.4157409,0.33934233,0.11976329,-0.4320673,0.5960795,0.22270001,-0.5796989,0.50048655,0.38411814,-0.45974833,0.2126362,0.0900016,-0.61650515,0.29432577,0.17292202,-0.61846185,0.22022574,0.03561346,-0.6475361,0.22599107,0.08986449,-0.6101508,0.27350307,0.063109845,-0.61095095,0.19252612,0.17897253,-0.5337852,0.29552183,0.12460806,0.0058932374231517315,0.20701824128627777,0.007989334873855114
