frame,Ankle.R_x,Ankle.R_y,Ankle.R_z,Knee.R_x,Knee.R_y,Knee.R_z,Hip.R_x,Hip.R_y,Hip.R_z,Hip.L_x,Hip.L_y,Hip.L_z,Knee.L_x,Knee.L_y,Knee.L_z,Ankle.L_x,Ankle.L_y,Ankle.L_z,Wrist.R_x,Wrist.R_y,Wrist.R_z,Elbow.R_x,Elbow.R_y,Elbow.R_z,Shoulder.R_x,Shoulder.R_y,Shoulder.R_z,Shoulder.L_x,Shoulder.L_y,Shoulder.L_z,Elbow.L_x,Elbow.L_y,Elbow.L_z,Wrist.L_x,Wrist.L_y,Wrist.L_z,Neck_x,Neck_y,Neck_z,Head_x,Head_y,Head_z,Nose_x,Nose_y,Nose_z,Eye.L_x,Eye.L_y,Eye.L_z,Eye.R_x,Eye.R_y,Eye.R_z,Ear.L_x,Ear.L_y,Ear.L_z,Ear.R_x,Ear.R_y,Ear.R_z,hip.Center_x,hip.Center_y,hip.Center_z
0,0.29088482,0.21958718,-0.7981219,0.09263545,0.1973921,-0.40812242,-0.011173759,0.09219985,-0.025691165,0.023015736,0.32212624,0.041424938,0.09851306,0.33877206,-0.3762629,0.2952161,0.3443797,-0.76709807,-0.56267804,-0.04224068,0.0009198984,-0.39990413,-0.09984273,-0.17259641,-0.41752908,0.10417,0.02984323,-0.4110124,0.33743432,0.12464344,-0.47962746,0.5818403,0.22698054,-0.6256161,0.5199996,0.41185558,-0.45298666,0.20781942,0.09746349,-0.614877,0.2639913,0.19593328,-0.6059295,0.22605596,0.04601911,-0.6381675,0.21750362,0.09764068,-0.6013785,0.27097118,0.08583474,-0.605214,0.16384365,0.1784174,-0.5294626,0.27856067,0.15565586,0.005920988507568836,0.2071630358695984,0.00786688644438982
