frame,Ankle.R_x,Ankle.R_y,Ankle.R_z,Knee.R_x,Knee.R_y,Knee.R_z,Hip.R_x,Hip.R_y,Hip.R_z,Hip.L_x,Hip.L_y,Hip.L_z,Knee.L_x,Knee.L_y,Knee.L_z,Ankle.L_x,Ankle.L_y,Ankle.L_z,Wrist.R_x,Wrist.R_y,Wrist.R_z,Elbow.R_x,Elbow.R_y,Elbow.R_z,Shoulder.R_x,Shoulder.R_y,Shoulder.R_z,Shoulder.L_x,Shoulder.L_y,Shoulder.L_z,Elbow.L_x,Elbow.L_y,Elbow.L_z,Wrist.L_x,Wrist.L_y,Wrist.L_z,Neck_x,Neck_y,Neck_z,Head_x,Head_y,Head_z,Nose_x,Nose_y,Nose_z,Eye.L_x,Eye.L_y,Eye.L_z,Eye.R_x,Eye.R_y,Eye.R_z,Ear.L_x,Ear.L_y,Ear.L_z,Ear.R_x,Ear.R_y,Ear.R_z,hip.Center_x,hip.Center_y,hip.Center_z
0,0.3153555,0.21301425,-0.7940015,0.11603298,0.19574082,-0.40361643,-0.015056126,0.09278198,-0.027799295,0.02474751,0.32110944,0.043530244,0.11795926,0.3376553,-0.37121683,0.3139754,0.3402793,-0.76317537,-0.5646327,-0.05405976,0.0028373366,-0.3941773,-0.11839628,-0.15883711,-0.41889727,0.10022734,0.02738721,-0.41650522,0.33773416,0.115155935,-0.47990912,0.59189224,0.20122609,-0.63583183,0.5139642,0.37090382,-0.4573628,0.20925573,0.09144232,-0.60881597,0.2911765,0.17856395,-0.617187,0.21858433,0.041008703,-0.6444138,0.22435756,0.09605824,-0.6066778,0.27128312,0.06859381,-0.605551,0.18890193,0.18424764,-0.52738655,0.29045427,0.1280975,0.004845691844820976,0.20694571733474731,0.007865474559366703
