frame,Ankle.R_x,Ankle.R_y,Ankle.R_z,Knee.R_x,Knee.R_y,Knee.R_z,Hip.R_x,Hip.R_y,Hip.R_z,Hip.L_x,Hip.L_y,Hip.L_z,Knee.L_x,Knee.L_y,Knee.L_z,Ankle.L_x,Ankle.L_y,Ankle.L_z,Wrist.R_x,Wrist.R_y,Wrist.R_z,Elbow.R_x,Elbow.R_y,Elbow.R_z,Shoulder.R_x,Shoulder.R_y,Shoulder.R_z,Shoulder.L_x,Shoulder.L_y,Shoulder.L_z,Elbow.L_x,Elbow.L_y,Elbow.L_z,Wrist.L_x,Wrist.L_y,Wrist.L_z,Neck_x,Neck_y,Neck_z,Head_x,Head_y,Head_z,Nose_x,Nose_y,Nose_z,Eye.L_x,Eye.L_y,Eye.L_z,Eye.R_x,Eye.R_y,Eye.R_z,Ear.L_x,Ear.L_y,Ear.L_z,Ear.R_x,Ear.R_y,Ear.R_z,hip.Center_x,hip.Center_y,hip.Center_z
0,0.42624813,0.18852192,-0.6703725,0.3285247,0.15748428,-0.25462627,0.019823655,0.10783398,0.040775295,-0.025582623,0.33581805,-0.03339533,0.27385578,0.33192265,-0.3229335,0.41824362,0.3396162,-0.72851634,-0.6056892,-0.10743016,0.28458664,-0.40901235,-0.15951207,0.15021951,-0.45750993,0.09354203,0.07478314,-0.4666096,0.3284628,0.0706324,-0.49432185,0.5687959,0.17061198,-0.6761139,0.53681475,0.32728028,-0.49567884,0.21777013,0.082751445,-0.6819986,0.26878762,0.04991308,-0.6419157,0.21674185,0.19427823,-0.66447973,0.26392537,0.16297892,-0.6697241,0.20187567,0.14158529,-0.611079,0.32085022,0.099025324,-0.62335646,0.19123285,0.047852606,-0.002879483625292778,0.22182601690292358,0.003689981997013092
