frame,Ankle.R_x,Ankle.R_y,Ankle.R_z,Knee.R_x,Knee.R_y,Knee.R_z,Hip.R_x,Hip.R_y,Hip.R_z,Hip.L_x,Hip.L_y,Hip.L_z,Knee.L_x,Knee.L_y,Knee.L_z,Ankle.L_x,Ankle.L_y,Ankle.L_z,Wrist.R_x,Wrist.R_y,Wrist.R_z,Elbow.R_x,Elbow.R_y,Elbow.R_z,Shoulder.R_x,Shoulder.R_y,Shoulder.R_z,Shoulder.L_x,Shoulder.L_y,Shoulder.L_z,Elbow.L_x,Elbow.L_y,Elbow.L_z,Wrist.L_x,Wrist.L_y,Wrist.L_z,Neck_x,Neck_y,Neck_z,Head_x,Head_y,Head_z,Nose_x,Nose_y,Nose_z,Eye.L_x,Eye.L_y,Eye.L_z,Eye.R_x,Eye.R_y,Eye.R_z,Ear.L_x,Ear.L_y,Ear.L_z,Ear.R_x,Ear.R_y,Ear.R_z,hip.Center_x,hip.Center_y,hip.Center_z
0,0.42265728,0.18782884,-0.6687116,0.33080178,0.16143344,-0.251841,0.020686217,0.10828537,0.041376162,-0.026417721,0.33541086,-0.033968225,0.27915135,0.3320301,-0.31761825,0.41905084,0.3382865,-0.7244158,-0.60220027,-0.118506074,0.28386778,-0.4018369,-0.16131914,0.15278356,-0.45593455,0.09045693,0.07843632,-0.46677363,0.32487518,0.07073978,-0.49308372,0.56759864,0.16410874,-0.68078035,0.55258363,0.3159606,-0.49505302,0.21428457,0.085239485,-0.6828504,0.26251614,0.055573676,-0.6383726,0.21716994,0.20091775,-0.6619657,0.2628143,0.16821577,-0.6677642,0.19988275,0.14988647,-0.6106875,0.3166132,0.1000908,-0.6242139,0.18492165,0.05530949,-0.0028657522052526474,0.22184811532497406,0.0037039685994386673
