frame,Ankle.R_x,Ankle.R_y,Ankle.R_z,Knee.R_x,Knee.R_y,Knee.R_z,Hip.R_x,Hip.R_y,Hip.R_z,Hip.L_x,Hip.L_y,Hip.L_z,Knee.L_x,Knee.L_y,Knee.L_z,Ankle.L_x,Ankle.L_y,Ankle.L_z,Wrist.R_x,Wrist.R_y,Wrist.R_z,Elbow.R_x,Elbow.R_y,Elbow.R_z,Shoulder.R_x,Shoulder.R_y,Shoulder.R_z,Shoulder.L_x,Shoulder.L_y,Shoulder.L_z,Elbow.L_x,Elbow.L_y,Elbow.L_z,Wrist.L_x,Wrist.L_y,Wrist.L_z,Neck_x,Neck_y,Neck_z,Head_x,Head_y,Head_z,Nose_x,Nose_y,Nose_z,Eye.L_x,Eye.L_y,Eye.L_z,Eye.R_x,Eye.R_y,Eye.R_z,Ear.L_x,Ear.L_y,Ear.L_z,Ear.R_x,Ear.R_y,Ear.R_z,hip.Center_x,hip.Center_y,hip.Center_z
0,0.4380497,0.18261527,-0.65413505,0.34859908,0.15307796,-0.23659606,0.008503609,0.09795301,0.016777704,-0.015008887,0.33899456,-0.009350136,0.28442127,0.33028027,-0.30590543,0.4421119,0.3363217,-0.7067134,-0.66605395,-0.14172442,0.26709154,-0.4546769,-0.16789615,0.14093935,-0.457507,0.0921461,0.073385246,-0.46320632,0.32272485,0.08058191,-0.5491924,0.5516493,0.17026803,-0.7614823,0.5784713,0.295923,-0.491302,0.21410237,0.08922135,-0.68019557,0.25891212,0.06600406,-0.6339305,0.2166251,0.21108654,-0.6574226,0.26185822,0.17782879,-0.6642878,0.19854574,0.1611239,-0.60665154,0.31368956,0.107721224,-0.6223312,0.18101256,0.06627131,-0.0032526389695703983,0.21847379207611084,0.00371378380805254
