frame,Ankle.R_x,Ankle.R_y,Ankle.R_z,Knee.R_x,Knee.R_y,Knee.R_z,Hip.R_x,Hip.R_y,Hip.R_z,Hip.L_x,Hip.L_y,Hip.L_z,Knee.L_x,Knee.L_y,Knee.L_z,Ankle.L_x,Ankle.L_y,Ankle.L_z,Wrist.R_x,Wrist.R_y,Wrist.R_z,Elbow.R_x,Elbow.R_y,Elbow.R_z,Shoulder.R_x,Shoulder.R_y,Shoulder.R_z,Shoulder.L_x,Shoulder.L_y,Shoulder.L_z,Elbow.L_x,Elbow.L_y,Elbow.L_z,Wrist.L_x,Wrist.L_y,Wrist.L_z,Neck_x,Neck_y,Neck_z,Head_x,Head_y,Head_z,Nose_x,Nose_y,Nose_z,Eye.L_x,Eye.L_y,Eye.L_z,Eye.R_x,Eye.R_y,Eye.R_z,Ear.L_x,Ear.L_y,Ear.L_z,Ear.R_x,Ear.R_y,Ear.R_z,hip.Center_x,hip.Center_y,hip.Center_z
0,0.4266538,0.17869538,-0.6374112,0.36281234,0.15630537,-0.21661149,0.008625188,0.09800042,0.017606346,-0.015143965,0.33937144,-0.011597804,0.28856987,0.31832278,-0.30428973,0.4413353,0.32276118,-0.70528275,-0.64281225,-0.16332719,0.28463018,-0.43808147,-0.17875947,0.14570045,-0.45249495,0.08197895,0.07610144,-0.46432048,0.31752264,0.081713974,-0.5474263,0.54345655,0.1807329,-0.75917983,0.5601876,0.30971202,-0.49017197,0.20572251,0.091382295,-0.68255854,0.25039634,0.07875848,-0.62556785,0.20869239,0.21985294,-0.6512977,0.25374034,0.18828434,-0.6597705,0.19047175,0.17265502,-0.6061101,0.30475813,0.11437903,-0.6251022,0.17221351,0.07472071,-0.003259388729929924,0.21868592500686646,0.0030042710714042187
