frame,Ankle.R_x,Ankle.R_y,Ankle.R_z,Knee.R_x,Knee.R_y,Knee.R_z,Hip.R_x,Hip.R_y,Hip.R_z,Hip.L_x,Hip.L_y,Hip.L_z,Knee.L_x,Knee.L_y,Knee.L_z,Ankle.L_x,Ankle.L_y,Ankle.L_z,Wrist.R_x,Wrist.R_y,Wrist.R_z,Elbow.R_x,Elbow.R_y,Elbow.R_z,Shoulder.R_x,Shoulder.R_y,Shoulder.R_z,Shoulder.L_x,Shoulder.L_y,Shoulder.L_z,Elbow.L_x,Elbow.L_y,Elbow.L_z,Wrist.L_x,Wrist.L_y,Wrist.L_z,Neck_x,Neck_y,Neck_z,Head_x,Head_y,Head_z,Nose_x,Nose_y,Nose_z,Eye.L_x,Eye.L_y,Eye.L_z,Eye.R_x,Eye.R_y,Eye.R_z,Ear.L_x,Ear.L_y,Ear.L_z,Ear.R_x,Ear.R_y,Ear.R_z,hip.Center_x,hip.Center_y,hip.Center_z
0,0.42619753,0.1990465,-0.66678786,0.3423934,0.16078134,-0.24802268,0.010385789,0.09732832,0.014419305,-0.01546354,0.33849025,-0.006312917,0.2728096,0.3332298,-0.3144819,0.4266334,0.34544933,-0.71738106,-0.6593482,-0.15278064,0.2631435,-0.4497213,-0.17749673,0.13369934,-0.4547042,0.08536549,0.075208895,-0.4627385,0.3154253,0.08854409,-0.55193853,0.54245293,0.18155912,-0.76129496,0.55938566,0.31388316,-0.48953056,0.20637591,0.09496872,-0.67960846,0.25093594,0.07742252,-0.6301762,0.19956374,0.21836695,-0.65491533,0.24662656,0.18868187,-0.66112876,0.1844926,0.16775326,-0.606177,0.3039728,0.12148602,-0.62060916,0.17423037,0.0713674,-0.002538875676691532,0.21790927648544312,0.00405319407582283
