frame,Ankle.R_x,Ankle.R_y,Ankle.R_z,Knee.R_x,Knee.R_y,Knee.R_z,Hip.R_x,Hip.R_y,Hip.R_z,Hip.L_x,Hip.L_y,Hip.L_z,Knee.L_x,Knee.L_y,Knee.L_z,Ankle.L_x,Ankle.L_y,Ankle.L_z,Wrist.R_x,Wrist.R_y,Wrist.R_z,Elbow.R_x,Elbow.R_y,Elbow.R_z,Shoulder.R_x,Shoulder.R_y,Shoulder.R_z,Shoulder.L_x,Shoulder.L_y,Shoulder.L_z,Elbow.L_x,Elbow.L_y,Elbow.L_z,Wrist.L_x,Wrist.L_y,Wrist.L_z,Neck_x,Neck_y,Neck_z,Head_x,Head_y,Head_z,Nose_x,Nose_y,Nose_z,Eye.L_x,Eye.L_y,Eye.L_z,Eye.R_x,Eye.R_y,Eye.R_z,Ear.L_x,Ear.L_y,Ear.L_z,Ear.R_x,Ear.R_y,Ear.R_z,hip.Center_x,hip.Center_y,hip.Center_z
0,0.30351618,0.21016595,-0.79584605,0.099948294,0.1970095,-0.4067102,-0.018949568,0.09337209,-0.027435297,0.029555384,0.3198248,0.04200354,0.10659103,0.3353768,-0.3752637,0.28894642,0.33623883,-0.77599686,-0.6305011,-0.06227088,0.0152704995,-0.44656247,-0.10128347,-0.14614427,-0.41909632,0.117124796,0.037913628,-0.41519618,0.3447047,0.1256761,-0.5466632,0.57537377,0.18119505,-0.7114448,0.5341273,0.3605953,-0.45143014,0.21603727,0.10276114,-0.62029326,0.24898878,0.20097971,-0.6002834,0.22340374,0.04982914,-0.6337351,0.20758168,0.09859558,-0.6021503,0.2653549,0.09292798,-0.599085,0.15150262,0.17759168,-0.5343865,0.2748893,0.16748421,0.005302907899022102,0.2065984606742859,0.007284120656549931
