frame,Ankle.R_x,Ankle.R_y,Ankle.R_z,Knee.R_x,Knee.R_y,Knee.R_z,Hip.R_x,Hip.R_y,Hip.R_z,Hip.L_x,Hip.L_y,Hip.L_z,Knee.L_x,Knee.L_y,Knee.L_z,Ankle.L_x,Ankle.L_y,Ankle.L_z,Wrist.R_x,Wrist.R_y,Wrist.R_z,Elbow.R_x,Elbow.R_y,Elbow.R_z,Shoulder.R_x,Shoulder.R_y,Shoulder.R_z,Shoulder.L_x,Shoulder.L_y,Shoulder.L_z,Elbow.L_x,Elbow.L_y,Elbow.L_z,Wrist.L_x,Wrist.L_y,Wrist.L_z,Neck_x,Neck_y,Neck_z,Head_x,Head_y,Head_z,Nose_x,Nose_y,Nose_z,Eye.L_x,Eye.L_y,Eye.L_z,Eye.R_x,Eye.R_y,Eye.R_z,Ear.L_x,Ear.L_y,Ear.L_z,Ear.R_x,Ear.R_y,Ear.R_z,hip.Center_x,hip.Center_y,hip.Center_z
0,0.449921,0.17874067,-0.6243229,0.36645433,0.14915162,-0.20746796,0.0037425691,0.09686574,0.015161278,-0.011963129,0.3394745,-0.010583692,0.29141098,0.31991547,-0.30451024,0.43311223,0.32813987,-0.70887166,-0.72854453,-0.18566234,0.2525899,-0.5094363,-0.16584109,0.12297607,-0.44975558,0.09256456,0.07531483,-0.46015504,0.32428747,0.094285585,-0.6016737,0.52352947,0.1753991,-0.8328837,0.58943784,0.26038077,-0.48466152,0.2139251,0.1002441,-0.67668307,0.25270563,0.08753764,-0.62329024,0.21062836,0.23005131,-0.6490012,0.25548932,0.19840391,-0.65521073,0.19228373,0.18146084,-0.6028303,0.30913895,0.12685408,-0.616792,0.17682928,0.08390594,-0.004110279958695173,0.21817012131214142,0.002288792748004198
