frame,Ankle.R_x,Ankle.R_y,Ankle.R_z,Knee.R_x,Knee.R_y,Knee.R_z,Hip.R_x,Hip.R_y,Hip.R_z,Hip.L_x,Hip.L_y,Hip.L_z,Knee.L_x,Knee.L_y,Knee.L_z,Ankle.L_x,Ankle.L_y,Ankle.L_z,Wrist.R_x,Wrist.R_y,Wrist.R_z,Elbow.R_x,Elbow.R_y,Elbow.R_z,Shoulder.R_x,Shoulder.R_y,Shoulder.R_z,Shoulder.L_x,Shoulder.L_y,Shoulder.L_z,Elbow.L_x,Elbow.L_y,Elbow.L_z,Wrist.L_x,Wrist.L_y,Wrist.L_z,Neck_x,Neck_y,Neck_z,Head_x,Head_y,Head_z,Nose_x,Nose_y,Nose_z,Eye.L_x,Eye.L_y,Eye.L_z,Eye.R_x,Eye.R_y,Eye.R_z,Ear.L_x,Ear.L_y,Ear.L_z,Ear.R_x,Ear.R_y,Ear.R_z,hip.Center_x,hip.Center_y,hip.Center_z
0,0.43837675,0.17413114,-0.6186351,0.37034893,0.162147,-0.20039368,0.0078092404,0.09787264,0.01998758,-0.016656496,0.33826032,-0.015651833,0.30315217,0.32162243,-0.29074365,0.4529954,0.32220683,-0.68980783,-0.72052044,-0.18805866,0.260949,-0.5025631,-0.17236155,0.13076945,-0.4474058,0.084376946,0.07417164,-0.46097946,0.31657866,0.093029454,-0.5983534,0.51566297,0.18102443,-0.82765174,0.577169,0.27152735,-0.48364902,0.20574132,0.09841088,-0.675878,0.24980481,0.09238426,-0.617164,0.20846751,0.23264809,-0.6424548,0.2535838,0.20134933,-0.6523533,0.19042954,0.1863702,-0.5980438,0.30321026,0.12620345,-0.6197812,0.17094806,0.08740709,-0.004423627629876137,0.2180664837360382,0.0021678730845451355
