frame,Ankle.R_x,Ankle.R_y,Ankle.R_z,Knee.R_x,Knee.R_y,Knee.R_z,Hip.R_x,Hip.R_y,Hip.R_z,Hip.L_x,Hip.L_y,Hip.L_z,Knee.L_x,Knee.L_y,Knee.L_z,Ankle.L_x,Ankle.L_y,Ankle.L_z,Wrist.R_x,Wrist.R_y,Wrist.R_z,Elbow.R_x,Elbow.R_y,Elbow.R_z,Shoulder.R_x,Shoulder.R_y,Shoulder.R_z,Shoulder.L_x,Shoulder.L_y,Shoulder.L_z,Elbow.L_x,Elbow.L_y,Elbow.L_z,Wrist.L_x,Wrist.L_y,Wrist.L_z,Neck_x,Neck_y,Neck_z,Head_x,Head_y,Head_z,Nose_x,Nose_y,Nose_z,Eye.L_x,Eye.L_y,Eye.L_z,Eye.R_x,Eye.R_y,Eye.R_z,Ear.L_x,Ear.L_y,Ear.L_z,Ear.R_x,Ear.R_y,Ear.R_z,hip.Center_x,hip.Center_y,hip.Center_z
0,0.3205043,0.20025119,-0.7977996,0.12511429,0.18838446,-0.4036169,-0.03252752,0.09598132,-0.03307751,0.03858882,0.3141913,0.044971533,0.14993316,0.3308375,-0.3671448,0.3151467,0.33237207,-0.7778101,-0.6971867,-0.10653722,0.046152614,-0.49706006,-0.097979605,-0.10699154,-0.41973168,0.12453003,0.048240196,-0.41690513,0.3480834,0.122794986,-0.5819131,0.5552921,0.15390322,-0.7831974,0.5606516,0.30776057,-0.45112258,0.22413382,0.10498035,-0.6164969,0.28073996,0.18387389,-0.59512526,0.22549205,0.04071331,-0.6310117,0.22147074,0.089881465,-0.59419197,0.27464378,0.07531269,-0.60318315,0.17845213,0.17980143,-0.5277119,0.29256988,0.15010837,0.0030306484550237656,0.20508632063865662,0.0059470124542713165
