frame,Ankle.R_x,Ankle.R_y,Ankle.R_z,Knee.R_x,Knee.R_y,Knee.R_z,Hip.R_x,Hip.R_y,Hip.R_z,Hip.L_x,Hip.L_y,Hip.L_z,Knee.L_x,Knee.L_y,Knee.L_z,Ankle.L_x,Ankle.L_y,Ankle.L_z,Wrist.R_x,Wrist.R_y,Wrist.R_z,Elbow.R_x,Elbow.R_y,Elbow.R_z,Shoulder.R_x,Shoulder.R_y,Shoulder.R_z,Shoulder.L_x,Shoulder.L_y,Shoulder.L_z,Elbow.L_x,Elbow.L_y,Elbow.L_z,Wrist.L_x,Wrist.L_y,Wrist.L_z,Neck_x,Neck_y,Neck_z,Head_x,Head_y,Head_z,Nose_x,Nose_y,Nose_z,Eye.L_x,Eye.L_y,Eye.L_z,Eye.R_x,Eye.R_y,Eye.R_z,Ear.L_x,Ear.L_y,Ear.L_z,Ear.R_x,Ear.R_y,Ear.R_z,hip.Center_x,hip.Center_y,hip.Center_z
0,0.34161603,0.19479926,-0.78837806,0.13461116,0.18592942,-0.40103707,-0.034298982,0.09633618,-0.0340738,0.03856151,0.31449586,0.04444266,0.16133998,0.32763365,-0.36497357,0.3276268,0.33056805,-0.77547216,-0.7273582,-0.1244636,0.034155827,-0.51001734,-0.09433595,-0.09537888,-0.42184573,0.12989387,0.04900364,-0.4195602,0.34888235,0.12453322,-0.6055454,0.5323405,0.15239069,-0.8242508,0.56184363,0.28307873,-0.45228618,0.22780637,0.10577684,-0.61876446,0.28261545,0.1828849,-0.59253573,0.23038088,0.039750513,-0.6298491,0.22511241,0.08750859,-0.5927638,0.27870375,0.07536526,-0.6048491,0.18030408,0.17744207,-0.52892065,0.29524776,0.15279542,0.0021312646567821503,0.2054160237312317,0.005184430629014969
