frame,Ankle.R_x,Ankle.R_y,Ankle.R_z,Knee.R_x,Knee.R_y,Knee.R_z,Hip.R_x,Hip.R_y,Hip.R_z,Hip.L_x,Hip.L_y,Hip.L_z,Knee.L_x,Knee.L_y,Knee.L_z,Ankle.L_x,Ankle.L_y,Ankle.L_z,Wrist.R_x,Wrist.R_y,Wrist.R_z,Elbow.R_x,Elbow.R_y,Elbow.R_z,Shoulder.R_x,Shoulder.R_y,Shoulder.R_z,Shoulder.L_x,Shoulder.L_y,Shoulder.L_z,Elbow.L_x,Elbow.L_y,Elbow.L_z,Wrist.L_x,Wrist.L_y,Wrist.L_z,Neck_x,Neck_y,Neck_z,Head_x,Head_y,Head_z,Nose_x,Nose_y,Nose_z,Eye.L_x,Eye.L_y,Eye.L_z,Eye.R_x,Eye.R_y,Eye.R_z,Ear.L_x,Ear.L_y,Ear.L_z,Ear.R_x,Ear.R_y,Ear.R_z,hip.Center_x,hip.Center_y,hip.Center_z
0,0.45350078,0.16634686,-0.62698174,0.36236915,0.1495055,-0.2115895,0.006197923,0.0985821,0.021711405,-0.014066721,0.33838868,-0.016507434,0.28946677,0.3187216,-0.30742466,0.44413564,0.32510045,-0.7047917,-0.73739135,-0.18308066,0.24829733,-0.51517147,-0.15966621,0.12446033,-0.45074248,0.09347316,0.068275206,-0.4643755,0.31994358,0.089138806,-0.6111405,0.5149538,0.17042206,-0.8485361,0.56850195,0.24376519,-0.4861894,0.21180232,0.094243295,-0.67806613,0.25047025,0.086162046,-0.6212038,0.2055283,0.22641821,-0.6477197,0.25092134,0.19635908,-0.6540696,0.1881355,0.17817608,-0.6037024,0.3062838,0.12489607,-0.6178733,0.17490989,0.0795549,-0.003934399224817753,0.21848538517951965,0.0026019858196377754
