frame,Ankle.R_x,Ankle.R_y,Ankle.R_z,Knee.R_x,Knee.R_y,Knee.R_z,Hip.R_x,Hip.R_y,Hip.R_z,Hip.L_x,Hip.L_y,Hip.L_z,Knee.L_x,Knee.L_y,Knee.L_z,Ankle.L_x,Ankle.L_y,Ankle.L_z,Wrist.R_x,Wrist.R_y,Wrist.R_z,Elbow.R_x,Elbow.R_y,Elbow.R_z,Shoulder.R_x,Shoulder.R_y,Shoulder.R_z,Shoulder.L_x,Shoulder.L_y,Shoulder.L_z,Elbow.L_x,Elbow.L_y,Elbow.L_z,Wrist.L_x,Wrist.L_y,Wrist.L_z,Neck_x,Neck_y,Neck_z,Head_x,Head_y,Head_z,Nose_x,Nose_y,Nose_z,Eye.L_x,Eye.L_y,Eye.L_z,Eye.R_x,Eye.R_y,Eye.R_z,Ear.L_x,Ear.L_y,Ear.L_z,Ear.R_x,Ear.R_y,Ear.R_z,hip.Center_x,hip.Center_y,hip.Center_z
0,0.46314526,0.1648659,-0.6184245,0.36518377,0.14754784,-0.20469369,0.004736211,0.098323934,0.022295237,-0.013660485,0.3379024,-0.017073939,0.2979643,0.3197747,-0.29898667,0.46223006,0.32615492,-0.69268036,-0.728424,-0.1861287,0.2511482,-0.50942373,-0.15649286,0.123147085,-0.45170137,0.097876795,0.064916216,-0.46354333,0.325484,0.08345679,-0.60757935,0.52148986,0.16611224,-0.8435691,0.5797428,0.24054177,-0.48679525,0.21752948,0.08836211,-0.6771855,0.25574872,0.07122285,-0.6266281,0.21743444,0.21583296,-0.6516591,0.26140386,0.18252935,-0.6575134,0.19783475,0.16716358,-0.6042556,0.31306213,0.11051068,-0.61727524,0.1798462,0.070967905,-0.004462136887013912,0.21811316907405853,0.0026106489822268486
