frame,Ankle.R_x,Ankle.R_y,Ankle.R_z,Knee.R_x,Knee.R_y,Knee.R_z,Hip.R_x,Hip.R_y,Hip.R_z,Hip.L_x,Hip.L_y,Hip.L_z,Knee.L_x,Knee.L_y,Knee.L_z,Ankle.L_x,Ankle.L_y,Ankle.L_z,Wrist.R_x,Wrist.R_y,Wrist.R_z,Elbow.R_x,Elbow.R_y,Elbow.R_z,Shoulder.R_x,Shoulder.R_y,Shoulder.R_z,Shoulder.L_x,Shoulder.L_y,Shoulder.L_z,Elbow.L_x,Elbow.L_y,Elbow.L_z,Wrist.L_x,Wrist.L_y,Wrist.L_z,Neck_x,Neck_y,Neck_z,Head_x,Head_y,Head_z,Nose_x,Nose_y,Nose_z,Eye.L_x,Eye.L_y,Eye.L_z,Eye.R_x,Eye.R_y,Eye.R_z,Ear.L_x,Ear.L_y,Ear.L_z,Ear.R_x,Ear.R_y,Ear.R_z,hip.Center_x,hip.Center_y,hip.Center_z
0,0.30783984,0.20066547,-0.7899478,0.09561003,0.19781393,-0.40662116,-0.022137605,0.09313309,-0.025314212,0.03294353,0.32005978,0.037973974,0.10601509,0.3256772,-0.38024044,0.26900527,0.32368213,-0.79065084,-0.69386536,-0.08539168,0.028263936,-0.49407613,-0.084471956,-0.12401112,-0.42159876,0.12685658,0.049676187,-0.41417226,0.34856707,0.12375979,-0.58800894,0.54595613,0.1586831,-0.796316,0.5467459,0.3021771,-0.44816676,0.22301796,0.10805603,-0.6120775,0.25129625,0.21185225,-0.5962314,0.2300214,0.059890382,-0.6279285,0.21236496,0.10876384,-0.59689575,0.27061504,0.104027405,-0.5906633,0.15462093,0.18565905,-0.5264815,0.27843845,0.17712174,0.0054029617458581924,0.20659643411636353,0.006329881027340889
