frame,Ankle.R_x,Ankle.R_y,Ankle.R_z,Knee.R_x,Knee.R_y,Knee.R_z,Hip.R_x,Hip.R_y,Hip.R_z,Hip.L_x,Hip.L_y,Hip.L_z,Knee.L_x,Knee.L_y,Knee.L_z,Ankle.L_x,Ankle.L_y,Ankle.L_z,Wrist.R_x,Wrist.R_y,Wrist.R_z,Elbow.R_x,Elbow.R_y,Elbow.R_z,Shoulder.R_x,Shoulder.R_y,Shoulder.R_z,Shoulder.L_x,Shoulder.L_y,Shoulder.L_z,Elbow.L_x,Elbow.L_y,Elbow.L_z,Wrist.L_x,Wrist.L_y,Wrist.L_z,Neck_x,Neck_y,Neck_z,Head_x,Head_y,Head_z,Nose_x,Nose_y,Nose_z,Eye.L_x,Eye.L_y,Eye.L_z,Eye.R_x,Eye.R_y,Eye.R_z,Ear.L_x,Ear.L_y,Ear.L_z,Ear.R_x,Ear.R_y,Ear.R_z,hip.Center_x,hip.Center_y,hip.Center_z
0,0.46264958,0.16700499,-0.61544555,0.36590838,0.15342903,-0.20224957,0.004477949,0.09822977,0.021263134,-0.012096183,0.3386608,-0.016746001,0.30092,0.30767116,-0.2968961,0.46091726,0.31102479,-0.6910701,-0.7310241,-0.1687502,0.27323136,-0.51491123,-0.15027577,0.13948132,-0.45346773,0.099852726,0.07091452,-0.4623622,0.32710788,0.09101509,-0.5959042,0.5253174,0.18529518,-0.8303122,0.57682896,0.26590797,-0.48607326,0.21948211,0.095657274,-0.6760385,0.26803672,0.091958866,-0.61682254,0.22415441,0.23146716,-0.64140034,0.27008647,0.20075795,-0.65264225,0.20730105,0.1853017,-0.596877,0.31967357,0.12560855,-0.6213267,0.18807927,0.08594241,-0.0038091172464191914,0.218445286154747,0.0022585662081837654
