frame,Ankle.R_x,Ankle.R_y,Ankle.R_z,Knee.R_x,Knee.R_y,Knee.R_z,Hip.R_x,Hip.R_y,Hip.R_z,Hip.L_x,Hip.L_y,Hip.L_z,Knee.L_x,Knee.L_y,Knee.L_z,Ankle.L_x,Ankle.L_y,Ankle.L_z,Wrist.R_x,Wrist.R_y,Wrist.R_z,Elbow.R_x,Elbow.R_y,Elbow.R_z,Shoulder.R_x,Shoulder.R_y,Shoulder.R_z,Shoulder.L_x,Shoulder.L_y,Shoulder.L_z,Elbow.L_x,Elbow.L_y,Elbow.L_z,Wrist.L_x,Wrist.L_y,Wrist.L_z,Neck_x,Neck_y,Neck_z,Head_x,Head_y,Head_z,Nose_x,Nose_y,Nose_z,Eye.L_x,Eye.L_y,Eye.L_z,Eye.R_x,Eye.R_y,Eye.R_z,Ear.L_x,Ear.L_y,Ear.L_z,Ear.R_x,Ear.R_y,Ear.R_z,hip.Center_x,hip.Center_y,hip.Center_z
0,0.32297254,0.19305944,-0.7923872,0.12266303,0.18909661,-0.40250883,-0.019547278,0.092734024,-0.027202394,0.029053101,0.31966493,0.040775783,0.13015585,0.3286209,-0.372621,0.31370926,0.32819438,-0.7720937,-0.6416715,-0.060312,0.012441769,-0.4564502,-0.09631159,-0.14491224,-0.42793584,0.119841,0.04108848,-0.41874772,0.34464467,0.11473324,-0.54467744,0.57896566,0.16832279,-0.7380626,0.5303857,0.3150043,-0.45636356,0.22149765,0.09954335,-0.59991646,0.29934457,0.19045301,-0.60570776,0.23883595,0.047112428,-0.63526154,0.24182412,0.10082595,-0.59296536,0.28803396,0.07955843,-0.6033608,0.19654563,0.18784738,-0.5158249,0.29661852,0.14453186,0.004752911627292633,0.20619946718215942,0.006786694750189781
