frame,Ankle.R_x,Ankle.R_y,Ankle.R_z,Knee.R_x,Knee.R_y,Knee.R_z,Hip.R_x,Hip.R_y,Hip.R_z,Hip.L_x,Hip.L_y,Hip.L_z,Knee.L_x,Knee.L_y,Knee.L_z,Ankle.L_x,Ankle.L_y,Ankle.L_z,Wrist.R_x,Wrist.R_y,Wrist.R_z,Elbow.R_x,Elbow.R_y,Elbow.R_z,Shoulder.R_x,Shoulder.R_y,Shoulder.R_z,Shoulder.L_x,Shoulder.L_y,Shoulder.L_z,Elbow.L_x,Elbow.L_y,Elbow.L_z,Wrist.L_x,Wrist.L_y,Wrist.L_z,Neck_x,Neck_y,Neck_z,Head_x,Head_y,Head_z,Nose_x,Nose_y,Nose_z,Eye.L_x,Eye.L_y,Eye.L_z,Eye.R_x,Eye.R_y,Eye.R_z,Ear.L_x,Ear.L_y,Ear.L_z,Ear.R_x,Ear.R_y,Ear.R_z,hip.Center_x,hip.Center_y,hip.Center_z
0,0.29430482,0.19393381,-0.7910281,0.08232717,0.1934161,-0.4093195,-0.014855528,0.091885656,-0.023465792,0.029118167,0.32222855,0.03718103,0.08035915,0.32693514,-0.3829001,0.2465032,0.32296222,-0.7890331,-0.6306983,-0.05385262,0.022877902,-0.45757732,-0.08485599,-0.1510414,-0.42058456,0.119016916,0.045962505,-0.4115379,0.34479573,0.124633014,-0.54466325,0.57628316,0.17038207,-0.72081923,0.53193736,0.33680624,-0.4489574,0.21823055,0.10819525,-0.6034079,0.2654504,0.21656677,-0.60104024,0.2344503,0.06474348,-0.63070154,0.22306043,0.11706349,-0.5947766,0.27744353,0.10628893,-0.5936928,0.1661784,0.19425069,-0.5191413,0.28241694,0.1735743,0.007131319493055344,0.20705710351467133,0.006857619620859623
