frame,Ankle.R_x,Ankle.R_y,Ankle.R_z,Knee.R_x,Knee.R_y,Knee.R_z,Hip.R_x,Hip.R_y,Hip.R_z,Hip.L_x,Hip.L_y,Hip.L_z,Knee.L_x,Knee.L_y,Knee.L_z,Ankle.L_x,Ankle.L_y,Ankle.L_z,Wrist.R_x,Wrist.R_y,Wrist.R_z,Elbow.R_x,Elbow.R_y,Elbow.R_z,Shoulder.R_x,Shoulder.R_y,Shoulder.R_z,Shoulder.L_x,Shoulder.L_y,Shoulder.L_z,Elbow.L_x,Elbow.L_y,Elbow.L_z,Wrist.L_x,Wrist.L_y,Wrist.L_z,Neck_x,Neck_y,Neck_z,Head_x,Head_y,Head_z,Nose_x,Nose_y,Nose_z,Eye.L_x,Eye.L_y,Eye.L_z,Eye.R_x,Eye.R_y,Eye.R_z,Ear.L_x,Ear.L_y,Ear.L_z,Ear.R_x,Ear.R_y,Ear.R_z,hip.Center_x,hip.Center_y,hip.Center_z
0,0.43117622,0.15037893,-0.67853844,0.32350135,0.14210562,-0.26083964,0.013260309,0.10425616,0.033522397,-0.017319556,0.33879882,-0.024449542,0.2712887,0.3109622,-0.32764247,0.429547,0.30203697,-0.72982293,-0.6073448,-0.11625705,0.25698477,-0.40170303,-0.1489038,0.13135117,-0.4642313,0.10260194,0.06541765,-0.4668486,0.33450708,0.06407685,-0.4984565,0.570485,0.17186104,-0.7000387,0.5283718,0.29926297,-0.49829766,0.22630231,0.07471722,-0.68606937,0.27766734,0.05169987,-0.63581574,0.23883475,0.19705875,-0.6592462,0.2836211,0.1625805,-0.6684851,0.2198735,0.14855929,-0.6095556,0.33124116,0.088958666,-0.6303826,0.19768395,0.053255416,-0.0020296238362789154,0.22152748703956604,0.004536427557468414
