frame,Ankle.R_x,Ankle.R_y,Ankle.R_z,Knee.R_x,Knee.R_y,Knee.R_z,Hip.R_x,Hip.R_y,Hip.R_z,Hip.L_x,Hip.L_y,Hip.L_z,Knee.L_x,Knee.L_y,Knee.L_z,Ankle.L_x,Ankle.L_y,Ankle.L_z,Wrist.R_x,Wrist.R_y,Wrist.R_z,Elbow.R_x,Elbow.R_y,Elbow.R_z,Shoulder.R_x,Shoulder.R_y,Shoulder.R_z,Shoulder.L_x,Shoulder.L_y,Shoulder.L_z,Elbow.L_x,Elbow.L_y,Elbow.L_z,Wrist.L_x,Wrist.L_y,Wrist.L_z,Neck_x,Neck_y,Neck_z,Head_x,Head_y,Head_z,Nose_x,Nose_y,Nose_z,Eye.L_x,Eye.L_y,Eye.L_z,Eye.R_x,Eye.R_y,Eye.R_z,Ear.L_x,Ear.L_y,Ear.L_z,Ear.R_x,Ear.R_y,Ear.R_z,hip.Center_x,hip.Center_y,hip.Center_z
0,0.31614172,0.18799251,-0.7928112,0.1132613,0.18859099,-0.4038541,-0.015282055,0.092667274,-0.025451547,0.025328076,0.32225952,0.040865332,0.11760584,0.3293786,-0.37373936,0.3130708,0.32437155,-0.7664667,-0.5736083,-0.043940075,-0.00022048244,-0.39934936,-0.09444294,-0.16278431,-0.43010998,0.11872875,0.031016324,-0.4173323,0.35147846,0.11410111,-0.48446023,0.60949934,0.18656115,-0.6518481,0.5229863,0.33918694,-0.46063235,0.2257254,0.09403623,-0.5962974,0.31302705,0.18787056,-0.6134721,0.25087816,0.04574448,-0.6398469,0.25667912,0.10131675,-0.59614205,0.29982778,0.076663956,-0.60615826,0.21071559,0.1869807,-0.5154165,0.30464298,0.13687289,0.005023010075092316,0.20746339857578278,0.007706892676651478
