frame,Ankle.R_x,Ankle.R_y,Ankle.R_z,Knee.R_x,Knee.R_y,Knee.R_z,Hip.R_x,Hip.R_y,Hip.R_z,Hip.L_x,Hip.L_y,Hip.L_z,Knee.L_x,Knee.L_y,Knee.L_z,Ankle.L_x,Ankle.L_y,Ankle.L_z,Wrist.R_x,Wrist.R_y,Wrist.R_z,Elbow.R_x,Elbow.R_y,Elbow.R_z,Shoulder.R_x,Shoulder.R_y,Shoulder.R_z,Shoulder.L_x,Shoulder.L_y,Shoulder.L_z,Elbow.L_x,Elbow.L_y,Elbow.L_z,Wrist.L_x,Wrist.L_y,Wrist.L_z,Neck_x,Neck_y,Neck_z,Head_x,Head_y,Head_z,Nose_x,Nose_y,Nose_z,Eye.L_x,Eye.L_y,Eye.L_z,Eye.R_x,Eye.R_y,Eye.R_z,Ear.L_x,Ear.L_y,Ear.L_z,Ear.R_x,Ear.R_y,Ear.R_z,hip.Center_x,hip.Center_y,hip.Center_z
0,0.41018465,0.14587581,-0.6822264,0.31668165,0.13403632,-0.2638408,0.017879426,0.111372486,0.04703273,-0.021339782,0.337081,-0.039321523,0.27170274,0.30480123,-0.33503532,0.41108084,0.3003409,-0.74248093,-0.54876673,-0.09303869,0.25332066,-0.3528282,-0.13977098,0.12031123,-0.45759368,0.10419597,0.06732103,-0.4678208,0.34697253,0.06536511,-0.4538559,0.5976067,0.15098953,-0.6338334,0.50868404,0.2802139,-0.5003482,0.23353083,0.07589593,-0.6897205,0.2856053,0.040457588,-0.6419276,0.2576059,0.18957973,-0.66419214,0.2997724,0.15096256,-0.6748153,0.23542061,0.14217842,-0.6126797,0.33956978,0.07501079,-0.6362743,0.20466872,0.04894659,-0.0017301775515079498,0.22422674298286438,0.003855602815747261
