frame,Ankle.R_x,Ankle.R_y,Ankle.R_z,Knee.R_x,Knee.R_y,Knee.R_z,Hip.R_x,Hip.R_y,Hip.R_z,Hip.L_x,Hip.L_y,Hip.L_z,Knee.L_x,Knee.L_y,Knee.L_z,Ankle.L_x,Ankle.L_y,Ankle.L_z,Wrist.R_x,Wrist.R_y,Wrist.R_z,Elbow.R_x,Elbow.R_y,Elbow.R_z,Shoulder.R_x,Shoulder.R_y,Shoulder.R_z,Shoulder.L_x,Shoulder.L_y,Shoulder.L_z,Elbow.L_x,Elbow.L_y,Elbow.L_z,Wrist.L_x,Wrist.L_y,Wrist.L_z,Neck_x,Neck_y,Neck_z,Head_x,Head_y,Head_z,Nose_x,Nose_y,Nose_z,Eye.L_x,Eye.L_y,Eye.L_z,Eye.R_x,Eye.R_y,Eye.R_z,Ear.L_x,Ear.L_y,Ear.L_z,Ear.R_x,Ear.R_y,Ear.R_z,hip.Center_x,hip.Center_y,hip.Center_z
0,0.30624938,0.18641062,-0.79632217,0.10732318,0.18832563,-0.40613133,-0.012629433,0.09260848,-0.024749342,0.025238117,0.3229932,0.039877426,0.11049116,0.32853356,-0.37662953,0.31092083,0.32446712,-0.76523286,-0.5081922,-0.02128014,0.0032206122,-0.34287426,-0.07664797,-0.16776618,-0.43180218,0.119835615,0.024809342,-0.41871813,0.3517334,0.11004795,-0.44028458,0.60671645,0.21043976,-0.597783,0.49920568,0.35452157,-0.46343988,0.22651094,0.08939221,-0.6038295,0.31059492,0.18580641,-0.6166998,0.25121376,0.041839354,-0.64372545,0.25459138,0.0974869,-0.6018073,0.300115,0.07426573,-0.6094025,0.20842099,0.18188642,-0.52212256,0.307065,0.13497758,0.006304342299699783,0.20780083537101746,0.007564041763544083
