frame,Ankle.R_x,Ankle.R_y,Ankle.R_z,Knee.R_x,Knee.R_y,Knee.R_z,Hip.R_x,Hip.R_y,Hip.R_z,Hip.L_x,Hip.L_y,Hip.L_z,Knee.L_x,Knee.L_y,Knee.L_z,Ankle.L_x,Ankle.L_y,Ankle.L_z,Wrist.R_x,Wrist.R_y,Wrist.R_z,Elbow.R_x,Elbow.R_y,Elbow.R_z,Shoulder.R_x,Shoulder.R_y,Shoulder.R_z,Shoulder.L_x,Shoulder.L_y,Shoulder.L_z,Elbow.L_x,Elbow.L_y,Elbow.L_z,Wrist.L_x,Wrist.L_y,Wrist.L_z,Neck_x,Neck_y,Neck_z,Head_x,Head_y,Head_z,Nose_x,Nose_y,Nose_z,Eye.L_x,Eye.L_y,Eye.L_z,Eye.R_x,Eye.R_y,Eye.R_z,Ear.L_x,Ear.L_y,Ear.L_z,Ear.R_x,Ear.R_y,Ear.R_z,hip.Center_x,hip.Center_y,hip.Center_z
0,0.42164648,0.15116563,-0.6817893,0.3153755,0.14227709,-0.26473817,0.01802959,0.11082274,0.046733,-0.021376325,0.33616224,-0.03887729,0.27448028,0.30536667,-0.33250263,0.41136378,0.29904544,-0.7413148,-0.5741225,-0.09075955,0.24192968,-0.38360223,-0.13664602,0.10128633,-0.4667889,0.11452632,0.0660316,-0.4680797,0.34426227,0.060225885,-0.46539503,0.5973596,0.13063993,-0.6450044,0.54158086,0.27903944,-0.50108045,0.23769137,0.074683115,-0.68732774,0.2870999,0.04195552,-0.6417691,0.2537608,0.19084114,-0.66473514,0.29691267,0.1538431,-0.6724979,0.23268826,0.14163756,-0.61296046,0.34266102,0.08072248,-0.63084495,0.20808277,0.048513547,-0.0016733678057789803,0.22349248826503754,0.00392785482108593
