frame,Ankle.R_x,Ankle.R_y,Ankle.R_z,Knee.R_x,Knee.R_y,Knee.R_z,Hip.R_x,Hip.R_y,Hip.R_z,Hip.L_x,Hip.L_y,Hip.L_z,Knee.L_x,Knee.L_y,Knee.L_z,Ankle.L_x,Ankle.L_y,Ankle.L_z,Wrist.R_x,Wrist.R_y,Wrist.R_z,Elbow.R_x,Elbow.R_y,Elbow.R_z,Shoulder.R_x,Shoulder.R_y,Shoulder.R_z,Shoulder.L_x,Shoulder.L_y,Shoulder.L_z,Elbow.L_x,Elbow.L_y,Elbow.L_z,Wrist.L_x,Wrist.L_y,Wrist.L_z,Neck_x,Neck_y,Neck_z,Head_x,Head_y,Head_z,Nose_x,Nose_y,Nose_z,Eye.L_x,Eye.L_y,Eye.L_z,Eye.R_x,Eye.R_y,Eye.R_z,Ear.L_x,Ear.L_y,Ear.L_z,Ear.R_x,Ear.R_y,Ear.R_z,hip.Center_x,hip.Center_y,hip.Center_z
0,0.43416995,0.14656265,-0.6690561,0.32793763,0.14276779,-0.25180984,0.014856754,0.10935411,0.04389675,-0.019165587,0.33796823,-0.036746833,0.28366604,0.30264795,-0.32409212,0.43215474,0.29656038,-0.72965664,-0.575923,-0.0967907,0.24631526,-0.3883468,-0.1380709,0.100783676,-0.46783757,0.117008984,0.07421511,-0.46697637,0.34891114,0.06896795,-0.45633587,0.60408366,0.13698684,-0.64179385,0.5491467,0.27817816,-0.50107676,0.24067888,0.08411082,-0.6884759,0.28732163,0.055461153,-0.6399151,0.2539403,0.20351198,-0.6641271,0.29696208,0.16705588,-0.6711727,0.23267327,0.15471362,-0.6142505,0.34393004,0.09323689,-0.6306564,0.20904711,0.060704097,-0.0021544164046645164,0.2236611694097519,0.0035749580711126328
