frame,Ankle.R_x,Ankle.R_y,Ankle.R_z,Knee.R_x,Knee.R_y,Knee.R_z,Hip.R_x,Hip.R_y,Hip.R_z,Hip.L_x,Hip.L_y,Hip.L_z,Knee.L_x,Knee.L_y,Knee.L_z,Ankle.L_x,Ankle.L_y,Ankle.L_z,Wrist.R_x,Wrist.R_y,Wrist.R_z,Elbow.R_x,Elbow.R_y,Elbow.R_z,Shoulder.R_x,Shoulder.R_y,Shoulder.R_z,Shoulder.L_x,Shoulder.L_y,Shoulder.L_z,Elbow.L_x,Elbow.L_y,Elbow.L_z,Wrist.L_x,Wrist.L_y,Wrist.L_z,Neck_x,Neck_y,Neck_z,Head_x,Head_y,Head_z,Nose_x,Nose_y,Nose_z,Eye.L_x,Eye.L_y,Eye.L_z,Eye.R_x,Eye.R_y,Eye.R_z,Ear.L_x,Ear.L_y,Ear.L_z,Ear.R_x,Ear.R_y,Ear.R_z,hip.Center_x,hip.Center_y,hip.Center_z
0,0.44142425,0.16043875,-0.6686867,0.3226118,0.14431553,-0.255691,0.015622119,0.10970472,0.045692146,-0.019752268,0.33628207,-0.038234606,0.28616625,0.30643925,-0.3218067,0.43009213,0.30258232,-0.72796035,-0.58387023,-0.09918564,0.23049568,-0.38730276,-0.13463962,0.0956148,-0.46774274,0.11724656,0.062712796,-0.46869928,0.34612784,0.060778055,-0.46810493,0.59590596,0.14039099,-0.65549445,0.53673184,0.27712783,-0.50147027,0.23985939,0.07331891,-0.68791556,0.28968847,0.043301366,-0.64019656,0.25714627,0.19162618,-0.66343194,0.30016214,0.15467724,-0.67185926,0.23593444,0.14312305,-0.6126016,0.3449238,0.08037609,-0.63191223,0.21030417,0.049488485,-0.0020650741644203663,0.222993403673172,0.0037287697196006775
