frame,Ankle.R_x,Ankle.R_y,Ankle.R_z,Knee.R_x,Knee.R_y,Knee.R_z,Hip.R_x,Hip.R_y,Hip.R_z,Hip.L_x,Hip.L_y,Hip.L_z,Knee.L_x,Knee.L_y,Knee.L_z,Ankle.L_x,Ankle.L_y,Ankle.L_z,Wrist.R_x,Wrist.R_y,Wrist.R_z,Elbow.R_x,Elbow.R_y,Elbow.R_z,Shoulder.R_x,Shoulder.R_y,Shoulder.R_z,Shoulder.L_x,Shoulder.L_y,Shoulder.L_z,Elbow.L_x,Elbow.L_y,Elbow.L_z,Wrist.L_x,Wrist.L_y,Wrist.L_z,Neck_x,Neck_y,Neck_z,Head_x,Head_y,Head_z,Nose_x,Nose_y,Nose_z,Eye.L_x,Eye.L_y,Eye.L_z,Eye.R_x,Eye.R_y,Eye.R_z,Ear.L_x,Ear.L_y,Ear.L_z,Ear.R_x,Ear.R_y,Ear.R_z,hip.Center_x,hip.Center_y,hip.Center_z
0,0.30621365,0.19161992,-0.7881892,0.0925643,0.19001468,-0.40634355,-0.016472077,0.09352605,-0.022225289,0.028418016,0.32299227,0.03856968,0.0905294,0.32442328,-0.38028765,0.28690988,0.31359127,-0.7708376,-0.54423267,-0.0076778647,-0.012721501,-0.37652153,-0.060247213,-0.1817055,-0.429429,0.13538328,0.026586212,-0.40872616,0.36853853,0.11503549,-0.44313702,0.62741,0.20263602,-0.59100735,0.53808695,0.37073338,-0.45754564,0.23999575,0.09417684,-0.6157236,0.29086435,0.20399785,-0.61022216,0.2652851,0.051107936,-0.6411468,0.252621,0.10298839,-0.6044389,0.3067288,0.09468013,-0.60676765,0.19253302,0.17814845,-0.5308145,0.3084403,0.16298434,0.0059729693457484245,0.20825916528701782,0.008172196336090565
