frame,Ankle.R_x,Ankle.R_y,Ankle.R_z,Knee.R_x,Knee.R_y,Knee.R_z,Hip.R_x,Hip.R_y,Hip.R_z,Hip.L_x,Hip.L_y,Hip.L_z,Knee.L_x,Knee.L_y,Knee.L_z,Ankle.L_x,Ankle.L_y,Ankle.L_z,Wrist.R_x,Wrist.R_y,Wrist.R_z,Elbow.R_x,Elbow.R_y,Elbow.R_z,Shoulder.R_x,Shoulder.R_y,Shoulder.R_z,Shoulder.L_x,Shoulder.L_y,Shoulder.L_z,Elbow.L_x,Elbow.L_y,Elbow.L_z,Wrist.L_x,Wrist.L_y,Wrist.L_z,Neck_x,Neck_y,Neck_z,Head_x,Head_y,Head_z,Nose_x,Nose_y,Nose_z,Eye.L_x,Eye.L_y,Eye.L_z,Eye.R_x,Eye.R_y,Eye.R_z,Ear.L_x,Ear.L_y,Ear.L_z,Ear.R_x,Ear.R_y,Ear.R_z,hip.Center_x,hip.Center_y,hip.Center_z
0,0.45965958,0.14665525,-0.6448097,0.34064198,0.13788363,-0.23374447,0.010039118,0.10622518,0.039476313,-0.016921148,0.33774772,-0.03202712,0.2890751,0.3034604,-0.31566715,0.45002973,0.29707816,-0.71511716,-0.63427037,-0.11179497,0.24273951,-0.43759954,-0.14667445,0.102183305,-0.46236312,0.118604586,0.067280255,-0.46395382,0.34952432,0.06890933,-0.51170623,0.5968891,0.14058566,-0.70420295,0.58272684,0.28800893,-0.4955406,0.24151683,0.08245237,-0.68363905,0.28684565,0.054658566,-0.64025426,0.24536993,0.20164123,-0.6635656,0.29023662,0.1674441,-0.6690796,0.22681932,0.15068676,-0.6117276,0.34247214,0.09845579,-0.6248636,0.2094526,0.057029314,-0.0034410147927701473,0.22198644280433655,0.003724595531821251
