frame,Ankle.R_x,Ankle.R_y,Ankle.R_z,Knee.R_x,Knee.R_y,Knee.R_z,Hip.R_x,Hip.R_y,Hip.R_z,Hip.L_x,Hip.L_y,Hip.L_z,Knee.L_x,Knee.L_y,Knee.L_z,Ankle.L_x,Ankle.L_y,Ankle.L_z,Wrist.R_x,Wrist.R_y,Wrist.R_z,Elbow.R_x,Elbow.R_y,Elbow.R_z,Shoulder.R_x,Shoulder.R_y,Shoulder.R_z,Shoulder.L_x,Shoulder.L_y,Shoulder.L_z,Elbow.L_x,Elbow.L_y,Elbow.L_z,Wrist.L_x,Wrist.L_y,Wrist.L_z,Neck_x,Neck_y,Neck_z,Head_x,Head_y,Head_z,Nose_x,Nose_y,Nose_z,Eye.L_x,Eye.L_y,Eye.L_z,Eye.R_x,Eye.R_y,Eye.R_z,Ear.L_x,Ear.L_y,Ear.L_z,Ear.R_x,Ear.R_y,Ear.R_z,hip.Center_x,hip.Center_y,hip.Center_z
0,0.3276797,0.17941537,-0.7920936,0.1261478,0.18350364,-0.4010309,-0.025365952,0.094572246,-0.027430037,0.03323053,0.31879416,0.042620324,0.14200781,0.3232277,-0.3695585,0.3235507,0.31417242,-0.77163863,-0.60473067,-0.03681311,0.013881318,-0.43518662,-0.08168813,-0.15618348,-0.42931068,0.13111949,0.03868208,-0.4146883,0.36261824,0.1154117,-0.49603882,0.621514,0.16316076,-0.6620051,0.5554497,0.32980365,-0.4586153,0.2359412,0.09960391,-0.6126816,0.30342022,0.19572753,-0.60747147,0.2577257,0.04706096,-0.6400436,0.25383776,0.09916152,-0.5992534,0.30395585,0.08511809,-0.6104369,0.20147738,0.18297338,-0.5261929,0.30952385,0.15489048,0.0039322879165410995,0.2066832035779953,0.0075951432809233665
