frame,Ankle.R_x,Ankle.R_y,Ankle.R_z,Knee.R_x,Knee.R_y,Knee.R_z,Hip.R_x,Hip.R_y,Hip.R_z,Hip.L_x,Hip.L_y,Hip.L_z,Knee.L_x,Knee.L_y,Knee.L_z,Ankle.L_x,Ankle.L_y,Ankle.L_z,Wrist.R_x,Wrist.R_y,Wrist.R_z,Elbow.R_x,Elbow.R_y,Elbow.R_z,Shoulder.R_x,Shoulder.R_y,Shoulder.R_z,Shoulder.L_x,Shoulder.L_y,Shoulder.L_z,Elbow.L_x,Elbow.L_y,Elbow.L_z,Wrist.L_x,Wrist.L_y,Wrist.L_z,Neck_x,Neck_y,Neck_z,Head_x,Head_y,Head_z,Nose_x,Nose_y,Nose_z,Eye.L_x,Eye.L_y,Eye.L_z,Eye.R_x,Eye.R_y,Eye.R_z,Ear.L_x,Ear.L_y,Ear.L_z,Ear.R_x,Ear.R_y,Ear.R_z,hip.Center_x,hip.Center_y,hip.Center_z
0,0.29946345,0.18651716,-0.800653,0.09975683,0.18961428,-0.40909627,-0.037214078,0.09781829,-0.03179332,0.045136902,0.31226915,0.044575315,0.12945056,0.33044806,-0.37282613,0.30059657,0.32027543,-0.7793865,-0.666454,-0.053987924,0.037407763,-0.4851923,-0.056519646,-0.13528314,-0.42148948,0.15737972,0.043124773,-0.4006174,0.37984815,0.12606145,-0.5384865,0.6089317,0.15620321,-0.71664274,0.57322675,0.32636973,-0.44489536,0.2560534,0.10760449,-0.62053394,0.2797245,0.20787098,-0.59210384,0.27234173,0.056530114,-0.6272541,0.25007278,0.10113943,-0.5974175,0.30894408,0.10411112,-0.59474164,0.18633267,0.17494899,-0.53353107,0.3117519,0.18312868,0.003961412236094475,0.2050437182188034,0.006390998139977455
