frame,Ankle.R_x,Ankle.R_y,Ankle.R_z,Knee.R_x,Knee.R_y,Knee.R_z,Hip.R_x,Hip.R_y,Hip.R_z,Hip.L_x,Hip.L_y,Hip.L_z,Knee.L_x,Knee.L_y,Knee.L_z,Ankle.L_x,Ankle.L_y,Ankle.L_z,Wrist.R_x,Wrist.R_y,Wrist.R_z,Elbow.R_x,Elbow.R_y,Elbow.R_z,Shoulder.R_x,Shoulder.R_y,Shoulder.R_z,Shoulder.L_x,Shoulder.L_y,Shoulder.L_z,Elbow.L_x,Elbow.L_y,Elbow.L_z,Wrist.L_x,Wrist.L_y,Wrist.L_z,Neck_x,Neck_y,Neck_z,Head_x,Head_y,Head_z,Nose_x,Nose_y,Nose_z,Eye.L_x,Eye.L_y,Eye.L_z,Eye.R_x,Eye.R_y,Eye.R_z,Ear.L_x,Ear.L_y,Ear.L_z,Ear.R_x,Ear.R_y,Ear.R_z,hip.Center_x,hip.Center_y,hip.Center_z
0,0.3416298,0.17288738,-0.78742206,0.13234572,0.17832927,-0.39973274,-0.034583986,0.09712684,-0.030549992,0.039585218,0.31502014,0.044217788,0.16142637,0.31898755,-0.36562395,0.3400784,0.30788362,-0.7704673,-0.68069226,-0.062206347,0.022064995,-0.49101433,-0.06978981,-0.13982318,-0.42612794,0.14163764,0.039094117,-0.41253227,0.36702073,0.11623791,-0.54424137,0.6025527,0.1454439,-0.7346442,0.57476205,0.30435547,-0.4540785,0.24290179,0.09909289,-0.6156229,0.2980963,0.1953837,-0.60342884,0.26123175,0.045433678,-0.6369667,0.25217068,0.09579566,-0.59898365,0.30557674,0.08599502,-0.6064074,0.19724509,0.17789637,-0.5277853,0.31176764,0.15856901,0.0025006160140037537,0.20607349276542664,0.006833897903561592
