frame,Ankle.R_x,Ankle.R_y,Ankle.R_z,Knee.R_x,Knee.R_y,Knee.R_z,Hip.R_x,Hip.R_y,Hip.R_z,Hip.L_x,Hip.L_y,Hip.L_z,Knee.L_x,Knee.L_y,Knee.L_z,Ankle.L_x,Ankle.L_y,Ankle.L_z,Wrist.R_x,Wrist.R_y,Wrist.R_z,Elbow.R_x,Elbow.R_y,Elbow.R_z,Shoulder.R_x,Shoulder.R_y,Shoulder.R_z,Shoulder.L_x,Shoulder.L_y,Shoulder.L_z,Elbow.L_x,Elbow.L_y,Elbow.L_z,Wrist.L_x,Wrist.L_y,Wrist.L_z,Neck_x,Neck_y,Neck_z,Head_x,Head_y,Head_z,Nose_x,Nose_y,Nose_z,Eye.L_x,Eye.L_y,Eye.L_z,Eye.R_x,Eye.R_y,Eye.R_z,Ear.L_x,Ear.L_y,Ear.L_z,Ear.R_x,Ear.R_y,Ear.R_z,hip.Center_x,hip.Center_y,hip.Center_z
0,0.46271083,0.15011857,-0.6163778,0.36721095,0.1364628,-0.20006049,-0.001584385,0.09665177,0.0152722355,-0.0073736967,0.33924788,-0.009804059,0.31234902,0.30794024,-0.286676,0.46696675,0.3040072,-0.68661755,-0.723614,-0.14132014,0.21142153,-0.50652534,-0.14878777,0.08574107,-0.46254113,0.11664506,0.058975495,-0.45706636,0.3481751,0.0766196,-0.56766254,0.5605998,0.17463192,-0.7975805,0.59872764,0.2712512,-0.4903468,0.23931815,0.0798363,-0.6776223,0.283877,0.048320364,-0.63859546,0.24894083,0.19725928,-0.65967834,0.29258814,0.16069973,-0.66723657,0.22866547,0.1472493,-0.60481954,0.33940208,0.09036728,-0.6215753,0.2054658,0.055011936,-0.0044790408574044704,0.21794982254505157,0.0027340883389115334
