frame,Ankle.R_x,Ankle.R_y,Ankle.R_z,Knee.R_x,Knee.R_y,Knee.R_z,Hip.R_x,Hip.R_y,Hip.R_z,Hip.L_x,Hip.L_y,Hip.L_z,Knee.L_x,Knee.L_y,Knee.L_z,Ankle.L_x,Ankle.L_y,Ankle.L_z,Wrist.R_x,Wrist.R_y,Wrist.R_z,Elbow.R_x,Elbow.R_y,Elbow.R_z,Shoulder.R_x,Shoulder.R_y,Shoulder.R_z,Shoulder.L_x,Shoulder.L_y,Shoulder.L_z,Elbow.L_x,Elbow.L_y,Elbow.L_z,Wrist.L_x,Wrist.L_y,Wrist.L_z,Neck_x,Neck_y,Neck_z,Head_x,Head_y,Head_z,Nose_x,Nose_y,Nose_z,Eye.L_x,Eye.L_y,Eye.L_z,Eye.R_x,Eye.R_y,Eye.R_z,Ear.L_x,Ear.L_y,Ear.L_z,Ear.R_x,Ear.R_y,Ear.R_z,hip.Center_x,hip.Center_y,hip.Center_z
0,0.47281837,0.14153796,-0.59819657,0.3747154,0.12801138,-0.18139067,-0.007403733,0.09624888,0.013979079,-0.0048084115,0.33980173,-0.010854772,0.3375001,0.3065396,-0.26189923,0.47291264,0.30263007,-0.6707267,-0.77972424,-0.16746679,0.1939423,-0.5517032,-0.12987708,0.07920279,-0.45986566,0.12167571,0.05410086,-0.45857942,0.35153782,0.08207675,-0.61148334,0.5373453,0.16966386,-0.8468645,0.61536217,0.23880398,-0.48882908,0.24257424,0.08131097,-0.67652404,0.28208622,0.051791895,-0.6380242,0.24779929,0.20113215,-0.6594789,0.29119658,0.16448857,-0.6658699,0.22716123,0.1509095,-0.6049477,0.33920497,0.09456879,-0.61876637,0.204868,0.058494367,-0.0061060721054673195,0.2180252969264984,0.0015621534548699856
