frame,Ankle.R_x,Ankle.R_y,Ankle.R_z,Knee.R_x,Knee.R_y,Knee.R_z,Hip.R_x,Hip.R_y,Hip.R_z,Hip.L_x,Hip.L_y,Hip.L_z,Knee.L_x,Knee.L_y,Knee.L_z,Ankle.L_x,Ankle.L_y,Ankle.L_z,Wrist.R_x,Wrist.R_y,Wrist.R_z,Elbow.R_x,Elbow.R_y,Elbow.R_z,Shoulder.R_x,Shoulder.R_y,Shoulder.R_z,Shoulder.L_x,Shoulder.L_y,Shoulder.L_z,Elbow.L_x,Elbow.L_y,Elbow.L_z,Wrist.L_x,Wrist.L_y,Wrist.L_z,Neck_x,Neck_y,Neck_z,Head_x,Head_y,Head_z,Nose_x,Nose_y,Nose_z,Eye.L_x,Eye.L_y,Eye.L_z,Eye.R_x,Eye.R_y,Eye.R_z,Ear.L_x,Ear.L_y,Ear.L_z,Ear.R_x,Ear.R_y,Ear.R_z,hip.Center_x,hip.Center_y,hip.Center_z
0,0.48635787,0.12560341,-0.5969333,0.37011525,0.12023318,-0.18411753,-0.00891128,0.096881375,0.016336778,-0.0033511536,0.33922395,-0.01308102,0.33807287,0.30269653,-0.26321238,0.48064423,0.2858669,-0.66667163,-0.78227335,-0.18474172,0.1958996,-0.5573505,-0.12280592,0.08311849,-0.45990402,0.12432017,0.051691853,-0.46175554,0.35023072,0.079600014,-0.6276501,0.5250465,0.16274303,-0.8658182,0.603361,0.22262093,-0.4893062,0.2431344,0.07876733,-0.6758499,0.28057656,0.048631348,-0.6384309,0.24288443,0.1974394,-0.66037506,0.28684515,0.16178069,-0.6650332,0.2231131,0.14624605,-0.6062503,0.33823636,0.09397374,-0.6163057,0.20483094,0.053976275,-0.006131216883659363,0.21805265545845032,0.0016278792172670364
