frame,Ankle.R_x,Ankle.R_y,Ankle.R_z,Knee.R_x,Knee.R_y,Knee.R_z,Hip.R_x,Hip.R_y,Hip.R_z,Hip.L_x,Hip.L_y,Hip.L_z,Knee.L_x,Knee.L_y,Knee.L_z,Ankle.L_x,Ankle.L_y,Ankle.L_z,Wrist.R_x,Wrist.R_y,Wrist.R_z,Elbow.R_x,Elbow.R_y,Elbow.R_z,Shoulder.R_x,Shoulder.R_y,Shoulder.R_z,Shoulder.L_x,Shoulder.L_y,Shoulder.L_z,Elbow.L_x,Elbow.L_y,Elbow.L_z,Wrist.L_x,Wrist.L_y,Wrist.L_z,Neck_x,Neck_y,Neck_z,Head_x,Head_y,Head_z,Nose_x,Nose_y,Nose_z,Eye.L_x,Eye.L_y,Eye.L_z,Eye.R_x,Eye.R_y,Eye.R_z,Ear.L_x,Ear.L_y,Ear.L_z,Ear.R_x,Ear.R_y,Ear.R_z,hip.Center_x,hip.Center_y,hip.Center_z
0,0.35321426,0.15378182,-0.7854951,0.14552113,0.16307373,-0.39921767,-0.042474438,0.09969334,-0.036681443,0.044543333,0.31011474,0.046833593,0.17437327,0.31377923,-0.36302337,0.34664032,0.30060595,-0.7689202,-0.7380271,-0.10503451,0.026301764,-0.53142506,-0.054716915,-0.1142581,-0.42552602,0.1466635,0.04758778,-0.41689783,0.3545967,0.12703782,-0.60051244,0.542805,0.14642422,-0.81442475,0.566795,0.28353968,-0.451216,0.23850924,0.107967794,-0.61581266,0.28933203,0.19129851,-0.5929411,0.24415134,0.045593437,-0.6289829,0.23634574,0.09382194,-0.59236664,0.29058605,0.08347941,-0.60153484,0.18769541,0.18082733,-0.52711433,0.30387515,0.15975112,0.0010344479233026505,0.20490404963493347,0.005076074972748756
