frame,Ankle.R_x,Ankle.R_y,Ankle.R_z,Knee.R_x,Knee.R_y,Knee.R_z,Hip.R_x,Hip.R_y,Hip.R_z,Hip.L_x,Hip.L_y,Hip.L_z,Knee.L_x,Knee.L_y,Knee.L_z,Ankle.L_x,Ankle.L_y,Ankle.L_z,Wrist.R_x,Wrist.R_y,Wrist.R_z,Elbow.R_x,Elbow.R_y,Elbow.R_z,Shoulder.R_x,Shoulder.R_y,Shoulder.R_z,Shoulder.L_x,Shoulder.L_y,Shoulder.L_z,Elbow.L_x,Elbow.L_y,Elbow.L_z,Wrist.L_x,Wrist.L_y,Wrist.L_z,Neck_x,Neck_y,Neck_z,Head_x,Head_y,Head_z,Nose_x,Nose_y,Nose_z,Eye.L_x,Eye.L_y,Eye.L_z,Eye.R_x,Eye.R_y,Eye.R_z,Ear.L_x,Ear.L_y,Ear.L_z,Ear.R_x,Ear.R_y,Ear.R_z,hip.Center_x,hip.Center_y,hip.Center_z
0,0.45824024,0.12085492,-0.6279071,0.35056442,0.11362464,-0.21466361,-0.008146485,0.096920416,0.017442558,-0.0015236036,0.33877444,-0.01227894,0.31998873,0.29752687,-0.2835992,0.4591157,0.28276464,-0.6855445,-0.73807704,-0.18786839,0.19715765,-0.52241945,-0.1313423,0.07240054,-0.45797166,0.12752905,0.049120154,-0.45947438,0.35325375,0.08018048,-0.61120665,0.53920716,0.16956718,-0.85054135,0.5914959,0.23951072,-0.48757422,0.2474237,0.07685213,-0.670702,0.28993422,0.041712776,-0.6385314,0.25241497,0.19199583,-0.6580956,0.29670483,0.15546171,-0.6643019,0.23299119,0.14039037,-0.60070944,0.34573668,0.08865606,-0.6138309,0.21223746,0.04985617,-0.004835044499486685,0.21784743666648865,0.0025818091817200184
