frame,Ankle.R_x,Ankle.R_y,Ankle.R_z,Knee.R_x,Knee.R_y,Knee.R_z,Hip.R_x,Hip.R_y,Hip.R_z,Hip.L_x,Hip.L_y,Hip.L_z,Knee.L_x,Knee.L_y,Knee.L_z,Ankle.L_x,Ankle.L_y,Ankle.L_z,Wrist.R_x,Wrist.R_y,Wrist.R_z,Elbow.R_x,Elbow.R_y,Elbow.R_z,Shoulder.R_x,Shoulder.R_y,Shoulder.R_z,Shoulder.L_x,Shoulder.L_y,Shoulder.L_z,Elbow.L_x,Elbow.L_y,Elbow.L_z,Wrist.L_x,Wrist.L_y,Wrist.L_z,Neck_x,Neck_y,Neck_z,Head_x,Head_y,Head_z,Nose_x,Nose_y,Nose_z,Eye.L_x,Eye.L_y,Eye.L_z,Eye.R_x,Eye.R_y,Eye.R_z,Ear.L_x,Ear.L_y,Ear.L_z,Ear.R_x,Ear.R_y,Ear.R_z,hip.Center_x,hip.Center_y,hip.Center_z
0,0.45746186,0.04677878,-0.6190125,0.3614637,0.09735126,-0.20237635,-0.014127549,0.09688734,0.00040849298,0.002356327,0.34046805,0.007633486,0.32318637,0.30585855,-0.2732179,0.45640063,0.3094826,-0.6853401,-0.58842534,-0.22186667,0.17581047,-0.4137109,-0.14932103,0.014442479,-0.46779895,0.11934648,0.022082124,-0.44563854,0.368799,0.06744834,-0.3854107,0.59315807,0.19951773,-0.5794912,0.60248125,0.346375,-0.49736375,0.25192901,0.055845395,-0.67958003,0.32556877,0.028699894,-0.65031326,0.2475625,0.16292138,-0.66593874,0.30144966,0.13921504,-0.6785216,0.24466696,0.10856292,-0.6037173,0.3599097,0.08605182,-0.63100004,0.24254343,0.01518409,-0.005885610822588205,0.21867769956588745,0.004020989406853914
