frame,Ankle.R_x,Ankle.R_y,Ankle.R_z,Knee.R_x,Knee.R_y,Knee.R_z,Hip.R_x,Hip.R_y,Hip.R_z,Hip.L_x,Hip.L_y,Hip.L_z,Knee.L_x,Knee.L_y,Knee.L_z,Ankle.L_x,Ankle.L_y,Ankle.L_z,Wrist.R_x,Wrist.R_y,Wrist.R_z,Elbow.R_x,Elbow.R_y,Elbow.R_z,Shoulder.R_x,Shoulder.R_y,Shoulder.R_z,Shoulder.L_x,Shoulder.L_y,Shoulder.L_z,Elbow.L_x,Elbow.L_y,Elbow.L_z,Wrist.L_x,Wrist.L_y,Wrist.L_z,Neck_x,Neck_y,Neck_z,Head_x,Head_y,Head_z,Nose_x,Nose_y,Nose_z,Eye.L_x,Eye.L_y,Eye.L_z,Eye.R_x,Eye.R_y,Eye.R_z,Ear.L_x,Ear.L_y,Ear.L_z,Ear.R_x,Ear.R_y,Ear.R_z,hip.Center_x,hip.Center_y,hip.Center_z
0,0.36541867,0.10729632,-0.7649762,0.1297389,0.16768548,-0.40176702,-0.035756364,0.09776606,-0.035128858,0.04098461,0.31212163,0.05077232,0.15424594,0.33179712,-0.36010787,0.36874864,0.3344757,-0.74113196,-0.5569656,-0.1276107,-0.027414981,-0.35641667,-0.08527418,-0.15718932,-0.42075694,0.13653816,0.018418835,-0.39929125,0.37130606,0.12780799,-0.35635912,0.6170032,0.25011206,-0.5257076,0.5665645,0.4150467,-0.45507282,0.24613439,0.09087102,-0.60338986,0.32989946,0.18220574,-0.6171404,0.26545963,0.04112178,-0.6431339,0.26872924,0.09683552,-0.60394835,0.31575248,0.071295984,-0.60378635,0.22714776,0.18237442,-0.52268595,0.32858196,0.12980525,0.0026141218841075897,0.20494383573532104,0.007821731269359589
