frame,Ankle.R_x,Ankle.R_y,Ankle.R_z,Knee.R_x,Knee.R_y,Knee.R_z,Hip.R_x,Hip.R_y,Hip.R_z,Hip.L_x,Hip.L_y,Hip.L_z,Knee.L_x,Knee.L_y,Knee.L_z,Ankle.L_x,Ankle.L_y,Ankle.L_z,Wrist.R_x,Wrist.R_y,Wrist.R_z,Elbow.R_x,Elbow.R_y,Elbow.R_z,Shoulder.R_x,Shoulder.R_y,Shoulder.R_z,Shoulder.L_x,Shoulder.L_y,Shoulder.L_z,Elbow.L_x,Elbow.L_y,Elbow.L_z,Wrist.L_x,Wrist.L_y,Wrist.L_z,Neck_x,Neck_y,Neck_z,Head_x,Head_y,Head_z,Nose_x,Nose_y,Nose_z,Eye.L_x,Eye.L_y,Eye.L_z,Eye.R_x,Eye.R_y,Eye.R_z,Ear.L_x,Ear.L_y,Ear.L_z,Ear.R_x,Ear.R_y,Ear.R_z,hip.Center_x,hip.Center_y,hip.Center_z
0,0.45227733,0.057746295,-0.6312925,0.35502434,0.09886096,-0.21390206,-0.012577623,0.097348444,0.0025016773,0.0013436867,0.34096766,0.0057035796,0.320315,0.30469945,-0.2773903,0.4543056,0.2966572,-0.6884839,-0.5842377,-0.21522354,0.18734698,-0.40741417,-0.15530053,0.023385696,-0.4651712,0.11231603,0.020179205,-0.4516716,0.36058593,0.067064784,-0.39652887,0.5897363,0.19372654,-0.57575965,0.58715665,0.35839853,-0.49899483,0.24286446,0.054311763,-0.68193364,0.31455398,0.027509885,-0.6538838,0.22780536,0.1564748,-0.6704345,0.28286916,0.13632257,-0.68048644,0.2281721,0.10119782,-0.6085685,0.34692746,0.08934136,-0.6305491,0.23415457,0.009452231,-0.005616968031972647,0.21915805339813232,0.00410262867808342
