frame,Ankle.R_x,Ankle.R_y,Ankle.R_z,Knee.R_x,Knee.R_y,Knee.R_z,Hip.R_x,Hip.R_y,Hip.R_z,Hip.L_x,Hip.L_y,Hip.L_z,Knee.L_x,Knee.L_y,Knee.L_z,Ankle.L_x,Ankle.L_y,Ankle.L_z,Wrist.R_x,Wrist.R_y,Wrist.R_z,Elbow.R_x,Elbow.R_y,Elbow.R_z,Shoulder.R_x,Shoulder.R_y,Shoulder.R_z,Shoulder.L_x,Shoulder.L_y,Shoulder.L_z,Elbow.L_x,Elbow.L_y,Elbow.L_z,Wrist.L_x,Wrist.L_y,Wrist.L_z,Neck_x,Neck_y,Neck_z,Head_x,Head_y,Head_z,Nose_x,Nose_y,Nose_z,Eye.L_x,Eye.L_y,Eye.L_z,Eye.R_x,Eye.R_y,Eye.R_z,Ear.L_x,Ear.L_y,Ear.L_z,Ear.R_x,Ear.R_y,Ear.R_z,hip.Center_x,hip.Center_y,hip.Center_z
0,0.30828667,0.17455941,-0.8027465,0.11612627,0.17486514,-0.4076041,-0.041423842,0.10018575,-0.035499446,0.048820645,0.30785516,0.04853561,0.13114773,0.32552785,-0.36979327,0.29341963,0.2986512,-0.77808326,-0.6154905,-0.03629705,0.012687405,-0.44341838,-0.04626593,-0.16337468,-0.42276078,0.15860972,0.038600847,-0.40588468,0.37905934,0.12569818,-0.5331336,0.61624354,0.1603886,-0.7094812,0.54598796,0.3163597,-0.44789246,0.25766116,0.10642429,-0.6147718,0.30397034,0.20372418,-0.60030127,0.2610296,0.05551789,-0.6318945,0.25091022,0.10710244,-0.6009159,0.30774233,0.09380565,-0.5941338,0.20452332,0.19061771,-0.5307496,0.32617837,0.16420698,0.003698401153087616,0.2040204554796219,0.006518082693219185
