frame,Ankle.R_x,Ankle.R_y,Ankle.R_z,Knee.R_x,Knee.R_y,Knee.R_z,Hip.R_x,Hip.R_y,Hip.R_z,Hip.L_x,Hip.L_y,Hip.L_z,Knee.L_x,Knee.L_y,Knee.L_z,Ankle.L_x,Ankle.L_y,Ankle.L_z,Wrist.R_x,Wrist.R_y,Wrist.R_z,Elbow.R_x,Elbow.R_y,Elbow.R_z,Shoulder.R_x,Shoulder.R_y,Shoulder.R_z,Shoulder.L_x,Shoulder.L_y,Shoulder.L_z,Elbow.L_x,Elbow.L_y,Elbow.L_z,Wrist.L_x,Wrist.L_y,Wrist.L_z,Neck_x,Neck_y,Neck_z,Head_x,Head_y,Head_z,Nose_x,Nose_y,Nose_z,Eye.L_x,Eye.L_y,Eye.L_z,Eye.R_x,Eye.R_y,Eye.R_z,Ear.L_x,Ear.L_y,Ear.L_z,Ear.R_x,Ear.R_y,Ear.R_z,hip.Center_x,hip.Center_y,hip.Center_z
0,0.4772036,0.11991206,-0.6230418,0.34993815,0.11531932,-0.21428208,-0.0037217105,0.09921774,0.02626796,-0.0064472323,0.33822945,-0.01856887,0.30938473,0.3005613,-0.29419315,0.46419314,0.28429726,-0.69205433,-0.6614612,-0.13702135,0.20679264,-0.45694664,-0.1453786,0.067555,-0.459059,0.123731054,0.046982758,-0.45855528,0.3569159,0.059633102,-0.5565375,0.57440656,0.1599182,-0.77485067,0.5768807,0.27934372,-0.49067196,0.24837251,0.06540766,-0.680686,0.29047936,0.03774999,-0.63521785,0.2598803,0.18564808,-0.65842617,0.30230802,0.14887652,-0.6652727,0.2379964,0.13727479,-0.60745,0.34820336,0.07550277,-0.62283444,0.21326965,0.044301353,-0.005084471311420202,0.2187235951423645,0.003849545493721962
