frame,Ankle.R_x,Ankle.R_y,Ankle.R_z,Knee.R_x,Knee.R_y,Knee.R_z,Hip.R_x,Hip.R_y,Hip.R_z,Hip.L_x,Hip.L_y,Hip.L_z,Knee.L_x,Knee.L_y,Knee.L_z,Ankle.L_x,Ankle.L_y,Ankle.L_z,Wrist.R_x,Wrist.R_y,Wrist.R_z,Elbow.R_x,Elbow.R_y,Elbow.R_z,Shoulder.R_x,Shoulder.R_y,Shoulder.R_z,Shoulder.L_x,Shoulder.L_y,Shoulder.L_z,Elbow.L_x,Elbow.L_y,Elbow.L_z,Wrist.L_x,Wrist.L_y,Wrist.L_z,Neck_x,Neck_y,Neck_z,Head_x,Head_y,Head_z,Nose_x,Nose_y,Nose_z,Eye.L_x,Eye.L_y,Eye.L_z,Eye.R_x,Eye.R_y,Eye.R_z,Ear.L_x,Ear.L_y,Ear.L_z,Ear.R_x,Ear.R_y,Ear.R_z,hip.Center_x,hip.Center_y,hip.Center_z
0,0.47988048,0.10795271,-0.62380517,0.3489362,0.115994126,-0.21474105,0.0024160827,0.10737112,0.04180825,-0.012370345,0.33908424,-0.03514109,0.30896342,0.29415864,-0.30173045,0.4712299,0.27799657,-0.70100176,-0.5824647,-0.11632245,0.22598423,-0.38865143,-0.13549335,0.079544246,-0.46238264,0.12384417,0.04956866,-0.4674363,0.3635565,0.054185566,-0.49714324,0.61484045,0.1306112,-0.67970747,0.56375283,0.28136805,-0.5003859,0.2518574,0.06503195,-0.6914805,0.30115998,0.041672874,-0.641958,0.2568414,0.18566984,-0.6661364,0.30258715,0.15302742,-0.67344856,0.2395226,0.13573341,-0.61666316,0.355112,0.08268279,-0.63372135,0.22283486,0.03992693,-0.004977131262421608,0.22322767972946167,0.0033335797488689423
