frame,Ankle.R_x,Ankle.R_y,Ankle.R_z,Knee.R_x,Knee.R_y,Knee.R_z,Hip.R_x,Hip.R_y,Hip.R_z,Hip.L_x,Hip.L_y,Hip.L_z,Knee.L_x,Knee.L_y,Knee.L_z,Ankle.L_x,Ankle.L_y,Ankle.L_z,Wrist.R_x,Wrist.R_y,Wrist.R_z,Elbow.R_x,Elbow.R_y,Elbow.R_z,Shoulder.R_x,Shoulder.R_y,Shoulder.R_z,Shoulder.L_x,Shoulder.L_y,Shoulder.L_z,Elbow.L_x,Elbow.L_y,Elbow.L_z,Wrist.L_x,Wrist.L_y,Wrist.L_z,Neck_x,Neck_y,Neck_z,Head_x,Head_y,Head_z,Nose_x,Nose_y,Nose_z,Eye.L_x,Eye.L_y,Eye.L_z,Eye.R_x,Eye.R_y,Eye.R_z,Ear.L_x,Ear.L_y,Ear.L_z,Ear.R_x,Ear.R_y,Ear.R_z,hip.Center_x,hip.Center_y,hip.Center_z
0,0.44162503,0.11467995,-0.65599746,0.33351916,0.12053479,-0.23931178,0.004584861,0.10560149,0.038713224,-0.01142644,0.33882293,-0.029799039,0.2944933,0.29408103,-0.31474027,0.4331467,0.27613148,-0.72239345,-0.56676924,-0.11513362,0.21575601,-0.37470832,-0.13343042,0.06826295,-0.46298364,0.11911121,0.045101978,-0.46792796,0.35413173,0.050365858,-0.5017551,0.59591365,0.14527705,-0.69198966,0.55091953,0.28915283,-0.5002152,0.24492621,0.05925615,-0.6911504,0.29383653,0.037684042,-0.63767946,0.25458467,0.18153976,-0.6625856,0.29921868,0.14798169,-0.67079186,0.23561153,0.13339932,-0.61512506,0.34857008,0.074367344,-0.6338736,0.21522403,0.03740784,-0.0034207897260785103,0.22221221029758453,0.004457092843949795
