frame,Ankle.R_x,Ankle.R_y,Ankle.R_z,Knee.R_x,Knee.R_y,Knee.R_z,Hip.R_x,Hip.R_y,Hip.R_z,Hip.L_x,Hip.L_y,Hip.L_z,Knee.L_x,Knee.L_y,Knee.L_z,Ankle.L_x,Ankle.L_y,Ankle.L_z,Wrist.R_x,Wrist.R_y,Wrist.R_z,Elbow.R_x,Elbow.R_y,Elbow.R_z,Shoulder.R_x,Shoulder.R_y,Shoulder.R_z,Shoulder.L_x,Shoulder.L_y,Shoulder.L_z,Elbow.L_x,Elbow.L_y,Elbow.L_z,Wrist.L_x,Wrist.L_y,Wrist.L_z,Neck_x,Neck_y,Neck_z,Head_x,Head_y,Head_z,Nose_x,Nose_y,Nose_z,Eye.L_x,Eye.L_y,Eye.L_z,Eye.R_x,Eye.R_y,Eye.R_z,Ear.L_x,Ear.L_y,Ear.L_z,Ear.R_x,Ear.R_y,Ear.R_z,hip.Center_x,hip.Center_y,hip.Center_z
0,0.293018,0.16803183,-0.8027073,0.10063347,0.17610186,-0.4079411,-0.03148816,0.09657716,-0.02775403,0.04087927,0.31580892,0.043847132,0.12051746,0.32677466,-0.37350956,0.30297175,0.30038705,-0.77183276,-0.5323951,-0.016113864,0.017799258,-0.3805184,-0.047506507,-0.17101583,-0.42654622,0.15542364,0.031986192,-0.4057764,0.3856857,0.11936527,-0.4766257,0.6438316,0.18079473,-0.6266241,0.54600763,0.3430877,-0.45336413,0.26077974,0.10049827,-0.6180913,0.31619436,0.19992164,-0.60803413,0.26810917,0.052593835,-0.63879156,0.2607646,0.10556753,-0.606482,0.31609,0.08947419,-0.6007635,0.21599248,0.18947895,-0.53429997,0.33461523,0.15723427,0.004695553332567215,0.20619304478168488,0.00804655160754919
