frame,Ankle.R_x,Ankle.R_y,Ankle.R_z,Knee.R_x,Knee.R_y,Knee.R_z,Hip.R_x,Hip.R_y,Hip.R_z,Hip.L_x,Hip.L_y,Hip.L_z,Knee.L_x,Knee.L_y,Knee.L_z,Ankle.L_x,Ankle.L_y,Ankle.L_z,Wrist.R_x,Wrist.R_y,Wrist.R_z,Elbow.R_x,Elbow.R_y,Elbow.R_z,Shoulder.R_x,Shoulder.R_y,Shoulder.R_z,Shoulder.L_x,Shoulder.L_y,Shoulder.L_z,Elbow.L_x,Elbow.L_y,Elbow.L_z,Wrist.L_x,Wrist.L_y,Wrist.L_z,Neck_x,Neck_y,Neck_z,Head_x,Head_y,Head_z,Nose_x,Nose_y,Nose_z,Eye.L_x,Eye.L_y,Eye.L_z,Eye.R_x,Eye.R_y,Eye.R_z,Ear.L_x,Ear.L_y,Ear.L_z,Ear.R_x,Ear.R_y,Ear.R_z,hip.Center_x,hip.Center_y,hip.Center_z
0,0.4674656,0.10926729,-0.6382459,0.34029418,0.117163345,-0.22732344,0.0028940937,0.10581525,0.03985531,-0.01092025,0.33798864,-0.031353742,0.3051422,0.29447186,-0.304913,0.45134386,0.27468276,-0.7094982,-0.5725883,-0.11691169,0.2156018,-0.37762406,-0.12987548,0.07128784,-0.46388057,0.12251822,0.045344837,-0.4687885,0.35555992,0.04701392,-0.5067658,0.59814095,0.13718963,-0.70053977,0.55773276,0.27783713,-0.5004822,0.24754317,0.057888713,-0.69118315,0.2933383,0.03587868,-0.6366758,0.26184264,0.18124545,-0.6621105,0.3045197,0.14562653,-0.66985095,0.24022336,0.13433625,-0.61550134,0.3504191,0.06940296,-0.63329417,0.2153743,0.03927292,-0.004013078287243843,0.22190195322036743,0.00425078347325325
