frame,Ankle.R_x,Ankle.R_y,Ankle.R_z,Knee.R_x,Knee.R_y,Knee.R_z,Hip.R_x,Hip.R_y,Hip.R_z,Hip.L_x,Hip.L_y,Hip.L_z,Knee.L_x,Knee.L_y,Knee.L_z,Ankle.L_x,Ankle.L_y,Ankle.L_z,Wrist.R_x,Wrist.R_y,Wrist.R_z,Elbow.R_x,Elbow.R_y,Elbow.R_z,Shoulder.R_x,Shoulder.R_y,Shoulder.R_z,Shoulder.L_x,Shoulder.L_y,Shoulder.L_z,Elbow.L_x,Elbow.L_y,Elbow.L_z,Wrist.L_x,Wrist.L_y,Wrist.L_z,Neck_x,Neck_y,Neck_z,Head_x,Head_y,Head_z,Nose_x,Nose_y,Nose_z,Eye.L_x,Eye.L_y,Eye.L_z,Eye.R_x,Eye.R_y,Eye.R_z,Ear.L_x,Ear.L_y,Ear.L_z,Ear.R_x,Ear.R_y,Ear.R_z,hip.Center_x,hip.Center_y,hip.Center_z
0,0.32047567,0.15267679,-0.80184734,0.14881323,0.15703917,-0.39747134,-0.033455078,0.09792864,-0.030935716,0.03969399,0.31561914,0.04530066,0.14781022,0.31449467,-0.36853695,0.31915516,0.2947272,-0.7731951,-0.53461874,-0.044607196,0.015530294,-0.36851564,-0.0648303,-0.15746234,-0.43114322,0.13719392,0.040135965,-0.42100137,0.3683858,0.11174101,-0.47660267,0.6342901,0.15762778,-0.6357596,0.5412635,0.31471425,-0.46261787,0.24359757,0.10130087,-0.61795014,0.3230772,0.17785662,-0.6162489,0.23260015,0.05004797,-0.64556646,0.24289218,0.10339425,-0.6105857,0.28914428,0.071363196,-0.6069204,0.22216918,0.19666833,-0.53527963,0.32236063,0.12981288,0.003119455650448799,0.20677389204502106,0.007182471454143524
