frame,Ankle.R_x,Ankle.R_y,Ankle.R_z,Knee.R_x,Knee.R_y,Knee.R_z,Hip.R_x,Hip.R_y,Hip.R_z,Hip.L_x,Hip.L_y,Hip.L_z,Knee.L_x,Knee.L_y,Knee.L_z,Ankle.L_x,Ankle.L_y,Ankle.L_z,Wrist.R_x,Wrist.R_y,Wrist.R_z,Elbow.R_x,Elbow.R_y,Elbow.R_z,Shoulder.R_x,Shoulder.R_y,Shoulder.R_z,Shoulder.L_x,Shoulder.L_y,Shoulder.L_z,Elbow.L_x,Elbow.L_y,Elbow.L_z,Wrist.L_x,Wrist.L_y,Wrist.L_z,Neck_x,Neck_y,Neck_z,Head_x,Head_y,Head_z,Nose_x,Nose_y,Nose_z,Eye.L_x,Eye.L_y,Eye.L_z,Eye.R_x,Eye.R_y,Eye.R_z,Ear.L_x,Ear.L_y,Ear.L_z,Ear.R_x,Ear.R_y,Ear.R_z,hip.Center_x,hip.Center_y,hip.Center_z
0,0.45656544,0.09233193,-0.64421844,0.33704135,0.105143666,-0.22992694,0.00199297,0.107978255,0.04201244,-0.010870318,0.34032968,-0.033771154,0.31038904,0.29211906,-0.3019815,0.44631308,0.2701761,-0.7129823,-0.53186285,-0.09065738,0.22122724,-0.34495378,-0.12959461,0.07334064,-0.45975313,0.11926353,0.050315708,-0.465034,0.36897522,0.043474633,-0.45768484,0.61710775,0.13897681,-0.6394758,0.531803,0.27109614,-0.5016557,0.25284094,0.058297724,-0.69699514,0.30363345,0.03915726,-0.6389564,0.261587,0.18062478,-0.6654192,0.30678615,0.14861168,-0.6734773,0.24344473,0.1327085,-0.62016493,0.3581304,0.07488383,-0.6392089,0.2255518,0.034854013,-0.0044386740773916245,0.22415396571159363,0.004120642319321632
