frame,Ankle.R_x,Ankle.R_y,Ankle.R_z,Knee.R_x,Knee.R_y,Knee.R_z,Hip.R_x,Hip.R_y,Hip.R_z,Hip.L_x,Hip.L_y,Hip.L_z,Knee.L_x,Knee.L_y,Knee.L_z,Ankle.L_x,Ankle.L_y,Ankle.L_z,Wrist.R_x,Wrist.R_y,Wrist.R_z,Elbow.R_x,Elbow.R_y,Elbow.R_z,Shoulder.R_x,Shoulder.R_y,Shoulder.R_z,Shoulder.L_x,Shoulder.L_y,Shoulder.L_z,Elbow.L_x,Elbow.L_y,Elbow.L_z,Wrist.L_x,Wrist.L_y,Wrist.L_z,Neck_x,Neck_y,Neck_z,Head_x,Head_y,Head_z,Nose_x,Nose_y,Nose_z,Eye.L_x,Eye.L_y,Eye.L_z,Eye.R_x,Eye.R_y,Eye.R_z,Ear.L_x,Ear.L_y,Ear.L_z,Ear.R_x,Ear.R_y,Ear.R_z,hip.Center_x,hip.Center_y,hip.Center_z
0,0.2990467,0.16458184,-0.79707414,0.09220382,0.178463,-0.4102534,-0.027328242,0.09578485,-0.025852839,0.039999314,0.31765506,0.041355036,0.113213725,0.32520518,-0.37786806,0.30756107,0.2940495,-0.76972395,-0.49609047,0.0060530067,0.013354815,-0.33063203,-0.026385745,-0.1655378,-0.4325498,0.16570878,0.026640562,-0.40844762,0.3888854,0.12029517,-0.43956253,0.6475236,0.2068017,-0.5811994,0.52592874,0.35508788,-0.45645696,0.26570502,0.09811158,-0.62224096,0.30989,0.20013787,-0.6087741,0.2705548,0.050363276,-0.6393727,0.25897148,0.1028664,-0.60943395,0.3163614,0.09007753,-0.60034764,0.21160737,0.18405157,-0.5389751,0.33440357,0.15879104,0.006335536018013954,0.20671994984149933,0.007751098833978176
