frame,Ankle.R_x,Ankle.R_y,Ankle.R_z,Knee.R_x,Knee.R_y,Knee.R_z,Hip.R_x,Hip.R_y,Hip.R_z,Hip.L_x,Hip.L_y,Hip.L_z,Knee.L_x,Knee.L_y,Knee.L_z,Ankle.L_x,Ankle.L_y,Ankle.L_z,Wrist.R_x,Wrist.R_y,Wrist.R_z,Elbow.R_x,Elbow.R_y,Elbow.R_z,Shoulder.R_x,Shoulder.R_y,Shoulder.R_z,Shoulder.L_x,Shoulder.L_y,Shoulder.L_z,Elbow.L_x,Elbow.L_y,Elbow.L_z,Wrist.L_x,Wrist.L_y,Wrist.L_z,Neck_x,Neck_y,Neck_z,Head_x,Head_y,Head_z,Nose_x,Nose_y,Nose_z,Eye.L_x,Eye.L_y,Eye.L_z,Eye.R_x,Eye.R_y,Eye.R_z,Ear.L_x,Ear.L_y,Ear.L_z,Ear.R_x,Ear.R_y,Ear.R_z,hip.Center_x,hip.Center_y,hip.Center_z
0,0.43117478,0.09168076,-0.6591692,0.32985124,0.107016094,-0.24056268,0.0038774211,0.10810707,0.042118683,-0.011521083,0.3404996,-0.033366255,0.30088818,0.28926095,-0.31115,0.42858624,0.26563635,-0.7243521,-0.5206586,-0.09632965,0.22438428,-0.33351815,-0.13023095,0.07592639,-0.45661616,0.11473614,0.049445435,-0.4643584,0.36644644,0.044274855,-0.45748043,0.6143857,0.14067245,-0.63572377,0.5259917,0.27514794,-0.5006688,0.24940898,0.057449322,-0.695511,0.30502686,0.036379606,-0.6409287,0.2542487,0.1761857,-0.66603136,0.30158225,0.1462872,-0.67486274,0.2393447,0.12675656,-0.61848,0.35609865,0.07628945,-0.6390369,0.22619313,0.028789409,-0.0038218311965465546,0.22430333495140076,0.004376213997602463
