frame,Ankle.R_x,Ankle.R_y,Ankle.R_z,Knee.R_x,Knee.R_y,Knee.R_z,Hip.R_x,Hip.R_y,Hip.R_z,Hip.L_x,Hip.L_y,Hip.L_z,Knee.L_x,Knee.L_y,Knee.L_z,Ankle.L_x,Ankle.L_y,Ankle.L_z,Wrist.R_x,Wrist.R_y,Wrist.R_z,Elbow.R_x,Elbow.R_y,Elbow.R_z,Shoulder.R_x,Shoulder.R_y,Shoulder.R_z,Shoulder.L_x,Shoulder.L_y,Shoulder.L_z,Elbow.L_x,Elbow.L_y,Elbow.L_z,Wrist.L_x,Wrist.L_y,Wrist.L_z,Neck_x,Neck_y,Neck_z,Head_x,Head_y,Head_z,Nose_x,Nose_y,Nose_z,Eye.L_x,Eye.L_y,Eye.L_z,Eye.R_x,Eye.R_y,Eye.R_z,Ear.L_x,Ear.L_y,Ear.L_z,Ear.R_x,Ear.R_y,Ear.R_z,hip.Center_x,hip.Center_y,hip.Center_z
0,0.48081645,0.09127322,-0.62963927,0.34240443,0.11177447,-0.2224478,0.004714298,0.11095001,0.046910048,-0.014848505,0.3397789,-0.039712433,0.30827352,0.29368192,-0.30440903,0.45670417,0.27363196,-0.7110635,-0.54037815,-0.10247839,0.24255931,-0.35632202,-0.13507873,0.08757037,-0.4586304,0.12019235,0.0579041,-0.4633513,0.3741773,0.04943138,-0.46067652,0.6268093,0.13692412,-0.6403097,0.54155576,0.2724244,-0.5012964,0.2554408,0.06607887,-0.69877946,0.30065066,0.046697274,-0.6412288,0.2550691,0.18729837,-0.6690471,0.30049348,0.15685567,-0.6739575,0.23759322,0.13794282,-0.6247132,0.3572818,0.086118475,-0.63755894,0.22559662,0.039948255,-0.0050671035423874855,0.22536444664001465,0.003598807379603386
