frame,Ankle.R_x,Ankle.R_y,Ankle.R_z,Knee.R_x,Knee.R_y,Knee.R_z,Hip.R_x,Hip.R_y,Hip.R_z,Hip.L_x,Hip.L_y,Hip.L_z,Knee.L_x,Knee.L_y,Knee.L_z,Ankle.L_x,Ankle.L_y,Ankle.L_z,Wrist.R_x,Wrist.R_y,Wrist.R_z,Elbow.R_x,Elbow.R_y,Elbow.R_z,Shoulder.R_x,Shoulder.R_y,Shoulder.R_z,Shoulder.L_x,Shoulder.L_y,Shoulder.L_z,Elbow.L_x,Elbow.L_y,Elbow.L_z,Wrist.L_x,Wrist.L_y,Wrist.L_z,Neck_x,Neck_y,Neck_z,Head_x,Head_y,Head_z,Nose_x,Nose_y,Nose_z,Eye.L_x,Eye.L_y,Eye.L_z,Eye.R_x,Eye.R_y,Eye.R_z,Ear.L_x,Ear.L_y,Ear.L_z,Ear.R_x,Ear.R_y,Ear.R_z,hip.Center_x,hip.Center_y,hip.Center_z
0,0.44630334,0.07364963,-0.64902484,0.3369276,0.10546545,-0.2330498,0.00068383384,0.10442505,0.035110347,-0.008959935,0.34072274,-0.02596735,0.3037623,0.2904424,-0.30570146,0.43650287,0.26703689,-0.71675265,-0.54845923,-0.106797144,0.20934215,-0.35026076,-0.13443425,0.07337257,-0.45817584,0.11537742,0.045337714,-0.46245563,0.36327362,0.05268226,-0.4639124,0.6119624,0.14698754,-0.646793,0.5469564,0.2903059,-0.49917486,0.24752718,0.06033992,-0.68986654,0.30142328,0.034419477,-0.6435267,0.24957228,0.17679118,-0.66667837,0.29720086,0.14605817,-0.6745515,0.23511605,0.12560028,-0.61510855,0.3522883,0.07935769,-0.6332294,0.22271979,0.029987566,-0.004138050600886345,0.2225738912820816,0.004571498371660709
