frame,Ankle.R_x,Ankle.R_y,Ankle.R_z,Knee.R_x,Knee.R_y,Knee.R_z,Hip.R_x,Hip.R_y,Hip.R_z,Hip.L_x,Hip.L_y,Hip.L_z,Knee.L_x,Knee.L_y,Knee.L_z,Ankle.L_x,Ankle.L_y,Ankle.L_z,Wrist.R_x,Wrist.R_y,Wrist.R_z,Elbow.R_x,Elbow.R_y,Elbow.R_z,Shoulder.R_x,Shoulder.R_y,Shoulder.R_z,Shoulder.L_x,Shoulder.L_y,Shoulder.L_z,Elbow.L_x,Elbow.L_y,Elbow.L_z,Wrist.L_x,Wrist.L_y,Wrist.L_z,Neck_x,Neck_y,Neck_z,Head_x,Head_y,Head_z,Nose_x,Nose_y,Nose_z,Eye.L_x,Eye.L_y,Eye.L_z,Eye.R_x,Eye.R_y,Eye.R_z,Ear.L_x,Ear.L_y,Ear.L_z,Ear.R_x,Ear.R_y,Ear.R_z,hip.Center_x,hip.Center_y,hip.Center_z
0,0.4793821,0.06353167,-0.6314079,0.3332132,0.10135758,-0.23066382,0.0035029417,0.10691398,0.041446164,-0.012148214,0.33752233,-0.033183955,0.30438286,0.29511213,-0.30451477,0.46739665,0.26631877,-0.7001663,-0.6134949,-0.14443661,0.1990114,-0.40841892,-0.1400238,0.06707924,-0.45879847,0.123278216,0.051532462,-0.4639843,0.35690603,0.06095211,-0.5022684,0.6047502,0.13554648,-0.69523406,0.5971871,0.28216642,-0.4958904,0.24772629,0.07066368,-0.6826073,0.2968992,0.04036747,-0.6420141,0.25472754,0.18775317,-0.6636754,0.30011606,0.1532755,-0.6707833,0.23688126,0.13658807,-0.6098372,0.35065925,0.084955975,-0.62602806,0.21813291,0.043599367,-0.004322635941207409,0.22221815586090088,0.004131104797124863
