frame,Ankle.R_x,Ankle.R_y,Ankle.R_z,Knee.R_x,Knee.R_y,Knee.R_z,Hip.R_x,Hip.R_y,Hip.R_z,Hip.L_x,Hip.L_y,Hip.L_z,Knee.L_x,Knee.L_y,Knee.L_z,Ankle.L_x,Ankle.L_y,Ankle.L_z,Wrist.R_x,Wrist.R_y,Wrist.R_z,Elbow.R_x,Elbow.R_y,Elbow.R_z,Shoulder.R_x,Shoulder.R_y,Shoulder.R_z,Shoulder.L_x,Shoulder.L_y,Shoulder.L_z,Elbow.L_x,Elbow.L_y,Elbow.L_z,Wrist.L_x,Wrist.L_y,Wrist.L_z,Neck_x,Neck_y,Neck_z,Head_x,Head_y,Head_z,Nose_x,Nose_y,Nose_z,Eye.L_x,Eye.L_y,Eye.L_z,Eye.R_x,Eye.R_y,Eye.R_z,Ear.L_x,Ear.L_y,Ear.L_z,Ear.R_x,Ear.R_y,Ear.R_z,hip.Center_x,hip.Center_y,hip.Center_z
0,0.49438184,0.06763579,-0.61611825,0.34149408,0.11112867,-0.219848,0.0068935975,0.109585844,0.04728193,-0.01574429,0.33563906,-0.039974336,0.295803,0.2944877,-0.31358606,0.45957667,0.27281612,-0.7081741,-0.61269325,-0.14813504,0.23151246,-0.41383797,-0.14015594,0.08866555,-0.45655453,0.12210167,0.0564743,-0.46452484,0.35579824,0.0596546,-0.5110013,0.60584337,0.120957986,-0.70052713,0.60452825,0.2724178,-0.49502435,0.24618763,0.07288496,-0.68302953,0.28742152,0.04094238,-0.6419127,0.2510968,0.18980028,-0.6650852,0.29458642,0.15400061,-0.66940475,0.23071818,0.1390093,-0.6129001,0.34543005,0.084608674,-0.623284,0.21126612,0.04686375,-0.004425345920026302,0.22261245548725128,0.0036537963896989822
