frame,Ankle.R_x,Ankle.R_y,Ankle.R_z,Knee.R_x,Knee.R_y,Knee.R_z,Hip.R_x,Hip.R_y,Hip.R_z,Hip.L_x,Hip.L_y,Hip.L_z,Knee.L_x,Knee.L_y,Knee.L_z,Ankle.L_x,Ankle.L_y,Ankle.L_z,Wrist.R_x,Wrist.R_y,Wrist.R_z,Elbow.R_x,Elbow.R_y,Elbow.R_z,Shoulder.R_x,Shoulder.R_y,Shoulder.R_z,Shoulder.L_x,Shoulder.L_y,Shoulder.L_z,Elbow.L_x,Elbow.L_y,Elbow.L_z,Wrist.L_x,Wrist.L_y,Wrist.L_z,Neck_x,Neck_y,Neck_z,Head_x,Head_y,Head_z,Nose_x,Nose_y,Nose_z,Eye.L_x,Eye.L_y,Eye.L_z,Eye.R_x,Eye.R_y,Eye.R_z,Ear.L_x,Ear.L_y,Ear.L_z,Ear.R_x,Ear.R_y,Ear.R_z,hip.Center_x,hip.Center_y,hip.Center_z
0,0.4985882,0.06042526,-0.6041921,0.3574327,0.111670315,-0.20286596,-0.0027524983,0.100693166,0.02633998,-0.00675251,0.3400753,-0.019180497,0.30404693,0.29107597,-0.3004989,0.48247752,0.27532914,-0.6897061,-0.67587596,-0.18172061,0.20962647,-0.46592343,-0.15215196,0.07779776,-0.45831767,0.11812331,0.060366612,-0.4599824,0.35256213,0.07226901,-0.54327095,0.59182996,0.13953422,-0.75833964,0.623469,0.26048928,-0.4916058,0.2421422,0.08121877,-0.678165,0.28539133,0.04911717,-0.6418983,0.24489854,0.19785711,-0.66300046,0.28979596,0.16251954,-0.66852266,0.2262623,0.1460557,-0.60779524,0.34115952,0.09552345,-0.6201521,0.20783171,0.054446936,-0.004752504173666239,0.22038424015045166,0.003579741343855858
