frame,Ankle.R_x,Ankle.R_y,Ankle.R_z,Knee.R_x,Knee.R_y,Knee.R_z,Hip.R_x,Hip.R_y,Hip.R_z,Hip.L_x,Hip.L_y,Hip.L_z,Knee.L_x,Knee.L_y,Knee.L_z,Ankle.L_x,Ankle.L_y,Ankle.L_z,Wrist.R_x,Wrist.R_y,Wrist.R_z,Elbow.R_x,Elbow.R_y,Elbow.R_z,Shoulder.R_x,Shoulder.R_y,Shoulder.R_z,Shoulder.L_x,Shoulder.L_y,Shoulder.L_z,Elbow.L_x,Elbow.L_y,Elbow.L_z,Wrist.L_x,Wrist.L_y,Wrist.L_z,Neck_x,Neck_y,Neck_z,Head_x,Head_y,Head_z,Nose_x,Nose_y,Nose_z,Eye.L_x,Eye.L_y,Eye.L_z,Eye.R_x,Eye.R_y,Eye.R_z,Ear.L_x,Ear.L_y,Ear.L_z,Ear.R_x,Ear.R_y,Ear.R_z,hip.Center_x,hip.Center_y,hip.Center_z
0,0.487503,0.054103587,-0.60968524,0.35744968,0.098129824,-0.20261914,-0.007496425,0.09831978,0.017301435,-0.0026266973,0.3406523,-0.010645027,0.31448784,0.29140422,-0.28881422,0.48509628,0.2723612,-0.68302697,-0.6767212,-0.18824401,0.18355012,-0.46362558,-0.15311554,0.059003558,-0.4616717,0.11861589,0.054720525,-0.4601454,0.35280704,0.06856559,-0.54334384,0.59038055,0.1410685,-0.7661017,0.62937963,0.24727634,-0.49329346,0.24282889,0.07577271,-0.6789485,0.28853297,0.04225836,-0.6435382,0.25000966,0.19162054,-0.66367435,0.2946666,0.1554315,-0.67083323,0.23095821,0.14027214,-0.60721654,0.34335947,0.08747318,-0.62283134,0.209665,0.048952043,-0.005061561241745949,0.2194860279560089,0.0033282036893069744
