frame,Ankle.R_x,Ankle.R_y,Ankle.R_z,Knee.R_x,Knee.R_y,Knee.R_z,Hip.R_x,Hip.R_y,Hip.R_z,Hip.L_x,Hip.L_y,Hip.L_z,Knee.L_x,Knee.L_y,Knee.L_z,Ankle.L_x,Ankle.L_y,Ankle.L_z,Wrist.R_x,Wrist.R_y,Wrist.R_z,Elbow.R_x,Elbow.R_y,Elbow.R_z,Shoulder.R_x,Shoulder.R_y,Shoulder.R_z,Shoulder.L_x,Shoulder.L_y,Shoulder.L_z,Elbow.L_x,Elbow.L_y,Elbow.L_z,Wrist.L_x,Wrist.L_y,Wrist.L_z,Neck_x,Neck_y,Neck_z,Head_x,Head_y,Head_z,Nose_x,Nose_y,Nose_z,Eye.L_x,Eye.L_y,Eye.L_z,Eye.R_x,Eye.R_y,Eye.R_z,Ear.L_x,Ear.L_y,Ear.L_z,Ear.R_x,Ear.R_y,Ear.R_z,hip.Center_x,hip.Center_y,hip.Center_z
0,0.36010858,0.106031924,-0.7789756,0.14485034,0.14700156,-0.39726746,-0.04210086,0.09965067,-0.032680195,0.045767665,0.31134644,0.046883892,0.17932248,0.3109996,-0.36028317,0.36004743,0.29196233,-0.76409394,-0.6319781,-0.10517758,0.03251889,-0.44543105,-0.0894703,-0.1288915,-0.4247546,0.1385862,0.044875514,-0.4186449,0.36898342,0.118638545,-0.51553196,0.62569326,0.14134856,-0.6977481,0.60296243,0.30673933,-0.45685586,0.2439176,0.10446556,-0.62250733,0.3177401,0.1645518,-0.6104131,0.21514513,0.04717154,-0.64202416,0.22831059,0.0982773,-0.6093307,0.27372745,0.06250972,-0.6046844,0.22042306,0.19446173,-0.5381795,0.31867528,0.11924459,0.001833401620388031,0.2054985612630844,0.007101848721504211
