frame,Ankle.R_x,Ankle.R_y,Ankle.R_z,Knee.R_x,Knee.R_y,Knee.R_z,Hip.R_x,Hip.R_y,Hip.R_z,Hip.L_x,Hip.L_y,Hip.L_z,Knee.L_x,Knee.L_y,Knee.L_z,Ankle.L_x,Ankle.L_y,Ankle.L_z,Wrist.R_x,Wrist.R_y,Wrist.R_z,Elbow.R_x,Elbow.R_y,Elbow.R_z,Shoulder.R_x,Shoulder.R_y,Shoulder.R_z,Shoulder.L_x,Shoulder.L_y,Shoulder.L_z,Elbow.L_x,Elbow.L_y,Elbow.L_z,Wrist.L_x,Wrist.L_y,Wrist.L_z,Neck_x,Neck_y,Neck_z,Head_x,Head_y,Head_z,Nose_x,Nose_y,Nose_z,Eye.L_x,Eye.L_y,Eye.L_z,Eye.R_x,Eye.R_y,Eye.R_z,Ear.L_x,Ear.L_y,Ear.L_z,Ear.R_x,Ear.R_y,Ear.R_z,hip.Center_x,hip.Center_y,hip.Center_z
0,0.3710985,0.091210455,-0.77409923,0.1496725,0.14165805,-0.3970237,-0.04957626,0.103451304,-0.03815179,0.049762845,0.30733946,0.04965658,0.1904524,0.30472475,-0.3566537,0.36742643,0.28124657,-0.76311636,-0.71493,-0.14404789,0.03969416,-0.5057101,-0.08808846,-0.09362966,-0.4262227,0.14164189,0.04934099,-0.42344487,0.36288017,0.11979121,-0.5729658,0.5875268,0.13294472,-0.77981603,0.6238782,0.27831617,-0.45580462,0.2417214,0.104484886,-0.6156953,0.31382266,0.16394374,-0.6072633,0.21293335,0.04517471,-0.6379986,0.22570768,0.09652872,-0.6040291,0.27090597,0.061441302,-0.6002721,0.21516553,0.19282795,-0.5310476,0.31282672,0.11900423,9.329244494438171e-05,0.2053953856229782,0.005752395838499069
