frame,Ankle.R_x,Ankle.R_y,Ankle.R_z,Knee.R_x,Knee.R_y,Knee.R_z,Hip.R_x,Hip.R_y,Hip.R_z,Hip.L_x,Hip.L_y,Hip.L_z,Knee.L_x,Knee.L_y,Knee.L_z,Ankle.L_x,Ankle.L_y,Ankle.L_z,Wrist.R_x,Wrist.R_y,Wrist.R_z,Elbow.R_x,Elbow.R_y,Elbow.R_z,Shoulder.R_x,Shoulder.R_y,Shoulder.R_z,Shoulder.L_x,Shoulder.L_y,Shoulder.L_z,Elbow.L_x,Elbow.L_y,Elbow.L_z,Wrist.L_x,Wrist.L_y,Wrist.L_z,Neck_x,Neck_y,Neck_z,Head_x,Head_y,Head_z,Nose_x,Nose_y,Nose_z,Eye.L_x,Eye.L_y,Eye.L_z,Eye.R_x,Eye.R_y,Eye.R_z,Ear.L_x,Ear.L_y,Ear.L_z,Ear.R_x,Ear.R_y,Ear.R_z,hip.Center_x,hip.Center_y,hip.Center_z
0,0.35232916,0.1027471,-0.7841096,0.13469042,0.15374498,-0.40464315,-0.063776895,0.1143904,-0.047724497,0.062523715,0.29257163,0.057174303,0.18756352,0.31136674,-0.3537223,0.3541455,0.2983769,-0.76542497,-0.7003847,-0.12721986,0.027320294,-0.5021374,-0.052463606,-0.1143652,-0.42369998,0.17048283,0.04287712,-0.41502035,0.3819217,0.1268386,-0.5731302,0.59916407,0.14780156,-0.7696414,0.62485695,0.3092565,-0.4470526,0.26193678,0.10362966,-0.6147237,0.28946137,0.19290361,-0.59477746,0.24943468,0.04445634,-0.6257776,0.23548982,0.095191404,-0.5990721,0.2951745,0.08337989,-0.58521295,0.19115672,0.17981745,-0.5308519,0.31846076,0.15555988,-0.0006265901029109955,0.2034810185432434,0.004724903032183647
