frame,Ankle.R_x,Ankle.R_y,Ankle.R_z,Knee.R_x,Knee.R_y,Knee.R_z,Hip.R_x,Hip.R_y,Hip.R_z,Hip.L_x,Hip.L_y,Hip.L_z,Knee.L_x,Knee.L_y,Knee.L_z,Ankle.L_x,Ankle.L_y,Ankle.L_z,Wrist.R_x,Wrist.R_y,Wrist.R_z,Elbow.R_x,Elbow.R_y,Elbow.R_z,Shoulder.R_x,Shoulder.R_y,Shoulder.R_z,Shoulder.L_x,Shoulder.L_y,Shoulder.L_z,Elbow.L_x,Elbow.L_y,Elbow.L_z,Wrist.L_x,Wrist.L_y,Wrist.L_z,Neck_x,Neck_y,Neck_z,Head_x,Head_y,Head_z,Nose_x,Nose_y,Nose_z,Eye.L_x,Eye.L_y,Eye.L_z,Eye.R_x,Eye.R_y,Eye.R_z,Ear.L_x,Ear.L_y,Ear.L_z,Ear.R_x,Ear.R_y,Ear.R_z,hip.Center_x,hip.Center_y,hip.Center_z
0,0.50775284,0.05392911,-0.57706726,0.37122306,0.10566156,-0.17489886,-0.011189473,0.097026825,0.01300049,-0.0013470482,0.34064534,-0.008748258,0.3280063,0.2912159,-0.2724662,0.5004247,0.27694654,-0.66403365,-0.7420447,-0.2233356,0.19136819,-0.52884156,-0.14147843,0.072033115,-0.4567601,0.118223235,0.057097003,-0.45617998,0.35289693,0.083261326,-0.5843835,0.5660057,0.15358458,-0.809825,0.6596484,0.23016757,-0.48768717,0.24180481,0.084936045,-0.67259073,0.28837743,0.052074965,-0.64094853,0.24217409,0.19982433,-0.65995055,0.28872022,0.1657385,-0.6668814,0.22596446,0.14710328,-0.60195804,0.3409313,0.101915434,-0.6165248,0.20963158,0.05549781,-0.006268260534852743,0.21883608400821686,0.0021261158399283886
