frame,Ankle.R_x,Ankle.R_y,Ankle.R_z,Knee.R_x,Knee.R_y,Knee.R_z,Hip.R_x,Hip.R_y,Hip.R_z,Hip.L_x,Hip.L_y,Hip.L_z,Knee.L_x,Knee.L_y,Knee.L_z,Ankle.L_x,Ankle.L_y,Ankle.L_z,Wrist.R_x,Wrist.R_y,Wrist.R_z,Elbow.R_x,Elbow.R_y,Elbow.R_z,Shoulder.R_x,Shoulder.R_y,Shoulder.R_z,Shoulder.L_x,Shoulder.L_y,Shoulder.L_z,Elbow.L_x,Elbow.L_y,Elbow.L_z,Wrist.L_x,Wrist.L_y,Wrist.L_z,Neck_x,Neck_y,Neck_z,Head_x,Head_y,Head_z,Nose_x,Nose_y,Nose_z,Eye.L_x,Eye.L_y,Eye.L_z,Eye.R_x,Eye.R_y,Eye.R_z,Ear.L_x,Ear.L_y,Ear.L_z,Ear.R_x,Ear.R_y,Ear.R_z,hip.Center_x,hip.Center_y,hip.Center_z
0,0.4949776,0.054025486,-0.5993468,0.36304867,0.096336335,-0.1920819,-0.012171326,0.09687275,0.009753622,0.000810927,0.34081233,-0.005209863,0.32089746,0.28675807,-0.28210494,0.48365146,0.2644258,-0.6803163,-0.7423537,-0.22933076,0.15978676,-0.5198707,-0.14908737,0.057827845,-0.45589548,0.11453267,0.05542068,-0.45905495,0.34789565,0.0831975,-0.6018914,0.552621,0.14931804,-0.83353305,0.6461093,0.20861237,-0.48828626,0.23788713,0.084798746,-0.67258275,0.2909186,0.05669961,-0.6394776,0.24194108,0.20332591,-0.6572459,0.28957832,0.17005163,-0.6674327,0.22728942,0.15105772,-0.5985646,0.339792,0.10517551,-0.61992145,0.20960438,0.0579286,-0.005680199712514877,0.2188425362110138,0.0022718794643878937
