frame,Ankle.R_x,Ankle.R_y,Ankle.R_z,Knee.R_x,Knee.R_y,Knee.R_z,Hip.R_x,Hip.R_y,Hip.R_z,Hip.L_x,Hip.L_y,Hip.L_z,Knee.L_x,Knee.L_y,Knee.L_z,Ankle.L_x,Ankle.L_y,Ankle.L_z,Wrist.R_x,Wrist.R_y,Wrist.R_z,Elbow.R_x,Elbow.R_y,Elbow.R_z,Shoulder.R_x,Shoulder.R_y,Shoulder.R_z,Shoulder.L_x,Shoulder.L_y,Shoulder.L_z,Elbow.L_x,Elbow.L_y,Elbow.L_z,Wrist.L_x,Wrist.L_y,Wrist.L_z,Neck_x,Neck_y,Neck_z,Head_x,Head_y,Head_z,Nose_x,Nose_y,Nose_z,Eye.L_x,Eye.L_y,Eye.L_z,Eye.R_x,Eye.R_y,Eye.R_z,Ear.L_x,Ear.L_y,Ear.L_z,Ear.R_x,Ear.R_y,Ear.R_z,hip.Center_x,hip.Center_y,hip.Center_z
0,0.34504503,0.10409184,-0.78211915,0.13366161,0.15853447,-0.40482557,-0.059196915,0.11043763,-0.04819911,0.05892311,0.2945615,0.05699837,0.18436149,0.31672794,-0.35316938,0.35187906,0.31317815,-0.7586272,-0.73869354,-0.13616735,0.031954147,-0.53846407,-0.044629544,-0.100956,-0.4217825,0.16162667,0.0417155,-0.41176808,0.3664733,0.13259742,-0.58042425,0.5673645,0.16203584,-0.78080213,0.6375754,0.30482504,-0.44613498,0.2519542,0.1054589,-0.61004984,0.29746246,0.19151106,-0.59650177,0.24515389,0.047045976,-0.62740564,0.23740824,0.09872808,-0.59612924,0.293536,0.082116134,-0.58903813,0.1966732,0.18558894,-0.5256418,0.31643376,0.1511823,-0.0001369025558233261,0.20249956846237183,0.004399629309773445
