frame,Ankle.R_x,Ankle.R_y,Ankle.R_z,Knee.R_x,Knee.R_y,Knee.R_z,Hip.R_x,Hip.R_y,Hip.R_z,Hip.L_x,Hip.L_y,Hip.L_z,Knee.L_x,Knee.L_y,Knee.L_z,Ankle.L_x,Ankle.L_y,Ankle.L_z,Wrist.R_x,Wrist.R_y,Wrist.R_z,Elbow.R_x,Elbow.R_y,Elbow.R_z,Shoulder.R_x,Shoulder.R_y,Shoulder.R_z,Shoulder.L_x,Shoulder.L_y,Shoulder.L_z,Elbow.L_x,Elbow.L_y,Elbow.L_z,Wrist.L_x,Wrist.L_y,Wrist.L_z,Neck_x,Neck_y,Neck_z,Head_x,Head_y,Head_z,Nose_x,Nose_y,Nose_z,Eye.L_x,Eye.L_y,Eye.L_z,Eye.R_x,Eye.R_y,Eye.R_z,Ear.L_x,Ear.L_y,Ear.L_z,Ear.R_x,Ear.R_y,Ear.R_z,hip.Center_x,hip.Center_y,hip.Center_z
0,0.50383526,0.04339829,-0.56346935,0.38154426,0.106501,-0.15597339,-0.013124095,0.09621231,0.006743313,-0.00071737147,0.3410767,-0.004128961,0.34346834,0.2916319,-0.2535803,0.50447845,0.2747628,-0.65357137,-0.7614416,-0.2533957,0.18488647,-0.55608517,-0.13733248,0.074869946,-0.4600458,0.1126564,0.057719726,-0.45685774,0.34500775,0.0831916,-0.5898262,0.55420446,0.15446255,-0.8135699,0.66768146,0.21205121,-0.48879117,0.23379807,0.08532497,-0.67359364,0.2836178,0.056285046,-0.64116883,0.23103054,0.20154929,-0.65982187,0.2791602,0.16947204,-0.66815037,0.21733943,0.14848016,-0.60148394,0.33269742,0.106874995,-0.6189642,0.20359679,0.055778652,-0.006920733489096165,0.21864449977874756,0.0013071759603917599
