frame,Ankle.R_x,Ankle.R_y,Ankle.R_z,Knee.R_x,Knee.R_y,Knee.R_z,Hip.R_x,Hip.R_y,Hip.R_z,Hip.L_x,Hip.L_y,Hip.L_z,Knee.L_x,Knee.L_y,Knee.L_z,Ankle.L_x,Ankle.L_y,Ankle.L_z,Wrist.R_x,Wrist.R_y,Wrist.R_z,Elbow.R_x,Elbow.R_y,Elbow.R_z,Shoulder.R_x,Shoulder.R_y,Shoulder.R_z,Shoulder.L_x,Shoulder.L_y,Shoulder.L_z,Elbow.L_x,Elbow.L_y,Elbow.L_z,Wrist.L_x,Wrist.L_y,Wrist.L_z,Neck_x,Neck_y,Neck_z,Head_x,Head_y,Head_z,Nose_x,Nose_y,Nose_z,Eye.L_x,Eye.L_y,Eye.L_z,Eye.R_x,Eye.R_y,Eye.R_z,Ear.L_x,Ear.L_y,Ear.L_z,Ear.R_x,Ear.R_y,Ear.R_z,hip.Center_x,hip.Center_y,hip.Center_z
0,0.36341968,0.07546496,-0.7745387,0.14334531,0.1394358,-0.3995933,-0.050899923,0.104653604,-0.04011626,0.051555473,0.3049032,0.05122456,0.19453527,0.3078423,-0.3535227,0.3731137,0.2865488,-0.75929815,-0.7252477,-0.13578874,0.009056752,-0.50726694,-0.07809494,-0.107668705,-0.4271173,0.14275637,0.048112422,-0.42635527,0.35955304,0.12173796,-0.5765084,0.5841734,0.13784283,-0.78948843,0.61598724,0.2742818,-0.45589846,0.23828276,0.104493976,-0.61193234,0.30704227,0.16466057,-0.60555184,0.20654556,0.045042872,-0.63557243,0.21920145,0.0968501,-0.60192215,0.26441652,0.061526187,-0.5964868,0.20805834,0.192498,-0.5281404,0.30569136,0.118306465,0.0003277752548456192,0.20477840304374695,0.005554148927330971
