frame,Ankle.R_x,Ankle.R_y,Ankle.R_z,Knee.R_x,Knee.R_y,Knee.R_z,Hip.R_x,Hip.R_y,Hip.R_z,Hip.L_x,Hip.L_y,Hip.L_z,Knee.L_x,Knee.L_y,Knee.L_z,Ankle.L_x,Ankle.L_y,Ankle.L_z,Wrist.R_x,Wrist.R_y,Wrist.R_z,Elbow.R_x,Elbow.R_y,Elbow.R_z,Shoulder.R_x,Shoulder.R_y,Shoulder.R_z,Shoulder.L_x,Shoulder.L_y,Shoulder.L_z,Elbow.L_x,Elbow.L_y,Elbow.L_z,Wrist.L_x,Wrist.L_y,Wrist.L_z,Neck_x,Neck_y,Neck_z,Head_x,Head_y,Head_z,Nose_x,Nose_y,Nose_z,Eye.L_x,Eye.L_y,Eye.L_z,Eye.R_x,Eye.R_y,Eye.R_z,Ear.L_x,Ear.L_y,Ear.L_z,Ear.R_x,Ear.R_y,Ear.R_z,hip.Center_x,hip.Center_y,hip.Center_z
0,0.46986413,0.033290748,-0.6084023,0.35940227,0.0983459,-0.19905318,-0.0059760977,0.09861907,0.019812893,-0.004598764,0.3403842,-0.01324748,0.3121317,0.2918886,-0.29149634,0.47542638,0.26319972,-0.688455,-0.70405746,-0.189446,0.18206781,-0.48373285,-0.15703854,0.06422896,-0.4539235,0.11276316,0.053996034,-0.45593506,0.35015756,0.07607718,-0.5590034,0.5788015,0.14847071,-0.78994983,0.63578665,0.22893825,-0.48859364,0.23751728,0.07920136,-0.67299765,0.284495,0.04066651,-0.6460432,0.23574534,0.18856618,-0.66450274,0.282727,0.15478119,-0.6701679,0.22028308,0.1346278,-0.604497,0.33645955,0.09398816,-0.6168554,0.20595114,0.04490301,-0.005287430714815855,0.21950162947177887,0.003282706718891859
