frame,Ankle.R_x,Ankle.R_y,Ankle.R_z,Knee.R_x,Knee.R_y,Knee.R_z,Hip.R_x,Hip.R_y,Hip.R_z,Hip.L_x,Hip.L_y,Hip.L_z,Knee.L_x,Knee.L_y,Knee.L_z,Ankle.L_x,Ankle.L_y,Ankle.L_z,Wrist.R_x,Wrist.R_y,Wrist.R_z,Elbow.R_x,Elbow.R_y,Elbow.R_z,Shoulder.R_x,Shoulder.R_y,Shoulder.R_z,Shoulder.L_x,Shoulder.L_y,Shoulder.L_z,Elbow.L_x,Elbow.L_y,Elbow.L_z,Wrist.L_x,Wrist.L_y,Wrist.L_z,Neck_x,Neck_y,Neck_z,Head_x,Head_y,Head_z,Nose_x,Nose_y,Nose_z,Eye.L_x,Eye.L_y,Eye.L_z,Eye.R_x,Eye.R_y,Eye.R_z,Ear.L_x,Ear.L_y,Ear.L_z,Ear.R_x,Ear.R_y,Ear.R_z,hip.Center_x,hip.Center_y,hip.Center_z
0,0.32704526,0.10056708,-0.7856777,0.11740351,0.15822542,-0.40677902,-0.045130234,0.10112269,-0.035825808,0.05020573,0.30768198,0.048462804,0.16401118,0.3167495,-0.36377537,0.34378713,0.29722193,-0.7643404,-0.6745863,-0.07802935,0.004713684,-0.47613728,-0.060562022,-0.14279774,-0.42123416,0.14576098,0.043820567,-0.41205186,0.3659052,0.1292545,-0.52387786,0.6132679,0.15865926,-0.7126429,0.61573523,0.3208141,-0.45024073,0.24359296,0.107716955,-0.60761106,0.30913556,0.18989559,-0.6041109,0.23813279,0.05150605,-0.6339474,0.24000402,0.10492411,-0.5986965,0.2906099,0.08030228,-0.5959302,0.20680635,0.19534144,-0.52368546,0.31544715,0.1438821,0.002537747845053673,0.20440232753753662,0.006318498402833939
