frame,Ankle.R_x,Ankle.R_y,Ankle.R_z,Knee.R_x,Knee.R_y,Knee.R_z,Hip.R_x,Hip.R_y,Hip.R_z,Hip.L_x,Hip.L_y,Hip.L_z,Knee.L_x,Knee.L_y,Knee.L_z,Ankle.L_x,Ankle.L_y,Ankle.L_z,Wrist.R_x,Wrist.R_y,Wrist.R_z,Elbow.R_x,Elbow.R_y,Elbow.R_z,Shoulder.R_x,Shoulder.R_y,Shoulder.R_z,Shoulder.L_x,Shoulder.L_y,Shoulder.L_z,Elbow.L_x,Elbow.L_y,Elbow.L_z,Wrist.L_x,Wrist.L_y,Wrist.L_z,Neck_x,Neck_y,Neck_z,Head_x,Head_y,Head_z,Nose_x,Nose_y,Nose_z,Eye.L_x,Eye.L_y,Eye.L_z,Eye.R_x,Eye.R_y,Eye.R_z,Ear.L_x,Ear.L_y,Ear.L_z,Ear.R_x,Ear.R_y,Ear.R_z,hip.Center_x,hip.Center_y,hip.Center_z
0,0.46564266,0.06100951,-0.6285342,0.35323533,0.09995662,-0.21490978,-0.013069255,0.09656915,-0.0008531925,0.0017852094,0.33949682,0.009235864,0.3097931,0.3076986,-0.2845852,0.45238996,0.2988005,-0.69268346,-0.6426767,-0.24724984,0.17626712,-0.4547169,-0.16184945,0.032788545,-0.46313465,0.1112168,0.030564658,-0.44903493,0.35584304,0.07761881,-0.45713827,0.5877603,0.20558769,-0.6570289,0.6111186,0.34833014,-0.49344194,0.24038869,0.0649507,-0.67340064,0.31294495,0.033864453,-0.6509055,0.23397967,0.16859798,-0.66490126,0.28816438,0.14469583,-0.6766065,0.23161611,0.11311439,-0.599953,0.34651124,0.09453812,-0.62505984,0.22969027,0.021856487,-0.00564202293753624,0.21803298592567444,0.004191335290670395
