frame,Ankle.R_x,Ankle.R_y,Ankle.R_z,Knee.R_x,Knee.R_y,Knee.R_z,Hip.R_x,Hip.R_y,Hip.R_z,Hip.L_x,Hip.L_y,Hip.L_z,Knee.L_x,Knee.L_y,Knee.L_z,Ankle.L_x,Ankle.L_y,Ankle.L_z,Wrist.R_x,Wrist.R_y,Wrist.R_z,Elbow.R_x,Elbow.R_y,Elbow.R_z,Shoulder.R_x,Shoulder.R_y,Shoulder.R_z,Shoulder.L_x,Shoulder.L_y,Shoulder.L_z,Elbow.L_x,Elbow.L_y,Elbow.L_z,Wrist.L_x,Wrist.L_y,Wrist.L_z,Neck_x,Neck_y,Neck_z,Head_x,Head_y,Head_z,Nose_x,Nose_y,Nose_z,Eye.L_x,Eye.L_y,Eye.L_z,Eye.R_x,Eye.R_y,Eye.R_z,Ear.L_x,Ear.L_y,Ear.L_z,Ear.R_x,Ear.R_y,Ear.R_z,hip.Center_x,hip.Center_y,hip.Center_z
0,0.4600823,0.055705987,-0.6317582,0.3523558,0.10019696,-0.21718937,-0.014218649,0.096327975,-0.0030316303,0.0036417183,0.33873597,0.011909727,0.30674133,0.3041502,-0.28668237,0.4529716,0.29896381,-0.6937557,-0.63888764,-0.25506443,0.15550882,-0.44979018,-0.16009602,0.020296669,-0.4644654,0.11287742,0.025111709,-0.44975525,0.35682455,0.07425845,-0.45796317,0.58357334,0.21140467,-0.66158193,0.60195124,0.35041264,-0.4943699,0.24154146,0.059644636,-0.6747636,0.31033796,0.026579943,-0.6515492,0.23570305,0.1637325,-0.66604805,0.28906107,0.13814716,-0.6772431,0.23141223,0.10837866,-0.60169744,0.34644258,0.08616346,-0.62557906,0.22721004,0.017286249,-0.005288465414196253,0.2175319790840149,0.00443904846906662
