frame,Ankle.R_x,Ankle.R_y,Ankle.R_z,Knee.R_x,Knee.R_y,Knee.R_z,Hip.R_x,Hip.R_y,Hip.R_z,Hip.L_x,Hip.L_y,Hip.L_z,Knee.L_x,Knee.L_y,Knee.L_z,Ankle.L_x,Ankle.L_y,Ankle.L_z,Wrist.R_x,Wrist.R_y,Wrist.R_z,Elbow.R_x,Elbow.R_y,Elbow.R_z,Shoulder.R_x,Shoulder.R_y,Shoulder.R_z,Shoulder.L_x,Shoulder.L_y,Shoulder.L_z,Elbow.L_x,Elbow.L_y,Elbow.L_z,Wrist.L_x,Wrist.L_y,Wrist.L_z,Neck_x,Neck_y,Neck_z,Head_x,Head_y,Head_z,Nose_x,Nose_y,Nose_z,Eye.L_x,Eye.L_y,Eye.L_z,Eye.R_x,Eye.R_y,Eye.R_z,Ear.L_x,Ear.L_y,Ear.L_z,Ear.R_x,Ear.R_y,Ear.R_z,hip.Center_x,hip.Center_y,hip.Center_z
0,0.35590762,0.08297903,-0.7720184,0.13759133,0.1387295,-0.3962332,-0.02883976,0.094306484,-0.021748122,0.036343746,0.32036623,0.03792403,0.16237512,0.30678445,-0.36967438,0.35302246,0.28087097,-0.7659197,-0.5897668,-0.0746491,0.010691581,-0.40046245,-0.09185369,-0.14051151,-0.42558256,0.12907936,0.044153195,-0.41801727,0.36460984,0.11462589,-0.46894804,0.63348424,0.15650967,-0.6537933,0.6003183,0.3110233,-0.4592359,0.23878723,0.10297528,-0.61533546,0.3307508,0.15318546,-0.6183328,0.20966934,0.05340372,-0.6459122,0.23393701,0.10296816,-0.61189675,0.26974308,0.058724076,-0.6039673,0.23821166,0.19697742,-0.53468513,0.31664234,0.103967205,0.003751993179321289,0.20733636617660522,0.008087953552603722
