frame,Ankle.R_x,Ankle.R_y,Ankle.R_z,Knee.R_x,Knee.R_y,Knee.R_z,Hip.R_x,Hip.R_y,Hip.R_z,Hip.L_x,Hip.L_y,Hip.L_z,Knee.L_x,Knee.L_y,Knee.L_z,Ankle.L_x,Ankle.L_y,Ankle.L_z,Wrist.R_x,Wrist.R_y,Wrist.R_z,Elbow.R_x,Elbow.R_y,Elbow.R_z,Shoulder.R_x,Shoulder.R_y,Shoulder.R_z,Shoulder.L_x,Shoulder.L_y,Shoulder.L_z,Elbow.L_x,Elbow.L_y,Elbow.L_z,Wrist.L_x,Wrist.L_y,Wrist.L_z,Neck_x,Neck_y,Neck_z,Head_x,Head_y,Head_z,Nose_x,Nose_y,Nose_z,Eye.L_x,Eye.L_y,Eye.L_z,Eye.R_x,Eye.R_y,Eye.R_z,Ear.L_x,Ear.L_y,Ear.L_z,Ear.R_x,Ear.R_y,Ear.R_z,hip.Center_x,hip.Center_y,hip.Center_z
0,0.4639385,0.031696126,-0.64029086,0.33416557,0.09130148,-0.2334295,-0.0022812851,0.10149285,0.028235689,-0.004889631,0.3406291,-0.019321145,0.30117717,0.2859114,-0.3066653,0.45981827,0.25635615,-0.707462,-0.6314556,-0.14197259,0.18926118,-0.41518104,-0.14884135,0.07530462,-0.45772362,0.119098544,0.055639807,-0.45805275,0.3584976,0.063503936,-0.49421442,0.6071146,0.14156707,-0.7068542,0.6284253,0.26055288,-0.49355167,0.24683702,0.07270201,-0.67857367,0.30078018,0.037212785,-0.64470166,0.25296825,0.18434998,-0.6642679,0.2999356,0.1507012,-0.671901,0.23735674,0.13163812,-0.6065827,0.3519261,0.08635923,-0.62358564,0.22099227,0.03982026,-0.003585458267480135,0.22106097638607025,0.004457271657884121
