frame,Ankle.R_x,Ankle.R_y,Ankle.R_z,Knee.R_x,Knee.R_y,Knee.R_z,Hip.R_x,Hip.R_y,Hip.R_z,Hip.L_x,Hip.L_y,Hip.L_z,Knee.L_x,Knee.L_y,Knee.L_z,Ankle.L_x,Ankle.L_y,Ankle.L_z,Wrist.R_x,Wrist.R_y,Wrist.R_z,Elbow.R_x,Elbow.R_y,Elbow.R_z,Shoulder.R_x,Shoulder.R_y,Shoulder.R_z,Shoulder.L_x,Shoulder.L_y,Shoulder.L_z,Elbow.L_x,Elbow.L_y,Elbow.L_z,Wrist.L_x,Wrist.L_y,Wrist.L_z,Neck_x,Neck_y,Neck_z,Head_x,Head_y,Head_z,Nose_x,Nose_y,Nose_z,Eye.L_x,Eye.L_y,Eye.L_z,Eye.R_x,Eye.R_y,Eye.R_z,Ear.L_x,Ear.L_y,Ear.L_z,Ear.R_x,Ear.R_y,Ear.R_z,hip.Center_x,hip.Center_y,hip.Center_z
0,0.4785498,0.04014091,-0.6292728,0.3408433,0.107780024,-0.2266168,0.00057373336,0.10333927,0.032437406,-0.008214976,0.34028825,-0.023774937,0.3040413,0.2862237,-0.30239362,0.4790478,0.26390946,-0.69667107,-0.6239257,-0.1510769,0.20048568,-0.40767264,-0.1488466,0.08741285,-0.458821,0.11575884,0.057748824,-0.4618665,0.35585457,0.06439376,-0.49760917,0.6019528,0.15025024,-0.70989263,0.62670624,0.26899254,-0.4958338,0.24310248,0.073724896,-0.6814083,0.29053706,0.03862418,-0.64608383,0.24934545,0.18759659,-0.66662836,0.29460257,0.15208931,-0.6729825,0.23108998,0.13563406,-0.61026615,0.3452154,0.08525856,-0.62460124,0.21187374,0.044429474,-0.0038206211756914854,0.22181376814842224,0.004331234842538834
