frame,Ankle.R_x,Ankle.R_y,Ankle.R_z,Knee.R_x,Knee.R_y,Knee.R_z,Hip.R_x,Hip.R_y,Hip.R_z,Hip.L_x,Hip.L_y,Hip.L_z,Knee.L_x,Knee.L_y,Knee.L_z,Ankle.L_x,Ankle.L_y,Ankle.L_z,Wrist.R_x,Wrist.R_y,Wrist.R_z,Elbow.R_x,Elbow.R_y,Elbow.R_z,Shoulder.R_x,Shoulder.R_y,Shoulder.R_z,Shoulder.L_x,Shoulder.L_y,Shoulder.L_z,Elbow.L_x,Elbow.L_y,Elbow.L_z,Wrist.L_x,Wrist.L_y,Wrist.L_z,Neck_x,Neck_y,Neck_z,Head_x,Head_y,Head_z,Nose_x,Nose_y,Nose_z,Eye.L_x,Eye.L_y,Eye.L_z,Eye.R_x,Eye.R_y,Eye.R_z,Ear.L_x,Ear.L_y,Ear.L_z,Ear.R_x,Ear.R_y,Ear.R_z,hip.Center_x,hip.Center_y,hip.Center_z
0,0.48258585,0.0322973,-0.62286353,0.34259498,0.093028985,-0.22057587,-0.0020643605,0.102250084,0.029984562,-0.0064395475,0.3403758,-0.021808296,0.31089813,0.28807753,-0.29657152,0.4755727,0.25708345,-0.6936567,-0.6297828,-0.14713562,0.193152,-0.41408288,-0.15043056,0.07807107,-0.45811862,0.11664557,0.05721735,-0.4605304,0.35547948,0.061730977,-0.49847957,0.6037281,0.13915642,-0.7133789,0.6317817,0.25304475,-0.49475193,0.24366206,0.0728929,-0.6811041,0.29336143,0.0393942,-0.64349306,0.2528392,0.18784809,-0.6641515,0.29799324,0.15246832,-0.6717411,0.23455818,0.136592,-0.6084919,0.3472389,0.08435753,-0.62536955,0.21410799,0.04446014,-0.004251954145729542,0.22131294012069702,0.00408813264220953
