frame,Ankle.R_x,Ankle.R_y,Ankle.R_z,Knee.R_x,Knee.R_y,Knee.R_z,Hip.R_x,Hip.R_y,Hip.R_z,Hip.L_x,Hip.L_y,Hip.L_z,Knee.L_x,Knee.L_y,Knee.L_z,Ankle.L_x,Ankle.L_y,Ankle.L_z,Wrist.R_x,Wrist.R_y,Wrist.R_z,Elbow.R_x,Elbow.R_y,Elbow.R_z,Shoulder.R_x,Shoulder.R_y,Shoulder.R_z,Shoulder.L_x,Shoulder.L_y,Shoulder.L_z,Elbow.L_x,Elbow.L_y,Elbow.L_z,Wrist.L_x,Wrist.L_y,Wrist.L_z,Neck_x,Neck_y,Neck_z,Head_x,Head_y,Head_z,Nose_x,Nose_y,Nose_z,Eye.L_x,Eye.L_y,Eye.L_z,Eye.R_x,Eye.R_y,Eye.R_z,Ear.L_x,Ear.L_y,Ear.L_z,Ear.R_x,Ear.R_y,Ear.R_z,hip.Center_x,hip.Center_y,hip.Center_z
0,0.3380955,0.106101334,-0.77388924,0.11029446,0.15031612,-0.40336657,-0.02057837,0.0936147,-0.01606882,0.032138396,0.3246858,0.032691736,0.1256986,0.3099812,-0.38209134,0.33904648,0.27911717,-0.76339895,-0.526691,-0.04230641,0.0061712977,-0.3412452,-0.064131215,-0.1499762,-0.43076736,0.14060973,0.035876073,-0.41632476,0.37479377,0.11338919,-0.4305896,0.6365496,0.19756487,-0.59959555,0.5724001,0.35701704,-0.46106094,0.24783325,0.09940534,-0.62782514,0.3200814,0.1688023,-0.61671853,0.21643265,0.051888607,-0.6459405,0.22931299,0.104910195,-0.6180215,0.27540556,0.066538274,-0.6034515,0.22480214,0.19771716,-0.54675525,0.32439715,0.117636874,0.005780013278126717,0.2091502547264099,0.008311457931995392
