frame,Ankle.R_x,Ankle.R_y,Ankle.R_z,Knee.R_x,Knee.R_y,Knee.R_z,Hip.R_x,Hip.R_y,Hip.R_z,Hip.L_x,Hip.L_y,Hip.L_z,Knee.L_x,Knee.L_y,Knee.L_z,Ankle.L_x,Ankle.L_y,Ankle.L_z,Wrist.R_x,Wrist.R_y,Wrist.R_z,Elbow.R_x,Elbow.R_y,Elbow.R_z,Shoulder.R_x,Shoulder.R_y,Shoulder.R_z,Shoulder.L_x,Shoulder.L_y,Shoulder.L_z,Elbow.L_x,Elbow.L_y,Elbow.L_z,Wrist.L_x,Wrist.L_y,Wrist.L_z,Neck_x,Neck_y,Neck_z,Head_x,Head_y,Head_z,Nose_x,Nose_y,Nose_z,Eye.L_x,Eye.L_y,Eye.L_z,Eye.R_x,Eye.R_y,Eye.R_z,Ear.L_x,Ear.L_y,Ear.L_z,Ear.R_x,Ear.R_y,Ear.R_z,hip.Center_x,hip.Center_y,hip.Center_z
0,0.47760266,0.05012086,-0.6376513,0.32775065,0.10238983,-0.23688024,0.006908155,0.11179896,0.04925246,-0.01637494,0.3371542,-0.041114338,0.30031037,0.29091576,-0.31153765,0.4694301,0.26911357,-0.7089634,-0.56385285,-0.13585198,0.22981447,-0.37416235,-0.1389592,0.076701,-0.45456982,0.12148921,0.056001853,-0.45936736,0.36966217,0.055441223,-0.4724995,0.6236469,0.13140708,-0.66084635,0.61525965,0.28315267,-0.49576515,0.25391006,0.06902919,-0.6838311,0.30589062,0.03368714,-0.6473147,0.2590354,0.18090951,-0.6683721,0.30548036,0.14722766,-0.67428267,0.24269028,0.12809116,-0.61239564,0.35887697,0.082235985,-0.6266861,0.22735134,0.03571052,-0.0047333925031125546,0.22447657585144043,0.004069061949849129
