frame,Ankle.R_x,Ankle.R_y,Ankle.R_z,Knee.R_x,Knee.R_y,Knee.R_z,Hip.R_x,Hip.R_y,Hip.R_z,Hip.L_x,Hip.L_y,Hip.L_z,Knee.L_x,Knee.L_y,Knee.L_z,Ankle.L_x,Ankle.L_y,Ankle.L_z,Wrist.R_x,Wrist.R_y,Wrist.R_z,Elbow.R_x,Elbow.R_y,Elbow.R_z,Shoulder.R_x,Shoulder.R_y,Shoulder.R_z,Shoulder.L_x,Shoulder.L_y,Shoulder.L_z,Elbow.L_x,Elbow.L_y,Elbow.L_z,Wrist.L_x,Wrist.L_y,Wrist.L_z,Neck_x,Neck_y,Neck_z,Head_x,Head_y,Head_z,Nose_x,Nose_y,Nose_z,Eye.L_x,Eye.L_y,Eye.L_z,Eye.R_x,Eye.R_y,Eye.R_z,Ear.L_x,Ear.L_y,Ear.L_z,Ear.R_x,Ear.R_y,Ear.R_z,hip.Center_x,hip.Center_y,hip.Center_z
0,0.35639283,0.097249106,-0.7713937,0.13641082,0.14441383,-0.39578858,-0.021374408,0.093052864,-0.01592841,0.0313084,0.3246151,0.03242203,0.1526715,0.3056613,-0.37553912,0.3497621,0.28264838,-0.76824445,-0.52587783,-0.05563036,0.009573194,-0.33576152,-0.07068419,-0.13906306,-0.4328845,0.13655758,0.03862454,-0.42162603,0.37265086,0.10660957,-0.4329466,0.63953155,0.17365997,-0.6075935,0.5819382,0.32929957,-0.46559316,0.2478177,0.09697191,-0.6236969,0.34068757,0.14305118,-0.62276214,0.21261866,0.051620655,-0.6507489,0.23958462,0.09991916,-0.6184453,0.27337417,0.052918278,-0.60879475,0.251828,0.19270112,-0.542672,0.3258041,0.09364301,0.004966996610164642,0.2088339775800705,0.008246809244155884
