frame,Ankle.R_x,Ankle.R_y,Ankle.R_z,Knee.R_x,Knee.R_y,Knee.R_z,Hip.R_x,Hip.R_y,Hip.R_z,Hip.L_x,Hip.L_y,Hip.L_z,Knee.L_x,Knee.L_y,Knee.L_z,Ankle.L_x,Ankle.L_y,Ankle.L_z,Wrist.R_x,Wrist.R_y,Wrist.R_z,Elbow.R_x,Elbow.R_y,Elbow.R_z,Shoulder.R_x,Shoulder.R_y,Shoulder.R_z,Shoulder.L_x,Shoulder.L_y,Shoulder.L_z,Elbow.L_x,Elbow.L_y,Elbow.L_z,Wrist.L_x,Wrist.L_y,Wrist.L_z,Neck_x,Neck_y,Neck_z,Head_x,Head_y,Head_z,Nose_x,Nose_y,Nose_z,Eye.L_x,Eye.L_y,Eye.L_z,Eye.R_x,Eye.R_y,Eye.R_z,Ear.L_x,Ear.L_y,Ear.L_z,Ear.R_x,Ear.R_y,Ear.R_z,hip.Center_x,hip.Center_y,hip.Center_z
0,0.4632581,0.046869762,-0.644954,0.32797083,0.09663927,-0.23824096,0.0020569768,0.107462816,0.041644707,-0.010176212,0.33949634,-0.032663967,0.30067793,0.28601402,-0.31139672,0.46370083,0.26119074,-0.7106236,-0.55199254,-0.13555579,0.21971813,-0.36292437,-0.1350362,0.06545159,-0.4566218,0.12026931,0.04346323,-0.46157044,0.3675275,0.054224614,-0.46181124,0.6233494,0.13012545,-0.6572886,0.60648346,0.27173096,-0.49846202,0.25145456,0.06185887,-0.6879682,0.30393177,0.030669296,-0.64701384,0.2550752,0.1760414,-0.6687377,0.30204862,0.14344867,-0.67608386,0.23955777,0.12402272,-0.6146157,0.35542864,0.07743694,-0.6315871,0.22476067,0.029996328,-0.004059617407619953,0.22347958385944366,0.00449036993086338
