frame,Ankle.R_x,Ankle.R_y,Ankle.R_z,Knee.R_x,Knee.R_y,Knee.R_z,Hip.R_x,Hip.R_y,Hip.R_z,Hip.L_x,Hip.L_y,Hip.L_z,Knee.L_x,Knee.L_y,Knee.L_z,Ankle.L_x,Ankle.L_y,Ankle.L_z,Wrist.R_x,Wrist.R_y,Wrist.R_z,Elbow.R_x,Elbow.R_y,Elbow.R_z,Shoulder.R_x,Shoulder.R_y,Shoulder.R_z,Shoulder.L_x,Shoulder.L_y,Shoulder.L_z,Elbow.L_x,Elbow.L_y,Elbow.L_z,Wrist.L_x,Wrist.L_y,Wrist.L_z,Neck_x,Neck_y,Neck_z,Head_x,Head_y,Head_z,Nose_x,Nose_y,Nose_z,Eye.L_x,Eye.L_y,Eye.L_z,Eye.R_x,Eye.R_y,Eye.R_z,Ear.L_x,Ear.L_y,Ear.L_z,Ear.R_x,Ear.R_y,Ear.R_z,hip.Center_x,hip.Center_y,hip.Center_z
0,0.34556744,0.1003707,-0.7599263,0.10442834,0.14244536,-0.399373,-0.014632415,0.09289415,-0.006917042,0.026588343,0.32894015,0.024926463,0.12062528,0.30310693,-0.3865757,0.34531832,0.27717027,-0.76052845,-0.50826305,-0.044484146,0.017854957,-0.3259443,-0.065526426,-0.14200832,-0.4311475,0.14080915,0.033359516,-0.41477996,0.38158152,0.10472262,-0.41828525,0.6366305,0.20619115,-0.5959398,0.56109524,0.34912765,-0.46184886,0.2519999,0.09276565,-0.63408625,0.32106376,0.15695322,-0.6142008,0.21531048,0.043397203,-0.6456846,0.22817504,0.09509978,-0.6186404,0.27448982,0.05644303,-0.60630167,0.22792317,0.18917494,-0.55146813,0.32790586,0.10840775,0.005977964028716087,0.2109171450138092,0.009004710242152214
