frame,Ankle.R_x,Ankle.R_y,Ankle.R_z,Knee.R_x,Knee.R_y,Knee.R_z,Hip.R_x,Hip.R_y,Hip.R_z,Hip.L_x,Hip.L_y,Hip.L_z,Knee.L_x,Knee.L_y,Knee.L_z,Ankle.L_x,Ankle.L_y,Ankle.L_z,Wrist.R_x,Wrist.R_y,Wrist.R_z,Elbow.R_x,Elbow.R_y,Elbow.R_z,Shoulder.R_x,Shoulder.R_y,Shoulder.R_z,Shoulder.L_x,Shoulder.L_y,Shoulder.L_z,Elbow.L_x,Elbow.L_y,Elbow.L_z,Wrist.L_x,Wrist.L_y,Wrist.L_z,Neck_x,Neck_y,Neck_z,Head_x,Head_y,Head_z,Nose_x,Nose_y,Nose_z,Eye.L_x,Eye.L_y,Eye.L_z,Eye.R_x,Eye.R_y,Eye.R_z,Ear.L_x,Ear.L_y,Ear.L_z,Ear.R_x,Ear.R_y,Ear.R_z,hip.Center_x,hip.Center_y,hip.Center_z
0,0.46157497,0.05253109,-0.6436613,0.32931542,0.09737725,-0.23581327,0.0009260768,0.106573135,0.041049786,-0.009064145,0.3392043,-0.031189837,0.29895207,0.28543344,-0.31233677,0.45644778,0.25870082,-0.7133607,-0.5435971,-0.13489984,0.2433897,-0.3636143,-0.13612181,0.07849698,-0.45272171,0.121348746,0.050261155,-0.45619187,0.37179226,0.056875687,-0.45213225,0.6297483,0.12658882,-0.6407623,0.60833573,0.2749399,-0.4949069,0.2545482,0.06605605,-0.68425274,0.30481446,0.030305477,-0.6468138,0.25187248,0.17499222,-0.6691081,0.2993807,0.1435559,-0.6734065,0.23750085,0.12150477,-0.6146238,0.3572494,0.08178052,-0.62511694,0.22819331,0.028926812,-0.004069034475833178,0.22288872301578522,0.004929974675178528
