frame,Ankle.R_x,Ankle.R_y,Ankle.R_z,Knee.R_x,Knee.R_y,Knee.R_z,Hip.R_x,Hip.R_y,Hip.R_z,Hip.L_x,Hip.L_y,Hip.L_z,Knee.L_x,Knee.L_y,Knee.L_z,Ankle.L_x,Ankle.L_y,Ankle.L_z,Wrist.R_x,Wrist.R_y,Wrist.R_z,Elbow.R_x,Elbow.R_y,Elbow.R_z,Shoulder.R_x,Shoulder.R_y,Shoulder.R_z,Shoulder.L_x,Shoulder.L_y,Shoulder.L_z,Elbow.L_x,Elbow.L_y,Elbow.L_z,Wrist.L_x,Wrist.L_y,Wrist.L_z,Neck_x,Neck_y,Neck_z,Head_x,Head_y,Head_z,Nose_x,Nose_y,Nose_z,Eye.L_x,Eye.L_y,Eye.L_z,Eye.R_x,Eye.R_y,Eye.R_z,Ear.L_x,Ear.L_y,Ear.L_z,Ear.R_x,Ear.R_y,Ear.R_z,hip.Center_x,hip.Center_y,hip.Center_z
0,0.4863264,0.053896315,-0.62590957,0.3373409,0.09712962,-0.22404411,0.00011289981,0.106702104,0.04134175,-0.009557007,0.33893427,-0.032278787,0.30920377,0.2888471,-0.3017881,0.47843874,0.26361448,-0.6975246,-0.5502365,-0.15103474,0.22977476,-0.37094772,-0.13792503,0.0643394,-0.45505726,0.12233758,0.050330553,-0.45927593,0.36999416,0.054697663,-0.46381408,0.6289666,0.11828056,-0.6520147,0.6132755,0.26892012,-0.49656123,0.2539642,0.06636114,-0.68694615,0.30002856,0.033391874,-0.64533794,0.25452882,0.17954798,-0.6688613,0.3002401,0.14638172,-0.6731006,0.23734832,0.12749352,-0.6166591,0.3554864,0.08050422,-0.62702113,0.22396062,0.034131065,-0.004722053650766611,0.22281819581985474,0.004531482234597206
