frame,Ankle.R_x,Ankle.R_y,Ankle.R_z,Knee.R_x,Knee.R_y,Knee.R_z,Hip.R_x,Hip.R_y,Hip.R_z,Hip.L_x,Hip.L_y,Hip.L_z,Knee.L_x,Knee.L_y,Knee.L_z,Ankle.L_x,Ankle.L_y,Ankle.L_z,Wrist.R_x,Wrist.R_y,Wrist.R_z,Elbow.R_x,Elbow.R_y,Elbow.R_z,Shoulder.R_x,Shoulder.R_y,Shoulder.R_z,Shoulder.L_x,Shoulder.L_y,Shoulder.L_z,Elbow.L_x,Elbow.L_y,Elbow.L_z,Wrist.L_x,Wrist.L_y,Wrist.L_z,Neck_x,Neck_y,Neck_z,Head_x,Head_y,Head_z,Nose_x,Nose_y,Nose_z,Eye.L_x,Eye.L_y,Eye.L_z,Eye.R_x,Eye.R_y,Eye.R_z,Ear.L_x,Ear.L_y,Ear.L_z,Ear.R_x,Ear.R_y,Ear.R_z,hip.Center_x,hip.Center_y,hip.Center_z
0,0.3406006,0.10884096,-0.76177937,0.09986392,0.14569424,-0.40097114,-0.015500714,0.09215244,-0.007931398,0.027449597,0.32776502,0.025489125,0.12509862,0.304184,-0.3860209,0.34710088,0.28038383,-0.7619598,-0.5472812,-0.057342824,0.019165996,-0.36821115,-0.07661073,-0.14633344,-0.42520195,0.13859077,0.039812814,-0.41104645,0.37733117,0.11206795,-0.4454495,0.6384768,0.18913741,-0.6125349,0.58702576,0.3551029,-0.4565564,0.24872024,0.10066349,-0.6271793,0.321968,0.16453841,-0.6116187,0.21540351,0.0514571,-0.64247286,0.22933531,0.1029311,-0.61387837,0.2746087,0.06404072,-0.60278046,0.22822522,0.19694662,-0.5446309,0.32604507,0.115893126,0.005974441301077604,0.2099587321281433,0.008778863586485386
