frame,Ankle.R_x,Ankle.R_y,Ankle.R_z,Knee.R_x,Knee.R_y,Knee.R_z,Hip.R_x,Hip.R_y,Hip.R_z,Hip.L_x,Hip.L_y,Hip.L_z,Knee.L_x,Knee.L_y,Knee.L_z,Ankle.L_x,Ankle.L_y,Ankle.L_z,Wrist.R_x,Wrist.R_y,Wrist.R_z,Elbow.R_x,Elbow.R_y,Elbow.R_z,Shoulder.R_x,Shoulder.R_y,Shoulder.R_z,Shoulder.L_x,Shoulder.L_y,Shoulder.L_z,Elbow.L_x,Elbow.L_y,Elbow.L_z,Wrist.L_x,Wrist.L_y,Wrist.L_z,Neck_x,Neck_y,Neck_z,Head_x,Head_y,Head_z,Nose_x,Nose_y,Nose_z,Eye.L_x,Eye.L_y,Eye.L_z,Eye.R_x,Eye.R_y,Eye.R_z,Ear.L_x,Ear.L_y,Ear.L_z,Ear.R_x,Ear.R_y,Ear.R_z,hip.Center_x,hip.Center_y,hip.Center_z
0,0.49272084,0.060517114,-0.62439644,0.33249265,0.09702753,-0.22763443,0.005805944,0.111051664,0.04975359,-0.0152288405,0.33526415,-0.04238947,0.29869497,0.28918946,-0.31322443,0.48252591,0.26653478,-0.70180887,-0.5953729,-0.14663382,0.21904157,-0.4008788,-0.1339631,0.07182593,-0.457927,0.12883772,0.056657646,-0.46091014,0.36462703,0.05118686,-0.48854175,0.6188404,0.10873241,-0.6815549,0.6399714,0.25426784,-0.49500355,0.25485045,0.06926841,-0.68199384,0.29814744,0.034208983,-0.6440575,0.25794706,0.18313116,-0.66699773,0.30219144,0.14802618,-0.6699257,0.23870914,0.13091974,-0.6134291,0.35586318,0.081429735,-0.62144417,0.2227086,0.039416082,-0.004711448214948177,0.22315791249275208,0.0036820601671934128
