frame,Ankle.R_x,Ankle.R_y,Ankle.R_z,Knee.R_x,Knee.R_y,Knee.R_z,Hip.R_x,Hip.R_y,Hip.R_z,Hip.L_x,Hip.L_y,Hip.L_z,Knee.L_x,Knee.L_y,Knee.L_z,Ankle.L_x,Ankle.L_y,Ankle.L_z,Wrist.R_x,Wrist.R_y,Wrist.R_z,Elbow.R_x,Elbow.R_y,Elbow.R_z,Shoulder.R_x,Shoulder.R_y,Shoulder.R_z,Shoulder.L_x,Shoulder.L_y,Shoulder.L_z,Elbow.L_x,Elbow.L_y,Elbow.L_z,Wrist.L_x,Wrist.L_y,Wrist.L_z,Neck_x,Neck_y,Neck_z,Head_x,Head_y,Head_z,Nose_x,Nose_y,Nose_z,Eye.L_x,Eye.L_y,Eye.L_z,Eye.R_x,Eye.R_y,Eye.R_z,Ear.L_x,Ear.L_y,Ear.L_z,Ear.R_x,Ear.R_y,Ear.R_z,hip.Center_x,hip.Center_y,hip.Center_z
0,0.35301796,0.108681664,-0.7742868,0.14176147,0.14262769,-0.3937139,-0.024534822,0.092916794,-0.017118385,0.033241734,0.32267857,0.03335344,0.16291371,0.30647036,-0.37148508,0.3538709,0.2867224,-0.76712793,-0.5508392,-0.07188557,0.029789656,-0.36569855,-0.08672345,-0.12547657,-0.42956585,0.13570257,0.048824456,-0.41933066,0.37468782,0.10859279,-0.4521877,0.64082897,0.16778548,-0.6252768,0.58765864,0.3279687,-0.46229747,0.24947686,0.10230362,-0.625185,0.3404464,0.13482478,-0.6163394,0.20487136,0.055662066,-0.64709437,0.23479807,0.100069545,-0.6143402,0.26554427,0.05140905,-0.60889506,0.25695023,0.1926961,-0.5424793,0.32476997,0.089998044,0.004353456199169159,0.20779767632484436,0.008117527700960636
