frame,Ankle.R_x,Ankle.R_y,Ankle.R_z,Knee.R_x,Knee.R_y,Knee.R_z,Hip.R_x,Hip.R_y,Hip.R_z,Hip.L_x,Hip.L_y,Hip.L_z,Knee.L_x,Knee.L_y,Knee.L_z,Ankle.L_x,Ankle.L_y,Ankle.L_z,Wrist.R_x,Wrist.R_y,Wrist.R_z,Elbow.R_x,Elbow.R_y,Elbow.R_z,Shoulder.R_x,Shoulder.R_y,Shoulder.R_z,Shoulder.L_x,Shoulder.L_y,Shoulder.L_z,Elbow.L_x,Elbow.L_y,Elbow.L_z,Wrist.L_x,Wrist.L_y,Wrist.L_z,Neck_x,Neck_y,Neck_z,Head_x,Head_y,Head_z,Nose_x,Nose_y,Nose_z,Eye.L_x,Eye.L_y,Eye.L_z,Eye.R_x,Eye.R_y,Eye.R_z,Ear.L_x,Ear.L_y,Ear.L_z,Ear.R_x,Ear.R_y,Ear.R_z,hip.Center_x,hip.Center_y,hip.Center_z
0,0.478311,0.06552711,-0.63209975,0.3324987,0.104422845,-0.22991659,0.008504935,0.11319536,0.052810967,-0.017707331,0.33441442,-0.04564714,0.29202762,0.28902388,-0.32030067,0.47376525,0.27216315,-0.7101558,-0.5985392,-0.14571218,0.20754287,-0.3987154,-0.13328849,0.068259455,-0.45746356,0.13046694,0.056333635,-0.4602951,0.36809015,0.05487508,-0.48727417,0.62151396,0.118344225,-0.6780775,0.6295452,0.26776963,-0.49469405,0.2576499,0.07079864,-0.67996234,0.30675107,0.03342596,-0.6467812,0.25894126,0.18124677,-0.6679766,0.30519813,0.14760524,-0.67164415,0.24260151,0.12749185,-0.6115235,0.36079472,0.08496474,-0.6210823,0.229793,0.03659705,-0.004601198248565197,0.22380489110946655,0.003581913188099861
