frame,Ankle.R_x,Ankle.R_y,Ankle.R_z,Knee.R_x,Knee.R_y,Knee.R_z,Hip.R_x,Hip.R_y,Hip.R_z,Hip.L_x,Hip.L_y,Hip.L_z,Knee.L_x,Knee.L_y,Knee.L_z,Ankle.L_x,Ankle.L_y,Ankle.L_z,Wrist.R_x,Wrist.R_y,Wrist.R_z,Elbow.R_x,Elbow.R_y,Elbow.R_z,Shoulder.R_x,Shoulder.R_y,Shoulder.R_z,Shoulder.L_x,Shoulder.L_y,Shoulder.L_z,Elbow.L_x,Elbow.L_y,Elbow.L_z,Wrist.L_x,Wrist.L_y,Wrist.L_z,Neck_x,Neck_y,Neck_z,Head_x,Head_y,Head_z,Nose_x,Nose_y,Nose_z,Eye.L_x,Eye.L_y,Eye.L_z,Eye.R_x,Eye.R_y,Eye.R_z,Ear.L_x,Ear.L_y,Ear.L_z,Ear.R_x,Ear.R_y,Ear.R_z,hip.Center_x,hip.Center_y,hip.Center_z
0,0.4724596,0.062173214,-0.6409787,0.32568496,0.098457955,-0.23861021,0.0083789015,0.11149653,0.050317623,-0.016656144,0.33520725,-0.042758804,0.28510168,0.28869605,-0.32647008,0.4616295,0.2671156,-0.71874404,-0.5901814,-0.14084911,0.22886503,-0.39686736,-0.13293035,0.07957747,-0.45670703,0.129015,0.059542075,-0.45848238,0.36642596,0.05694773,-0.4833067,0.6191199,0.12223282,-0.67545223,0.63153523,0.26981845,-0.49345827,0.25616407,0.073185906,-0.6797202,0.30412197,0.038159676,-0.64338225,0.25800472,0.18571554,-0.66541654,0.3038437,0.15208396,-0.6692034,0.24103147,0.13267863,-0.610538,0.35909027,0.08779519,-0.62035227,0.22756307,0.041020855,-0.004138621035963297,0.22335189580917358,0.0037794094532728195
