frame,Ankle.R_x,Ankle.R_y,Ankle.R_z,Knee.R_x,Knee.R_y,Knee.R_z,Hip.R_x,Hip.R_y,Hip.R_z,Hip.L_x,Hip.L_y,Hip.L_z,Knee.L_x,Knee.L_y,Knee.L_z,Ankle.L_x,Ankle.L_y,Ankle.L_z,Wrist.R_x,Wrist.R_y,Wrist.R_z,Elbow.R_x,Elbow.R_y,Elbow.R_z,Shoulder.R_x,Shoulder.R_y,Shoulder.R_z,Shoulder.L_x,Shoulder.L_y,Shoulder.L_z,Elbow.L_x,Elbow.L_y,Elbow.L_z,Wrist.L_x,Wrist.L_y,Wrist.L_z,Neck_x,Neck_y,Neck_z,Head_x,Head_y,Head_z,Nose_x,Nose_y,Nose_z,Eye.L_x,Eye.L_y,Eye.L_z,Eye.R_x,Eye.R_y,Eye.R_z,Ear.L_x,Ear.L_y,Ear.L_z,Ear.R_x,Ear.R_y,Ear.R_z,hip.Center_x,hip.Center_y,hip.Center_z
0,0.47686097,0.06531637,-0.6350716,0.33499083,0.093954526,-0.23116106,-0.0014790047,0.101454824,0.029660087,-0.0062565333,0.33923504,-0.021364184,0.29071808,0.2903006,-0.3153357,0.4713993,0.26918966,-0.7041246,-0.6616832,-0.16603123,0.188229,-0.44841072,-0.14390643,0.06567177,-0.45618826,0.12575331,0.06045932,-0.45571434,0.3576074,0.069218054,-0.52271694,0.6037501,0.12619309,-0.73831594,0.64726055,0.23724294,-0.4893592,0.24940011,0.07999365,-0.67236155,0.2960502,0.03967552,-0.644221,0.2506785,0.18895794,-0.66376746,0.29667485,0.15405136,-0.66776764,0.23370516,0.13508219,-0.6051243,0.3506638,0.09209209,-0.6143822,0.21888155,0.045995846,-0.0038677691482007504,0.2203449308872223,0.004147951491177082
