frame,Ankle.R_x,Ankle.R_y,Ankle.R_z,Knee.R_x,Knee.R_y,Knee.R_z,Hip.R_x,Hip.R_y,Hip.R_z,Hip.L_x,Hip.L_y,Hip.L_z,Knee.L_x,Knee.L_y,Knee.L_z,Ankle.L_x,Ankle.L_y,Ankle.L_z,Wrist.R_x,Wrist.R_y,Wrist.R_z,Elbow.R_x,Elbow.R_y,Elbow.R_z,Shoulder.R_x,Shoulder.R_y,Shoulder.R_z,Shoulder.L_x,Shoulder.L_y,Shoulder.L_z,Elbow.L_x,Elbow.L_y,Elbow.L_z,Wrist.L_x,Wrist.L_y,Wrist.L_z,Neck_x,Neck_y,Neck_z,Head_x,Head_y,Head_z,Nose_x,Nose_y,Nose_z,Eye.L_x,Eye.L_y,Eye.L_z,Eye.R_x,Eye.R_y,Eye.R_z,Ear.L_x,Ear.L_y,Ear.L_z,Ear.R_x,Ear.R_y,Ear.R_z,hip.Center_x,hip.Center_y,hip.Center_z
0,0.4930404,0.06847939,-0.61982983,0.3432222,0.10321191,-0.22017953,0.000289266,0.10304148,0.033833392,-0.009003265,0.33869022,-0.026640764,0.300037,0.28982678,-0.30723077,0.48691565,0.26653242,-0.69169307,-0.64774543,-0.17629765,0.1933341,-0.4389715,-0.14173171,0.066063754,-0.4579802,0.12627849,0.05918617,-0.45887864,0.35692164,0.06765772,-0.5185755,0.60513777,0.1238268,-0.7279242,0.6603168,0.24224603,-0.49150887,0.24923524,0.078904554,-0.6746952,0.2957906,0.041564472,-0.64373064,0.25141415,0.19057834,-0.6637874,0.29715022,0.155733,-0.66830254,0.23410603,0.13732506,-0.60632384,0.3505934,0.09220587,-0.61669666,0.21843821,0.047359668,-0.0043569994159042835,0.22086584568023682,0.0035963142290711403
