frame,Ankle.R_x,Ankle.R_y,Ankle.R_z,Knee.R_x,Knee.R_y,Knee.R_z,Hip.R_x,Hip.R_y,Hip.R_z,Hip.L_x,Hip.L_y,Hip.L_z,Knee.L_x,Knee.L_y,Knee.L_z,Ankle.L_x,Ankle.L_y,Ankle.L_z,Wrist.R_x,Wrist.R_y,Wrist.R_z,Elbow.R_x,Elbow.R_y,Elbow.R_z,Shoulder.R_x,Shoulder.R_y,Shoulder.R_z,Shoulder.L_x,Shoulder.L_y,Shoulder.L_z,Elbow.L_x,Elbow.L_y,Elbow.L_z,Wrist.L_x,Wrist.L_y,Wrist.L_z,Neck_x,Neck_y,Neck_z,Head_x,Head_y,Head_z,Nose_x,Nose_y,Nose_z,Eye.L_x,Eye.L_y,Eye.L_z,Eye.R_x,Eye.R_y,Eye.R_z,Ear.L_x,Ear.L_y,Ear.L_z,Ear.R_x,Ear.R_y,Ear.R_z,hip.Center_x,hip.Center_y,hip.Center_z
0,0.3436064,0.11368741,-0.77946234,0.1251853,0.14973883,-0.40155694,-0.042796426,0.09884428,-0.028976563,0.04755268,0.3124176,0.041928776,0.15719727,0.30701885,-0.37065017,0.32722124,0.27222732,-0.77660453,-0.67633396,-0.10422968,0.03477065,-0.4664252,-0.090982184,-0.10085358,-0.41399044,0.14008602,0.055850744,-0.4115249,0.3692141,0.12769303,-0.5458764,0.60220677,0.14569727,-0.7393143,0.6377213,0.30204418,-0.44735157,0.24413703,0.113636084,-0.6171944,0.30765432,0.17991224,-0.5969153,0.22071385,0.052788205,-0.63070107,0.22629535,0.10334499,-0.59864485,0.27675235,0.07461008,-0.59648377,0.20831569,0.19922945,-0.5316952,0.31683865,0.13932875,0.0023781266063451767,0.20563094317913055,0.006476106122136116
