frame,Ankle.R_x,Ankle.R_y,Ankle.R_z,Knee.R_x,Knee.R_y,Knee.R_z,Hip.R_x,Hip.R_y,Hip.R_z,Hip.L_x,Hip.L_y,Hip.L_z,Knee.L_x,Knee.L_y,Knee.L_z,Ankle.L_x,Ankle.L_y,Ankle.L_z,Wrist.R_x,Wrist.R_y,Wrist.R_z,Elbow.R_x,Elbow.R_y,Elbow.R_z,Shoulder.R_x,Shoulder.R_y,Shoulder.R_z,Shoulder.L_x,Shoulder.L_y,Shoulder.L_z,Elbow.L_x,Elbow.L_y,Elbow.L_z,Wrist.L_x,Wrist.L_y,Wrist.L_z,Neck_x,Neck_y,Neck_z,Head_x,Head_y,Head_z,Nose_x,Nose_y,Nose_z,Eye.L_x,Eye.L_y,Eye.L_z,Eye.R_x,Eye.R_y,Eye.R_z,Ear.L_x,Ear.L_y,Ear.L_z,Ear.R_x,Ear.R_y,Ear.R_z,hip.Center_x,hip.Center_y,hip.Center_z
0,0.51655036,0.07054565,-0.5782846,0.36837083,0.09661217,-0.17760117,-0.009600225,0.09920717,0.021270923,-0.0036770543,0.34067652,-0.016740987,0.3178537,0.28917906,-0.28719747,0.50785077,0.26442024,-0.67150897,-0.71051633,-0.20580733,0.1587605,-0.48612294,-0.15194903,0.052193966,-0.45256785,0.118486464,0.052729886,-0.45781562,0.35604736,0.07077534,-0.573095,0.5845964,0.12100339,-0.7942366,0.6958713,0.18191113,-0.48849848,0.24376473,0.0780867,-0.67528486,0.28600228,0.044948045,-0.6424177,0.24772136,0.19498594,-0.66210824,0.29233277,0.15867795,-0.6683137,0.22858484,0.14314231,-0.6049844,0.34201735,0.091866136,-0.6182034,0.20812735,0.05218351,-0.006638639606535435,0.21994183957576752,0.002264968119561672
