frame,Ankle.R_x,Ankle.R_y,Ankle.R_z,Knee.R_x,Knee.R_y,Knee.R_z,Hip.R_x,Hip.R_y,Hip.R_z,Hip.L_x,Hip.L_y,Hip.L_z,Knee.L_x,Knee.L_y,Knee.L_z,Ankle.L_x,Ankle.L_y,Ankle.L_z,Wrist.R_x,Wrist.R_y,Wrist.R_z,Elbow.R_x,Elbow.R_y,Elbow.R_z,Shoulder.R_x,Shoulder.R_y,Shoulder.R_z,Shoulder.L_x,Shoulder.L_y,Shoulder.L_z,Elbow.L_x,Elbow.L_y,Elbow.L_z,Wrist.L_x,Wrist.L_y,Wrist.L_z,Neck_x,Neck_y,Neck_z,Head_x,Head_y,Head_z,Nose_x,Nose_y,Nose_z,Eye.L_x,Eye.L_y,Eye.L_z,Eye.R_x,Eye.R_y,Eye.R_z,Ear.L_x,Ear.L_y,Ear.L_z,Ear.R_x,Ear.R_y,Ear.R_z,hip.Center_x,hip.Center_y,hip.Center_z
0,0.36012468,0.11444555,-0.7794724,0.15051416,0.14039113,-0.39427316,-0.0445084,0.0992456,-0.032005057,0.04680936,0.31130752,0.0444575,0.18275785,0.30299723,-0.36173496,0.3522697,0.2787124,-0.76958805,-0.6862772,-0.1242055,0.045781862,-0.47186163,-0.10205152,-0.08260268,-0.41856694,0.14011855,0.054942816,-0.41462845,0.36997074,0.12360303,-0.54689276,0.60418636,0.13761212,-0.74696517,0.6415132,0.28713652,-0.45165405,0.24806656,0.11065896,-0.61809635,0.32922778,0.14836772,-0.60407364,0.20541015,0.054524034,-0.6367185,0.22813639,0.10095237,-0.60289836,0.26566678,0.05778134,-0.6015632,0.23945974,0.19769967,-0.5332049,0.32127663,0.10646007,0.0011504795402288437,0.20527656376361847,0.006226221099495888
