frame,Ankle.R_x,Ankle.R_y,Ankle.R_z,Knee.R_x,Knee.R_y,Knee.R_z,Hip.R_x,Hip.R_y,Hip.R_z,Hip.L_x,Hip.L_y,Hip.L_z,Knee.L_x,Knee.L_y,Knee.L_z,Ankle.L_x,Ankle.L_y,Ankle.L_z,Wrist.R_x,Wrist.R_y,Wrist.R_z,Elbow.R_x,Elbow.R_y,Elbow.R_z,Shoulder.R_x,Shoulder.R_y,Shoulder.R_z,Shoulder.L_x,Shoulder.L_y,Shoulder.L_z,Elbow.L_x,Elbow.L_y,Elbow.L_z,Wrist.L_x,Wrist.L_y,Wrist.L_z,Neck_x,Neck_y,Neck_z,Head_x,Head_y,Head_z,Nose_x,Nose_y,Nose_z,Eye.L_x,Eye.L_y,Eye.L_z,Eye.R_x,Eye.R_y,Eye.R_z,Ear.L_x,Ear.L_y,Ear.L_z,Ear.R_x,Ear.R_y,Ear.R_z,hip.Center_x,hip.Center_y,hip.Center_z
0,0.5188439,0.08173755,-0.5713442,0.3759521,0.11143236,-0.16734612,-0.0073083527,0.09968569,0.024183176,-0.0056614988,0.3402631,-0.020361774,0.31889656,0.28783715,-0.28749582,0.49756226,0.26776126,-0.67798823,-0.74242747,-0.23073366,0.15997055,-0.51947874,-0.14461339,0.06368295,-0.45521042,0.11810926,0.05593073,-0.4611441,0.35221714,0.07058245,-0.6030602,0.55930525,0.12813619,-0.81492096,0.6976017,0.17541665,-0.4891369,0.24123889,0.07918747,-0.67795503,0.27693227,0.052292343,-0.6377338,0.2415862,0.2011205,-0.6605631,0.2849604,0.1652171,-0.6647691,0.2209131,0.1505548,-0.60821176,0.33617747,0.09574256,-0.61739844,0.20184615,0.05774179,-0.006484925746917725,0.21997439861297607,0.0019107013940811157
