frame,Ankle.R_x,Ankle.R_y,Ankle.R_z,Knee.R_x,Knee.R_y,Knee.R_z,Hip.R_x,Hip.R_y,Hip.R_z,Hip.L_x,Hip.L_y,Hip.L_z,Knee.L_x,Knee.L_y,Knee.L_z,Ankle.L_x,Ankle.L_y,Ankle.L_z,Wrist.R_x,Wrist.R_y,Wrist.R_z,Elbow.R_x,Elbow.R_y,Elbow.R_z,Shoulder.R_x,Shoulder.R_y,Shoulder.R_z,Shoulder.L_x,Shoulder.L_y,Shoulder.L_z,Elbow.L_x,Elbow.L_y,Elbow.L_z,Wrist.L_x,Wrist.L_y,Wrist.L_z,Neck_x,Neck_y,Neck_z,Head_x,Head_y,Head_z,Nose_x,Nose_y,Nose_z,Eye.L_x,Eye.L_y,Eye.L_z,Eye.R_x,Eye.R_y,Eye.R_z,Ear.L_x,Ear.L_y,Ear.L_z,Ear.R_x,Ear.R_y,Ear.R_z,hip.Center_x,hip.Center_y,hip.Center_z
0,0.5339801,0.07912044,-0.55701965,0.37782326,0.09965778,-0.15781522,-0.010961079,0.09965523,0.022498053,-0.0039688656,0.34073147,-0.019773303,0.33383027,0.28834328,-0.2708904,0.5229639,0.26992986,-0.6575399,-0.7252798,-0.23797974,0.14500298,-0.5032333,-0.15325283,0.045442358,-0.45260894,0.113713264,0.04642889,-0.46572605,0.34827626,0.06397244,-0.6077249,0.5587218,0.11518264,-0.8225741,0.694479,0.15868962,-0.4908666,0.23650059,0.07208163,-0.6797993,0.27486962,0.046556298,-0.64006114,0.236709,0.19497623,-0.661943,0.2810319,0.15966293,-0.66767,0.2172813,0.14417097,-0.6086726,0.33198905,0.09064491,-0.62078846,0.19808307,0.05080206,-0.007464972324669361,0.22019335627555847,0.001362374983727932
