frame,Ankle.R_x,Ankle.R_y,Ankle.R_z,Knee.R_x,Knee.R_y,Knee.R_z,Hip.R_x,Hip.R_y,Hip.R_z,Hip.L_x,Hip.L_y,Hip.L_z,Knee.L_x,Knee.L_y,Knee.L_z,Ankle.L_x,Ankle.L_y,Ankle.L_z,Wrist.R_x,Wrist.R_y,Wrist.R_z,Elbow.R_x,Elbow.R_y,Elbow.R_z,Shoulder.R_x,Shoulder.R_y,Shoulder.R_z,Shoulder.L_x,Shoulder.L_y,Shoulder.L_z,Elbow.L_x,Elbow.L_y,Elbow.L_z,Wrist.L_x,Wrist.L_y,Wrist.L_z,Neck_x,Neck_y,Neck_z,Head_x,Head_y,Head_z,Nose_x,Nose_y,Nose_z,Eye.L_x,Eye.L_y,Eye.L_z,Eye.R_x,Eye.R_y,Eye.R_z,Ear.L_x,Ear.L_y,Ear.L_z,Ear.R_x,Ear.R_y,Ear.R_z,hip.Center_x,hip.Center_y,hip.Center_z
0,0.52078134,0.08291486,-0.5726944,0.3738175,0.111928165,-0.17028867,-0.005844912,0.102186605,0.03068218,-0.0075290017,0.33981943,-0.026968235,0.32121092,0.28409764,-0.2865431,0.51072514,0.26269993,-0.67238736,-0.7264697,-0.2402963,0.14946951,-0.5039103,-0.14949562,0.057553582,-0.4526523,0.11640992,0.05240103,-0.46435255,0.35165793,0.06428941,-0.60677916,0.55894953,0.12126397,-0.8206543,0.6946947,0.1672014,-0.49018818,0.23980641,0.07447482,-0.6792239,0.27366275,0.045886464,-0.6402962,0.24078906,0.1958974,-0.662932,0.2835315,0.1590661,-0.6666616,0.21921034,0.14529392,-0.61016095,0.33395106,0.08914548,-0.6182509,0.19875036,0.053152345,-0.006686956621706486,0.22100302577018738,0.0018569724634289742
