frame,Ankle.R_x,Ankle.R_y,Ankle.R_z,Knee.R_x,Knee.R_y,Knee.R_z,Hip.R_x,Hip.R_y,Hip.R_z,Hip.L_x,Hip.L_y,Hip.L_z,Knee.L_x,Knee.L_y,Knee.L_z,Ankle.L_x,Ankle.L_y,Ankle.L_z,Wrist.R_x,Wrist.R_y,Wrist.R_z,Elbow.R_x,Elbow.R_y,Elbow.R_z,Shoulder.R_x,Shoulder.R_y,Shoulder.R_z,Shoulder.L_x,Shoulder.L_y,Shoulder.L_z,Elbow.L_x,Elbow.L_y,Elbow.L_z,Wrist.L_x,Wrist.L_y,Wrist.L_z,Neck_x,Neck_y,Neck_z,Head_x,Head_y,Head_z,Nose_x,Nose_y,Nose_z,Eye.L_x,Eye.L_y,Eye.L_z,Eye.R_x,Eye.R_y,Eye.R_z,Ear.L_x,Ear.L_y,Ear.L_z,Ear.R_x,Ear.R_y,Ear.R_z,hip.Center_x,hip.Center_y,hip.Center_z
0,0.37554672,0.12346898,-0.77643466,0.15703595,0.14333974,-0.39549786,-0.05582815,0.10634925,-0.042393703,0.054682314,0.30265948,0.05130708,0.20256828,0.29714748,-0.35325408,0.3692992,0.27904463,-0.76370794,-0.70393974,-0.14894995,0.054700147,-0.49147686,-0.0935144,-0.07369493,-0.4188068,0.14544773,0.057002176,-0.41693243,0.36597997,0.1316698,-0.57714576,0.5769014,0.15267491,-0.7912425,0.65628684,0.27148056,-0.44975954,0.24667904,0.11381986,-0.6138969,0.32061002,0.16094601,-0.5962564,0.21379401,0.048955098,-0.63051856,0.22859786,0.09716696,-0.5948863,0.27249575,0.06224896,-0.59919596,0.22353621,0.19626738,-0.5270889,0.31865612,0.12235039,-0.0005729179829359055,0.2045043706893921,0.004456687718629837
