frame,Ankle.R_x,Ankle.R_y,Ankle.R_z,Knee.R_x,Knee.R_y,Knee.R_z,Hip.R_x,Hip.R_y,Hip.R_z,Hip.L_x,Hip.L_y,Hip.L_z,Knee.L_x,Knee.L_y,Knee.L_z,Ankle.L_x,Ankle.L_y,Ankle.L_z,Wrist.R_x,Wrist.R_y,Wrist.R_z,Elbow.R_x,Elbow.R_y,Elbow.R_z,Shoulder.R_x,Shoulder.R_y,Shoulder.R_z,Shoulder.L_x,Shoulder.L_y,Shoulder.L_z,Elbow.L_x,Elbow.L_y,Elbow.L_z,Wrist.L_x,Wrist.L_y,Wrist.L_z,Neck_x,Neck_y,Neck_z,Head_x,Head_y,Head_z,Nose_x,Nose_y,Nose_z,Eye.L_x,Eye.L_y,Eye.L_z,Eye.R_x,Eye.R_y,Eye.R_z,Ear.L_x,Ear.L_y,Ear.L_z,Ear.R_x,Ear.R_y,Ear.R_z,hip.Center_x,hip.Center_y,hip.Center_z
0,0.3648824,0.12626654,-0.7807623,0.14857674,0.15314983,-0.39880702,-0.058436252,0.1092004,-0.04421477,0.057144497,0.30002725,0.052851975,0.18826595,0.29925185,-0.3575177,0.3486464,0.2814411,-0.7703929,-0.69725406,-0.1351116,0.05126967,-0.49014437,-0.082809635,-0.0866152,-0.41740972,0.15124126,0.053233523,-0.41587725,0.36642483,0.13600996,-0.58318216,0.57261515,0.15707049,-0.79793316,0.64743495,0.27735558,-0.4469112,0.24602245,0.11330014,-0.61107445,0.2929659,0.19349694,-0.5925596,0.23568386,0.05089686,-0.6257667,0.23001304,0.1014702,-0.59282225,0.28522867,0.08459982,-0.59149736,0.19077376,0.19162115,-0.52469087,0.30904442,0.15613103,-0.000645877793431282,0.2046138346195221,0.004318602383136749
