frame,Ankle.R_x,Ankle.R_y,Ankle.R_z,Knee.R_x,Knee.R_y,Knee.R_z,Hip.R_x,Hip.R_y,Hip.R_z,Hip.L_x,Hip.L_y,Hip.L_z,Knee.L_x,Knee.L_y,Knee.L_z,Ankle.L_x,Ankle.L_y,Ankle.L_z,Wrist.R_x,Wrist.R_y,Wrist.R_z,Elbow.R_x,Elbow.R_y,Elbow.R_z,Shoulder.R_x,Shoulder.R_y,Shoulder.R_z,Shoulder.L_x,Shoulder.L_y,Shoulder.L_z,Elbow.L_x,Elbow.L_y,Elbow.L_z,Wrist.L_x,Wrist.L_y,Wrist.L_z,Neck_x,Neck_y,Neck_z,Head_x,Head_y,Head_z,Nose_x,Nose_y,Nose_z,Eye.L_x,Eye.L_y,Eye.L_z,Eye.R_x,Eye.R_y,Eye.R_z,Ear.L_x,Ear.L_y,Ear.L_z,Ear.R_x,Ear.R_y,Ear.R_z,hip.Center_x,hip.Center_y,hip.Center_z
0,0.37196428,0.10960411,-0.77614605,0.15695514,0.13779189,-0.39362624,-0.05640291,0.10682565,-0.040867448,0.05467924,0.30308938,0.05119992,0.20275043,0.29405817,-0.35280555,0.36881244,0.27868629,-0.76371676,-0.6559459,-0.13346641,0.03485687,-0.44207427,-0.09873644,-0.09011473,-0.41304684,0.14607082,0.052289646,-0.41640306,0.36961436,0.13357715,-0.57172734,0.5864578,0.15607156,-0.7928285,0.634218,0.27474782,-0.44878054,0.24914183,0.11327363,-0.614661,0.32109913,0.16537064,-0.598943,0.21552598,0.05208227,-0.6319952,0.22929521,0.10152784,-0.5980738,0.27413887,0.06583282,-0.59758747,0.22416155,0.19989133,-0.52892727,0.32078463,0.12391271,-0.0008618347346782684,0.204957515001297,0.005166236311197281
