frame,Ankle.R_x,Ankle.R_y,Ankle.R_z,Knee.R_x,Knee.R_y,Knee.R_z,Hip.R_x,Hip.R_y,Hip.R_z,Hip.L_x,Hip.L_y,Hip.L_z,Knee.L_x,Knee.L_y,Knee.L_z,Ankle.L_x,Ankle.L_y,Ankle.L_z,Wrist.R_x,Wrist.R_y,Wrist.R_z,Elbow.R_x,Elbow.R_y,Elbow.R_z,Shoulder.R_x,Shoulder.R_y,Shoulder.R_z,Shoulder.L_x,Shoulder.L_y,Shoulder.L_z,Elbow.L_x,Elbow.L_y,Elbow.L_z,Wrist.L_x,Wrist.L_y,Wrist.L_z,Neck_x,Neck_y,Neck_z,Head_x,Head_y,Head_z,Nose_x,Nose_y,Nose_z,Eye.L_x,Eye.L_y,Eye.L_z,Eye.R_x,Eye.R_y,Eye.R_z,Ear.L_x,Ear.L_y,Ear.L_z,Ear.R_x,Ear.R_y,Ear.R_z,hip.Center_x,hip.Center_y,hip.Center_z
0,0.50726014,0.07568878,-0.5869805,0.36554718,0.095114656,-0.18254063,-0.008992402,0.100982204,0.02651899,-0.0036825216,0.34088928,-0.021863213,0.31338745,0.28230324,-0.29533643,0.5021673,0.27004883,-0.6825722,-0.6830936,-0.21757554,0.14409934,-0.45935485,-0.15662883,0.03984606,-0.4473858,0.11599769,0.04597255,-0.4650374,0.35280073,0.061362375,-0.6093186,0.56184584,0.111730136,-0.83287835,0.68077046,0.1507461,-0.4899174,0.24055968,0.069618344,-0.67901194,0.2757281,0.036513165,-0.64427805,0.23996273,0.18689108,-0.665856,0.28355592,0.15030524,-0.66931605,0.21945797,0.13515672,-0.6110234,0.3352745,0.08287052,-0.61849165,0.20049372,0.04414784,-0.006337461993098259,0.22093573212623596,0.002327888272702694
