frame,Ankle.R_x,Ankle.R_y,Ankle.R_z,Knee.R_x,Knee.R_y,Knee.R_z,Hip.R_x,Hip.R_y,Hip.R_z,Hip.L_x,Hip.L_y,Hip.L_z,Knee.L_x,Knee.L_y,Knee.L_z,Ankle.L_x,Ankle.L_y,Ankle.L_z,Wrist.R_x,Wrist.R_y,Wrist.R_z,Elbow.R_x,Elbow.R_y,Elbow.R_z,Shoulder.R_x,Shoulder.R_y,Shoulder.R_z,Shoulder.L_x,Shoulder.L_y,Shoulder.L_z,Elbow.L_x,Elbow.L_y,Elbow.L_z,Wrist.L_x,Wrist.L_y,Wrist.L_z,Neck_x,Neck_y,Neck_z,Head_x,Head_y,Head_z,Nose_x,Nose_y,Nose_z,Eye.L_x,Eye.L_y,Eye.L_z,Eye.R_x,Eye.R_y,Eye.R_z,Ear.L_x,Ear.L_y,Ear.L_z,Ear.R_x,Ear.R_y,Ear.R_z,hip.Center_x,hip.Center_y,hip.Center_z
0,0.52277863,0.07865008,-0.5964249,0.35551512,0.101245165,-0.20096505,-0.008161226,0.1003218,0.024525058,-0.0021268001,0.34071612,-0.017627425,0.30573133,0.28096396,-0.3010596,0.5071001,0.27320322,-0.681087,-0.6098956,-0.22373815,0.15689532,-0.3998798,-0.15411855,0.041183982,-0.44869146,0.11512871,0.04287774,-0.46377093,0.35588813,0.057393078,-0.5675103,0.58522385,0.12672852,-0.79871976,0.6571291,0.19833174,-0.4922219,0.2421624,0.06378995,-0.6829376,0.27278975,0.026978433,-0.6450415,0.24891543,0.17900887,-0.6679821,0.2892855,0.13940305,-0.67078793,0.22415051,0.12945357,-0.61511326,0.33621335,0.06750985,-0.62141776,0.1988715,0.03939861,-0.005144013091921806,0.22051896154880524,0.003448816016316414
