frame,Ankle.R_x,Ankle.R_y,Ankle.R_z,Knee.R_x,Knee.R_y,Knee.R_z,Hip.R_x,Hip.R_y,Hip.R_z,Hip.L_x,Hip.L_y,Hip.L_z,Knee.L_x,Knee.L_y,Knee.L_z,Ankle.L_x,Ankle.L_y,Ankle.L_z,Wrist.R_x,Wrist.R_y,Wrist.R_z,Elbow.R_x,Elbow.R_y,Elbow.R_z,Shoulder.R_x,Shoulder.R_y,Shoulder.R_z,Shoulder.L_x,Shoulder.L_y,Shoulder.L_z,Elbow.L_x,Elbow.L_y,Elbow.L_z,Wrist.L_x,Wrist.L_y,Wrist.L_z,Neck_x,Neck_y,Neck_z,Head_x,Head_y,Head_z,Nose_x,Nose_y,Nose_z,Eye.L_x,Eye.L_y,Eye.L_z,Eye.R_x,Eye.R_y,Eye.R_z,Ear.L_x,Ear.L_y,Ear.L_z,Ear.R_x,Ear.R_y,Ear.R_z,hip.Center_x,hip.Center_y,hip.Center_z
0,0.51038754,0.07571614,-0.5970954,0.35772255,0.097538665,-0.19612628,-0.0073210127,0.10160689,0.02889155,-0.0041662287,0.34030718,-0.022207705,0.30498508,0.2826893,-0.30303442,0.5137757,0.27636048,-0.6799777,-0.61711717,-0.22753584,0.15313719,-0.4065811,-0.15792684,0.035072725,-0.44365728,0.1130266,0.03734248,-0.46500474,0.35335898,0.05505699,-0.58708787,0.5755141,0.11623618,-0.820081,0.6562145,0.17356065,-0.49080357,0.2391948,0.05995993,-0.6796095,0.2706113,0.017640276,-0.64954287,0.24003196,0.17029582,-0.6706079,0.28212115,0.13151208,-0.67251366,0.21750149,0.11838682,-0.61418074,0.3324018,0.064559475,-0.61856896,0.19642994,0.029991016,-0.005743620917201042,0.22095704078674316,0.0033419225364923477
