frame,Ankle.R_x,Ankle.R_y,Ankle.R_z,Knee.R_x,Knee.R_y,Knee.R_z,Hip.R_x,Hip.R_y,Hip.R_z,Hip.L_x,Hip.L_y,Hip.L_z,Knee.L_x,Knee.L_y,Knee.L_z,Ankle.L_x,Ankle.L_y,Ankle.L_z,Wrist.R_x,Wrist.R_y,Wrist.R_z,Elbow.R_x,Elbow.R_y,Elbow.R_z,Shoulder.R_x,Shoulder.R_y,Shoulder.R_z,Shoulder.L_x,Shoulder.L_y,Shoulder.L_z,Elbow.L_x,Elbow.L_y,Elbow.L_z,Wrist.L_x,Wrist.L_y,Wrist.L_z,Neck_x,Neck_y,Neck_z,Head_x,Head_y,Head_z,Nose_x,Nose_y,Nose_z,Eye.L_x,Eye.L_y,Eye.L_z,Eye.R_x,Eye.R_y,Eye.R_z,Ear.L_x,Ear.L_y,Ear.L_z,Ear.R_x,Ear.R_y,Ear.R_z,hip.Center_x,hip.Center_y,hip.Center_z
0,0.35433927,0.13334905,-0.7782912,0.13274565,0.16977897,-0.40048346,-0.051342364,0.104045674,-0.03713178,0.05429992,0.30317426,0.04964366,0.17591454,0.31126368,-0.35982397,0.3449339,0.3052606,-0.77005804,-0.57624686,-0.10586128,0.041178968,-0.38626352,-0.07876133,-0.113982655,-0.41120026,0.1573954,0.05269654,-0.40407288,0.38376242,0.1410731,-0.5416544,0.6115321,0.18526329,-0.75416625,0.6197939,0.31901386,-0.44161332,0.25870734,0.11907766,-0.6090912,0.29534507,0.21656907,-0.59204596,0.25822946,0.06738802,-0.6237725,0.24488623,0.11781426,-0.5939758,0.30320892,0.107287236,-0.58554214,0.19628572,0.20102519,-0.52449685,0.32076758,0.17914075,0.0014787781983613968,0.20360997319221497,0.006255941465497017
