frame,Ankle.R_x,Ankle.R_y,Ankle.R_z,Knee.R_x,Knee.R_y,Knee.R_z,Hip.R_x,Hip.R_y,Hip.R_z,Hip.L_x,Hip.L_y,Hip.L_z,Knee.L_x,Knee.L_y,Knee.L_z,Ankle.L_x,Ankle.L_y,Ankle.L_z,Wrist.R_x,Wrist.R_y,Wrist.R_z,Elbow.R_x,Elbow.R_y,Elbow.R_z,Shoulder.R_x,Shoulder.R_y,Shoulder.R_z,Shoulder.L_x,Shoulder.L_y,Shoulder.L_z,Elbow.L_x,Elbow.L_y,Elbow.L_z,Wrist.L_x,Wrist.L_y,Wrist.L_z,Neck_x,Neck_y,Neck_z,Head_x,Head_y,Head_z,Nose_x,Nose_y,Nose_z,Eye.L_x,Eye.L_y,Eye.L_z,Eye.R_x,Eye.R_y,Eye.R_z,Ear.L_x,Ear.L_y,Ear.L_z,Ear.R_x,Ear.R_y,Ear.R_z,hip.Center_x,hip.Center_y,hip.Center_z
0,0.38606814,0.11558608,-0.7580811,0.14206524,0.16732115,-0.39764753,-0.048089545,0.102935314,-0.04093702,0.04796373,0.30520874,0.05396642,0.1815165,0.32557735,-0.35126376,0.37474692,0.31734562,-0.7481091,-0.6745518,-0.19543417,-0.010630886,-0.45915455,-0.10553703,-0.1092028,-0.41093293,0.13163522,0.03514661,-0.40336087,0.36649996,0.12968567,-0.4922358,0.6205294,0.17922986,-0.6843194,0.6060232,0.3376937,-0.448606,0.24096636,0.09834925,-0.59817576,0.32709652,0.1756436,-0.6061145,0.257131,0.03726267,-0.635246,0.26337823,0.09084218,-0.59255,0.3079904,0.06597269,-0.60264957,0.22394548,0.18083185,-0.5141689,0.32050934,0.12991627,-6.290711462497711e-05,0.2040720283985138,0.0065147001296281815
