frame,Ankle.R_x,Ankle.R_y,Ankle.R_z,Knee.R_x,Knee.R_y,Knee.R_z,Hip.R_x,Hip.R_y,Hip.R_z,Hip.L_x,Hip.L_y,Hip.L_z,Knee.L_x,Knee.L_y,Knee.L_z,Ankle.L_x,Ankle.L_y,Ankle.L_z,Wrist.R_x,Wrist.R_y,Wrist.R_z,Elbow.R_x,Elbow.R_y,Elbow.R_z,Shoulder.R_x,Shoulder.R_y,Shoulder.R_z,Shoulder.L_x,Shoulder.L_y,Shoulder.L_z,Elbow.L_x,Elbow.L_y,Elbow.L_z,Wrist.L_x,Wrist.L_y,Wrist.L_z,Neck_x,Neck_y,Neck_z,Head_x,Head_y,Head_z,Nose_x,Nose_y,Nose_z,Eye.L_x,Eye.L_y,Eye.L_z,Eye.R_x,Eye.R_y,Eye.R_z,Ear.L_x,Ear.L_y,Ear.L_z,Ear.R_x,Ear.R_y,Ear.R_z,hip.Center_x,hip.Center_y,hip.Center_z
0,0.39033568,0.13755603,-0.752468,0.13177586,0.1863226,-0.40286037,-0.053654008,0.10691787,-0.04635621,0.052938223,0.29978502,0.05832326,0.17000854,0.3389376,-0.35049197,0.36738423,0.33500692,-0.7445467,-0.67283916,-0.17858365,-0.030637793,-0.4608805,-0.084504314,-0.1357848,-0.4106671,0.14499348,0.018982623,-0.4031743,0.37728828,0.119193725,-0.484667,0.6381946,0.14389415,-0.66962844,0.63549024,0.31151554,-0.449947,0.25527304,0.08376901,-0.59884936,0.35077164,0.15122345,-0.60768986,0.27396396,0.016241666,-0.637199,0.2840755,0.069278404,-0.5926566,0.32580027,0.042535193,-0.60724056,0.24785,0.16140682,-0.5149118,0.3389462,0.10704611,-0.00035789236426353455,0.2033514380455017,0.005983525887131691
