frame,Ankle.R_x,Ankle.R_y,Ankle.R_z,Knee.R_x,Knee.R_y,Knee.R_z,Hip.R_x,Hip.R_y,Hip.R_z,Hip.L_x,Hip.L_y,Hip.L_z,Knee.L_x,Knee.L_y,Knee.L_z,Ankle.L_x,Ankle.L_y,Ankle.L_z,Wrist.R_x,Wrist.R_y,Wrist.R_z,Elbow.R_x,Elbow.R_y,Elbow.R_z,Shoulder.R_x,Shoulder.R_y,Shoulder.R_z,Shoulder.L_x,Shoulder.L_y,Shoulder.L_z,Elbow.L_x,Elbow.L_y,Elbow.L_z,Wrist.L_x,Wrist.L_y,Wrist.L_z,Neck_x,Neck_y,Neck_z,Head_x,Head_y,Head_z,Nose_x,Nose_y,Nose_z,Eye.L_x,Eye.L_y,Eye.L_z,Eye.R_x,Eye.R_y,Eye.R_z,Ear.L_x,Ear.L_y,Ear.L_z,Ear.R_x,Ear.R_y,Ear.R_z,hip.Center_x,hip.Center_y,hip.Center_z
0,0.5042075,0.07380607,-0.61877346,0.3425322,0.089079954,-0.21937409,-0.00955376,0.099559754,0.022056548,-0.0005408039,0.34064797,-0.013159426,0.29881677,0.28441057,-0.30587968,0.5141296,0.27998132,-0.6792277,-0.5190823,-0.23713802,0.16379307,-0.3418736,-0.13971747,0.021352341,-0.44603157,0.11251576,0.03131307,-0.46250457,0.35678408,0.04559096,-0.5317105,0.59911263,0.12051988,-0.7585701,0.6377363,0.21421991,-0.493213,0.24120423,0.050804216,-0.6855948,0.26775783,0.013218009,-0.64498514,0.25018418,0.16547376,-0.66921425,0.2887132,0.124542505,-0.6711076,0.2232152,0.11724627,-0.61808723,0.33345562,0.05031299,-0.62281626,0.19517869,0.027978227,-0.005047282204031944,0.22010385990142822,0.004448560997843742
