frame,Ankle.R_x,Ankle.R_y,Ankle.R_z,Knee.R_x,Knee.R_y,Knee.R_z,Hip.R_x,Hip.R_y,Hip.R_z,Hip.L_x,Hip.L_y,Hip.L_z,Knee.L_x,Knee.L_y,Knee.L_z,Ankle.L_x,Ankle.L_y,Ankle.L_z,Wrist.R_x,Wrist.R_y,Wrist.R_z,Elbow.R_x,Elbow.R_y,Elbow.R_z,Shoulder.R_x,Shoulder.R_y,Shoulder.R_z,Shoulder.L_x,Shoulder.L_y,Shoulder.L_z,Elbow.L_x,Elbow.L_y,Elbow.L_z,Wrist.L_x,Wrist.L_y,Wrist.L_z,Neck_x,Neck_y,Neck_z,Head_x,Head_y,Head_z,Nose_x,Nose_y,Nose_z,Eye.L_x,Eye.L_y,Eye.L_z,Eye.R_x,Eye.R_y,Eye.R_z,Ear.L_x,Ear.L_y,Ear.L_z,Ear.R_x,Ear.R_y,Ear.R_z,hip.Center_x,hip.Center_y,hip.Center_z
0,0.52831036,0.07170224,-0.59571815,0.3497789,0.08541894,-0.20427328,-0.010925209,0.099772416,0.022433978,-0.00086038624,0.34042865,-0.014238805,0.30921644,0.28547063,-0.29540142,0.5310603,0.27982572,-0.6640536,-0.5254959,-0.23938641,0.16253766,-0.3472281,-0.14094011,0.022264704,-0.44702968,0.11251732,0.032976173,-0.46426487,0.3555038,0.045646716,-0.53259635,0.5980946,0.11955755,-0.7564429,0.64541376,0.21667066,-0.49401632,0.24032526,0.052253574,-0.68697745,0.26393902,0.017758736,-0.64352274,0.2515246,0.16966856,-0.6686475,0.28858328,0.12798947,-0.6703529,0.22290292,0.12288855,-0.61921823,0.3310856,0.051410124,-0.623526,0.19217686,0.033684433,-0.005892797838896513,0.220100536942482,0.004097586497664452
