frame,Ankle.R_x,Ankle.R_y,Ankle.R_z,Knee.R_x,Knee.R_y,Knee.R_z,Hip.R_x,Hip.R_y,Hip.R_z,Hip.L_x,Hip.L_y,Hip.L_z,Knee.L_x,Knee.L_y,Knee.L_z,Ankle.L_x,Ankle.L_y,Ankle.L_z,Wrist.R_x,Wrist.R_y,Wrist.R_z,Elbow.R_x,Elbow.R_y,Elbow.R_z,Shoulder.R_x,Shoulder.R_y,Shoulder.R_z,Shoulder.L_x,Shoulder.L_y,Shoulder.L_z,Elbow.L_x,Elbow.L_y,Elbow.L_z,Wrist.L_x,Wrist.L_y,Wrist.L_z,Neck_x,Neck_y,Neck_z,Head_x,Head_y,Head_z,Nose_x,Nose_y,Nose_z,Eye.L_x,Eye.L_y,Eye.L_z,Eye.R_x,Eye.R_y,Eye.R_z,Ear.L_x,Ear.L_y,Ear.L_z,Ear.R_x,Ear.R_y,Ear.R_z,hip.Center_x,hip.Center_y,hip.Center_z
0,0.35069743,0.14356339,-0.7795977,0.1344188,0.17067847,-0.3976782,-0.043077275,0.10040701,-0.031925924,0.046850465,0.30956504,0.04716144,0.16762105,0.31839564,-0.36072758,0.35579988,0.30965874,-0.7607581,-0.485695,-0.09879198,0.034658857,-0.31706676,-0.055001296,-0.13549402,-0.41318113,0.15373243,0.046415232,-0.40162766,0.39066893,0.13451819,-0.4823088,0.64083624,0.20937589,-0.68018293,0.5990188,0.34983775,-0.44605717,0.25997263,0.11348297,-0.6148117,0.29719716,0.21379402,-0.59427464,0.27005273,0.06269566,-0.6280578,0.25463516,0.11143091,-0.5960338,0.31225824,0.10569141,-0.59433556,0.1989111,0.19143754,-0.5283358,0.32211804,0.18029311,0.0018865950405597687,0.20498602092266083,0.007617758587002754
