frame,Ankle.R_x,Ankle.R_y,Ankle.R_z,Knee.R_x,Knee.R_y,Knee.R_z,Hip.R_x,Hip.R_y,Hip.R_z,Hip.L_x,Hip.L_y,Hip.L_z,Knee.L_x,Knee.L_y,Knee.L_z,Ankle.L_x,Ankle.L_y,Ankle.L_z,Wrist.R_x,Wrist.R_y,Wrist.R_z,Elbow.R_x,Elbow.R_y,Elbow.R_z,Shoulder.R_x,Shoulder.R_y,Shoulder.R_z,Shoulder.L_x,Shoulder.L_y,Shoulder.L_z,Elbow.L_x,Elbow.L_y,Elbow.L_z,Wrist.L_x,Wrist.L_y,Wrist.L_z,Neck_x,Neck_y,Neck_z,Head_x,Head_y,Head_z,Nose_x,Nose_y,Nose_z,Eye.L_x,Eye.L_y,Eye.L_z,Eye.R_x,Eye.R_y,Eye.R_z,Ear.L_x,Ear.L_y,Ear.L_z,Ear.R_x,Ear.R_y,Ear.R_z,hip.Center_x,hip.Center_y,hip.Center_z
0,0.50675017,0.07631378,-0.62427986,0.33428302,0.094011225,-0.22935563,-0.0074035125,0.101473324,0.028366156,-0.0030081659,0.34050646,-0.018645262,0.30482975,0.28577548,-0.30128446,0.5151187,0.2873289,-0.67803144,-0.42417702,-0.2328214,0.18567549,-0.30138147,-0.114903435,0.008108946,-0.44772878,0.11340133,0.02783325,-0.4619779,0.3615402,0.041143145,-0.48025373,0.61084336,0.12707551,-0.6824951,0.6131772,0.26449212,-0.4958792,0.24478051,0.045986857,-0.6856851,0.2816662,0.0057264464,-0.64754707,0.2556241,0.15770894,-0.66988623,0.29679418,0.118113294,-0.6739994,0.23180589,0.10788177,-0.61611396,0.34271705,0.046609543,-0.62585855,0.20593244,0.018333502,-0.005205838941037655,0.2209898978471756,0.004860446788370609
