frame,Ankle.R_x,Ankle.R_y,Ankle.R_z,Knee.R_x,Knee.R_y,Knee.R_z,Hip.R_x,Hip.R_y,Hip.R_z,Hip.L_x,Hip.L_y,Hip.L_z,Knee.L_x,Knee.L_y,Knee.L_z,Ankle.L_x,Ankle.L_y,Ankle.L_z,Wrist.R_x,Wrist.R_y,Wrist.R_z,Elbow.R_x,Elbow.R_y,Elbow.R_z,Shoulder.R_x,Shoulder.R_y,Shoulder.R_z,Shoulder.L_x,Shoulder.L_y,Shoulder.L_z,Elbow.L_x,Elbow.L_y,Elbow.L_z,Wrist.L_x,Wrist.L_y,Wrist.L_z,Neck_x,Neck_y,Neck_z,Head_x,Head_y,Head_z,Nose_x,Nose_y,Nose_z,Eye.L_x,Eye.L_y,Eye.L_z,Eye.R_x,Eye.R_y,Eye.R_z,Ear.L_x,Ear.L_y,Ear.L_z,Ear.R_x,Ear.R_y,Ear.R_z,hip.Center_x,hip.Center_y,hip.Center_z
0,0.53083974,0.06738418,-0.59893024,0.34328204,0.09081835,-0.21231548,-0.008379128,0.10226725,0.03012329,-0.0037381651,0.34007788,-0.020910332,0.31639093,0.28645983,-0.28874162,0.53480583,0.28745255,-0.6601002,-0.4155534,-0.23845431,0.19107533,-0.29895386,-0.1162399,0.012357123,-0.44715658,0.11019612,0.029066075,-0.4658719,0.35683852,0.036910888,-0.49041617,0.6076323,0.11481866,-0.69376296,0.61661714,0.2503186,-0.49717835,0.24018733,0.045024354,-0.68809557,0.26972535,0.006371348,-0.6472342,0.25289845,0.15892123,-0.6710533,0.29131752,0.11751658,-0.67379785,0.22583847,0.1109129,-0.619501,0.33441046,0.04282742,-0.62631625,0.1961568,0.02217196,-0.0060586463660001755,0.22117257118225098,0.004606478847563267
