frame,Ankle.R_x,Ankle.R_y,Ankle.R_z,Knee.R_x,Knee.R_y,Knee.R_z,Hip.R_x,Hip.R_y,Hip.R_z,Hip.L_x,Hip.L_y,Hip.L_z,Knee.L_x,Knee.L_y,Knee.L_z,Ankle.L_x,Ankle.L_y,Ankle.L_z,Wrist.R_x,Wrist.R_y,Wrist.R_z,Elbow.R_x,Elbow.R_y,Elbow.R_z,Shoulder.R_x,Shoulder.R_y,Shoulder.R_z,Shoulder.L_x,Shoulder.L_y,Shoulder.L_z,Elbow.L_x,Elbow.L_y,Elbow.L_z,Wrist.L_x,Wrist.L_y,Wrist.L_z,Neck_x,Neck_y,Neck_z,Head_x,Head_y,Head_z,Nose_x,Nose_y,Nose_z,Eye.L_x,Eye.L_y,Eye.L_z,Eye.R_x,Eye.R_y,Eye.R_z,Ear.L_x,Ear.L_y,Ear.L_z,Ear.R_x,Ear.R_y,Ear.R_z,hip.Center_x,hip.Center_y,hip.Center_z
0,0.3561042,0.16078353,-0.7793939,0.13676678,0.17427848,-0.39855444,-0.03932436,0.09957439,-0.032941326,0.045365676,0.3096645,0.04763234,0.15705138,0.32691783,-0.3629746,0.35882747,0.31578287,-0.75410277,-0.39436156,-0.09341205,0.044206794,-0.2584262,-0.0073239207,-0.13985401,-0.4200154,0.16173238,0.03148827,-0.40451303,0.38913256,0.12986416,-0.43313798,0.6394873,0.23238045,-0.6236264,0.5860933,0.37278807,-0.4524002,0.26432833,0.10473403,-0.6185288,0.30783948,0.20813413,-0.6029529,0.2779411,0.056771535,-0.63522,0.26382297,0.10716848,-0.60302144,0.32094607,0.09915311,-0.59972465,0.20971042,0.1864129,-0.53304935,0.33179724,0.17051882,0.0030206572264432907,0.20461943745613098,0.007345506921410561
