frame,Ankle.R_x,Ankle.R_y,Ankle.R_z,Knee.R_x,Knee.R_y,Knee.R_z,Hip.R_x,Hip.R_y,Hip.R_z,Hip.L_x,Hip.L_y,Hip.L_z,Knee.L_x,Knee.L_y,Knee.L_z,Ankle.L_x,Ankle.L_y,Ankle.L_z,Wrist.R_x,Wrist.R_y,Wrist.R_z,Elbow.R_x,Elbow.R_y,Elbow.R_z,Shoulder.R_x,Shoulder.R_y,Shoulder.R_z,Shoulder.L_x,Shoulder.L_y,Shoulder.L_z,Elbow.L_x,Elbow.L_y,Elbow.L_z,Wrist.L_x,Wrist.L_y,Wrist.L_z,Neck_x,Neck_y,Neck_z,Head_x,Head_y,Head_z,Nose_x,Nose_y,Nose_z,Eye.L_x,Eye.L_y,Eye.L_z,Eye.R_x,Eye.R_y,Eye.R_z,Ear.L_x,Ear.L_y,Ear.L_z,Ear.R_x,Ear.R_y,Ear.R_z,hip.Center_x,hip.Center_y,hip.Center_z
0,0.54186654,0.062286466,-0.57276577,0.35553405,0.0979777,-0.18796504,-0.0032168701,0.10932252,0.04636936,-0.011550899,0.33698875,-0.03825859,0.32612002,0.28627715,-0.27955538,0.544156,0.2868191,-0.65165424,-0.3076329,-0.24043268,0.1987955,-0.2623886,-0.0918748,0.00903749,-0.44437292,0.10927223,0.03347699,-0.46169636,0.3655917,0.0275261,-0.434165,0.6170797,0.10784256,-0.6133096,0.5964462,0.26835904,-0.49863157,0.24400488,0.041471027,-0.6908623,0.27693054,-0.0019660632,-0.6505206,0.24164228,0.14723076,-0.676167,0.2839264,0.11113862,-0.6751895,0.22008775,0.095486194,-0.62601924,0.33933824,0.04407972,-0.6258582,0.20563918,0.0046385005,-0.007383884396404028,0.22315563261508942,0.004055384546518326
