frame,Ankle.R_x,Ankle.R_y,Ankle.R_z,Knee.R_x,Knee.R_y,Knee.R_z,Hip.R_x,Hip.R_y,Hip.R_z,Hip.L_x,Hip.L_y,Hip.L_z,Knee.L_x,Knee.L_y,Knee.L_z,Ankle.L_x,Ankle.L_y,Ankle.L_z,Wrist.R_x,Wrist.R_y,Wrist.R_z,Elbow.R_x,Elbow.R_y,Elbow.R_z,Shoulder.R_x,Shoulder.R_y,Shoulder.R_z,Shoulder.L_x,Shoulder.L_y,Shoulder.L_z,Elbow.L_x,Elbow.L_y,Elbow.L_z,Wrist.L_x,Wrist.L_y,Wrist.L_z,Neck_x,Neck_y,Neck_z,Head_x,Head_y,Head_z,Nose_x,Nose_y,Nose_z,Eye.L_x,Eye.L_y,Eye.L_z,Eye.R_x,Eye.R_y,Eye.R_z,Ear.L_x,Ear.L_y,Ear.L_z,Ear.R_x,Ear.R_y,Ear.R_z,hip.Center_x,hip.Center_y,hip.Center_z
0,0.35004336,0.16469258,-0.7819339,0.13134845,0.1831979,-0.4013701,-0.03971667,0.10086711,-0.036332887,0.045923065,0.3083024,0.05038035,0.1476711,0.338639,-0.36135894,0.3506487,0.33851427,-0.75097996,-0.3192943,-0.079668075,0.051453844,-0.22672498,0.03462389,-0.1447738,-0.42208397,0.16750443,0.018473228,-0.40404114,0.39109913,0.12915762,-0.37840495,0.6344624,0.24865037,-0.55343705,0.5743604,0.40389574,-0.45604128,0.26810843,0.09665378,-0.61577123,0.3142732,0.20649126,-0.6098386,0.2895042,0.053276956,-0.6397847,0.27473652,0.10507908,-0.6056966,0.3308094,0.0970889,-0.602311,0.21627787,0.179995,-0.5313596,0.33623463,0.16434117,0.0031031984835863113,0.2045847475528717,0.007023731246590614
