frame,Ankle.R_x,Ankle.R_y,Ankle.R_z,Knee.R_x,Knee.R_y,Knee.R_z,Hip.R_x,Hip.R_y,Hip.R_z,Hip.L_x,Hip.L_y,Hip.L_z,Knee.L_x,Knee.L_y,Knee.L_z,Ankle.L_x,Ankle.L_y,Ankle.L_z,Wrist.R_x,Wrist.R_y,Wrist.R_z,Elbow.R_x,Elbow.R_y,Elbow.R_z,Shoulder.R_x,Shoulder.R_y,Shoulder.R_z,Shoulder.L_x,Shoulder.L_y,Shoulder.L_z,Elbow.L_x,Elbow.L_y,Elbow.L_z,Wrist.L_x,Wrist.L_y,Wrist.L_z,Neck_x,Neck_y,Neck_z,Head_x,Head_y,Head_z,Nose_x,Nose_y,Nose_z,Eye.L_x,Eye.L_y,Eye.L_z,Eye.R_x,Eye.R_y,Eye.R_z,Ear.L_x,Ear.L_y,Ear.L_z,Ear.R_x,Ear.R_y,Ear.R_z,hip.Center_x,hip.Center_y,hip.Center_z
0,0.36076763,0.1458473,-0.7687168,0.12639937,0.1775162,-0.40028262,-0.035286903,0.09787579,-0.031407952,0.04183735,0.312353,0.04703242,0.1532719,0.33028588,-0.3620823,0.3624885,0.3235235,-0.74834055,-0.3135195,-0.094686374,0.030323673,-0.23051885,0.0260021,-0.16598316,-0.42046973,0.15400457,0.009659294,-0.4103135,0.38490427,0.11597321,-0.37389052,0.6294486,0.23456596,-0.5478639,0.5707198,0.390364,-0.45994538,0.25850537,0.08384051,-0.61869216,0.3184895,0.18292966,-0.61357296,0.27637857,0.033050876,-0.6442269,0.26872262,0.0861385,-0.6079287,0.32216382,0.07194661,-0.60905963,0.21751401,0.16729279,-0.5337069,0.3321656,0.13872734,0.0032752230763435364,0.20511439442634583,0.00781223364174366
