frame,Ankle.R_x,Ankle.R_y,Ankle.R_z,Knee.R_x,Knee.R_y,Knee.R_z,Hip.R_x,Hip.R_y,Hip.R_z,Hip.L_x,Hip.L_y,Hip.L_z,Knee.L_x,Knee.L_y,Knee.L_z,Ankle.L_x,Ankle.L_y,Ankle.L_z,Wrist.R_x,Wrist.R_y,Wrist.R_z,Elbow.R_x,Elbow.R_y,Elbow.R_z,Shoulder.R_x,Shoulder.R_y,Shoulder.R_z,Shoulder.L_x,Shoulder.L_y,Shoulder.L_z,Elbow.L_x,Elbow.L_y,Elbow.L_z,Wrist.L_x,Wrist.L_y,Wrist.L_z,Neck_x,Neck_y,Neck_z,Head_x,Head_y,Head_z,Nose_x,Nose_y,Nose_z,Eye.L_x,Eye.L_y,Eye.L_z,Eye.R_x,Eye.R_y,Eye.R_z,Ear.L_x,Ear.L_y,Ear.L_z,Ear.R_x,Ear.R_y,Ear.R_z,hip.Center_x,hip.Center_y,hip.Center_z
0,0.3531602,0.16154106,-0.77506554,0.12577131,0.18858406,-0.40168437,-0.036825478,0.09957821,-0.035378825,0.042843092,0.3102745,0.049939424,0.1524795,0.33784148,-0.35872984,0.3578224,0.33747822,-0.74744594,-0.23007284,-0.040201932,0.04941088,-0.2283998,0.07325846,-0.17079696,-0.42522925,0.16401765,0.01696589,-0.40288937,0.39281157,0.13235936,-0.34288448,0.62163484,0.2705664,-0.52052295,0.5464118,0.41354212,-0.45942312,0.26719552,0.09636668,-0.61613274,0.3182466,0.20656,-0.61060935,0.29695714,0.052694075,-0.64171267,0.28285676,0.10410896,-0.60425544,0.3368636,0.097416006,-0.6083304,0.2202521,0.1772034,-0.53034115,0.33611667,0.1652674,0.0030088070780038834,0.20492635667324066,0.007280299440026283
