frame,Ankle.R_x,Ankle.R_y,Ankle.R_z,Knee.R_x,Knee.R_y,Knee.R_z,Hip.R_x,Hip.R_y,Hip.R_z,Hip.L_x,Hip.L_y,Hip.L_z,Knee.L_x,Knee.L_y,Knee.L_z,Ankle.L_x,Ankle.L_y,Ankle.L_z,Wrist.R_x,Wrist.R_y,Wrist.R_z,Elbow.R_x,Elbow.R_y,Elbow.R_z,Shoulder.R_x,Shoulder.R_y,Shoulder.R_z,Shoulder.L_x,Shoulder.L_y,Shoulder.L_z,Elbow.L_x,Elbow.L_y,Elbow.L_z,Wrist.L_x,Wrist.L_y,Wrist.L_z,Neck_x,Neck_y,Neck_z,Head_x,Head_y,Head_z,Nose_x,Nose_y,Nose_z,Eye.L_x,Eye.L_y,Eye.L_z,Eye.R_x,Eye.R_y,Eye.R_z,Ear.L_x,Ear.L_y,Ear.L_z,Ear.R_x,Ear.R_y,Ear.R_z,hip.Center_x,hip.Center_y,hip.Center_z
0,0.56765604,0.05213112,-0.5400541,0.36398432,0.09186734,-0.16381812,-0.009982234,0.110571936,0.046144027,-0.006539097,0.3386415,-0.039703477,0.35374936,0.2744315,-0.24600674,0.56545657,0.28400436,-0.6240783,-0.13282704,-0.13960066,0.22765608,-0.22141647,-0.045508444,0.016636832,-0.44524738,0.11059718,0.029655978,-0.46272734,0.37577888,0.009587117,-0.36407855,0.5920782,0.12795162,-0.53265965,0.48894662,0.26035464,-0.5045061,0.24930388,0.0257774,-0.69729495,0.28520796,-0.022546694,-0.6561894,0.22645716,0.11875072,-0.6845341,0.27267024,0.09010122,-0.67855936,0.2130348,0.0631874,-0.63701445,0.3425953,0.035654843,-0.62779164,0.21895137,-0.026941858,-0.008260665461421013,0.2246067225933075,0.003220275044441223
