frame,Ankle.R_x,Ankle.R_y,Ankle.R_z,Knee.R_x,Knee.R_y,Knee.R_z,Hip.R_x,Hip.R_y,Hip.R_z,Hip.L_x,Hip.L_y,Hip.L_z,Knee.L_x,Knee.L_y,Knee.L_z,Ankle.L_x,Ankle.L_y,Ankle.L_z,Wrist.R_x,Wrist.R_y,Wrist.R_z,Elbow.R_x,Elbow.R_y,Elbow.R_z,Shoulder.R_x,Shoulder.R_y,Shoulder.R_z,Shoulder.L_x,Shoulder.L_y,Shoulder.L_z,Elbow.L_x,Elbow.L_y,Elbow.L_z,Wrist.L_x,Wrist.L_y,Wrist.L_z,Neck_x,Neck_y,Neck_z,Head_x,Head_y,Head_z,Nose_x,Nose_y,Nose_z,Eye.L_x,Eye.L_y,Eye.L_z,Eye.R_x,Eye.R_y,Eye.R_z,Ear.L_x,Ear.L_y,Ear.L_z,Ear.R_x,Ear.R_y,Ear.R_z,hip.Center_x,hip.Center_y,hip.Center_z
0,0.35029283,0.13775353,-0.7597903,0.10610657,0.17750058,-0.40173176,-0.025278285,0.09402642,-0.02531205,0.032645844,0.31842512,0.042020418,0.13852595,0.3268377,-0.36607492,0.35939726,0.32236344,-0.7439313,-0.18590042,-0.008306085,0.01887234,-0.24166669,0.07633545,-0.20854567,-0.425409,0.14600435,-0.0024727518,-0.41035834,0.38094342,0.10904792,-0.33600062,0.5986742,0.25746566,-0.50076646,0.50745344,0.40406403,-0.4645962,0.25172377,0.07339588,-0.61183494,0.30623695,0.18974794,-0.6200191,0.28407905,0.03631577,-0.64705926,0.27126446,0.09020281,-0.6088255,0.32411963,0.07945391,-0.609389,0.20846406,0.16041614,-0.5295899,0.32146847,0.1407472,0.003683779388666153,0.20622576773166656,0.008354184217751026
