frame,Ankle.R_x,Ankle.R_y,Ankle.R_z,Knee.R_x,Knee.R_y,Knee.R_z,Hip.R_x,Hip.R_y,Hip.R_z,Hip.L_x,Hip.L_y,Hip.L_z,Knee.L_x,Knee.L_y,Knee.L_z,Ankle.L_x,Ankle.L_y,Ankle.L_z,Wrist.R_x,Wrist.R_y,Wrist.R_z,Elbow.R_x,Elbow.R_y,Elbow.R_z,Shoulder.R_x,Shoulder.R_y,Shoulder.R_z,Shoulder.L_x,Shoulder.L_y,Shoulder.L_z,Elbow.L_x,Elbow.L_y,Elbow.L_z,Wrist.L_x,Wrist.L_y,Wrist.L_z,Neck_x,Neck_y,Neck_z,Head_x,Head_y,Head_z,Nose_x,Nose_y,Nose_z,Eye.L_x,Eye.L_y,Eye.L_z,Eye.R_x,Eye.R_y,Eye.R_z,Ear.L_x,Ear.L_y,Ear.L_z,Ear.R_x,Ear.R_y,Ear.R_z,hip.Center_x,hip.Center_y,hip.Center_z
0,0.5715434,0.04568151,-0.53758943,0.36739212,0.08566,-0.1620674,-0.011672581,0.104547426,0.03289585,-0.0041722446,0.34088942,-0.025827091,0.36118934,0.27541125,-0.22901553,0.58396876,0.2974702,-0.5997987,-0.09902912,-0.113069884,0.23688398,-0.20951168,-0.039355766,0.02578302,-0.44291258,0.10175194,0.025871005,-0.46351117,0.36676612,0.008157946,-0.35689506,0.5684563,0.1392995,-0.5129081,0.44635034,0.2716865,-0.50431556,0.24057272,0.02201209,-0.6980569,0.277628,-0.025905501,-0.654282,0.22054063,0.11482537,-0.68293154,0.26652342,0.08616767,-0.67802155,0.20655775,0.0599794,-0.6361144,0.3351695,0.030186161,-0.62920433,0.2110664,-0.031310752,-0.00792241282761097,0.22271841764450073,0.003534378483891487
