frame,Ankle.R_x,Ankle.R_y,Ankle.R_z,Knee.R_x,Knee.R_y,Knee.R_z,Hip.R_x,Hip.R_y,Hip.R_z,Hip.L_x,Hip.L_y,Hip.L_z,Knee.L_x,Knee.L_y,Knee.L_z,Ankle.L_x,Ankle.L_y,Ankle.L_z,Wrist.R_x,Wrist.R_y,Wrist.R_z,Elbow.R_x,Elbow.R_y,Elbow.R_z,Shoulder.R_x,Shoulder.R_y,Shoulder.R_z,Shoulder.L_x,Shoulder.L_y,Shoulder.L_z,Elbow.L_x,Elbow.L_y,Elbow.L_z,Wrist.L_x,Wrist.L_y,Wrist.L_z,Neck_x,Neck_y,Neck_z,Head_x,Head_y,Head_z,Nose_x,Nose_y,Nose_z,Eye.L_x,Eye.L_y,Eye.L_z,Eye.R_x,Eye.R_y,Eye.R_z,Ear.L_x,Ear.L_y,Ear.L_z,Ear.R_x,Ear.R_y,Ear.R_z,hip.Center_x,hip.Center_y,hip.Center_z
0,0.59156185,0.05268737,-0.51273644,0.37118235,0.09184657,-0.14859615,-0.009162216,0.10921094,0.04454861,-0.008037694,0.33760253,-0.03836792,0.36533743,0.27725726,-0.2234269,0.58605564,0.28509584,-0.5928502,-0.08285369,-0.11008637,0.24055147,-0.21668057,-0.042222027,0.04157337,-0.44532722,0.09856534,0.027937131,-0.4649618,0.35807985,-0.005465284,-0.36286917,0.5533272,0.13248196,-0.5028465,0.43615973,0.2858611,-0.50459355,0.23437215,0.013920618,-0.69583386,0.27199453,-0.035888243,-0.6540778,0.2238164,0.10857167,-0.6808621,0.26863873,0.07669267,-0.6783098,0.20677774,0.055031292,-0.63184094,0.33106345,0.015536867,-0.62951326,0.20257814,-0.035787366,-0.008599955588579178,0.22340673208236694,0.0030903443694114685
