frame,Ankle.R_x,Ankle.R_y,Ankle.R_z,Knee.R_x,Knee.R_y,Knee.R_z,Hip.R_x,Hip.R_y,Hip.R_z,Hip.L_x,Hip.L_y,Hip.L_z,Knee.L_x,Knee.L_y,Knee.L_z,Ankle.L_x,Ankle.L_y,Ankle.L_z,Wrist.R_x,Wrist.R_y,Wrist.R_z,Elbow.R_x,Elbow.R_y,Elbow.R_z,Shoulder.R_x,Shoulder.R_y,Shoulder.R_z,Shoulder.L_x,Shoulder.L_y,Shoulder.L_z,Elbow.L_x,Elbow.L_y,Elbow.L_z,Wrist.L_x,Wrist.L_y,Wrist.L_z,Neck_x,Neck_y,Neck_z,Head_x,Head_y,Head_z,Nose_x,Nose_y,Nose_z,Eye.L_x,Eye.L_y,Eye.L_z,Eye.R_x,Eye.R_y,Eye.R_z,Ear.L_x,Ear.L_y,Ear.L_z,Ear.R_x,Ear.R_y,Ear.R_z,hip.Center_x,hip.Center_y,hip.Center_z
0,0.57949823,0.050772905,-0.52645093,0.36582628,0.089307226,-0.15816422,-0.009642885,0.109171264,0.0446144,-0.00667471,0.33736628,-0.03753031,0.36117202,0.27301064,-0.23177473,0.571747,0.27536044,-0.6069598,-0.089239344,-0.10197066,0.24255833,-0.22024731,-0.03441242,0.04131336,-0.4476667,0.10616839,0.02187047,-0.4609997,0.36619756,-0.006222632,-0.3575873,0.55638534,0.13706765,-0.5044793,0.44333994,0.28692707,-0.50375855,0.2433242,0.0099773295,-0.6945219,0.28675035,-0.03902387,-0.6532972,0.23025517,0.10236232,-0.679652,0.2769829,0.073053,-0.6776634,0.21644044,0.047939166,-0.62998444,0.3422572,0.015555695,-0.6288794,0.21687847,-0.042857647,-0.008158797398209572,0.2232687771320343,0.0035420451313257217
