frame,Ankle.R_x,Ankle.R_y,Ankle.R_z,Knee.R_x,Knee.R_y,Knee.R_z,Hip.R_x,Hip.R_y,Hip.R_z,Hip.L_x,Hip.L_y,Hip.L_z,Knee.L_x,Knee.L_y,Knee.L_z,Ankle.L_x,Ankle.L_y,Ankle.L_z,Wrist.R_x,Wrist.R_y,Wrist.R_z,Elbow.R_x,Elbow.R_y,Elbow.R_z,Shoulder.R_x,Shoulder.R_y,Shoulder.R_z,Shoulder.L_x,Shoulder.L_y,Shoulder.L_z,Elbow.L_x,Elbow.L_y,Elbow.L_z,Wrist.L_x,Wrist.L_y,Wrist.L_z,Neck_x,Neck_y,Neck_z,Head_x,Head_y,Head_z,Nose_x,Nose_y,Nose_z,Eye.L_x,Eye.L_y,Eye.L_z,Eye.R_x,Eye.R_y,Eye.R_z,Ear.L_x,Ear.L_y,Ear.L_z,Ear.R_x,Ear.R_y,Ear.R_z,hip.Center_x,hip.Center_y,hip.Center_z
0,0.5817407,0.16832314,-0.60154754,0.35561052,0.13008311,-0.22620758,-0.03227734,0.11375198,-0.05437252,0.026725214,0.31844682,0.06534681,0.3454994,0.22313498,-0.22797418,0.48083258,0.20879292,-0.647298,-0.19365612,-0.14300182,0.032110114,-0.23946196,0.03827022,-0.13704184,-0.45977682,0.12273851,-0.030102909,-0.4626734,0.23194857,0.17066534,-0.24021117,0.12721439,0.26712078,-0.245695,-0.118752636,0.23832384,-0.50868183,0.17785868,0.07051252,-0.7079333,0.19656721,0.06952749,-0.63983357,0.081668876,0.15791035,-0.67187387,0.13425358,0.16016854,-0.67422754,0.0919444,0.10858086,-0.63473785,0.22486624,0.13433883,-0.6417766,0.14203921,0.022102028,-0.0027760621160268784,0.21609939634799957,0.0054871439933776855
