frame,Ankle.R_x,Ankle.R_y,Ankle.R_z,Knee.R_x,Knee.R_y,Knee.R_z,Hip.R_x,Hip.R_y,Hip.R_z,Hip.L_x,Hip.L_y,Hip.L_z,Knee.L_x,Knee.L_y,Knee.L_z,Ankle.L_x,Ankle.L_y,Ankle.L_z,Wrist.R_x,Wrist.R_y,Wrist.R_z,Elbow.R_x,Elbow.R_y,Elbow.R_z,Shoulder.R_x,Shoulder.R_y,Shoulder.R_z,Shoulder.L_x,Shoulder.L_y,Shoulder.L_z,Elbow.L_x,Elbow.L_y,Elbow.L_z,Wrist.L_x,Wrist.L_y,Wrist.L_z,Neck_x,Neck_y,Neck_z,Head_x,Head_y,Head_z,Nose_x,Nose_y,Nose_z,Eye.L_x,Eye.L_y,Eye.L_z,Eye.R_x,Eye.R_y,Eye.R_z,Ear.L_x,Ear.L_y,Ear.L_z,Ear.R_x,Ear.R_y,Ear.R_z,hip.Center_x,hip.Center_y,hip.Center_z
0,0.67529666,0.21910256,-0.4926633,0.38328776,0.14023846,-0.17225994,-0.028860388,0.1151672,-0.061628766,0.018504446,0.31662634,0.06936102,0.3755486,0.22734192,-0.17340887,0.6438631,0.20484057,-0.52185214,-0.23171219,-0.15206993,0.013341981,-0.23642907,0.02915992,-0.15928744,-0.4596194,0.11565624,-0.05770726,-0.48210075,0.24815007,0.12981829,-0.29882914,0.16908059,0.30135044,-0.38665956,-0.05857424,0.32350373,-0.5158819,0.17907885,0.035164386,-0.71436757,0.19370027,0.021547474,-0.6512395,0.08673987,0.12318714,-0.68408185,0.1390063,0.118992746,-0.68193644,0.09281817,0.07068436,-0.64666265,0.22840309,0.08900784,-0.64402807,0.13705269,-0.01706909,-0.005177970975637436,0.21589677035808563,0.003866128623485565
