frame,Ankle.R_x,Ankle.R_y,Ankle.R_z,Knee.R_x,Knee.R_y,Knee.R_z,Hip.R_x,Hip.R_y,Hip.R_z,Hip.L_x,Hip.L_y,Hip.L_z,Knee.L_x,Knee.L_y,Knee.L_z,Ankle.L_x,Ankle.L_y,Ankle.L_z,Wrist.R_x,Wrist.R_y,Wrist.R_z,Elbow.R_x,Elbow.R_y,Elbow.R_z,Shoulder.R_x,Shoulder.R_y,Shoulder.R_z,Shoulder.L_x,Shoulder.L_y,Shoulder.L_z,Elbow.L_x,Elbow.L_y,Elbow.L_z,Wrist.L_x,Wrist.L_y,Wrist.L_z,Neck_x,Neck_y,Neck_z,Head_x,Head_y,Head_z,Nose_x,Nose_y,Nose_z,Eye.L_x,Eye.L_y,Eye.L_z,Eye.R_x,Eye.R_y,Eye.R_z,Ear.L_x,Ear.L_y,Ear.L_z,Ear.R_x,Ear.R_y,Ear.R_z,hip.Center_x,hip.Center_y,hip.Center_z
0,0.68434626,0.24377999,-0.50022495,0.3727866,0.1559845,-0.19675635,-0.04294498,0.14561883,-0.09695654,0.027306104,0.27957085,0.09743063,0.38160852,0.21621664,-0.15997402,0.64436466,0.23139963,-0.5138468,-0.27418587,-0.1879279,0.009021021,-0.24856241,-0.00821864,-0.16920877,-0.4573177,0.12679133,-0.070647955,-0.47734562,0.23239614,0.14215524,-0.3137618,0.13054398,0.33095813,-0.42819542,-0.08955512,0.34060925,-0.5123636,0.17835395,0.03356745,-0.7178329,0.17413934,0.02679521,-0.6388465,0.073184386,0.12160204,-0.67666066,0.12230774,0.12015988,-0.6734282,0.07704138,0.07113585,-0.649245,0.21489435,0.08925101,-0.6452912,0.12524132,-0.018656578,-0.00781943742185831,0.21259483695030212,0.00023704394698143005
