frame,Ankle.R_x,Ankle.R_y,Ankle.R_z,Knee.R_x,Knee.R_y,Knee.R_z,Hip.R_x,Hip.R_y,Hip.R_z,Hip.L_x,Hip.L_y,Hip.L_z,Knee.L_x,Knee.L_y,Knee.L_z,Ankle.L_x,Ankle.L_y,Ankle.L_z,Wrist.R_x,Wrist.R_y,Wrist.R_z,Elbow.R_x,Elbow.R_y,Elbow.R_z,Shoulder.R_x,Shoulder.R_y,Shoulder.R_z,Shoulder.L_x,Shoulder.L_y,Shoulder.L_z,Elbow.L_x,Elbow.L_y,Elbow.L_z,Wrist.L_x,Wrist.L_y,Wrist.L_z,Neck_x,Neck_y,Neck_z,Head_x,Head_y,Head_z,Nose_x,Nose_y,Nose_z,Eye.L_x,Eye.L_y,Eye.L_z,Eye.R_x,Eye.R_y,Eye.R_z,Ear.L_x,Ear.L_y,Ear.L_z,Ear.R_x,Ear.R_y,Ear.R_z,hip.Center_x,hip.Center_y,hip.Center_z
0,0.57793283,0.16484968,-0.6220236,0.3378418,0.13786027,-0.2530774,-0.0502231,0.14397408,-0.08937958,0.039447054,0.27951574,0.09404434,0.3412757,0.20564418,-0.22231615,0.49507108,0.21464585,-0.6330726,-0.2648348,-0.18315864,0.025664939,-0.24833196,0.00303677,-0.14581215,-0.4551433,0.13404396,-0.04205358,-0.45521343,0.20800921,0.1820884,-0.24855708,0.07373349,0.29282156,-0.28935605,-0.17120238,0.2656755,-0.5029799,0.17422614,0.06836384,-0.705301,0.18541947,0.05980549,-0.6374663,0.072845355,0.15033886,-0.6702184,0.12519622,0.15130767,-0.67122555,0.08211804,0.10029196,-0.63349235,0.21565396,0.12484856,-0.63788843,0.13124776,0.013208713,-0.00538802333176136,0.21174490451812744,0.0023323819041252136
