frame,Ankle.R_x,Ankle.R_y,Ankle.R_z,Knee.R_x,Knee.R_y,Knee.R_z,Hip.R_x,Hip.R_y,Hip.R_z,Hip.L_x,Hip.L_y,Hip.L_z,Knee.L_x,Knee.L_y,Knee.L_z,Ankle.L_x,Ankle.L_y,Ankle.L_z,Wrist.R_x,Wrist.R_y,Wrist.R_z,Elbow.R_x,Elbow.R_y,Elbow.R_z,Shoulder.R_x,Shoulder.R_y,Shoulder.R_z,Shoulder.L_x,Shoulder.L_y,Shoulder.L_z,Elbow.L_x,Elbow.L_y,Elbow.L_z,Wrist.L_x,Wrist.L_y,Wrist.L_z,Neck_x,Neck_y,Neck_z,Head_x,Head_y,Head_z,Nose_x,Nose_y,Nose_z,Eye.L_x,Eye.L_y,Eye.L_z,Eye.R_x,Eye.R_y,Eye.R_z,Ear.L_x,Ear.L_y,Ear.L_z,Ear.R_x,Ear.R_y,Ear.R_z,hip.Center_x,hip.Center_y,hip.Center_z
0,0.64843553,0.27702466,-0.524093,0.36529022,0.1630155,-0.20590982,-0.04392357,0.13654679,-0.08762196,0.029539105,0.29027298,0.09072546,0.35980046,0.22966276,-0.19643605,0.5592353,0.22878663,-0.58727854,-0.15756792,-0.19282924,0.0052831057,-0.2213973,-0.015898408,-0.16553685,-0.43669593,0.06953353,-0.020403348,-0.42087513,0.16261932,0.21372184,-0.16349405,0.09465873,0.27539635,-0.12933558,-0.152997,0.27376398,-0.4820402,0.109023884,0.102303244,-0.68701327,0.094099715,0.12805498,-0.5927147,-0.024465054,0.17623073,-0.63016117,0.020425797,0.19533902,-0.6347508,-0.008910924,0.13551532,-0.6092017,0.11976365,0.18894033,-0.62239635,0.06392002,0.060970064,-0.007192233577370644,0.213409885764122,0.001551751047372818
