frame,Ankle.R_x,Ankle.R_y,Ankle.R_z,Knee.R_x,Knee.R_y,Knee.R_z,Hip.R_x,Hip.R_y,Hip.R_z,Hip.L_x,Hip.L_y,Hip.L_z,Knee.L_x,Knee.L_y,Knee.L_z,Ankle.L_x,Ankle.L_y,Ankle.L_z,Wrist.R_x,Wrist.R_y,Wrist.R_z,Elbow.R_x,Elbow.R_y,Elbow.R_z,Shoulder.R_x,Shoulder.R_y,Shoulder.R_z,Shoulder.L_x,Shoulder.L_y,Shoulder.L_z,Elbow.L_x,Elbow.L_y,Elbow.L_z,Wrist.L_x,Wrist.L_y,Wrist.L_z,Neck_x,Neck_y,Neck_z,Head_x,Head_y,Head_z,Nose_x,Nose_y,Nose_z,Eye.L_x,Eye.L_y,Eye.L_z,Eye.R_x,Eye.R_y,Eye.R_z,Ear.L_x,Ear.L_y,Ear.L_z,Ear.R_x,Ear.R_y,Ear.R_z,hip.Center_x,hip.Center_y,hip.Center_z
0,0.55750936,0.22006452,-0.634409,0.33915973,0.15487152,-0.2556085,-0.04990572,0.14045568,-0.086423114,0.03722428,0.28612483,0.0916857,0.34158722,0.22941022,-0.22286251,0.56204236,0.20952502,-0.60164493,-0.1375677,-0.20538881,-0.0011990343,-0.21735394,-0.016832639,-0.1551556,-0.4333719,0.07139285,-0.012327962,-0.4150146,0.1506931,0.2250733,-0.15790245,0.0745463,0.27823624,-0.12097143,-0.17272954,0.25984123,-0.47791007,0.104599044,0.11123009,-0.6831664,0.09062636,0.1312545,-0.59216726,-0.032457575,0.17486237,-0.6295272,0.01181446,0.19571021,-0.63267547,-0.013559863,0.1339276,-0.60667694,0.11111146,0.19614175,-0.6170411,0.0634138,0.06440302,-0.006340719759464264,0.2132902443408966,0.0026312917470932007
