frame,Ankle.R_x,Ankle.R_y,Ankle.R_z,Knee.R_x,Knee.R_y,Knee.R_z,Hip.R_x,Hip.R_y,Hip.R_z,Hip.L_x,Hip.L_y,Hip.L_z,Knee.L_x,Knee.L_y,Knee.L_z,Ankle.L_x,Ankle.L_y,Ankle.L_z,Wrist.R_x,Wrist.R_y,Wrist.R_z,Elbow.R_x,Elbow.R_y,Elbow.R_z,Shoulder.R_x,Shoulder.R_y,Shoulder.R_z,Shoulder.L_x,Shoulder.L_y,Shoulder.L_z,Elbow.L_x,Elbow.L_y,Elbow.L_z,Wrist.L_x,Wrist.L_y,Wrist.L_z,Neck_x,Neck_y,Neck_z,Head_x,Head_y,Head_z,Nose_x,Nose_y,Nose_z,Eye.L_x,Eye.L_y,Eye.L_z,Eye.R_x,Eye.R_y,Eye.R_z,Ear.L_x,Ear.L_y,Ear.L_z,Ear.R_x,Ear.R_y,Ear.R_z,hip.Center_x,hip.Center_y,hip.Center_z
0,0.65359104,0.22253077,-0.52538717,0.37229225,0.14674301,-0.19333664,-0.042662382,0.1393377,-0.09031984,0.028089957,0.2928862,0.08966771,0.3646346,0.2021723,-0.18041545,0.63181865,0.12810205,-0.5207039,-0.08552859,-0.16991568,-0.03959521,-0.23684534,0.010067841,-0.14798792,-0.43811542,0.04670472,0.014499208,-0.38143393,0.081971884,0.23938589,-0.11745522,0.025513904,0.23461689,-0.002179659,-0.19837192,0.1983284,-0.4573887,0.051768713,0.13676806,-0.6499978,0.0042517977,0.18781817,-0.5376122,-0.107621804,0.18813106,-0.5748918,-0.07455635,0.22374004,-0.5871707,-0.08860141,0.15952623,-0.56578225,0.025665551,0.24135935,-0.5956042,0.0008561015,0.10584973,-0.007286212407052517,0.216111958026886,-0.0003260672092437744
