frame,Ankle.R_x,Ankle.R_y,Ankle.R_z,Knee.R_x,Knee.R_y,Knee.R_z,Hip.R_x,Hip.R_y,Hip.R_z,Hip.L_x,Hip.L_y,Hip.L_z,Knee.L_x,Knee.L_y,Knee.L_z,Ankle.L_x,Ankle.L_y,Ankle.L_z,Wrist.R_x,Wrist.R_y,Wrist.R_z,Elbow.R_x,Elbow.R_y,Elbow.R_z,Shoulder.R_x,Shoulder.R_y,Shoulder.R_z,Shoulder.L_x,Shoulder.L_y,Shoulder.L_z,Elbow.L_x,Elbow.L_y,Elbow.L_z,Wrist.L_x,Wrist.L_y,Wrist.L_z,Neck_x,Neck_y,Neck_z,Head_x,Head_y,Head_z,Nose_x,Nose_y,Nose_z,Eye.L_x,Eye.L_y,Eye.L_z,Eye.R_x,Eye.R_y,Eye.R_z,Ear.L_x,Ear.L_y,Ear.L_z,Ear.R_x,Ear.R_y,Ear.R_z,hip.Center_x,hip.Center_y,hip.Center_z
0,0.63803995,0.23094575,-0.5440249,0.3666993,0.14629482,-0.20573975,-0.045187682,0.14218064,-0.091998905,0.030996183,0.28972876,0.09097753,0.3589209,0.20540741,-0.19178554,0.61734563,0.13558884,-0.5398566,-0.08223941,-0.16574834,-0.045084484,-0.23654485,0.01515018,-0.14813754,-0.43609664,0.045474105,0.018337106,-0.3753763,0.07354913,0.24346039,-0.11072774,0.017995805,0.23239161,0.012105403,-0.20083183,0.18687657,-0.45361906,0.04692435,0.14107162,-0.6464133,0.0019511422,0.1919943,-0.53722006,-0.113055676,0.18721569,-0.57333934,-0.08037911,0.22437769,-0.58636695,-0.0915445,0.15971012,-0.56122774,0.018879957,0.24591032,-0.59256124,0.00017996877,0.10966912,-0.007095749489963055,0.21595469117164612,-0.0005106888711452484
