frame,Ankle.R_x,Ankle.R_y,Ankle.R_z,Knee.R_x,Knee.R_y,Knee.R_z,Hip.R_x,Hip.R_y,Hip.R_z,Hip.L_x,Hip.L_y,Hip.L_z,Knee.L_x,Knee.L_y,Knee.L_z,Ankle.L_x,Ankle.L_y,Ankle.L_z,Wrist.R_x,Wrist.R_y,Wrist.R_z,Elbow.R_x,Elbow.R_y,Elbow.R_z,Shoulder.R_x,Shoulder.R_y,Shoulder.R_z,Shoulder.L_x,Shoulder.L_y,Shoulder.L_z,Elbow.L_x,Elbow.L_y,Elbow.L_z,Wrist.L_x,Wrist.L_y,Wrist.L_z,Neck_x,Neck_y,Neck_z,Head_x,Head_y,Head_z,Nose_x,Nose_y,Nose_z,Eye.L_x,Eye.L_y,Eye.L_z,Eye.R_x,Eye.R_y,Eye.R_z,Ear.L_x,Ear.L_y,Ear.L_z,Ear.R_x,Ear.R_y,Ear.R_z,hip.Center_x,hip.Center_y,hip.Center_z
0,0.40954563,0.13200535,-0.7815727,0.20179261,0.109426476,-0.38132963,-0.08165614,0.17001025,-0.091346115,0.06873769,0.24543335,0.09371639,0.274783,0.21417506,-0.30098516,0.46499562,0.13570876,-0.6983347,-0.054488823,-0.15971307,0.014663262,-0.14941357,0.015860053,-0.14723353,-0.38829425,0.07663963,-0.0057636453,-0.37608856,0.10042568,0.25223923,-0.121597536,0.061024994,0.35442257,-0.010547532,-0.1393577,0.28271234,-0.43127012,0.07256339,0.1333011,-0.5724854,0.05284966,0.2637974,-0.54480565,-0.07875088,0.18022594,-0.5387884,-0.053860776,0.23590055,-0.5849811,-0.03567273,0.19001342,-0.4751651,0.02409697,0.2586359,-0.573319,0.06449708,0.16672473,-0.006459224969148636,0.2077217996120453,0.001185137778520584
