frame,Ankle.R_x,Ankle.R_y,Ankle.R_z,Knee.R_x,Knee.R_y,Knee.R_z,Hip.R_x,Hip.R_y,Hip.R_z,Hip.L_x,Hip.L_y,Hip.L_z,Knee.L_x,Knee.L_y,Knee.L_z,Ankle.L_x,Ankle.L_y,Ankle.L_z,Wrist.R_x,Wrist.R_y,Wrist.R_z,Elbow.R_x,Elbow.R_y,Elbow.R_z,Shoulder.R_x,Shoulder.R_y,Shoulder.R_z,Shoulder.L_x,Shoulder.L_y,Shoulder.L_z,Elbow.L_x,Elbow.L_y,Elbow.L_z,Wrist.L_x,Wrist.L_y,Wrist.L_z,Neck_x,Neck_y,Neck_z,Head_x,Head_y,Head_z,Nose_x,Nose_y,Nose_z,Eye.L_x,Eye.L_y,Eye.L_z,Eye.R_x,Eye.R_y,Eye.R_z,Ear.L_x,Ear.L_y,Ear.L_z,Ear.R_x,Ear.R_y,Ear.R_z,hip.Center_x,hip.Center_y,hip.Center_z
0,0.64787483,0.26426417,-0.52683854,0.37044466,0.18387282,-0.1962025,-0.030119285,0.116034076,-0.064965226,0.019699557,0.31197754,0.07346385,0.36028627,0.25634274,-0.19870219,0.55893666,0.23587807,-0.5886131,-0.18563989,-0.17776267,0.012547071,-0.23050037,-0.005412203,-0.16357091,-0.43854162,0.07246993,-0.0105129685,-0.4200353,0.15950581,0.21752232,-0.1796778,0.055553615,0.2851696,-0.24148384,-0.17880234,0.24685629,-0.4776805,0.10869692,0.11178518,-0.6760613,0.085353486,0.15122242,-0.5754075,-0.030219018,0.19432707,-0.6130133,0.01351735,0.21538693,-0.62021786,-0.016265199,0.15610327,-0.5957054,0.11312765,0.20687784,-0.6147287,0.05617466,0.08081126,-0.005209864117205143,0.21400579810142517,0.004249311983585358
