frame,Ankle.R_x,Ankle.R_y,Ankle.R_z,Knee.R_x,Knee.R_y,Knee.R_z,Hip.R_x,Hip.R_y,Hip.R_z,Hip.L_x,Hip.L_y,Hip.L_z,Knee.L_x,Knee.L_y,Knee.L_z,Ankle.L_x,Ankle.L_y,Ankle.L_z,Wrist.R_x,Wrist.R_y,Wrist.R_z,Elbow.R_x,Elbow.R_y,Elbow.R_z,Shoulder.R_x,Shoulder.R_y,Shoulder.R_z,Shoulder.L_x,Shoulder.L_y,Shoulder.L_z,Elbow.L_x,Elbow.L_y,Elbow.L_z,Wrist.L_x,Wrist.L_y,Wrist.L_z,Neck_x,Neck_y,Neck_z,Head_x,Head_y,Head_z,Nose_x,Nose_y,Nose_z,Eye.L_x,Eye.L_y,Eye.L_z,Eye.R_x,Eye.R_y,Eye.R_z,Ear.L_x,Ear.L_y,Ear.L_z,Ear.R_x,Ear.R_y,Ear.R_z,hip.Center_x,hip.Center_y,hip.Center_z
0,0.64709985,0.27024016,-0.51686114,0.37421545,0.20027743,-0.18279392,-0.010545249,0.10017517,-0.025681563,0.0024311908,0.33425862,0.03945616,0.3585589,0.28429642,-0.20763147,0.5588635,0.24791738,-0.5976072,-0.18191293,-0.18407688,0.009463756,-0.23685127,-0.007701463,-0.15878795,-0.43851063,0.071389176,-0.0027625216,-0.41729566,0.15840611,0.22052681,-0.18492736,0.042430013,0.28102255,-0.2880485,-0.16791502,0.2207751,-0.47489604,0.10724094,0.11982046,-0.67232263,0.08798788,0.16845834,-0.57271105,-0.030931145,0.20411119,-0.6086803,0.012441665,0.22784336,-0.61863905,-0.014893025,0.16796201,-0.58949786,0.11133788,0.22148667,-0.6149301,0.059869476,0.095240235,-0.004057029262185097,0.21721689403057098,0.006887298077344894
