frame,Ankle.R_x,Ankle.R_y,Ankle.R_z,Knee.R_x,Knee.R_y,Knee.R_z,Hip.R_x,Hip.R_y,Hip.R_z,Hip.L_x,Hip.L_y,Hip.L_z,Knee.L_x,Knee.L_y,Knee.L_z,Ankle.L_x,Ankle.L_y,Ankle.L_z,Wrist.R_x,Wrist.R_y,Wrist.R_z,Elbow.R_x,Elbow.R_y,Elbow.R_z,Shoulder.R_x,Shoulder.R_y,Shoulder.R_z,Shoulder.L_x,Shoulder.L_y,Shoulder.L_z,Elbow.L_x,Elbow.L_y,Elbow.L_z,Wrist.L_x,Wrist.L_y,Wrist.L_z,Neck_x,Neck_y,Neck_z,Head_x,Head_y,Head_z,Nose_x,Nose_y,Nose_z,Eye.L_x,Eye.L_y,Eye.L_z,Eye.R_x,Eye.R_y,Eye.R_z,Ear.L_x,Ear.L_y,Ear.L_z,Ear.R_x,Ear.R_y,Ear.R_z,hip.Center_x,hip.Center_y,hip.Center_z
0,0.5176742,0.1658944,-0.6507241,0.33675075,0.16061796,-0.25455546,-0.0092245,0.10114071,-0.020882873,0.0044552167,0.3354385,0.03706745,0.33046082,0.30203134,-0.24825902,0.5166421,0.25572214,-0.64236766,-0.18788889,-0.19589537,-0.0005504737,-0.2172175,0.0064935717,-0.1415941,-0.42916024,0.06730067,0.0075450037,-0.40601188,0.13568816,0.23763247,-0.17564291,0.011097438,0.28708717,-0.29529864,-0.19054876,0.230214,-0.4654588,0.09253561,0.13430217,-0.66094184,0.07411662,0.18747078,-0.56374395,-0.0491558,0.21391961,-0.59772193,-0.0062503666,0.2410602,-0.61051196,-0.030182287,0.18018651,-0.5758781,0.092111744,0.23892988,-0.606812,0.04793393,0.11108078,-0.0023846414405852556,0.2182895988225937,0.008092288859188557
