frame,Ankle.R_x,Ankle.R_y,Ankle.R_z,Knee.R_x,Knee.R_y,Knee.R_z,Hip.R_x,Hip.R_y,Hip.R_z,Hip.L_x,Hip.L_y,Hip.L_z,Knee.L_x,Knee.L_y,Knee.L_z,Ankle.L_x,Ankle.L_y,Ankle.L_z,Wrist.R_x,Wrist.R_y,Wrist.R_z,Elbow.R_x,Elbow.R_y,Elbow.R_z,Shoulder.R_x,Shoulder.R_y,Shoulder.R_z,Shoulder.L_x,Shoulder.L_y,Shoulder.L_z,Elbow.L_x,Elbow.L_y,Elbow.L_z,Wrist.L_x,Wrist.L_y,Wrist.L_z,Neck_x,Neck_y,Neck_z,Head_x,Head_y,Head_z,Nose_x,Nose_y,Nose_z,Eye.L_x,Eye.L_y,Eye.L_z,Eye.R_x,Eye.R_y,Eye.R_z,Ear.L_x,Ear.L_y,Ear.L_z,Ear.R_x,Ear.R_y,Ear.R_z,hip.Center_x,hip.Center_y,hip.Center_z
0,0.5431354,0.20783523,-0.64249617,0.33965585,0.18245,-0.2555801,-0.031914424,0.11659069,-0.06254039,0.026870323,0.31129724,0.07250284,0.3398952,0.25221312,-0.22858754,0.53470683,0.21501465,-0.61806786,-0.15941791,-0.18259594,0.007641295,-0.22485027,0.011828096,-0.13756882,-0.4372373,0.07528424,0.009276056,-0.40115365,0.1266623,0.23995669,-0.15403327,0.02106385,0.2592951,-0.24243826,-0.19628908,0.19690877,-0.46843964,0.09446293,0.13435732,-0.66520613,0.07717766,0.18058714,-0.568969,-0.046892397,0.2078565,-0.60326576,-0.0036989301,0.234706,-0.614792,-0.027294002,0.17333597,-0.58094835,0.09497962,0.23418535,-0.609376,0.0513395,0.10475516,-0.002522050403058529,0.2139439582824707,0.004981223493814468
