frame,Ankle.R_x,Ankle.R_y,Ankle.R_z,Knee.R_x,Knee.R_y,Knee.R_z,Hip.R_x,Hip.R_y,Hip.R_z,Hip.L_x,Hip.L_y,Hip.L_z,Knee.L_x,Knee.L_y,Knee.L_z,Ankle.L_x,Ankle.L_y,Ankle.L_z,Wrist.R_x,Wrist.R_y,Wrist.R_z,Elbow.R_x,Elbow.R_y,Elbow.R_z,Shoulder.R_x,Shoulder.R_y,Shoulder.R_z,Shoulder.L_x,Shoulder.L_y,Shoulder.L_z,Elbow.L_x,Elbow.L_y,Elbow.L_z,Wrist.L_x,Wrist.L_y,Wrist.L_z,Neck_x,Neck_y,Neck_z,Head_x,Head_y,Head_z,Nose_x,Nose_y,Nose_z,Eye.L_x,Eye.L_y,Eye.L_z,Eye.R_x,Eye.R_y,Eye.R_z,Ear.L_x,Ear.L_y,Ear.L_z,Ear.R_x,Ear.R_y,Ear.R_z,hip.Center_x,hip.Center_y,hip.Center_z
0,0.39475906,0.14142011,-0.7903168,0.191874,0.20650281,-0.3933112,-0.09121083,0.19201729,-0.0933013,0.081310384,0.21324871,0.087857485,0.24635942,0.24671854,-0.32107505,0.39852685,0.18682747,-0.7325005,-0.17657444,-0.15186925,0.023172082,-0.18900146,0.03239877,-0.15541834,-0.41040584,0.107063204,0.0036215996,-0.39750832,0.124320336,0.25171587,-0.15916239,0.042566355,0.358848,-0.27053368,-0.15243757,0.2648033,-0.44595733,0.10764262,0.13633649,-0.5949149,0.08450898,0.25898367,-0.5517324,-0.04558462,0.17818019,-0.5519179,-0.019203179,0.2341143,-0.59612954,-0.004898526,0.1849676,-0.4965828,0.06324306,0.26081723,-0.59013385,0.09669644,0.15993595,-0.004950221627950668,0.20263299345970154,-0.0027219094336032867
