frame,Ankle.R_x,Ankle.R_y,Ankle.R_z,Knee.R_x,Knee.R_y,Knee.R_z,Hip.R_x,Hip.R_y,Hip.R_z,Hip.L_x,Hip.L_y,Hip.L_z,Knee.L_x,Knee.L_y,Knee.L_z,Ankle.L_x,Ankle.L_y,Ankle.L_z,Wrist.R_x,Wrist.R_y,Wrist.R_z,Elbow.R_x,Elbow.R_y,Elbow.R_z,Shoulder.R_x,Shoulder.R_y,Shoulder.R_z,Shoulder.L_x,Shoulder.L_y,Shoulder.L_z,Elbow.L_x,Elbow.L_y,Elbow.L_z,Wrist.L_x,Wrist.L_y,Wrist.L_z,Neck_x,Neck_y,Neck_z,Head_x,Head_y,Head_z,Nose_x,Nose_y,Nose_z,Eye.L_x,Eye.L_y,Eye.L_z,Eye.R_x,Eye.R_y,Eye.R_z,Ear.L_x,Ear.L_y,Ear.L_z,Ear.R_x,Ear.R_y,Ear.R_z,hip.Center_x,hip.Center_y,hip.Center_z
0,0.65647906,0.27483284,-0.512047,0.3751874,0.18893936,-0.18727814,-0.02489144,0.11271604,-0.061364006,0.016763136,0.31570122,0.06888609,0.36375383,0.25481418,-0.1937308,0.5495767,0.2275318,-0.58996737,-0.14787577,-0.17213117,0.006779526,-0.24452879,0.0023794265,-0.14767581,-0.44822645,0.0752448,0.0031774566,-0.4112943,0.1476032,0.22443023,-0.1624974,0.05130585,0.2501796,-0.2259261,-0.17819832,0.19774446,-0.4773779,0.10479197,0.12318976,-0.67418885,0.085129976,0.16800393,-0.57354957,-0.033164024,0.20314857,-0.6099993,0.009815022,0.22699174,-0.61942816,-0.017344043,0.1668677,-0.59167,0.10916908,0.22169745,-0.61594737,0.05798108,0.09467453,-0.004064152017235756,0.21420863270759583,0.003761040046811104
