frame,Ankle.R_x,Ankle.R_y,Ankle.R_z,Knee.R_x,Knee.R_y,Knee.R_z,Hip.R_x,Hip.R_y,Hip.R_z,Hip.L_x,Hip.L_y,Hip.L_z,Knee.L_x,Knee.L_y,Knee.L_z,Ankle.L_x,Ankle.L_y,Ankle.L_z,Wrist.R_x,Wrist.R_y,Wrist.R_z,Elbow.R_x,Elbow.R_y,Elbow.R_z,Shoulder.R_x,Shoulder.R_y,Shoulder.R_z,Shoulder.L_x,Shoulder.L_y,Shoulder.L_z,Elbow.L_x,Elbow.L_y,Elbow.L_z,Wrist.L_x,Wrist.L_y,Wrist.L_z,Neck_x,Neck_y,Neck_z,Head_x,Head_y,Head_z,Nose_x,Nose_y,Nose_z,Eye.L_x,Eye.L_y,Eye.L_z,Eye.R_x,Eye.R_y,Eye.R_z,Ear.L_x,Ear.L_y,Ear.L_z,Ear.R_x,Ear.R_y,Ear.R_z,hip.Center_x,hip.Center_y,hip.Center_z
0,0.65816617,0.29516995,-0.514716,0.37996286,0.18610555,-0.18898785,-0.032205343,0.1272425,-0.08041931,0.023082143,0.30277076,0.08386077,0.34966058,0.24358219,-0.21161792,0.54125005,0.22012885,-0.60750407,-0.09536141,-0.13162589,-0.013979325,-0.25217336,0.021383373,-0.14954703,-0.45550877,0.06644663,0.0064813476,-0.4117303,0.14384088,0.22461832,-0.14769718,0.09540837,0.2269336,-0.05239151,-0.13824704,0.217511,-0.48337075,0.09616341,0.12348423,-0.68337,0.08074449,0.1543465,-0.5889168,-0.043271393,0.1875807,-0.62547415,-0.00039246678,0.21216604,-0.63149786,-0.023033291,0.14945808,-0.6039258,0.09944595,0.21643654,-0.61980367,0.057002887,0.083342046,-0.004561600275337696,0.21500663459300995,0.0017207302153110504
