frame,Ankle.R_x,Ankle.R_y,Ankle.R_z,Knee.R_x,Knee.R_y,Knee.R_z,Hip.R_x,Hip.R_y,Hip.R_z,Hip.L_x,Hip.L_y,Hip.L_z,Knee.L_x,Knee.L_y,Knee.L_z,Ankle.L_x,Ankle.L_y,Ankle.L_z,Wrist.R_x,Wrist.R_y,Wrist.R_z,Elbow.R_x,Elbow.R_y,Elbow.R_z,Shoulder.R_x,Shoulder.R_y,Shoulder.R_z,Shoulder.L_x,Shoulder.L_y,Shoulder.L_z,Elbow.L_x,Elbow.L_y,Elbow.L_z,Wrist.L_x,Wrist.L_y,Wrist.L_z,Neck_x,Neck_y,Neck_z,Head_x,Head_y,Head_z,Nose_x,Nose_y,Nose_z,Eye.L_x,Eye.L_y,Eye.L_z,Eye.R_x,Eye.R_y,Eye.R_z,Ear.L_x,Ear.L_y,Ear.L_z,Ear.R_x,Ear.R_y,Ear.R_z,hip.Center_x,hip.Center_y,hip.Center_z
0,0.36567396,0.1547316,-0.81189096,0.18610881,0.13015553,-0.40029308,-0.08134881,0.16934764,-0.091501415,0.07299027,0.24380037,0.09203226,0.24141602,0.21920578,-0.32326442,0.38601696,0.18592484,-0.74453974,-0.06881331,-0.13095376,0.025042502,-0.18509097,0.015596321,-0.1524006,-0.3975544,0.053334486,0.024381429,-0.3976332,0.13951924,0.25306234,-0.139948,0.119591676,0.33497107,-0.031876843,-0.09969418,0.2720229,-0.44439998,0.08762336,0.14538208,-0.60758805,0.12817584,0.21803704,-0.5876234,-0.028710192,0.19400705,-0.5936233,0.014167491,0.2377052,-0.6170063,0.019916043,0.17441444,-0.5229561,0.086474635,0.26118332,-0.57332414,0.10288149,0.12985525,-0.004179269075393677,0.20657400786876678,0.0002654232084751129
