frame,Ankle.R_x,Ankle.R_y,Ankle.R_z,Knee.R_x,Knee.R_y,Knee.R_z,Hip.R_x,Hip.R_y,Hip.R_z,Hip.L_x,Hip.L_y,Hip.L_z,Knee.L_x,Knee.L_y,Knee.L_z,Ankle.L_x,Ankle.L_y,Ankle.L_z,Wrist.R_x,Wrist.R_y,Wrist.R_z,Elbow.R_x,Elbow.R_y,Elbow.R_z,Shoulder.R_x,Shoulder.R_y,Shoulder.R_z,Shoulder.L_x,Shoulder.L_y,Shoulder.L_z,Elbow.L_x,Elbow.L_y,Elbow.L_z,Wrist.L_x,Wrist.L_y,Wrist.L_z,Neck_x,Neck_y,Neck_z,Head_x,Head_y,Head_z,Nose_x,Nose_y,Nose_z,Eye.L_x,Eye.L_y,Eye.L_z,Eye.R_x,Eye.R_y,Eye.R_z,Ear.L_x,Ear.L_y,Ear.L_z,Ear.R_x,Ear.R_y,Ear.R_z,hip.Center_x,hip.Center_y,hip.Center_z
0,0.5923336,0.25455523,-0.57840395,0.37116697,0.16453776,-0.2092904,-0.02782682,0.11616494,-0.06228923,0.02058122,0.31723976,0.07075789,0.3264946,0.24249044,-0.24137177,0.5028588,0.20990764,-0.6450124,-0.05623786,-0.141939,-0.0045774276,-0.2184342,0.011004478,-0.13379708,-0.43849498,0.054517724,0.0097202165,-0.40437624,0.1515198,0.23446023,-0.13454154,0.11941029,0.23853609,-0.016298287,-0.10183664,0.22928247,-0.47640675,0.09347072,0.13051322,-0.6790074,0.09568634,0.15408374,-0.59946346,-0.038613535,0.18708616,-0.6326293,0.006767638,0.21174514,-0.63785774,-0.0130003765,0.14805216,-0.6008353,0.103352524,0.22086723,-0.6153247,0.0675833,0.08605342,-0.00362280011177063,0.21670234203338623,0.004234328866004944
