frame,Ankle.R_x,Ankle.R_y,Ankle.R_z,Knee.R_x,Knee.R_y,Knee.R_z,Hip.R_x,Hip.R_y,Hip.R_z,Hip.L_x,Hip.L_y,Hip.L_z,Knee.L_x,Knee.L_y,Knee.L_z,Ankle.L_x,Ankle.L_y,Ankle.L_z,Wrist.R_x,Wrist.R_y,Wrist.R_z,Elbow.R_x,Elbow.R_y,Elbow.R_z,Shoulder.R_x,Shoulder.R_y,Shoulder.R_z,Shoulder.L_x,Shoulder.L_y,Shoulder.L_z,Elbow.L_x,Elbow.L_y,Elbow.L_z,Wrist.L_x,Wrist.L_y,Wrist.L_z,Neck_x,Neck_y,Neck_z,Head_x,Head_y,Head_z,Nose_x,Nose_y,Nose_z,Eye.L_x,Eye.L_y,Eye.L_z,Eye.R_x,Eye.R_y,Eye.R_z,Ear.L_x,Ear.L_y,Ear.L_z,Ear.R_x,Ear.R_y,Ear.R_z,hip.Center_x,hip.Center_y,hip.Center_z
0,0.6213751,0.25318587,-0.5612325,0.36241648,0.14714655,-0.21827537,-0.044365898,0.13809417,-0.0877234,0.030560402,0.2917506,0.09069828,0.3504419,0.24224168,-0.21321598,0.55313593,0.244049,-0.6055264,-0.119420506,-0.15183268,-0.0028771767,-0.23014319,0.015468936,-0.16193159,-0.44293267,0.06666961,-0.0042800168,-0.40967458,0.15299012,0.2289028,-0.14259009,0.1012194,0.25419858,-0.070258975,-0.13990282,0.25181797,-0.47979745,0.10021783,0.12019026,-0.6842166,0.08077936,0.14375462,-0.5890747,-0.040748805,0.18234771,-0.62736464,0.0017911196,0.20499131,-0.6305975,-0.021779224,0.14241365,-0.60733163,0.1019419,0.20865068,-0.6178869,0.05756373,0.07546367,-0.006902747787535191,0.21492239832878113,0.00148744136095047
