frame,Ankle.R_x,Ankle.R_y,Ankle.R_z,Knee.R_x,Knee.R_y,Knee.R_z,Hip.R_x,Hip.R_y,Hip.R_z,Hip.L_x,Hip.L_y,Hip.L_z,Knee.L_x,Knee.L_y,Knee.L_z,Ankle.L_x,Ankle.L_y,Ankle.L_z,Wrist.R_x,Wrist.R_y,Wrist.R_z,Elbow.R_x,Elbow.R_y,Elbow.R_z,Shoulder.R_x,Shoulder.R_y,Shoulder.R_z,Shoulder.L_x,Shoulder.L_y,Shoulder.L_z,Elbow.L_x,Elbow.L_y,Elbow.L_z,Wrist.L_x,Wrist.L_y,Wrist.L_z,Neck_x,Neck_y,Neck_z,Head_x,Head_y,Head_z,Nose_x,Nose_y,Nose_z,Eye.L_x,Eye.L_y,Eye.L_z,Eye.R_x,Eye.R_y,Eye.R_z,Ear.L_x,Ear.L_y,Ear.L_z,Ear.R_x,Ear.R_y,Ear.R_z,hip.Center_x,hip.Center_y,hip.Center_z
0,0.5917457,0.21972914,-0.60072684,0.35254812,0.1545619,-0.23457837,-0.046453148,0.13934068,-0.08769378,0.034445602,0.28697816,0.09211945,0.3391213,0.23901789,-0.22469154,0.55675447,0.23928666,-0.60680497,-0.116362326,-0.1681029,-0.0034045933,-0.22772859,0.006280875,-0.15474203,-0.44132742,0.06872919,-0.001975393,-0.4093163,0.15332182,0.23133042,-0.14409618,0.09822048,0.2541519,-0.06895442,-0.14091323,0.23969054,-0.47918695,0.1026872,0.122062735,-0.6844296,0.08779783,0.14479062,-0.59172815,-0.035084277,0.18450536,-0.62932926,0.008193977,0.20676327,-0.63274163,-0.015670404,0.14437705,-0.60745895,0.10776245,0.20959347,-0.61862826,0.06285121,0.07702237,-0.0060037728399038315,0.21315941214561462,0.0022128336131572723
