frame,Ankle.R_x,Ankle.R_y,Ankle.R_z,Knee.R_x,Knee.R_y,Knee.R_z,Hip.R_x,Hip.R_y,Hip.R_z,Hip.L_x,Hip.L_y,Hip.L_z,Knee.L_x,Knee.L_y,Knee.L_z,Ankle.L_x,Ankle.L_y,Ankle.L_z,Wrist.R_x,Wrist.R_y,Wrist.R_z,Elbow.R_x,Elbow.R_y,Elbow.R_z,Shoulder.R_x,Shoulder.R_y,Shoulder.R_z,Shoulder.L_x,Shoulder.L_y,Shoulder.L_z,Elbow.L_x,Elbow.L_y,Elbow.L_z,Wrist.L_x,Wrist.L_y,Wrist.L_z,Neck_x,Neck_y,Neck_z,Head_x,Head_y,Head_z,Nose_x,Nose_y,Nose_z,Eye.L_x,Eye.L_y,Eye.L_z,Eye.R_x,Eye.R_y,Eye.R_z,Ear.L_x,Ear.L_y,Ear.L_z,Ear.R_x,Ear.R_y,Ear.R_z,hip.Center_x,hip.Center_y,hip.Center_z
0,0.31649587,0.2303994,-0.8103578,0.20978285,0.11491142,-0.38778242,-0.079037145,0.17637222,-0.09867436,0.071392596,0.23919451,0.09446723,0.24086247,0.22085917,-0.31963912,0.38049173,0.21339788,-0.7437669,-0.11855102,-0.1392652,0.014149889,-0.20676494,0.007212914,-0.1758906,-0.4060226,0.042761814,0.008918668,-0.41957754,0.13970485,0.2243931,-0.17561963,0.102780856,0.32940948,-0.100209564,-0.13948753,0.35021263,-0.45551294,0.08252522,0.119857885,-0.6274272,0.12238608,0.15241253,-0.59207886,-0.030390123,0.18934307,-0.60664165,0.02443948,0.21324551,-0.6235519,0.004339736,0.15081634,-0.5456906,0.1081369,0.21361619,-0.5813496,0.07068439,0.08052333,-0.0038222745060920715,0.20778337121009827,-0.0021035633981227875
