frame,Ankle.R_x,Ankle.R_y,Ankle.R_z,Knee.R_x,Knee.R_y,Knee.R_z,Hip.R_x,Hip.R_y,Hip.R_z,Hip.L_x,Hip.L_y,Hip.L_z,Knee.L_x,Knee.L_y,Knee.L_z,Ankle.L_x,Ankle.L_y,Ankle.L_z,Wrist.R_x,Wrist.R_y,Wrist.R_z,Elbow.R_x,Elbow.R_y,Elbow.R_z,Shoulder.R_x,Shoulder.R_y,Shoulder.R_z,Shoulder.L_x,Shoulder.L_y,Shoulder.L_z,Elbow.L_x,Elbow.L_y,Elbow.L_z,Wrist.L_x,Wrist.L_y,Wrist.L_z,Neck_x,Neck_y,Neck_z,Head_x,Head_y,Head_z,Nose_x,Nose_y,Nose_z,Eye.L_x,Eye.L_y,Eye.L_z,Eye.R_x,Eye.R_y,Eye.R_z,Ear.L_x,Ear.L_y,Ear.L_z,Ear.R_x,Ear.R_y,Ear.R_z,hip.Center_x,hip.Center_y,hip.Center_z
0,0.56383586,0.21386312,-0.6305628,0.34201762,0.15409417,-0.2522063,-0.049472153,0.14131401,-0.08736627,0.03852063,0.28582045,0.091913424,0.32807115,0.23391247,-0.23882622,0.5323481,0.22732317,-0.6284893,-0.10346533,-0.16426897,0.0028638465,-0.21756975,0.010363718,-0.14708924,-0.43683252,0.06704862,0.00033033732,-0.40899608,0.14914364,0.23527351,-0.14307526,0.09760335,0.2615635,-0.05658541,-0.13824932,0.24673316,-0.47711533,0.09937364,0.124442406,-0.682528,0.08491412,0.14484236,-0.5910056,-0.038811296,0.1854614,-0.62853086,0.004801072,0.20739728,-0.6315196,-0.019028783,0.14490728,-0.605952,0.10430872,0.21055374,-0.61619985,0.05946637,0.077564955,-0.005475761368870735,0.21356722712516785,0.0022735781967639923
