frame,Ankle.R_x,Ankle.R_y,Ankle.R_z,Knee.R_x,Knee.R_y,Knee.R_z,Hip.R_x,Hip.R_y,Hip.R_z,Hip.L_x,Hip.L_y,Hip.L_z,Knee.L_x,Knee.L_y,Knee.L_z,Ankle.L_x,Ankle.L_y,Ankle.L_z,Wrist.R_x,Wrist.R_y,Wrist.R_z,Elbow.R_x,Elbow.R_y,Elbow.R_z,Shoulder.R_x,Shoulder.R_y,Shoulder.R_z,Shoulder.L_x,Shoulder.L_y,Shoulder.L_z,Elbow.L_x,Elbow.L_y,Elbow.L_z,Wrist.L_x,Wrist.L_y,Wrist.L_z,Neck_x,Neck_y,Neck_z,Head_x,Head_y,Head_z,Nose_x,Nose_y,Nose_z,Eye.L_x,Eye.L_y,Eye.L_z,Eye.R_x,Eye.R_y,Eye.R_z,Ear.L_x,Ear.L_y,Ear.L_z,Ear.R_x,Ear.R_y,Ear.R_z,hip.Center_x,hip.Center_y,hip.Center_z
0,0.32891247,0.2152571,-0.8265368,0.20026548,0.17679738,-0.39860046,-0.08092975,0.17408776,-0.095751345,0.0763122,0.23768885,0.09244253,0.22738695,0.22476631,-0.32652867,0.3519463,0.2213772,-0.7522725,-0.106196806,-0.1288158,0.023451082,-0.20133606,-0.007860916,-0.17987958,-0.39908022,0.042630203,0.0029366435,-0.42108518,0.14581567,0.22179587,-0.2074099,0.080815,0.35966444,-0.20098054,-0.16634524,0.32288063,-0.45092183,0.08318253,0.11747977,-0.6214274,0.11302872,0.17096637,-0.5813701,-0.04222232,0.1831827,-0.59463394,0.00839816,0.2160634,-0.6155829,-0.0026514605,0.15235652,-0.53543186,0.09321514,0.22410141,-0.5796674,0.07309396,0.0895861,-0.0023087747395038605,0.2058883011341095,-0.001654408872127533
