frame,Ankle.R_x,Ankle.R_y,Ankle.R_z,Knee.R_x,Knee.R_y,Knee.R_z,Hip.R_x,Hip.R_y,Hip.R_z,Hip.L_x,Hip.L_y,Hip.L_z,Knee.L_x,Knee.L_y,Knee.L_z,Ankle.L_x,Ankle.L_y,Ankle.L_z,Wrist.R_x,Wrist.R_y,Wrist.R_z,Elbow.R_x,Elbow.R_y,Elbow.R_z,Shoulder.R_x,Shoulder.R_y,Shoulder.R_z,Shoulder.L_x,Shoulder.L_y,Shoulder.L_z,Elbow.L_x,Elbow.L_y,Elbow.L_z,Wrist.L_x,Wrist.L_y,Wrist.L_z,Neck_x,Neck_y,Neck_z,Head_x,Head_y,Head_z,Nose_x,Nose_y,Nose_z,Eye.L_x,Eye.L_y,Eye.L_z,Eye.R_x,Eye.R_y,Eye.R_z,Ear.L_x,Ear.L_y,Ear.L_z,Ear.R_x,Ear.R_y,Ear.R_z,hip.Center_x,hip.Center_y,hip.Center_z
0,0.3923414,0.117585465,-0.79216576,0.1911232,0.17025626,-0.39691833,-0.08504048,0.17710392,-0.09294461,0.07862332,0.23036739,0.09020722,0.23223457,0.25831315,-0.32775143,0.379425,0.23046023,-0.74424076,-0.18489932,-0.14777702,0.030848883,-0.20917022,0.0069280476,-0.16901281,-0.40632042,0.072642714,0.014063822,-0.41545272,0.15630639,0.23575519,-0.20197694,0.079459876,0.37382466,-0.18988794,-0.15639535,0.28896505,-0.44931117,0.10673578,0.13018188,-0.60970867,0.13474728,0.21041688,-0.58302426,-0.019845406,0.1792523,-0.5892148,0.02112454,0.2249783,-0.6154457,0.028147727,0.16273369,-0.52195585,0.09698233,0.24866349,-0.57745534,0.11490507,0.11864325,-0.003208581358194351,0.20373564958572388,-0.001368694007396698
