frame,Ankle.R_x,Ankle.R_y,Ankle.R_z,Knee.R_x,Knee.R_y,Knee.R_z,Hip.R_x,Hip.R_y,Hip.R_z,Hip.L_x,Hip.L_y,Hip.L_z,Knee.L_x,Knee.L_y,Knee.L_z,Ankle.L_x,Ankle.L_y,Ankle.L_z,Wrist.R_x,Wrist.R_y,Wrist.R_z,Elbow.R_x,Elbow.R_y,Elbow.R_z,Shoulder.R_x,Shoulder.R_y,Shoulder.R_z,Shoulder.L_x,Shoulder.L_y,Shoulder.L_z,Elbow.L_x,Elbow.L_y,Elbow.L_z,Wrist.L_x,Wrist.L_y,Wrist.L_z,Neck_x,Neck_y,Neck_z,Head_x,Head_y,Head_z,Nose_x,Nose_y,Nose_z,Eye.L_x,Eye.L_y,Eye.L_z,Eye.R_x,Eye.R_y,Eye.R_z,Ear.L_x,Ear.L_y,Ear.L_z,Ear.R_x,Ear.R_y,Ear.R_z,hip.Center_x,hip.Center_y,hip.Center_z
0,0.5249766,0.14031617,-0.6567315,0.32556653,0.13275851,-0.26740485,-0.04388099,0.12653817,-0.07281385,0.034178454,0.29911503,0.0824913,0.33336303,0.2683893,-0.2370889,0.51448846,0.30596295,-0.6333121,-0.1936951,-0.20676413,0.06070719,-0.1998983,-0.038332544,-0.12410281,-0.4215946,0.057413943,0.0065727457,-0.40877834,0.16234991,0.23682113,-0.16523726,0.05823155,0.28690806,-0.23741612,-0.1757089,0.27097404,-0.46931517,0.10297995,0.12738395,-0.6746477,0.089528605,0.14395629,-0.58635956,-0.033124335,0.19387583,-0.62419415,0.011552438,0.21235578,-0.62534314,-0.014921561,0.15109846,-0.6002308,0.11040369,0.21120049,-0.607038,0.060174912,0.08096364,-0.004851268604397774,0.21282660961151123,0.004838723689317703
