frame,Ankle.R_x,Ankle.R_y,Ankle.R_z,Knee.R_x,Knee.R_y,Knee.R_z,Hip.R_x,Hip.R_y,Hip.R_z,Hip.L_x,Hip.L_y,Hip.L_z,Knee.L_x,Knee.L_y,Knee.L_z,Ankle.L_x,Ankle.L_y,Ankle.L_z,Wrist.R_x,Wrist.R_y,Wrist.R_z,Elbow.R_x,Elbow.R_y,Elbow.R_z,Shoulder.R_x,Shoulder.R_y,Shoulder.R_z,Shoulder.L_x,Shoulder.L_y,Shoulder.L_z,Elbow.L_x,Elbow.L_y,Elbow.L_z,Wrist.L_x,Wrist.L_y,Wrist.L_z,Neck_x,Neck_y,Neck_z,Head_x,Head_y,Head_z,Nose_x,Nose_y,Nose_z,Eye.L_x,Eye.L_y,Eye.L_z,Eye.R_x,Eye.R_y,Eye.R_z,Ear.L_x,Ear.L_y,Ear.L_z,Ear.R_x,Ear.R_y,Ear.R_z,hip.Center_x,hip.Center_y,hip.Center_z
0,0.55693525,0.15542075,-0.6280353,0.33615324,0.13512194,-0.2512644,-0.04347647,0.12773722,-0.07523912,0.03190334,0.29792914,0.0840011,0.34527975,0.2692244,-0.2208984,0.54283226,0.31842098,-0.607496,-0.18460007,-0.19388324,0.033951227,-0.20818618,-0.017188612,-0.14153571,-0.42710814,0.06513919,0.0003461484,-0.40930402,0.16253339,0.23386756,-0.16304332,0.060626276,0.27527755,-0.21789789,-0.17838079,0.25731713,-0.47218955,0.106587805,0.123589344,-0.67778254,0.088814616,0.14093855,-0.585992,-0.032276884,0.18796502,-0.62487286,0.010960847,0.20746943,-0.62556356,-0.014294565,0.14574215,-0.60366416,0.11040257,0.20824966,-0.60959846,0.06265411,0.077054985,-0.005786564201116562,0.21283318102359772,0.004380989819765091
