frame,Ankle.R_x,Ankle.R_y,Ankle.R_z,Knee.R_x,Knee.R_y,Knee.R_z,Hip.R_x,Hip.R_y,Hip.R_z,Hip.L_x,Hip.L_y,Hip.L_z,Knee.L_x,Knee.L_y,Knee.L_z,Ankle.L_x,Ankle.L_y,Ankle.L_z,Wrist.R_x,Wrist.R_y,Wrist.R_z,Elbow.R_x,Elbow.R_y,Elbow.R_z,Shoulder.R_x,Shoulder.R_y,Shoulder.R_z,Shoulder.L_x,Shoulder.L_y,Shoulder.L_z,Elbow.L_x,Elbow.L_y,Elbow.L_z,Wrist.L_x,Wrist.L_y,Wrist.L_z,Neck_x,Neck_y,Neck_z,Head_x,Head_y,Head_z,Nose_x,Nose_y,Nose_z,Eye.L_x,Eye.L_y,Eye.L_z,Eye.R_x,Eye.R_y,Eye.R_z,Ear.L_x,Ear.L_y,Ear.L_z,Ear.R_x,Ear.R_y,Ear.R_z,hip.Center_x,hip.Center_y,hip.Center_z
0,0.34718162,0.10207048,-0.8114913,0.17142048,0.09624822,-0.39712644,-0.084200956,0.15155843,-0.075522676,0.08067576,0.26593664,0.07764108,0.2113694,0.2147317,-0.34742567,0.32393098,0.1771751,-0.7809042,-0.31721196,-0.23146409,0.073796384,-0.22740501,-0.06869608,-0.09350163,-0.39135927,0.07644442,0.08782354,-0.39503926,0.21141428,0.2875294,-0.26086542,0.06533839,0.46871838,-0.33187592,-0.15514947,0.36592123,-0.43117648,0.14191401,0.19698218,-0.60586727,0.17873996,0.24428095,-0.56189126,0.029824242,0.28602916,-0.57863545,0.085080884,0.30864915,-0.5957906,0.061931357,0.24715626,-0.5220056,0.17247197,0.3041767,-0.5586677,0.1281555,0.17376511,-0.0017625987529754639,0.20874753594398499,0.0010592006146907806
