frame,Ankle.R_x,Ankle.R_y,Ankle.R_z,Knee.R_x,Knee.R_y,Knee.R_z,Hip.R_x,Hip.R_y,Hip.R_z,Hip.L_x,Hip.L_y,Hip.L_z,Knee.L_x,Knee.L_y,Knee.L_z,Ankle.L_x,Ankle.L_y,Ankle.L_z,Wrist.R_x,Wrist.R_y,Wrist.R_z,Elbow.R_x,Elbow.R_y,Elbow.R_z,Shoulder.R_x,Shoulder.R_y,Shoulder.R_z,Shoulder.L_x,Shoulder.L_y,Shoulder.L_z,Elbow.L_x,Elbow.L_y,Elbow.L_z,Wrist.L_x,Wrist.L_y,Wrist.L_z,Neck_x,Neck_y,Neck_z,Head_x,Head_y,Head_z,Nose_x,Nose_y,Nose_z,Eye.L_x,Eye.L_y,Eye.L_z,Eye.R_x,Eye.R_y,Eye.R_z,Ear.L_x,Ear.L_y,Ear.L_z,Ear.R_x,Ear.R_y,Ear.R_z,hip.Center_x,hip.Center_y,hip.Center_z
0,0.6805259,0.2572798,-0.4975522,0.37540588,0.16908273,-0.19016765,-0.037526846,0.12958172,-0.082733095,0.022814546,0.29624617,0.088043146,0.37815735,0.22125407,-0.163209,0.6252957,0.22895525,-0.5281037,-0.34833345,-0.21624015,0.02778064,-0.2651201,-0.061071243,-0.15268278,-0.45178026,0.11523308,-0.064169675,-0.4694598,0.23322546,0.1499315,-0.3223792,0.11297018,0.34252098,-0.46159762,-0.090051934,0.33168474,-0.5064835,0.17255606,0.041124612,-0.7108221,0.16798924,0.033548247,-0.6353408,0.05735875,0.12039377,-0.67267513,0.10658691,0.123121105,-0.6682016,0.066505976,0.0698563,-0.6438043,0.2020535,0.10245253,-0.63730854,0.12342924,-0.013438053,-0.007356150075793266,0.21291394531726837,0.0026550255715847015
