frame,Ankle.R_x,Ankle.R_y,Ankle.R_z,Knee.R_x,Knee.R_y,Knee.R_z,Hip.R_x,Hip.R_y,Hip.R_z,Hip.L_x,Hip.L_y,Hip.L_z,Knee.L_x,Knee.L_y,Knee.L_z,Ankle.L_x,Ankle.L_y,Ankle.L_z,Wrist.R_x,Wrist.R_y,Wrist.R_z,Elbow.R_x,Elbow.R_y,Elbow.R_z,Shoulder.R_x,Shoulder.R_y,Shoulder.R_z,Shoulder.L_x,Shoulder.L_y,Shoulder.L_z,Elbow.L_x,Elbow.L_y,Elbow.L_z,Wrist.L_x,Wrist.L_y,Wrist.L_z,Neck_x,Neck_y,Neck_z,Head_x,Head_y,Head_z,Nose_x,Nose_y,Nose_z,Eye.L_x,Eye.L_y,Eye.L_z,Eye.R_x,Eye.R_y,Eye.R_z,Ear.L_x,Ear.L_y,Ear.L_z,Ear.R_x,Ear.R_y,Ear.R_z,hip.Center_x,hip.Center_y,hip.Center_z
0,0.59036124,0.18176737,-0.6049178,0.34672362,0.14553352,-0.23999955,-0.045162305,0.13220072,-0.08009145,0.033691335,0.29335934,0.087130085,0.35389113,0.21798322,-0.20672704,0.55068487,0.21533102,-0.59878314,-0.3607009,-0.19653027,0.04182779,-0.25843304,-0.048459455,-0.13235052,-0.44818106,0.12187892,-0.04134024,-0.45721117,0.2125386,0.17935625,-0.28848556,0.048733402,0.31220046,-0.38822484,-0.16750225,0.24327667,-0.4986446,0.17039199,0.06783783,-0.70055366,0.17703508,0.06441972,-0.6309346,0.05870235,0.14573623,-0.6647937,0.110033736,0.15106645,-0.6642867,0.07156476,0.096463084,-0.6299144,0.203854,0.1328403,-0.63150173,0.12909436,0.014300384,-0.005735484883189201,0.21278002858161926,0.003519318997859955
