frame,Ankle.R_x,Ankle.R_y,Ankle.R_z,Knee.R_x,Knee.R_y,Knee.R_z,Hip.R_x,Hip.R_y,Hip.R_z,Hip.L_x,Hip.L_y,Hip.L_z,Knee.L_x,Knee.L_y,Knee.L_z,Ankle.L_x,Ankle.L_y,Ankle.L_z,Wrist.R_x,Wrist.R_y,Wrist.R_z,Elbow.R_x,Elbow.R_y,Elbow.R_z,Shoulder.R_x,Shoulder.R_y,Shoulder.R_z,Shoulder.L_x,Shoulder.L_y,Shoulder.L_z,Elbow.L_x,Elbow.L_y,Elbow.L_z,Wrist.L_x,Wrist.L_y,Wrist.L_z,Neck_x,Neck_y,Neck_z,Head_x,Head_y,Head_z,Nose_x,Nose_y,Nose_z,Eye.L_x,Eye.L_y,Eye.L_z,Eye.R_x,Eye.R_y,Eye.R_z,Ear.L_x,Ear.L_y,Ear.L_z,Ear.R_x,Ear.R_y,Ear.R_z,hip.Center_x,hip.Center_y,hip.Center_z
0,0.5439919,0.14687988,-0.64024085,0.33643752,0.13852024,-0.25464833,-0.039753757,0.12383659,-0.07101581,0.029068999,0.30275336,0.08133967,0.34317362,0.2735769,-0.22377309,0.5296312,0.34402618,-0.61433244,-0.1550062,-0.17926821,0.055192187,-0.19435382,-0.018580986,-0.13196723,-0.4204317,0.05217088,0.004482046,-0.41021818,0.16508593,0.23147689,-0.16181433,0.07185316,0.2778191,-0.20951992,-0.16809906,0.2637329,-0.47015387,0.10069981,0.1244621,-0.67471695,0.08838557,0.13921839,-0.5878405,-0.033665255,0.19354294,-0.62575006,0.011563569,0.2103959,-0.62582874,-0.016226165,0.14971511,-0.6013871,0.110368155,0.20753391,-0.6058268,0.057173666,0.078308195,-0.005342379212379456,0.21329498291015625,0.005161929875612259
