frame,Ankle.R_x,Ankle.R_y,Ankle.R_z,Knee.R_x,Knee.R_y,Knee.R_z,Hip.R_x,Hip.R_y,Hip.R_z,Hip.L_x,Hip.L_y,Hip.L_z,Knee.L_x,Knee.L_y,Knee.L_z,Ankle.L_x,Ankle.L_y,Ankle.L_z,Wrist.R_x,Wrist.R_y,Wrist.R_z,Elbow.R_x,Elbow.R_y,Elbow.R_z,Shoulder.R_x,Shoulder.R_y,Shoulder.R_z,Shoulder.L_x,Shoulder.L_y,Shoulder.L_z,Elbow.L_x,Elbow.L_y,Elbow.L_z,Wrist.L_x,Wrist.L_y,Wrist.L_z,Neck_x,Neck_y,Neck_z,Head_x,Head_y,Head_z,Nose_x,Nose_y,Nose_z,Eye.L_x,Eye.L_y,Eye.L_z,Eye.R_x,Eye.R_y,Eye.R_z,Ear.L_x,Ear.L_y,Ear.L_z,Ear.R_x,Ear.R_y,Ear.R_z,hip.Center_x,hip.Center_y,hip.Center_z
0,0.5471892,0.18631665,-0.64308196,0.33203593,0.15017965,-0.26295933,-0.045206185,0.13252823,-0.08054899,0.033127874,0.29249874,0.088346764,0.34991547,0.25648996,-0.21520384,0.5271547,0.3313072,-0.6089448,-0.16025658,-0.17626193,0.03728027,-0.19545093,-0.008933504,-0.14536633,-0.41966525,0.05130009,-0.0016863458,-0.40523544,0.14688893,0.2341792,-0.15042406,0.068741806,0.28325057,-0.17475808,-0.1752295,0.27549377,-0.46702266,0.08920362,0.12272925,-0.6713443,0.07237166,0.13651302,-0.58251256,-0.050519742,0.18505448,-0.62099516,-0.006578304,0.20400757,-0.6209713,-0.031700738,0.14218055,-0.5980369,0.09254263,0.2055049,-0.6023039,0.044872902,0.07394551,-0.006039155647158623,0.21251347661018372,0.0038988888263702393
