frame,Ankle.R_x,Ankle.R_y,Ankle.R_z,Knee.R_x,Knee.R_y,Knee.R_z,Hip.R_x,Hip.R_y,Hip.R_z,Hip.L_x,Hip.L_y,Hip.L_z,Knee.L_x,Knee.L_y,Knee.L_z,Ankle.L_x,Ankle.L_y,Ankle.L_z,Wrist.R_x,Wrist.R_y,Wrist.R_z,Elbow.R_x,Elbow.R_y,Elbow.R_z,Shoulder.R_x,Shoulder.R_y,Shoulder.R_z,Shoulder.L_x,Shoulder.L_y,Shoulder.L_z,Elbow.L_x,Elbow.L_y,Elbow.L_z,Wrist.L_x,Wrist.L_y,Wrist.L_z,Neck_x,Neck_y,Neck_z,Head_x,Head_y,Head_z,Nose_x,Nose_y,Nose_z,Eye.L_x,Eye.L_y,Eye.L_z,Eye.R_x,Eye.R_y,Eye.R_z,Ear.L_x,Ear.L_y,Ear.L_z,Ear.R_x,Ear.R_y,Ear.R_z,hip.Center_x,hip.Center_y,hip.Center_z
0,0.36025596,0.14959376,-0.81145704,0.18192464,0.21035129,-0.4075366,-0.078424975,0.1709378,-0.09584211,0.079774134,0.2358711,0.08986048,0.19070928,0.33203012,-0.3311724,0.30788368,0.3174975,-0.754203,-0.06184237,-0.09267351,0.030956658,-0.1949019,0.006089339,-0.16560452,-0.40884843,0.06721596,0.0008440893,-0.42923144,0.17513937,0.21715295,-0.1970734,0.1387378,0.34178358,-0.18812037,-0.09190135,0.24911183,-0.4594639,0.11394371,0.11132448,-0.6301396,0.15399112,0.15117747,-0.5973789,-0.002239326,0.17633303,-0.61007416,0.051331997,0.20471887,-0.628194,0.036225084,0.14077862,-0.5477744,0.13398808,0.2097388,-0.5859232,0.10637664,0.07439411,0.0006745792925357819,0.20340445637702942,-0.0029908157885074615
