frame,Ankle.R_x,Ankle.R_y,Ankle.R_z,Knee.R_x,Knee.R_y,Knee.R_z,Hip.R_x,Hip.R_y,Hip.R_z,Hip.L_x,Hip.L_y,Hip.L_z,Knee.L_x,Knee.L_y,Knee.L_z,Ankle.L_x,Ankle.L_y,Ankle.L_z,Wrist.R_x,Wrist.R_y,Wrist.R_z,Elbow.R_x,Elbow.R_y,Elbow.R_z,Shoulder.R_x,Shoulder.R_y,Shoulder.R_z,Shoulder.L_x,Shoulder.L_y,Shoulder.L_z,Elbow.L_x,Elbow.L_y,Elbow.L_z,Wrist.L_x,Wrist.L_y,Wrist.L_z,Neck_x,Neck_y,Neck_z,Head_x,Head_y,Head_z,Nose_x,Nose_y,Nose_z,Eye.L_x,Eye.L_y,Eye.L_z,Eye.R_x,Eye.R_y,Eye.R_z,Ear.L_x,Ear.L_y,Ear.L_z,Ear.R_x,Ear.R_y,Ear.R_z,hip.Center_x,hip.Center_y,hip.Center_z
0,0.5534902,0.14936675,-0.63099176,0.3425525,0.14189057,-0.24801472,-0.035945743,0.12038493,-0.0681334,0.028085131,0.30520007,0.077575505,0.34471887,0.2685017,-0.2239144,0.5288648,0.35214722,-0.61316127,-0.11735078,-0.15426105,0.042077962,-0.20234428,0.01049205,-0.1278115,-0.42820233,0.05802539,0.006876992,-0.41260618,0.15531494,0.2301721,-0.15573426,0.08493137,0.26775682,-0.14215152,-0.16102701,0.2718352,-0.47297657,0.09813763,0.12334827,-0.6753064,0.083650626,0.1271189,-0.5893298,-0.034262955,0.192415,-0.62874,0.010980375,0.20474595,-0.6252607,-0.019843735,0.14571612,-0.60598826,0.10952732,0.19770667,-0.60300344,0.050202526,0.07138717,-0.003930306062102318,0.2127925008535385,0.004721052944660187
