frame,Ankle.R_x,Ankle.R_y,Ankle.R_z,Knee.R_x,Knee.R_y,Knee.R_z,Hip.R_x,Hip.R_y,Hip.R_z,Hip.L_x,Hip.L_y,Hip.L_z,Knee.L_x,Knee.L_y,Knee.L_z,Ankle.L_x,Ankle.L_y,Ankle.L_z,Wrist.R_x,Wrist.R_y,Wrist.R_z,Elbow.R_x,Elbow.R_y,Elbow.R_z,Shoulder.R_x,Shoulder.R_y,Shoulder.R_z,Shoulder.L_x,Shoulder.L_y,Shoulder.L_z,Elbow.L_x,Elbow.L_y,Elbow.L_z,Wrist.L_x,Wrist.L_y,Wrist.L_z,Neck_x,Neck_y,Neck_z,Head_x,Head_y,Head_z,Nose_x,Nose_y,Nose_z,Eye.L_x,Eye.L_y,Eye.L_z,Eye.R_x,Eye.R_y,Eye.R_z,Ear.L_x,Ear.L_y,Ear.L_z,Ear.R_x,Ear.R_y,Ear.R_z,hip.Center_x,hip.Center_y,hip.Center_z
0,0.5444747,0.18990123,-0.64272577,0.33354825,0.15285218,-0.2615885,-0.044174798,0.13160825,-0.08034065,0.034707583,0.29313296,0.08668157,0.3455771,0.24597277,-0.22160207,0.50927377,0.32047957,-0.6200786,-0.12066068,-0.15883727,0.03680672,-0.19474171,0.008440933,-0.13486415,-0.42141944,0.04921408,0.004257014,-0.40814096,0.14356582,0.23343146,-0.14614666,0.09187513,0.2745797,-0.117077634,-0.15194882,0.2866924,-0.46838686,0.086261034,0.123312704,-0.6709569,0.07098527,0.12266157,-0.5866109,-0.04932899,0.1853627,-0.6262065,-0.0043202937,0.1986319,-0.6215998,-0.03308329,0.13856521,-0.6029904,0.09463251,0.19590703,-0.5975745,0.0393681,0.06733197,-0.004733607172966003,0.2123706042766571,0.003170456737279892
