frame,Ankle.R_x,Ankle.R_y,Ankle.R_z,Knee.R_x,Knee.R_y,Knee.R_z,Hip.R_x,Hip.R_y,Hip.R_z,Hip.L_x,Hip.L_y,Hip.L_z,Knee.L_x,Knee.L_y,Knee.L_z,Ankle.L_x,Ankle.L_y,Ankle.L_z,Wrist.R_x,Wrist.R_y,Wrist.R_z,Elbow.R_x,Elbow.R_y,Elbow.R_z,Shoulder.R_x,Shoulder.R_y,Shoulder.R_z,Shoulder.L_x,Shoulder.L_y,Shoulder.L_z,Elbow.L_x,Elbow.L_y,Elbow.L_z,Wrist.L_x,Wrist.L_y,Wrist.L_z,Neck_x,Neck_y,Neck_z,Head_x,Head_y,Head_z,Nose_x,Nose_y,Nose_z,Eye.L_x,Eye.L_y,Eye.L_z,Eye.R_x,Eye.R_y,Eye.R_z,Ear.L_x,Ear.L_y,Ear.L_z,Ear.R_x,Ear.R_y,Ear.R_z,hip.Center_x,hip.Center_y,hip.Center_z
0,0.5479492,0.15748903,-0.64882946,0.32310298,0.13635592,-0.26866916,-0.058677327,0.15333487,-0.09403525,0.045406874,0.27219048,0.096557945,0.33555612,0.24167112,-0.23776063,0.52588606,0.3408777,-0.62299067,-0.08429831,-0.13482112,0.03512561,-0.19994716,0.019203074,-0.13588761,-0.4307564,0.06452445,-0.0048925728,-0.41423258,0.15018448,0.23325215,-0.14767659,0.11768846,0.27635992,-0.03621152,-0.10824704,0.27960655,-0.47697252,0.097119406,0.11807405,-0.6823503,0.07728349,0.1086031,-0.59699947,-0.03524065,0.18267612,-0.6381065,0.009798601,0.19108978,-0.6306977,-0.023356467,0.13353667,-0.61733365,0.108994216,0.18204495,-0.6057805,0.044272147,0.057506144,-0.006635226309299469,0.21276268362998962,0.0012613460421562195
