frame,Ankle.R_x,Ankle.R_y,Ankle.R_z,Knee.R_x,Knee.R_y,Knee.R_z,Hip.R_x,Hip.R_y,Hip.R_z,Hip.L_x,Hip.L_y,Hip.L_z,Knee.L_x,Knee.L_y,Knee.L_z,Ankle.L_x,Ankle.L_y,Ankle.L_z,Wrist.R_x,Wrist.R_y,Wrist.R_z,Elbow.R_x,Elbow.R_y,Elbow.R_z,Shoulder.R_x,Shoulder.R_y,Shoulder.R_z,Shoulder.L_x,Shoulder.L_y,Shoulder.L_z,Elbow.L_x,Elbow.L_y,Elbow.L_z,Wrist.L_x,Wrist.L_y,Wrist.L_z,Neck_x,Neck_y,Neck_z,Head_x,Head_y,Head_z,Nose_x,Nose_y,Nose_z,Eye.L_x,Eye.L_y,Eye.L_z,Eye.R_x,Eye.R_y,Eye.R_z,Ear.L_x,Ear.L_y,Ear.L_z,Ear.R_x,Ear.R_y,Ear.R_z,hip.Center_x,hip.Center_y,hip.Center_z
0,0.54672694,0.20485313,-0.6393685,0.33520314,0.1535797,-0.25643587,-0.054014888,0.1503042,-0.09486452,0.04113301,0.2746641,0.097025424,0.34369093,0.23037423,-0.22355783,0.5071071,0.31520918,-0.62187827,-0.08787517,-0.14852951,0.028981177,-0.1982284,0.010833788,-0.13845146,-0.42941007,0.054736163,-0.008431259,-0.40946013,0.13686207,0.23066324,-0.14089009,0.114515774,0.27424577,-0.036478773,-0.11158545,0.2973111,-0.4745721,0.08495629,0.11496591,-0.6806688,0.06306541,0.10638724,-0.5923581,-0.050704673,0.17386374,-0.6343883,-0.0071317777,0.18489061,-0.62700784,-0.037387148,0.125843,-0.61567736,0.092641495,0.18044913,-0.60433424,0.03412272,0.05316703,-0.0064409393817186356,0.21248415112495422,0.0010804533958435059
