frame,Ankle.R_x,Ankle.R_y,Ankle.R_z,Knee.R_x,Knee.R_y,Knee.R_z,Hip.R_x,Hip.R_y,Hip.R_z,Hip.L_x,Hip.L_y,Hip.L_z,Knee.L_x,Knee.L_y,Knee.L_z,Ankle.L_x,Ankle.L_y,Ankle.L_z,Wrist.R_x,Wrist.R_y,Wrist.R_z,Elbow.R_x,Elbow.R_y,Elbow.R_z,Shoulder.R_x,Shoulder.R_y,Shoulder.R_z,Shoulder.L_x,Shoulder.L_y,Shoulder.L_z,Elbow.L_x,Elbow.L_y,Elbow.L_z,Wrist.L_x,Wrist.L_y,Wrist.L_z,Neck_x,Neck_y,Neck_z,Head_x,Head_y,Head_z,Nose_x,Nose_y,Nose_z,Eye.L_x,Eye.L_y,Eye.L_z,Eye.R_x,Eye.R_y,Eye.R_z,Ear.L_x,Ear.L_y,Ear.L_z,Ear.R_x,Ear.R_y,Ear.R_z,hip.Center_x,hip.Center_y,hip.Center_z
0,0.37487462,0.16563916,-0.80933636,0.18247792,0.19066913,-0.4060155,-0.07890822,0.16815053,-0.09387462,0.076667175,0.2342696,0.09016286,0.21409665,0.3285657,-0.3233034,0.35580087,0.32298827,-0.74275285,-0.0999363,-0.0813598,0.03996996,-0.1957885,0.05501339,-0.1545834,-0.41390505,0.079960525,0.011830896,-0.42475387,0.19348791,0.22303358,-0.1753891,0.17683363,0.31247747,-0.07187042,-0.050990008,0.26145786,-0.4610294,0.1283956,0.12033125,-0.63489926,0.1628136,0.17051928,-0.59991276,0.0065629724,0.16006972,-0.6149918,0.051688828,0.1995715,-0.6304416,0.051557746,0.13353547,-0.5541979,0.13121821,0.22625637,-0.5871682,0.13497296,0.08802144,-0.0011205226182937622,0.20121006667613983,-0.0018558800220489502
