frame,Ankle.R_x,Ankle.R_y,Ankle.R_z,Knee.R_x,Knee.R_y,Knee.R_z,Hip.R_x,Hip.R_y,Hip.R_z,Hip.L_x,Hip.L_y,Hip.L_z,Knee.L_x,Knee.L_y,Knee.L_z,Ankle.L_x,Ankle.L_y,Ankle.L_z,Wrist.R_x,Wrist.R_y,Wrist.R_z,Elbow.R_x,Elbow.R_y,Elbow.R_z,Shoulder.R_x,Shoulder.R_y,Shoulder.R_z,Shoulder.L_x,Shoulder.L_y,Shoulder.L_z,Elbow.L_x,Elbow.L_y,Elbow.L_z,Wrist.L_x,Wrist.L_y,Wrist.L_z,Neck_x,Neck_y,Neck_z,Head_x,Head_y,Head_z,Nose_x,Nose_y,Nose_z,Eye.L_x,Eye.L_y,Eye.L_z,Eye.R_x,Eye.R_y,Eye.R_z,Ear.L_x,Ear.L_y,Ear.L_z,Ear.R_x,Ear.R_y,Ear.R_z,hip.Center_x,hip.Center_y,hip.Center_z
0,0.519736,0.14504018,-0.6753518,0.30700165,0.1340655,-0.28772643,-0.06311938,0.156392,-0.09318801,0.050857056,0.2689691,0.095767885,0.32013038,0.23978668,-0.25586084,0.495849,0.3284582,-0.65036726,-0.076230295,-0.12507711,0.043050557,-0.19584468,0.024734301,-0.12950912,-0.42778787,0.06679526,0.0013592765,-0.41020358,0.1500933,0.24092306,-0.1430863,0.11618811,0.2816271,-0.023090636,-0.105987936,0.28223315,-0.47419238,0.09896745,0.12491462,-0.6796943,0.0841719,0.11282922,-0.5988429,-0.030064672,0.18974093,-0.63863605,0.016378514,0.19698422,-0.6315186,-0.017847069,0.139959,-0.61462253,0.11479769,0.18688536,-0.6035345,0.047960155,0.063228585,-0.006131162866950035,0.21268054842948914,0.0012899376451969147
