frame,Ankle.R_x,Ankle.R_y,Ankle.R_z,Knee.R_x,Knee.R_y,Knee.R_z,Hip.R_x,Hip.R_y,Hip.R_z,Hip.L_x,Hip.L_y,Hip.L_z,Knee.L_x,Knee.L_y,Knee.L_z,Ankle.L_x,Ankle.L_y,Ankle.L_z,Wrist.R_x,Wrist.R_y,Wrist.R_z,Elbow.R_x,Elbow.R_y,Elbow.R_z,Shoulder.R_x,Shoulder.R_y,Shoulder.R_z,Shoulder.L_x,Shoulder.L_y,Shoulder.L_z,Elbow.L_x,Elbow.L_y,Elbow.L_z,Wrist.L_x,Wrist.L_y,Wrist.L_z,Neck_x,Neck_y,Neck_z,Head_x,Head_y,Head_z,Nose_x,Nose_y,Nose_z,Eye.L_x,Eye.L_y,Eye.L_z,Eye.R_x,Eye.R_y,Eye.R_z,Ear.L_x,Ear.L_y,Ear.L_z,Ear.R_x,Ear.R_y,Ear.R_z,hip.Center_x,hip.Center_y,hip.Center_z
0,0.36116302,0.15834215,-0.8242539,0.20163627,0.17546903,-0.40213484,-0.07336192,0.16065711,-0.093816936,0.072110005,0.25198066,0.09149561,0.19320819,0.32602087,-0.33483532,0.30983973,0.32413894,-0.7670009,-0.04613903,-0.04956532,0.017511748,-0.19141024,0.08271092,-0.15094079,-0.41186666,0.05842497,0.013044032,-0.42886338,0.18719536,0.22672199,-0.16604447,0.2179044,0.2916674,-0.0103874635,0.022531632,0.21681134,-0.46636423,0.11383311,0.12280833,-0.6379467,0.16654173,0.12387342,-0.6211728,0.01715761,0.1847772,-0.6347378,0.07630665,0.1989751,-0.64276314,0.048625097,0.13718547,-0.56794065,0.15567398,0.20058437,-0.58370894,0.10284969,0.06787543,-0.000625956803560257,0.20631888508796692,-0.0011606626212596893
