frame,Ankle.R_x,Ankle.R_y,Ankle.R_z,Knee.R_x,Knee.R_y,Knee.R_z,Hip.R_x,Hip.R_y,Hip.R_z,Hip.L_x,Hip.L_y,Hip.L_z,Knee.L_x,Knee.L_y,Knee.L_z,Ankle.L_x,Ankle.L_y,Ankle.L_z,Wrist.R_x,Wrist.R_y,Wrist.R_z,Elbow.R_x,Elbow.R_y,Elbow.R_z,Shoulder.R_x,Shoulder.R_y,Shoulder.R_z,Shoulder.L_x,Shoulder.L_y,Shoulder.L_z,Elbow.L_x,Elbow.L_y,Elbow.L_z,Wrist.L_x,Wrist.L_y,Wrist.L_z,Neck_x,Neck_y,Neck_z,Head_x,Head_y,Head_z,Nose_x,Nose_y,Nose_z,Eye.L_x,Eye.L_y,Eye.L_z,Eye.R_x,Eye.R_y,Eye.R_z,Ear.L_x,Ear.L_y,Ear.L_z,Ear.R_x,Ear.R_y,Ear.R_z,hip.Center_x,hip.Center_y,hip.Center_z
0,0.48562983,0.15625523,-0.6870742,0.3118458,0.12300291,-0.2821804,-0.05864697,0.14678644,-0.087012604,0.047110997,0.28250965,0.09251023,0.31116623,0.22883832,-0.26264045,0.45293802,0.31590983,-0.67144597,-0.007989429,-0.11170581,0.035739493,-0.16528937,0.022894418,-0.11975259,-0.4107134,0.045198306,2.2423454e-05,-0.40627903,0.15567872,0.24089766,-0.13293803,0.16800109,0.27552235,0.030976733,-0.023359299,0.2936455,-0.4690836,0.0882076,0.123951495,-0.6761508,0.08368099,0.09795117,-0.60714334,-0.036038533,0.17835459,-0.6453142,0.012249917,0.183739,-0.6352653,-0.021153815,0.12662826,-0.61593676,0.109691225,0.17847505,-0.59805113,0.044930298,0.054386303,-0.005767986178398132,0.21464803814888,0.0027488134801387787
