frame,Ankle.R_x,Ankle.R_y,Ankle.R_z,Knee.R_x,Knee.R_y,Knee.R_z,Hip.R_x,Hip.R_y,Hip.R_z,Hip.L_x,Hip.L_y,Hip.L_z,Knee.L_x,Knee.L_y,Knee.L_z,Ankle.L_x,Ankle.L_y,Ankle.L_z,Wrist.R_x,Wrist.R_y,Wrist.R_z,Elbow.R_x,Elbow.R_y,Elbow.R_z,Shoulder.R_x,Shoulder.R_y,Shoulder.R_z,Shoulder.L_x,Shoulder.L_y,Shoulder.L_z,Elbow.L_x,Elbow.L_y,Elbow.L_z,Wrist.L_x,Wrist.L_y,Wrist.L_z,Neck_x,Neck_y,Neck_z,Head_x,Head_y,Head_z,Nose_x,Nose_y,Nose_z,Eye.L_x,Eye.L_y,Eye.L_z,Eye.R_x,Eye.R_y,Eye.R_z,Ear.L_x,Ear.L_y,Ear.L_z,Ear.R_x,Ear.R_y,Ear.R_z,hip.Center_x,hip.Center_y,hip.Center_z
0,0.37961218,0.159805,-0.8094646,0.18508542,0.18150434,-0.4063872,-0.0771596,0.16364339,-0.092364505,0.07370302,0.24379584,0.09161115,0.2082282,0.32754913,-0.3277908,0.34516567,0.3190353,-0.7500178,-0.02324058,-0.047017325,0.030023016,-0.175646,0.07400786,-0.14150514,-0.4059559,0.064299144,0.013296167,-0.41893712,0.19659571,0.22989866,-0.15466781,0.22413318,0.2818036,0.007046438,0.026224794,0.24278179,-0.46215972,0.12100161,0.12605594,-0.64031017,0.17189337,0.15462513,-0.61669564,0.0133392345,0.16439992,-0.6319312,0.06361448,0.19719869,-0.64067334,0.057022136,0.13018462,-0.5676549,0.14077793,0.2226789,-0.58671653,0.13222793,0.081831865,-0.0017282888293266296,0.2037196159362793,-0.000376679003238678
