frame,Ankle.R_x,Ankle.R_y,Ankle.R_z,Knee.R_x,Knee.R_y,Knee.R_z,Hip.R_x,Hip.R_y,Hip.R_z,Hip.L_x,Hip.L_y,Hip.L_z,Knee.L_x,Knee.L_y,Knee.L_z,Ankle.L_x,Ankle.L_y,Ankle.L_z,Wrist.R_x,Wrist.R_y,Wrist.R_z,Elbow.R_x,Elbow.R_y,Elbow.R_z,Shoulder.R_x,Shoulder.R_y,Shoulder.R_z,Shoulder.L_x,Shoulder.L_y,Shoulder.L_z,Elbow.L_x,Elbow.L_y,Elbow.L_z,Wrist.L_x,Wrist.L_y,Wrist.L_z,Neck_x,Neck_y,Neck_z,Head_x,Head_y,Head_z,Nose_x,Nose_y,Nose_z,Eye.L_x,Eye.L_y,Eye.L_z,Eye.R_x,Eye.R_y,Eye.R_z,Ear.L_x,Ear.L_y,Ear.L_z,Ear.R_x,Ear.R_y,Ear.R_z,hip.Center_x,hip.Center_y,hip.Center_z
0,0.53457433,0.17600277,-0.654311,0.32969388,0.13868408,-0.26625174,-0.04959614,0.14178178,-0.087819606,0.03949394,0.28544143,0.09266042,0.32290462,0.24834087,-0.2466094,0.49646148,0.30644745,-0.64555407,-0.066720404,-0.16115463,0.03939728,-0.17682725,0.0035903053,-0.12272454,-0.41929847,0.042434193,-0.010506226,-0.4283205,0.16238177,0.21409917,-0.16303422,0.17204817,0.2703521,-0.021816405,-0.0334087,0.30196363,-0.4787171,0.08981441,0.10345199,-0.68174446,0.07871591,0.08274015,-0.6079372,-0.0359376,0.16649579,-0.64702094,0.011666842,0.17066447,-0.6376107,-0.024011798,0.11478218,-0.6203457,0.10950693,0.16000275,-0.60373175,0.039554924,0.038696513,-0.0050510987639427185,0.21361160278320312,0.00242040678858757
