frame,Ankle.R_x,Ankle.R_y,Ankle.R_z,Knee.R_x,Knee.R_y,Knee.R_z,Hip.R_x,Hip.R_y,Hip.R_z,Hip.L_x,Hip.L_y,Hip.L_z,Knee.L_x,Knee.L_y,Knee.L_z,Ankle.L_x,Ankle.L_y,Ankle.L_z,Wrist.R_x,Wrist.R_y,Wrist.R_z,Elbow.R_x,Elbow.R_y,Elbow.R_z,Shoulder.R_x,Shoulder.R_y,Shoulder.R_z,Shoulder.L_x,Shoulder.L_y,Shoulder.L_z,Elbow.L_x,Elbow.L_y,Elbow.L_z,Wrist.L_x,Wrist.L_y,Wrist.L_z,Neck_x,Neck_y,Neck_z,Head_x,Head_y,Head_z,Nose_x,Nose_y,Nose_z,Eye.L_x,Eye.L_y,Eye.L_z,Eye.R_x,Eye.R_y,Eye.R_z,Ear.L_x,Ear.L_y,Ear.L_z,Ear.R_x,Ear.R_y,Ear.R_z,hip.Center_x,hip.Center_y,hip.Center_z
0,0.49022594,0.16402939,-0.69299483,0.31052434,0.13808027,-0.29097125,-0.054226317,0.14418396,-0.08653427,0.04558027,0.28270394,0.092053056,0.30511028,0.24605812,-0.2665211,0.45848513,0.29969952,-0.6749241,-0.055265874,-0.15987022,0.039635967,-0.1721066,0.007713171,-0.115760766,-0.41516578,0.042916052,-0.0011609867,-0.42215,0.16246134,0.22534254,-0.15448359,0.1733802,0.2732291,-0.004964813,-0.027472083,0.3011268,-0.47469383,0.09010954,0.113700025,-0.6771274,0.08162519,0.087894015,-0.6079439,-0.034492835,0.1739914,-0.6463157,0.013861403,0.17700787,-0.6358541,-0.022004,0.121369556,-0.6174158,0.11126333,0.16725966,-0.59863055,0.040980663,0.04631426,-0.004323022440075874,0.21344394981861115,0.0027593933045864105
