frame,Ankle.R_x,Ankle.R_y,Ankle.R_z,Knee.R_x,Knee.R_y,Knee.R_z,Hip.R_x,Hip.R_y,Hip.R_z,Hip.L_x,Hip.L_y,Hip.L_z,Knee.L_x,Knee.L_y,Knee.L_z,Ankle.L_x,Ankle.L_y,Ankle.L_z,Wrist.R_x,Wrist.R_y,Wrist.R_z,Elbow.R_x,Elbow.R_y,Elbow.R_z,Shoulder.R_x,Shoulder.R_y,Shoulder.R_z,Shoulder.L_x,Shoulder.L_y,Shoulder.L_z,Elbow.L_x,Elbow.L_y,Elbow.L_z,Wrist.L_x,Wrist.L_y,Wrist.L_z,Neck_x,Neck_y,Neck_z,Head_x,Head_y,Head_z,Nose_x,Nose_y,Nose_z,Eye.L_x,Eye.L_y,Eye.L_z,Eye.R_x,Eye.R_y,Eye.R_z,Ear.L_x,Ear.L_y,Ear.L_z,Ear.R_x,Ear.R_y,Ear.R_z,hip.Center_x,hip.Center_y,hip.Center_z
0,0.33519262,0.17681706,-0.83104724,0.17080098,0.1941493,-0.41252813,-0.058017768,0.13176109,-0.079165965,0.062064447,0.2786258,0.085549094,0.17856877,0.33371475,-0.3403974,0.31389722,0.30932575,-0.7653181,-0.087473236,-0.11972951,0.027982002,-0.14444354,0.05353293,-0.14705355,-0.3890334,0.062262982,0.005230356,-0.41917455,0.19883761,0.23022006,-0.1579249,0.20428115,0.32749024,-0.042917874,0.035085734,0.17980695,-0.45748615,0.12334464,0.12149647,-0.64028406,0.17363977,0.1419656,-0.61166435,0.022401754,0.18933016,-0.6269996,0.0793445,0.20947793,-0.63904727,0.055849366,0.14679162,-0.564047,0.16060968,0.21086359,-0.58970535,0.118024744,0.07787295,0.00202333927154541,0.205193430185318,0.003191564232110977
