frame,Ankle.R_x,Ankle.R_y,Ankle.R_z,Knee.R_x,Knee.R_y,Knee.R_z,Hip.R_x,Hip.R_y,Hip.R_z,Hip.L_x,Hip.L_y,Hip.L_z,Knee.L_x,Knee.L_y,Knee.L_z,Ankle.L_x,Ankle.L_y,Ankle.L_z,Wrist.R_x,Wrist.R_y,Wrist.R_z,Elbow.R_x,Elbow.R_y,Elbow.R_z,Shoulder.R_x,Shoulder.R_y,Shoulder.R_z,Shoulder.L_x,Shoulder.L_y,Shoulder.L_z,Elbow.L_x,Elbow.L_y,Elbow.L_z,Wrist.L_x,Wrist.L_y,Wrist.L_z,Neck_x,Neck_y,Neck_z,Head_x,Head_y,Head_z,Nose_x,Nose_y,Nose_z,Eye.L_x,Eye.L_y,Eye.L_z,Eye.R_x,Eye.R_y,Eye.R_z,Ear.L_x,Ear.L_y,Ear.L_z,Ear.R_x,Ear.R_y,Ear.R_z,hip.Center_x,hip.Center_y,hip.Center_z
0,0.33717018,0.1861665,-0.8323219,0.16219309,0.1859051,-0.41636607,-0.07040386,0.14402255,-0.081676565,0.071534924,0.26676124,0.08708223,0.18322466,0.33119163,-0.34131858,0.319355,0.31192502,-0.7655891,-0.17053278,-0.15924108,0.012964328,-0.1433266,0.033836253,-0.14534575,-0.3883316,0.08392711,-0.00051615946,-0.42973584,0.22182432,0.22018225,-0.20719677,0.1631797,0.36679474,-0.12500677,0.018084858,0.17775801,-0.4592274,0.1483984,0.11397276,-0.64549935,0.19376682,0.15424702,-0.6069108,0.04124855,0.18441886,-0.62259495,0.09553255,0.21113917,-0.6391387,0.07749361,0.14760283,-0.56316936,0.1797091,0.21491238,-0.59817624,0.14761199,0.08091303,0.0005655325949192047,0.20539189875125885,0.0027028322219848633
