frame,Ankle.R_x,Ankle.R_y,Ankle.R_z,Knee.R_x,Knee.R_y,Knee.R_z,Hip.R_x,Hip.R_y,Hip.R_z,Hip.L_x,Hip.L_y,Hip.L_z,Knee.L_x,Knee.L_y,Knee.L_z,Ankle.L_x,Ankle.L_y,Ankle.L_z,Wrist.R_x,Wrist.R_y,Wrist.R_z,Elbow.R_x,Elbow.R_y,Elbow.R_z,Shoulder.R_x,Shoulder.R_y,Shoulder.R_z,Shoulder.L_x,Shoulder.L_y,Shoulder.L_z,Elbow.L_x,Elbow.L_y,Elbow.L_z,Wrist.L_x,Wrist.L_y,Wrist.L_z,Neck_x,Neck_y,Neck_z,Head_x,Head_y,Head_z,Nose_x,Nose_y,Nose_z,Eye.L_x,Eye.L_y,Eye.L_z,Eye.R_x,Eye.R_y,Eye.R_z,Ear.L_x,Ear.L_y,Ear.L_z,Ear.R_x,Ear.R_y,Ear.R_z,hip.Center_x,hip.Center_y,hip.Center_z
0,0.3736617,0.19261764,-0.81024605,0.17914157,0.19315332,-0.40524,-0.06675829,0.1378766,-0.08009669,0.068420686,0.2681477,0.08558967,0.19982448,0.33193117,-0.33422178,0.36022428,0.32514003,-0.7490548,-0.17188649,-0.16249469,0.010350528,-0.14920145,0.046260968,-0.12543048,-0.3961097,0.09402137,0.010876658,-0.41906124,0.22780856,0.2328748,-0.1894725,0.15653536,0.35806507,-0.12771967,-0.03331972,0.20561817,-0.45730817,0.15624446,0.12717547,-0.6419975,0.1971614,0.17693515,-0.6044915,0.04197392,0.17714082,-0.62122715,0.089408845,0.2137177,-0.63528293,0.08483636,0.14750831,-0.5620214,0.17069535,0.23625444,-0.5924137,0.1660952,0.09818581,0.0008311979472637177,0.203012153506279,0.0027464888989925385
