frame,Ankle.R_x,Ankle.R_y,Ankle.R_z,Knee.R_x,Knee.R_y,Knee.R_z,Hip.R_x,Hip.R_y,Hip.R_z,Hip.L_x,Hip.L_y,Hip.L_z,Knee.L_x,Knee.L_y,Knee.L_z,Ankle.L_x,Ankle.L_y,Ankle.L_z,Wrist.R_x,Wrist.R_y,Wrist.R_z,Elbow.R_x,Elbow.R_y,Elbow.R_z,Shoulder.R_x,Shoulder.R_y,Shoulder.R_z,Shoulder.L_x,Shoulder.L_y,Shoulder.L_z,Elbow.L_x,Elbow.L_y,Elbow.L_z,Wrist.L_x,Wrist.L_y,Wrist.L_z,Neck_x,Neck_y,Neck_z,Head_x,Head_y,Head_z,Nose_x,Nose_y,Nose_z,Eye.L_x,Eye.L_y,Eye.L_z,Eye.R_x,Eye.R_y,Eye.R_z,Ear.L_x,Ear.L_y,Ear.L_z,Ear.R_x,Ear.R_y,Ear.R_z,hip.Center_x,hip.Center_y,hip.Center_z
0,0.52512383,0.2137322,-0.64666057,0.34877875,0.1668558,-0.24794042,-0.016700279,0.1057774,-0.043697033,0.0114442725,0.32624158,0.058681995,0.32842773,0.3125069,-0.2454013,0.49739173,0.32493275,-0.6493024,-0.2585233,-0.24219114,0.11989435,-0.19277044,-0.097916014,-0.072989434,-0.41939148,0.038882457,-0.019910688,-0.45896727,0.18126415,0.17179334,-0.2461272,0.12607583,0.32238466,-0.25578347,-0.11701661,0.29238337,-0.48774618,0.103401974,0.074024014,-0.6909275,0.09137978,0.06455556,-0.6123308,-0.010210723,0.15912808,-0.65172285,0.0372879,0.1584239,-0.6451597,-0.0058296323,0.10797641,-0.6260633,0.1317698,0.13211489,-0.6156616,0.046583265,0.022243813,-0.0026280032470822334,0.2160094976425171,0.0074924807995557785
