frame,Ankle.R_x,Ankle.R_y,Ankle.R_z,Knee.R_x,Knee.R_y,Knee.R_z,Hip.R_x,Hip.R_y,Hip.R_z,Hip.L_x,Hip.L_y,Hip.L_z,Knee.L_x,Knee.L_y,Knee.L_z,Ankle.L_x,Ankle.L_y,Ankle.L_z,Wrist.R_x,Wrist.R_y,Wrist.R_z,Elbow.R_x,Elbow.R_y,Elbow.R_z,Shoulder.R_x,Shoulder.R_y,Shoulder.R_z,Shoulder.L_x,Shoulder.L_y,Shoulder.L_z,Elbow.L_x,Elbow.L_y,Elbow.L_z,Wrist.L_x,Wrist.L_y,Wrist.L_z,Neck_x,Neck_y,Neck_z,Head_x,Head_y,Head_z,Nose_x,Nose_y,Nose_z,Eye.L_x,Eye.L_y,Eye.L_z,Eye.R_x,Eye.R_y,Eye.R_z,Ear.L_x,Ear.L_y,Ear.L_z,Ear.R_x,Ear.R_y,Ear.R_z,hip.Center_x,hip.Center_y,hip.Center_z
0,0.39374197,0.22103095,-0.7957498,0.18742163,0.1892396,-0.399446,-0.057064928,0.12515925,-0.072940946,0.060382113,0.28153455,0.08191123,0.20328103,0.3270785,-0.33494556,0.37144473,0.3128513,-0.74512124,-0.3292883,-0.19202816,0.0047629494,-0.18860224,-0.044017617,-0.13237862,-0.40206718,0.083219856,0.015997298,-0.42867196,0.24044222,0.21434808,-0.23342183,0.1521714,0.3765514,-0.18665731,-0.029078368,0.20943835,-0.45885825,0.158058,0.1215545,-0.64447445,0.18490142,0.18456721,-0.5855458,0.037472747,0.19714154,-0.6052631,0.08645345,0.22983436,-0.6252246,0.0719843,0.16683386,-0.55683404,0.1768043,0.23603652,-0.59918547,0.15191373,0.10423301,0.0016585923731327057,0.20334690809249878,0.004485141485929489
