frame,Ankle.R_x,Ankle.R_y,Ankle.R_z,Knee.R_x,Knee.R_y,Knee.R_z,Hip.R_x,Hip.R_y,Hip.R_z,Hip.L_x,Hip.L_y,Hip.L_z,Knee.L_x,Knee.L_y,Knee.L_z,Ankle.L_x,Ankle.L_y,Ankle.L_z,Wrist.R_x,Wrist.R_y,Wrist.R_z,Elbow.R_x,Elbow.R_y,Elbow.R_z,Shoulder.R_x,Shoulder.R_y,Shoulder.R_z,Shoulder.L_x,Shoulder.L_y,Shoulder.L_z,Elbow.L_x,Elbow.L_y,Elbow.L_z,Wrist.L_x,Wrist.L_y,Wrist.L_z,Neck_x,Neck_y,Neck_z,Head_x,Head_y,Head_z,Nose_x,Nose_y,Nose_z,Eye.L_x,Eye.L_y,Eye.L_z,Eye.R_x,Eye.R_y,Eye.R_z,Ear.L_x,Ear.L_y,Ear.L_z,Ear.R_x,Ear.R_y,Ear.R_z,hip.Center_x,hip.Center_y,hip.Center_z
0,0.5574277,0.21890882,-0.61840886,0.358131,0.17032014,-0.231322,-0.016235974,0.10525139,-0.043602474,0.009644699,0.32652178,0.058081727,0.33717364,0.31270584,-0.23342718,0.52477384,0.33113915,-0.62858963,-0.22548449,-0.2348114,0.108797155,-0.18817507,-0.08301562,-0.08629163,-0.41986942,0.03946994,-0.021357603,-0.4570556,0.17987014,0.1730167,-0.23732239,0.12829947,0.31575018,-0.23940995,-0.115408584,0.2869604,-0.48747632,0.10286966,0.075001575,-0.69096273,0.08987865,0.06986614,-0.609564,-0.01070036,0.16305615,-0.6491784,0.036542535,0.16301107,-0.6434869,-0.0068380535,0.112715326,-0.6248647,0.13100664,0.13563003,-0.61634463,0.04529552,0.026032355,-0.0032956372015178204,0.21588659286499023,0.007239626720547676
