frame,Ankle.R_x,Ankle.R_y,Ankle.R_z,Knee.R_x,Knee.R_y,Knee.R_z,Hip.R_x,Hip.R_y,Hip.R_z,Hip.L_x,Hip.L_y,Hip.L_z,Knee.L_x,Knee.L_y,Knee.L_z,Ankle.L_x,Ankle.L_y,Ankle.L_z,Wrist.R_x,Wrist.R_y,Wrist.R_z,Elbow.R_x,Elbow.R_y,Elbow.R_z,Shoulder.R_x,Shoulder.R_y,Shoulder.R_z,Shoulder.L_x,Shoulder.L_y,Shoulder.L_z,Elbow.L_x,Elbow.L_y,Elbow.L_z,Wrist.L_x,Wrist.L_y,Wrist.L_z,Neck_x,Neck_y,Neck_z,Head_x,Head_y,Head_z,Nose_x,Nose_y,Nose_z,Eye.L_x,Eye.L_y,Eye.L_z,Eye.R_x,Eye.R_y,Eye.R_z,Ear.L_x,Ear.L_y,Ear.L_z,Ear.R_x,Ear.R_y,Ear.R_z,hip.Center_x,hip.Center_y,hip.Center_z
0,0.3871798,0.21731305,-0.7960222,0.19478843,0.18990555,-0.39454237,-0.043668106,0.11458981,-0.06752103,0.051695704,0.2935201,0.077279635,0.19812866,0.32419765,-0.33732328,0.3529178,0.31321886,-0.75153035,-0.36980656,-0.14353898,0.016266394,-0.19299757,-0.060114086,-0.12819718,-0.40557167,0.069692075,0.011396118,-0.43858233,0.22183692,0.20142654,-0.25846615,0.14587635,0.38076562,-0.252995,-0.02194592,0.20374191,-0.4614544,0.14225586,0.115425654,-0.6349709,0.18087852,0.1924988,-0.5780214,0.034312718,0.22064137,-0.5922779,0.08843912,0.24728242,-0.6209514,0.065184124,0.1906427,-0.54243976,0.1762101,0.23196043,-0.60236764,0.13334745,0.11307803,0.0040137991309165955,0.20405495166778564,0.004879303276538849
