frame,Ankle.R_x,Ankle.R_y,Ankle.R_z,Knee.R_x,Knee.R_y,Knee.R_z,Hip.R_x,Hip.R_y,Hip.R_z,Hip.L_x,Hip.L_y,Hip.L_z,Knee.L_x,Knee.L_y,Knee.L_z,Ankle.L_x,Ankle.L_y,Ankle.L_z,Wrist.R_x,Wrist.R_y,Wrist.R_z,Elbow.R_x,Elbow.R_y,Elbow.R_z,Shoulder.R_x,Shoulder.R_y,Shoulder.R_z,Shoulder.L_x,Shoulder.L_y,Shoulder.L_z,Elbow.L_x,Elbow.L_y,Elbow.L_z,Wrist.L_x,Wrist.L_y,Wrist.L_z,Neck_x,Neck_y,Neck_z,Head_x,Head_y,Head_z,Nose_x,Nose_y,Nose_z,Eye.L_x,Eye.L_y,Eye.L_z,Eye.R_x,Eye.R_y,Eye.R_z,Ear.L_x,Ear.L_y,Ear.L_z,Ear.R_x,Ear.R_y,Ear.R_z,hip.Center_x,hip.Center_y,hip.Center_z
0,0.5570414,0.21989773,-0.58750874,0.37272808,0.17879975,-0.19793196,0.002156533,0.09885678,-0.003488508,-0.010719143,0.3403533,0.021110972,0.33876824,0.33407238,-0.23366308,0.5195969,0.32989478,-0.6317025,-0.2510285,-0.23821704,0.14181656,-0.19295876,-0.11401339,-0.06473814,-0.41613165,0.03210788,-0.023135029,-0.46279746,0.19487783,0.15761378,-0.2636853,0.124033,0.3134337,-0.30913696,-0.10862902,0.26341978,-0.4892438,0.10753454,0.06697022,-0.696489,0.104754455,0.06408562,-0.61797273,-0.00043997169,0.15377766,-0.6561778,0.047372222,0.15531474,-0.65220296,0.005678065,0.10372634,-0.62880176,0.14096618,0.12984407,-0.6244576,0.05928047,0.018385816,-0.004281304776668549,0.21960504353046417,0.008811231702566147
