frame,Ankle.R_x,Ankle.R_y,Ankle.R_z,Knee.R_x,Knee.R_y,Knee.R_z,Hip.R_x,Hip.R_y,Hip.R_z,Hip.L_x,Hip.L_y,Hip.L_z,Knee.L_x,Knee.L_y,Knee.L_z,Ankle.L_x,Ankle.L_y,Ankle.L_z,Wrist.R_x,Wrist.R_y,Wrist.R_z,Elbow.R_x,Elbow.R_y,Elbow.R_z,Shoulder.R_x,Shoulder.R_y,Shoulder.R_z,Shoulder.L_x,Shoulder.L_y,Shoulder.L_z,Elbow.L_x,Elbow.L_y,Elbow.L_z,Wrist.L_x,Wrist.L_y,Wrist.L_z,Neck_x,Neck_y,Neck_z,Head_x,Head_y,Head_z,Nose_x,Nose_y,Nose_z,Eye.L_x,Eye.L_y,Eye.L_z,Eye.R_x,Eye.R_y,Eye.R_z,Ear.L_x,Ear.L_y,Ear.L_z,Ear.R_x,Ear.R_y,Ear.R_z,hip.Center_x,hip.Center_y,hip.Center_z
0,0.5923876,0.23661385,-0.5616418,0.37627056,0.19107762,-0.18872659,0.002868001,0.09897148,-0.0021559303,-0.012684315,0.3400548,0.019821197,0.34294873,0.3383925,-0.22627258,0.53373235,0.3421796,-0.62074655,-0.24023156,-0.2257889,0.14738546,-0.19742242,-0.10717764,-0.06862593,-0.42029685,0.040220335,-0.03377662,-0.4640795,0.2010682,0.15390909,-0.27361906,0.12388089,0.3180279,-0.3272956,-0.110613,0.2822664,-0.4924479,0.11432189,0.060917154,-0.70108145,0.111576855,0.06600878,-0.61883783,0.0014612079,0.14549354,-0.656994,0.04882954,0.15154096,-0.6548581,0.010693841,0.097227074,-0.6309664,0.14404038,0.13132289,-0.6306015,0.069809966,0.014481608,-0.004908157512545586,0.2195131480693817,0.00883263349533081
