frame,Ankle.R_x,Ankle.R_y,Ankle.R_z,Knee.R_x,Knee.R_y,Knee.R_z,Hip.R_x,Hip.R_y,Hip.R_z,Hip.L_x,Hip.L_y,Hip.L_z,Knee.L_x,Knee.L_y,Knee.L_z,Ankle.L_x,Ankle.L_y,Ankle.L_z,Wrist.R_x,Wrist.R_y,Wrist.R_z,Elbow.R_x,Elbow.R_y,Elbow.R_z,Shoulder.R_x,Shoulder.R_y,Shoulder.R_z,Shoulder.L_x,Shoulder.L_y,Shoulder.L_z,Elbow.L_x,Elbow.L_y,Elbow.L_z,Wrist.L_x,Wrist.L_y,Wrist.L_z,Neck_x,Neck_y,Neck_z,Head_x,Head_y,Head_z,Nose_x,Nose_y,Nose_z,Eye.L_x,Eye.L_y,Eye.L_z,Eye.R_x,Eye.R_y,Eye.R_z,Ear.L_x,Ear.L_y,Ear.L_z,Ear.R_x,Ear.R_y,Ear.R_z,hip.Center_x,hip.Center_y,hip.Center_z
0,0.36687544,0.2235467,-0.8175106,0.19762586,0.18347152,-0.4009969,-0.059674647,0.13463034,-0.08187973,0.06652506,0.272432,0.08423553,0.17192604,0.3137746,-0.3437,0.2535931,0.290375,-0.78122807,-0.35730708,-0.11592605,0.014045784,-0.18759492,-0.019099772,-0.13326675,-0.416114,0.08477613,-0.0013652425,-0.4505666,0.21712697,0.1877655,-0.25779152,0.13009882,0.3489294,-0.39858627,-0.026300643,0.22222255,-0.4687424,0.14812584,0.09955364,-0.6328732,0.18860662,0.17694047,-0.5736914,0.04394482,0.21695073,-0.5857435,0.101430796,0.23769405,-0.6194959,0.071856394,0.18710324,-0.53711987,0.18625864,0.20847602,-0.6072333,0.13076754,0.100013025,0.0034252051264047623,0.2035311758518219,0.0011778995394706726
