frame,Ankle.R_x,Ankle.R_y,Ankle.R_z,Knee.R_x,Knee.R_y,Knee.R_z,Hip.R_x,Hip.R_y,Hip.R_z,Hip.L_x,Hip.L_y,Hip.L_z,Knee.L_x,Knee.L_y,Knee.L_z,Ankle.L_x,Ankle.L_y,Ankle.L_z,Wrist.R_x,Wrist.R_y,Wrist.R_z,Elbow.R_x,Elbow.R_y,Elbow.R_z,Shoulder.R_x,Shoulder.R_y,Shoulder.R_z,Shoulder.L_x,Shoulder.L_y,Shoulder.L_z,Elbow.L_x,Elbow.L_y,Elbow.L_z,Wrist.L_x,Wrist.L_y,Wrist.L_z,Neck_x,Neck_y,Neck_z,Head_x,Head_y,Head_z,Nose_x,Nose_y,Nose_z,Eye.L_x,Eye.L_y,Eye.L_z,Eye.R_x,Eye.R_y,Eye.R_z,Ear.L_x,Ear.L_y,Ear.L_z,Ear.R_x,Ear.R_y,Ear.R_z,hip.Center_x,hip.Center_y,hip.Center_z
0,0.57943857,0.22387932,-0.58677375,0.3700677,0.16829129,-0.20762463,-0.013506284,0.10318218,-0.039190013,0.0050293854,0.3286999,0.05331768,0.35434917,0.3155687,-0.20836401,0.5339723,0.33571813,-0.6077849,-0.25380844,-0.2049449,0.14542362,-0.1970556,-0.08837203,-0.06683819,-0.4269873,0.04945416,-0.03049319,-0.46426737,0.2036543,0.15334506,-0.25795186,0.11885418,0.29642317,-0.34449202,-0.10118526,0.24135551,-0.4944353,0.122445546,0.059562027,-0.6979253,0.11844163,0.054345917,-0.62071675,0.009057224,0.14102878,-0.6593008,0.056868844,0.1439532,-0.653702,0.017543294,0.09050344,-0.63191855,0.1525602,0.124089174,-0.62393445,0.07557959,0.008578457,-0.004238449037075043,0.21594104170799255,0.007063833996653557
