frame,Ankle.R_x,Ankle.R_y,Ankle.R_z,Knee.R_x,Knee.R_y,Knee.R_z,Hip.R_x,Hip.R_y,Hip.R_z,Hip.L_x,Hip.L_y,Hip.L_z,Knee.L_x,Knee.L_y,Knee.L_z,Ankle.L_x,Ankle.L_y,Ankle.L_z,Wrist.R_x,Wrist.R_y,Wrist.R_z,Elbow.R_x,Elbow.R_y,Elbow.R_z,Shoulder.R_x,Shoulder.R_y,Shoulder.R_z,Shoulder.L_x,Shoulder.L_y,Shoulder.L_z,Elbow.L_x,Elbow.L_y,Elbow.L_z,Wrist.L_x,Wrist.L_y,Wrist.L_z,Neck_x,Neck_y,Neck_z,Head_x,Head_y,Head_z,Nose_x,Nose_y,Nose_z,Eye.L_x,Eye.L_y,Eye.L_z,Eye.R_x,Eye.R_y,Eye.R_z,Ear.L_x,Ear.L_y,Ear.L_z,Ear.R_x,Ear.R_y,Ear.R_z,hip.Center_x,hip.Center_y,hip.Center_z
0,0.37316373,0.19764675,-0.8138036,0.19235465,0.16235837,-0.40395254,-0.06665903,0.14304134,-0.08510665,0.07035368,0.26675904,0.08532133,0.19876522,0.2874652,-0.3413202,0.28379172,0.3021633,-0.7800753,-0.27910382,-0.10736368,0.050155673,-0.16232494,0.029449487,-0.11891246,-0.40977082,0.08726142,-0.00052045286,-0.45678702,0.22187153,0.18527943,-0.2573942,0.15499206,0.34431514,-0.3752421,-0.0065641277,0.20261905,-0.4732796,0.15260628,0.09724095,-0.64815044,0.2008288,0.15532929,-0.5932122,0.058539324,0.20812428,-0.6076169,0.11677246,0.2247535,-0.6354772,0.08482878,0.172131,-0.5558575,0.2004676,0.19768922,-0.6144321,0.14020827,0.084491834,0.0018473230302333832,0.20490019023418427,0.00010734051465988159
