frame,Ankle.R_x,Ankle.R_y,Ankle.R_z,Knee.R_x,Knee.R_y,Knee.R_z,Hip.R_x,Hip.R_y,Hip.R_z,Hip.L_x,Hip.L_y,Hip.L_z,Knee.L_x,Knee.L_y,Knee.L_z,Ankle.L_x,Ankle.L_y,Ankle.L_z,Wrist.R_x,Wrist.R_y,Wrist.R_z,Elbow.R_x,Elbow.R_y,Elbow.R_z,Shoulder.R_x,Shoulder.R_y,Shoulder.R_z,Shoulder.L_x,Shoulder.L_y,Shoulder.L_z,Elbow.L_x,Elbow.L_y,Elbow.L_z,Wrist.L_x,Wrist.L_y,Wrist.L_z,Neck_x,Neck_y,Neck_z,Head_x,Head_y,Head_z,Nose_x,Nose_y,Nose_z,Eye.L_x,Eye.L_y,Eye.L_z,Eye.R_x,Eye.R_y,Eye.R_z,Ear.L_x,Ear.L_y,Ear.L_z,Ear.R_x,Ear.R_y,Ear.R_z,hip.Center_x,hip.Center_y,hip.Center_z
0,0.5807928,0.22721206,-0.58185273,0.3719423,0.17837684,-0.20241383,-0.005210348,0.09970348,-0.01632189,-0.0008482411,0.33732703,0.032847546,0.35361013,0.31317794,-0.21930183,0.5270261,0.3526093,-0.6211468,-0.21407339,-0.17761709,0.11200742,-0.19622977,-0.028829522,-0.086052954,-0.43796298,0.066927366,-0.03231357,-0.46326002,0.21916918,0.15759012,-0.23320918,0.14748488,0.2652991,-0.32736474,-0.07275489,0.23630825,-0.50236166,0.13691479,0.06295317,-0.70242864,0.14509651,0.04648356,-0.63705313,0.029426508,0.13602802,-0.6733892,0.078920975,0.1374624,-0.6656937,0.040788665,0.083405614,-0.64026093,0.17332102,0.12246751,-0.62760746,0.09976014,0.005792506,-0.0030292945448309183,0.21851526200771332,0.00826282799243927
