frame,Ankle.R_x,Ankle.R_y,Ankle.R_z,Knee.R_x,Knee.R_y,Knee.R_z,Hip.R_x,Hip.R_y,Hip.R_z,Hip.L_x,Hip.L_y,Hip.L_z,Knee.L_x,Knee.L_y,Knee.L_z,Ankle.L_x,Ankle.L_y,Ankle.L_z,Wrist.R_x,Wrist.R_y,Wrist.R_z,Elbow.R_x,Elbow.R_y,Elbow.R_z,Shoulder.R_x,Shoulder.R_y,Shoulder.R_z,Shoulder.L_x,Shoulder.L_y,Shoulder.L_z,Elbow.L_x,Elbow.L_y,Elbow.L_z,Wrist.L_x,Wrist.L_y,Wrist.L_z,Neck_x,Neck_y,Neck_z,Head_x,Head_y,Head_z,Nose_x,Nose_y,Nose_z,Eye.L_x,Eye.L_y,Eye.L_z,Eye.R_x,Eye.R_y,Eye.R_z,Ear.L_x,Ear.L_y,Ear.L_z,Ear.R_x,Ear.R_y,Ear.R_z,hip.Center_x,hip.Center_y,hip.Center_z
0,0.5839521,0.22224215,-0.57855153,0.37150872,0.1660319,-0.20309053,-0.009680135,0.10085559,-0.02574177,0.0028442831,0.33355027,0.041585788,0.3545886,0.31197926,-0.21453425,0.53885067,0.3543287,-0.60920596,-0.2044486,-0.17046782,0.11933569,-0.19540305,-0.028016938,-0.08407454,-0.43643075,0.06572442,-0.030964043,-0.46467116,0.21591477,0.15537265,-0.23375988,0.15534434,0.26564673,-0.29090887,-0.07734168,0.23257506,-0.5008593,0.1344334,0.061758388,-0.70168245,0.13494387,0.046815902,-0.6299598,0.022834688,0.13551144,-0.66834474,0.07073069,0.13737631,-0.65982354,0.032793336,0.08336535,-0.6396792,0.16642311,0.12158242,-0.625574,0.09281917,0.0050887987,-0.0034179259091615677,0.21720293164253235,0.007922008633613586
