frame,Ankle.R_x,Ankle.R_y,Ankle.R_z,Knee.R_x,Knee.R_y,Knee.R_z,Hip.R_x,Hip.R_y,Hip.R_z,Hip.L_x,Hip.L_y,Hip.L_z,Knee.L_x,Knee.L_y,Knee.L_z,Ankle.L_x,Ankle.L_y,Ankle.L_z,Wrist.R_x,Wrist.R_y,Wrist.R_z,Elbow.R_x,Elbow.R_y,Elbow.R_z,Shoulder.R_x,Shoulder.R_y,Shoulder.R_z,Shoulder.L_x,Shoulder.L_y,Shoulder.L_z,Elbow.L_x,Elbow.L_y,Elbow.L_z,Wrist.L_x,Wrist.L_y,Wrist.L_z,Neck_x,Neck_y,Neck_z,Head_x,Head_y,Head_z,Nose_x,Nose_y,Nose_z,Eye.L_x,Eye.L_y,Eye.L_z,Eye.R_x,Eye.R_y,Eye.R_z,Ear.L_x,Ear.L_y,Ear.L_z,Ear.R_x,Ear.R_y,Ear.R_z,hip.Center_x,hip.Center_y,hip.Center_z
0,0.5376542,0.18252513,-0.6502159,0.33650568,0.15515596,-0.25809485,-0.041520096,0.12132117,-0.06545275,0.034393832,0.30582726,0.076265536,0.33518964,0.23042934,-0.23591684,0.54484046,0.19490099,-0.6201404,-0.42831364,-0.198052,0.0652784,-0.264567,-0.09943505,-0.09375265,-0.43783686,0.098345555,-0.019869579,-0.45483297,0.21173109,0.19103608,-0.32537487,0.03255573,0.33814397,-0.493708,-0.13455921,0.27108133,-0.4910935,0.15537651,0.084723584,-0.6924756,0.1580634,0.08200924,-0.62312967,0.033859268,0.15443966,-0.65818095,0.08399461,0.1636199,-0.65530896,0.0508036,0.1055524,-0.6245298,0.18013349,0.15528618,-0.62117296,0.11631793,0.03036137,-0.0035631321370601654,0.21357421576976776,0.005406394600868225
