frame,Ankle.R_x,Ankle.R_y,Ankle.R_z,Knee.R_x,Knee.R_y,Knee.R_z,Hip.R_x,Hip.R_y,Hip.R_z,Hip.L_x,Hip.L_y,Hip.L_z,Knee.L_x,Knee.L_y,Knee.L_z,Ankle.L_x,Ankle.L_y,Ankle.L_z,Wrist.R_x,Wrist.R_y,Wrist.R_z,Elbow.R_x,Elbow.R_y,Elbow.R_z,Shoulder.R_x,Shoulder.R_y,Shoulder.R_z,Shoulder.L_x,Shoulder.L_y,Shoulder.L_z,Elbow.L_x,Elbow.L_y,Elbow.L_z,Wrist.L_x,Wrist.L_y,Wrist.L_z,Neck_x,Neck_y,Neck_z,Head_x,Head_y,Head_z,Nose_x,Nose_y,Nose_z,Eye.L_x,Eye.L_y,Eye.L_z,Eye.R_x,Eye.R_y,Eye.R_z,Ear.L_x,Ear.L_y,Ear.L_z,Ear.R_x,Ear.R_y,Ear.R_z,hip.Center_x,hip.Center_y,hip.Center_z
0,0.6677891,0.25883517,-0.50760305,0.36751795,0.16237019,-0.19960286,-0.041633308,0.12952664,-0.08136387,0.0272233,0.295743,0.08674161,0.3759521,0.23045267,-0.17456454,0.6030523,0.23208755,-0.5498777,-0.40039662,-0.2013367,0.044732593,-0.26164842,-0.08733256,-0.1287669,-0.44161478,0.10299933,-0.05003615,-0.46425754,0.21626006,0.16457821,-0.33293897,0.07371989,0.35172072,-0.5075794,-0.09389478,0.31322527,-0.49820608,0.15913084,0.055415954,-0.7016451,0.15892267,0.050355986,-0.62929106,0.040892318,0.1290444,-0.6651474,0.09092742,0.13535616,-0.66223,0.054197937,0.07960963,-0.63354146,0.186776,0.12086837,-0.62996525,0.115550086,0.0002811402,-0.007205003872513771,0.21263481676578522,0.002688869833946228
