frame,Ankle.R_x,Ankle.R_y,Ankle.R_z,Knee.R_x,Knee.R_y,Knee.R_z,Hip.R_x,Hip.R_y,Hip.R_z,Hip.L_x,Hip.L_y,Hip.L_z,Knee.L_x,Knee.L_y,Knee.L_z,Ankle.L_x,Ankle.L_y,Ankle.L_z,Wrist.R_x,Wrist.R_y,Wrist.R_z,Elbow.R_x,Elbow.R_y,Elbow.R_z,Shoulder.R_x,Shoulder.R_y,Shoulder.R_z,Shoulder.L_x,Shoulder.L_y,Shoulder.L_z,Elbow.L_x,Elbow.L_y,Elbow.L_z,Wrist.L_x,Wrist.L_y,Wrist.L_z,Neck_x,Neck_y,Neck_z,Head_x,Head_y,Head_z,Nose_x,Nose_y,Nose_z,Eye.L_x,Eye.L_y,Eye.L_z,Eye.R_x,Eye.R_y,Eye.R_z,Ear.L_x,Ear.L_y,Ear.L_z,Ear.R_x,Ear.R_y,Ear.R_z,hip.Center_x,hip.Center_y,hip.Center_z
0,0.34221044,0.089792065,-0.80460787,0.19699186,0.10663589,-0.37755424,-0.08575992,0.14988476,-0.07283043,0.081064224,0.26335463,0.07870293,0.19763966,0.1910097,-0.3451984,0.26222098,0.18072607,-0.79087096,-0.3680164,-0.23493068,0.0613849,-0.19089125,-0.121291906,-0.07053865,-0.36691877,0.06723642,0.070722125,-0.36885992,0.180278,0.3055597,-0.2819632,0.016568258,0.51237965,-0.4325437,-0.124483526,0.37015593,-0.4130065,0.121156156,0.19847232,-0.599741,0.1367277,0.27415478,-0.5341965,-0.007444933,0.28878617,-0.5527892,0.042622156,0.32050997,-0.57825685,0.024012245,0.26078412,-0.5075502,0.1352558,0.31705183,-0.5621777,0.10175208,0.19057503,-0.0023478493094444275,0.20661969482898712,0.0029362477362155914
