frame,Ankle.R_x,Ankle.R_y,Ankle.R_z,Knee.R_x,Knee.R_y,Knee.R_z,Hip.R_x,Hip.R_y,Hip.R_z,Hip.L_x,Hip.L_y,Hip.L_z,Knee.L_x,Knee.L_y,Knee.L_z,Ankle.L_x,Ankle.L_y,Ankle.L_z,Wrist.R_x,Wrist.R_y,Wrist.R_z,Elbow.R_x,Elbow.R_y,Elbow.R_z,Shoulder.R_x,Shoulder.R_y,Shoulder.R_z,Shoulder.L_x,Shoulder.L_y,Shoulder.L_z,Elbow.L_x,Elbow.L_y,Elbow.L_z,Wrist.L_x,Wrist.L_y,Wrist.L_z,Neck_x,Neck_y,Neck_z,Head_x,Head_y,Head_z,Nose_x,Nose_y,Nose_z,Eye.L_x,Eye.L_y,Eye.L_z,Eye.R_x,Eye.R_y,Eye.R_z,Ear.L_x,Ear.L_y,Ear.L_z,Ear.R_x,Ear.R_y,Ear.R_z,hip.Center_x,hip.Center_y,hip.Center_z
0,0.34363765,0.19415918,-0.82633674,0.1870234,0.14978184,-0.40965593,-0.06829978,0.14673111,-0.088268,0.073429875,0.2655008,0.0832786,0.20345709,0.2800716,-0.34525114,0.31260672,0.32159042,-0.7758784,-0.18300459,-0.09503012,0.056348935,-0.21040373,0.08792398,-0.113262355,-0.42779377,0.09518734,0.028843967,-0.4624187,0.22955039,0.17907363,-0.27720183,0.1685838,0.33828792,-0.25454122,-0.03339971,0.18865085,-0.47687036,0.15880136,0.110057324,-0.6385343,0.22107449,0.13090608,-0.61935604,0.07176671,0.19121137,-0.6317271,0.13092178,0.20592691,-0.64388543,0.10359498,0.14500916,-0.56439644,0.20967434,0.20275939,-0.58954227,0.15729278,0.07288583,0.002565048635005951,0.2061159610748291,-0.002494700253009796
