frame,Ankle.R_x,Ankle.R_y,Ankle.R_z,Knee.R_x,Knee.R_y,Knee.R_z,Hip.R_x,Hip.R_y,Hip.R_z,Hip.L_x,Hip.L_y,Hip.L_z,Knee.L_x,Knee.L_y,Knee.L_z,Ankle.L_x,Ankle.L_y,Ankle.L_z,Wrist.R_x,Wrist.R_y,Wrist.R_z,Elbow.R_x,Elbow.R_y,Elbow.R_z,Shoulder.R_x,Shoulder.R_y,Shoulder.R_z,Shoulder.L_x,Shoulder.L_y,Shoulder.L_z,Elbow.L_x,Elbow.L_y,Elbow.L_z,Wrist.L_x,Wrist.L_y,Wrist.L_z,Neck_x,Neck_y,Neck_z,Head_x,Head_y,Head_z,Nose_x,Nose_y,Nose_z,Eye.L_x,Eye.L_y,Eye.L_z,Eye.R_x,Eye.R_y,Eye.R_z,Ear.L_x,Ear.L_y,Ear.L_z,Ear.R_x,Ear.R_y,Ear.R_z,hip.Center_x,hip.Center_y,hip.Center_z
0,0.5749766,0.20166133,-0.5939159,0.36984354,0.16389097,-0.20964667,-0.016953835,0.104503095,-0.039859544,0.011676742,0.32857004,0.05340642,0.3551017,0.2940902,-0.21942328,0.5134342,0.35104093,-0.62346923,-0.12173429,-0.12677199,0.095740356,-0.20702276,0.008312422,-0.100287534,-0.44824168,0.07902012,-0.03236199,-0.4691144,0.23053282,0.15016066,-0.22599451,0.18861574,0.23751722,-0.22636618,-0.05632528,0.2430896,-0.50908244,0.15034308,0.057656966,-0.7095628,0.16228728,0.036139432,-0.6456277,0.053397216,0.13448897,-0.68086624,0.10382968,0.1318086,-0.67459023,0.060958818,0.08125004,-0.645938,0.19583394,0.10858492,-0.6357136,0.111547306,-0.0014582798,-0.0026385467499494553,0.21653656661510468,0.0067734383046627045
