frame,Ankle.R_x,Ankle.R_y,Ankle.R_z,Knee.R_x,Knee.R_y,Knee.R_z,Hip.R_x,Hip.R_y,Hip.R_z,Hip.L_x,Hip.L_y,Hip.L_z,Knee.L_x,Knee.L_y,Knee.L_z,Ankle.L_x,Ankle.L_y,Ankle.L_z,Wrist.R_x,Wrist.R_y,Wrist.R_z,Elbow.R_x,Elbow.R_y,Elbow.R_z,Shoulder.R_x,Shoulder.R_y,Shoulder.R_z,Shoulder.L_x,Shoulder.L_y,Shoulder.L_z,Elbow.L_x,Elbow.L_y,Elbow.L_z,Wrist.L_x,Wrist.L_y,Wrist.L_z,Neck_x,Neck_y,Neck_z,Head_x,Head_y,Head_z,Nose_x,Nose_y,Nose_z,Eye.L_x,Eye.L_y,Eye.L_z,Eye.R_x,Eye.R_y,Eye.R_z,Ear.L_x,Ear.L_y,Ear.L_z,Ear.R_x,Ear.R_y,Ear.R_z,hip.Center_x,hip.Center_y,hip.Center_z
0,0.37397084,0.19769883,-0.8094332,0.1955946,0.15745637,-0.40141618,-0.07126866,0.14820996,-0.08782786,0.07334327,0.2587031,0.08523526,0.22020423,0.26909524,-0.33655924,0.35459375,0.3248349,-0.7597651,-0.16411157,-0.10755229,0.04630691,-0.19435236,0.08134343,-0.11313105,-0.4150363,0.08956987,0.03490731,-0.44707796,0.22531268,0.20592596,-0.24998605,0.16587155,0.36045846,-0.18964858,-0.024571888,0.20749657,-0.4678649,0.15502496,0.12590586,-0.634091,0.21784577,0.14819515,-0.6148909,0.06584919,0.19953,-0.6279227,0.123896666,0.2178191,-0.6390992,0.10024519,0.1552426,-0.56112105,0.20282587,0.21963038,-0.5846768,0.15812826,0.087290525,0.0010373033583164215,0.20345653593540192,-0.0012963004410266876
