frame,Ankle.R_x,Ankle.R_y,Ankle.R_z,Knee.R_x,Knee.R_y,Knee.R_z,Hip.R_x,Hip.R_y,Hip.R_z,Hip.L_x,Hip.L_y,Hip.L_z,Knee.L_x,Knee.L_y,Knee.L_z,Ankle.L_x,Ankle.L_y,Ankle.L_z,Wrist.R_x,Wrist.R_y,Wrist.R_z,Elbow.R_x,Elbow.R_y,Elbow.R_z,Shoulder.R_x,Shoulder.R_y,Shoulder.R_z,Shoulder.L_x,Shoulder.L_y,Shoulder.L_z,Elbow.L_x,Elbow.L_y,Elbow.L_z,Wrist.L_x,Wrist.L_y,Wrist.L_z,Neck_x,Neck_y,Neck_z,Head_x,Head_y,Head_z,Nose_x,Nose_y,Nose_z,Eye.L_x,Eye.L_y,Eye.L_z,Eye.R_x,Eye.R_y,Eye.R_z,Ear.L_x,Ear.L_y,Ear.L_z,Ear.R_x,Ear.R_y,Ear.R_z,hip.Center_x,hip.Center_y,hip.Center_z
0,0.5391559,0.2097692,-0.6154497,0.36902657,0.15266201,-0.21451981,-0.023243025,0.10763618,-0.045761716,0.016632011,0.3268125,0.05795757,0.34647262,0.28211713,-0.23451386,0.49222255,0.3640063,-0.64307934,-0.045197167,-0.08927271,0.05765575,-0.21005629,0.034839626,-0.099634655,-0.45396796,0.09418246,-0.029597556,-0.46114197,0.2467865,0.16130812,-0.20765814,0.19357052,0.2120757,-0.08479334,-0.02813178,0.22400105,-0.51218176,0.16900057,0.06370881,-0.7094951,0.19718735,0.02771975,-0.6630227,0.0808929,0.12772596,-0.6934559,0.13427596,0.12388683,-0.6867669,0.09211299,0.07275012,-0.6488824,0.22387865,0.106677055,-0.6369838,0.14119929,-0.004989162,-0.003305506892502308,0.2172243446111679,0.006097927689552307
