frame,Ankle.R_x,Ankle.R_y,Ankle.R_z,Knee.R_x,Knee.R_y,Knee.R_z,Hip.R_x,Hip.R_y,Hip.R_z,Hip.L_x,Hip.L_y,Hip.L_z,Knee.L_x,Knee.L_y,Knee.L_z,Ankle.L_x,Ankle.L_y,Ankle.L_z,Wrist.R_x,Wrist.R_y,Wrist.R_z,Elbow.R_x,Elbow.R_y,Elbow.R_z,Shoulder.R_x,Shoulder.R_y,Shoulder.R_z,Shoulder.L_x,Shoulder.L_y,Shoulder.L_z,Elbow.L_x,Elbow.L_y,Elbow.L_z,Wrist.L_x,Wrist.L_y,Wrist.L_z,Neck_x,Neck_y,Neck_z,Head_x,Head_y,Head_z,Nose_x,Nose_y,Nose_z,Eye.L_x,Eye.L_y,Eye.L_z,Eye.R_x,Eye.R_y,Eye.R_z,Ear.L_x,Ear.L_y,Ear.L_z,Ear.R_x,Ear.R_y,Ear.R_z,hip.Center_x,hip.Center_y,hip.Center_z
0,0.5655383,0.20708682,-0.59039825,0.37626773,0.15515864,-0.19871481,-0.021788593,0.10752615,-0.04576119,0.014548132,0.327369,0.05748307,0.35485917,0.27984846,-0.22122769,0.5193346,0.36083364,-0.6214589,-0.062405422,-0.106539875,0.062448367,-0.2171412,0.020968853,-0.10150358,-0.45695147,0.093381464,-0.03253127,-0.46350998,0.24329987,0.15719661,-0.21590035,0.17983444,0.2173466,-0.11262985,-0.050830632,0.2300579,-0.51339585,0.16738003,0.06041906,-0.7114331,0.19734749,0.03202322,-0.66191983,0.08038721,0.12951025,-0.6918191,0.13404205,0.1270656,-0.6878628,0.09195652,0.07562059,-0.6472524,0.2231788,0.10795442,-0.6409626,0.14065494,-0.0042738914,-0.0036202305927872658,0.21744757890701294,0.005860939621925354
