frame,Ankle.R_x,Ankle.R_y,Ankle.R_z,Knee.R_x,Knee.R_y,Knee.R_z,Hip.R_x,Hip.R_y,Hip.R_z,Hip.L_x,Hip.L_y,Hip.L_z,Knee.L_x,Knee.L_y,Knee.L_z,Ankle.L_x,Ankle.L_y,Ankle.L_z,Wrist.R_x,Wrist.R_y,Wrist.R_z,Elbow.R_x,Elbow.R_y,Elbow.R_z,Shoulder.R_x,Shoulder.R_y,Shoulder.R_z,Shoulder.L_x,Shoulder.L_y,Shoulder.L_z,Elbow.L_x,Elbow.L_y,Elbow.L_z,Wrist.L_x,Wrist.L_y,Wrist.L_z,Neck_x,Neck_y,Neck_z,Head_x,Head_y,Head_z,Nose_x,Nose_y,Nose_z,Eye.L_x,Eye.L_y,Eye.L_z,Eye.R_x,Eye.R_y,Eye.R_z,Ear.L_x,Ear.L_y,Ear.L_z,Ear.R_x,Ear.R_y,Ear.R_z,hip.Center_x,hip.Center_y,hip.Center_z
0,0.55693954,0.19945768,-0.60638255,0.371808,0.16630107,-0.20883907,-0.018650841,0.10470744,-0.03845419,0.012969692,0.33091855,0.051986977,0.3563098,0.27804407,-0.22329956,0.50452554,0.3524618,-0.6320373,-0.078447476,-0.091418706,0.07663044,-0.21637696,0.028544357,-0.10421927,-0.4568023,0.09274969,-0.035376642,-0.46852127,0.24530184,0.1490639,-0.22029941,0.20025724,0.21871997,-0.14102678,-0.03593428,0.24156526,-0.5143284,0.16562082,0.055729732,-0.7144046,0.18690836,0.032570593,-0.65654296,0.07373397,0.12984239,-0.6888833,0.12607087,0.12761578,-0.6848891,0.08338977,0.076638445,-0.64885443,0.21655785,0.105490394,-0.64289474,0.13248307,-0.0054723397,-0.0028405743651092052,0.21781300008296967,0.006766393780708313
