frame,Ankle.R_x,Ankle.R_y,Ankle.R_z,Knee.R_x,Knee.R_y,Knee.R_z,Hip.R_x,Hip.R_y,Hip.R_z,Hip.L_x,Hip.L_y,Hip.L_z,Knee.L_x,Knee.L_y,Knee.L_z,Ankle.L_x,Ankle.L_y,Ankle.L_z,Wrist.R_x,Wrist.R_y,Wrist.R_z,Elbow.R_x,Elbow.R_y,Elbow.R_z,Shoulder.R_x,Shoulder.R_y,Shoulder.R_z,Shoulder.L_x,Shoulder.L_y,Shoulder.L_z,Elbow.L_x,Elbow.L_y,Elbow.L_z,Wrist.L_x,Wrist.L_y,Wrist.L_z,Neck_x,Neck_y,Neck_z,Head_x,Head_y,Head_z,Nose_x,Nose_y,Nose_z,Eye.L_x,Eye.L_y,Eye.L_z,Eye.R_x,Eye.R_y,Eye.R_z,Ear.L_x,Ear.L_y,Ear.L_z,Ear.R_x,Ear.R_y,Ear.R_z,hip.Center_x,hip.Center_y,hip.Center_z
0,0.3659408,0.19820438,-0.81162626,0.18414591,0.13596775,-0.40868688,-0.07224178,0.1532018,-0.090087995,0.073150426,0.25817463,0.08507065,0.21977945,0.2588286,-0.33861822,0.3429725,0.32167238,-0.7639867,-0.09826474,-0.08716292,0.065078385,-0.20589338,0.07158421,-0.101420105,-0.42609408,0.089726254,0.04335536,-0.4525091,0.2307837,0.2011019,-0.22147958,0.18382387,0.30959344,-0.11615932,-0.044423677,0.24413179,-0.47573,0.15933645,0.12325838,-0.6335739,0.23203926,0.12820062,-0.6272623,0.08636414,0.19940276,-0.6361815,0.14688332,0.20929596,-0.6475878,0.116140045,0.15012135,-0.5636458,0.22043106,0.20406133,-0.58605933,0.16141833,0.076963544,0.0004543215036392212,0.2056882083415985,-0.0025086738169193268
