frame,Ankle.R_x,Ankle.R_y,Ankle.R_z,Knee.R_x,Knee.R_y,Knee.R_z,Hip.R_x,Hip.R_y,Hip.R_z,Hip.L_x,Hip.L_y,Hip.L_z,Knee.L_x,Knee.L_y,Knee.L_z,Ankle.L_x,Ankle.L_y,Ankle.L_z,Wrist.R_x,Wrist.R_y,Wrist.R_z,Elbow.R_x,Elbow.R_y,Elbow.R_z,Shoulder.R_x,Shoulder.R_y,Shoulder.R_z,Shoulder.L_x,Shoulder.L_y,Shoulder.L_z,Elbow.L_x,Elbow.L_y,Elbow.L_z,Wrist.L_x,Wrist.L_y,Wrist.L_z,Neck_x,Neck_y,Neck_z,Head_x,Head_y,Head_z,Nose_x,Nose_y,Nose_z,Eye.L_x,Eye.L_y,Eye.L_z,Eye.R_x,Eye.R_y,Eye.R_z,Ear.L_x,Ear.L_y,Ear.L_z,Ear.R_x,Ear.R_y,Ear.R_z,hip.Center_x,hip.Center_y,hip.Center_z
0,0.5141522,0.21137562,-0.625062,0.36954325,0.16258727,-0.2146398,-0.01459039,0.10199608,-0.027238654,0.009238032,0.3355666,0.042398516,0.34299484,0.2857277,-0.24314825,0.46602702,0.3607464,-0.6602432,-0.051342193,-0.07649013,0.049457707,-0.22032325,0.03812986,-0.108411066,-0.45905077,0.09467031,-0.025242886,-0.458349,0.2587957,0.15710524,-0.2038727,0.20921671,0.20304008,-0.070763335,-0.0044926936,0.22788355,-0.51340896,0.1757454,0.06625321,-0.7043148,0.22707887,0.03498402,-0.6728927,0.09624726,0.121941574,-0.6974169,0.1524812,0.12383275,-0.6941316,0.11575099,0.06829833,-0.64307785,0.23808384,0.1170152,-0.63778055,0.16724706,-0.0025122613,-0.00267617916688323,0.21878135204315186,0.007579931057989597
