frame,Ankle.R_x,Ankle.R_y,Ankle.R_z,Knee.R_x,Knee.R_y,Knee.R_z,Hip.R_x,Hip.R_y,Hip.R_z,Hip.L_x,Hip.L_y,Hip.L_z,Knee.L_x,Knee.L_y,Knee.L_z,Ankle.L_x,Ankle.L_y,Ankle.L_z,Wrist.R_x,Wrist.R_y,Wrist.R_z,Elbow.R_x,Elbow.R_y,Elbow.R_z,Shoulder.R_x,Shoulder.R_y,Shoulder.R_z,Shoulder.L_x,Shoulder.L_y,Shoulder.L_z,Elbow.L_x,Elbow.L_y,Elbow.L_z,Wrist.L_x,Wrist.L_y,Wrist.L_z,Neck_x,Neck_y,Neck_z,Head_x,Head_y,Head_z,Nose_x,Nose_y,Nose_z,Eye.L_x,Eye.L_y,Eye.L_z,Eye.R_x,Eye.R_y,Eye.R_z,Ear.L_x,Ear.L_y,Ear.L_z,Ear.R_x,Ear.R_y,Ear.R_z,hip.Center_x,hip.Center_y,hip.Center_z
0,0.55430657,0.2108584,-0.5946735,0.3793147,0.16602407,-0.19629833,-0.012973418,0.102437705,-0.030135907,0.0065247584,0.33501467,0.044199284,0.35529456,0.28571647,-0.2229893,0.50866234,0.3654414,-0.628215,-0.061133854,-0.08806212,0.053689655,-0.22258365,0.027587375,-0.110384606,-0.45945337,0.086407065,-0.0279371,-0.46197143,0.24666208,0.15293163,-0.21234299,0.19100843,0.20657171,-0.093771234,-0.030606754,0.23184192,-0.51368654,0.1647432,0.06307177,-0.705878,0.21250124,0.03901483,-0.6688914,0.082891814,0.12552468,-0.69393855,0.13879949,0.1279731,-0.692673,0.10161216,0.072662,-0.6412885,0.22513694,0.11779222,-0.6401656,0.15316065,-0.0012772828,-0.003224330022931099,0.21872618794441223,0.007031688466668129
