frame,Ankle.R_x,Ankle.R_y,Ankle.R_z,Knee.R_x,Knee.R_y,Knee.R_z,Hip.R_x,Hip.R_y,Hip.R_z,Hip.L_x,Hip.L_y,Hip.L_z,Knee.L_x,Knee.L_y,Knee.L_z,Ankle.L_x,Ankle.L_y,Ankle.L_z,Wrist.R_x,Wrist.R_y,Wrist.R_z,Elbow.R_x,Elbow.R_y,Elbow.R_z,Shoulder.R_x,Shoulder.R_y,Shoulder.R_z,Shoulder.L_x,Shoulder.L_y,Shoulder.L_z,Elbow.L_x,Elbow.L_y,Elbow.L_z,Wrist.L_x,Wrist.L_y,Wrist.L_z,Neck_x,Neck_y,Neck_z,Head_x,Head_y,Head_z,Nose_x,Nose_y,Nose_z,Eye.L_x,Eye.L_y,Eye.L_z,Eye.R_x,Eye.R_y,Eye.R_z,Ear.L_x,Ear.L_y,Ear.L_z,Ear.R_x,Ear.R_y,Ear.R_z,hip.Center_x,hip.Center_y,hip.Center_z
0,0.5447439,0.20106874,-0.6080229,0.37228853,0.1663443,-0.20768444,-0.011894697,0.10121891,-0.023010068,0.0058696843,0.33786517,0.038200572,0.35635233,0.28376403,-0.22573237,0.49630177,0.34997135,-0.6383033,-0.08291816,-0.0719107,0.08189829,-0.21610585,0.031151839,-0.110666595,-0.45603007,0.0875465,-0.030485103,-0.4645232,0.25130874,0.15073237,-0.21405894,0.20709322,0.21662225,-0.114915214,-0.021323342,0.24609667,-0.513392,0.16653714,0.06083687,-0.7077889,0.20696539,0.035414334,-0.666284,0.08358244,0.12879364,-0.6929822,0.13882452,0.12828359,-0.6911238,0.0986377,0.07517823,-0.6429698,0.22568864,0.11275672,-0.64077383,0.14729524,-0.002202727,-0.0030125065241008997,0.21954204142093658,0.0075952522456645966
