frame,Ankle.R_x,Ankle.R_y,Ankle.R_z,Knee.R_x,Knee.R_y,Knee.R_z,Hip.R_x,Hip.R_y,Hip.R_z,Hip.L_x,Hip.L_y,Hip.L_z,Knee.L_x,Knee.L_y,Knee.L_z,Ankle.L_x,Ankle.L_y,Ankle.L_z,Wrist.R_x,Wrist.R_y,Wrist.R_z,Elbow.R_x,Elbow.R_y,Elbow.R_z,Shoulder.R_x,Shoulder.R_y,Shoulder.R_z,Shoulder.L_x,Shoulder.L_y,Shoulder.L_z,Elbow.L_x,Elbow.L_y,Elbow.L_z,Wrist.L_x,Wrist.L_y,Wrist.L_z,Neck_x,Neck_y,Neck_z,Head_x,Head_y,Head_z,Nose_x,Nose_y,Nose_z,Eye.L_x,Eye.L_y,Eye.L_z,Eye.R_x,Eye.R_y,Eye.R_z,Ear.L_x,Ear.L_y,Ear.L_z,Ear.R_x,Ear.R_y,Ear.R_z,hip.Center_x,hip.Center_y,hip.Center_z
0,0.3642296,0.22204609,-0.8158784,0.18521488,0.19204076,-0.40697083,-0.056269467,0.12622821,-0.07693537,0.064364344,0.27930036,0.07872473,0.21697731,0.3074014,-0.33639547,0.35889685,0.361694,-0.7580124,-0.27530235,-0.15095703,0.04980785,-0.2312839,0.025651341,-0.116546005,-0.43329877,0.10000515,0.04233786,-0.45735443,0.2639404,0.16956809,-0.27229214,0.19508418,0.32699537,-0.22489989,-0.038565498,0.23652224,-0.47591096,0.17926635,0.11121874,-0.6289439,0.25223708,0.12979679,-0.6229363,0.102223784,0.19126661,-0.6316552,0.1623084,0.20544241,-0.6434049,0.13537055,0.14425649,-0.5588862,0.23642085,0.20402013,-0.58195096,0.18406275,0.074252464,0.0040474385023117065,0.20276428759098053,0.0008946768939495087
