frame,Ankle.R_x,Ankle.R_y,Ankle.R_z,Knee.R_x,Knee.R_y,Knee.R_z,Hip.R_x,Hip.R_y,Hip.R_z,Hip.L_x,Hip.L_y,Hip.L_z,Knee.L_x,Knee.L_y,Knee.L_z,Ankle.L_x,Ankle.L_y,Ankle.L_z,Wrist.R_x,Wrist.R_y,Wrist.R_z,Elbow.R_x,Elbow.R_y,Elbow.R_z,Shoulder.R_x,Shoulder.R_y,Shoulder.R_z,Shoulder.L_x,Shoulder.L_y,Shoulder.L_z,Elbow.L_x,Elbow.L_y,Elbow.L_z,Wrist.L_x,Wrist.L_y,Wrist.L_z,Neck_x,Neck_y,Neck_z,Head_x,Head_y,Head_z,Nose_x,Nose_y,Nose_z,Eye.L_x,Eye.L_y,Eye.L_z,Eye.R_x,Eye.R_y,Eye.R_z,Ear.L_x,Ear.L_y,Ear.L_z,Ear.R_x,Ear.R_y,Ear.R_z,hip.Center_x,hip.Center_y,hip.Center_z
0,0.32277563,0.23436606,-0.8366963,0.17568,0.21357433,-0.4138763,-0.047187172,0.12119417,-0.07628899,0.061359864,0.28844467,0.07567113,0.20237459,0.32450452,-0.3430667,0.32253674,0.3700787,-0.7723851,-0.2958832,-0.1421987,0.054402217,-0.25204805,0.027063286,-0.12344582,-0.44724268,0.11368456,0.03039822,-0.47114953,0.26032862,0.14766333,-0.2957099,0.21883164,0.32452804,-0.24832453,0.031488873,0.16115388,-0.48486203,0.18448482,0.093927436,-0.6366918,0.25466245,0.09930934,-0.6316649,0.111805804,0.17826037,-0.6411164,0.17356414,0.18459798,-0.6509663,0.13944107,0.12673649,-0.5686407,0.24732085,0.17707802,-0.58753717,0.18041037,0.052911095,0.007086345925927162,0.20481941103935242,-0.0003089308738708496
