frame,Ankle.R_x,Ankle.R_y,Ankle.R_z,Knee.R_x,Knee.R_y,Knee.R_z,Hip.R_x,Hip.R_y,Hip.R_z,Hip.L_x,Hip.L_y,Hip.L_z,Knee.L_x,Knee.L_y,Knee.L_z,Ankle.L_x,Ankle.L_y,Ankle.L_z,Wrist.R_x,Wrist.R_y,Wrist.R_z,Elbow.R_x,Elbow.R_y,Elbow.R_z,Shoulder.R_x,Shoulder.R_y,Shoulder.R_z,Shoulder.L_x,Shoulder.L_y,Shoulder.L_z,Elbow.L_x,Elbow.L_y,Elbow.L_z,Wrist.L_x,Wrist.L_y,Wrist.L_z,Neck_x,Neck_y,Neck_z,Head_x,Head_y,Head_z,Nose_x,Nose_y,Nose_z,Eye.L_x,Eye.L_y,Eye.L_z,Eye.R_x,Eye.R_y,Eye.R_z,Ear.L_x,Ear.L_y,Ear.L_z,Ear.R_x,Ear.R_y,Ear.R_z,hip.Center_x,hip.Center_y,hip.Center_z
0,0.5824117,0.23901287,-0.6053108,0.35834163,0.19368635,-0.23068157,-0.013150124,0.10361465,-0.040691335,0.0054609547,0.32728657,0.0566016,0.34281144,0.33922115,-0.2191039,0.5674838,0.4003441,-0.5910194,-0.2516307,-0.21501754,0.12329983,-0.20303845,-0.07287147,-0.0776616,-0.43385562,0.062327057,-0.036229346,-0.46636033,0.22165176,0.1511864,-0.26705736,0.12929663,0.29896393,-0.31054926,-0.11390846,0.28568485,-0.5013148,0.14167237,0.055110876,-0.7042803,0.16088045,0.03885578,-0.6456343,0.048317574,0.13573182,-0.677706,0.10097368,0.13380402,-0.67474777,0.057727568,0.08309782,-0.637511,0.1912024,0.11015159,-0.6339159,0.10618123,-0.00049553066,-0.003844584571197629,0.21545061469078064,0.00795513205230236
