frame,Ankle.R_x,Ankle.R_y,Ankle.R_z,Knee.R_x,Knee.R_y,Knee.R_z,Hip.R_x,Hip.R_y,Hip.R_z,Hip.L_x,Hip.L_y,Hip.L_z,Knee.L_x,Knee.L_y,Knee.L_z,Ankle.L_x,Ankle.L_y,Ankle.L_z,Wrist.R_x,Wrist.R_y,Wrist.R_z,Elbow.R_x,Elbow.R_y,Elbow.R_z,Shoulder.R_x,Shoulder.R_y,Shoulder.R_z,Shoulder.L_x,Shoulder.L_y,Shoulder.L_z,Elbow.L_x,Elbow.L_y,Elbow.L_z,Wrist.L_x,Wrist.L_y,Wrist.L_z,Neck_x,Neck_y,Neck_z,Head_x,Head_y,Head_z,Nose_x,Nose_y,Nose_z,Eye.L_x,Eye.L_y,Eye.L_z,Eye.R_x,Eye.R_y,Eye.R_z,Ear.L_x,Ear.L_y,Ear.L_z,Ear.R_x,Ear.R_y,Ear.R_z,hip.Center_x,hip.Center_y,hip.Center_z
0,0.3294613,0.2485835,-0.83352107,0.16508366,0.22370821,-0.4162817,-0.043263085,0.11830998,-0.07290755,0.058039024,0.29223382,0.074753135,0.19005239,0.3466645,-0.3431329,0.3186836,0.3902075,-0.77136093,-0.3860088,-0.10843878,0.039561346,-0.27186486,0.01695941,-0.14050108,-0.45222282,0.11829543,0.029608298,-0.47015876,0.26832107,0.14854902,-0.30050993,0.19148678,0.3205997,-0.33843482,0.0061201723,0.15472996,-0.48664314,0.19007894,0.09410355,-0.6428801,0.25193682,0.1022439,-0.62999463,0.10589904,0.17419474,-0.64333767,0.16672218,0.18334338,-0.6504787,0.1349234,0.12383678,-0.57523084,0.24491048,0.18049017,-0.5888507,0.18338427,0.053263947,0.007387969642877579,0.2052718997001648,0.0009227916598320007
