frame,Ankle.R_x,Ankle.R_y,Ankle.R_z,Knee.R_x,Knee.R_y,Knee.R_z,Hip.R_x,Hip.R_y,Hip.R_z,Hip.L_x,Hip.L_y,Hip.L_z,Knee.L_x,Knee.L_y,Knee.L_z,Ankle.L_x,Ankle.L_y,Ankle.L_z,Wrist.R_x,Wrist.R_y,Wrist.R_z,Elbow.R_x,Elbow.R_y,Elbow.R_z,Shoulder.R_x,Shoulder.R_y,Shoulder.R_z,Shoulder.L_x,Shoulder.L_y,Shoulder.L_z,Elbow.L_x,Elbow.L_y,Elbow.L_z,Wrist.L_x,Wrist.L_y,Wrist.L_z,Neck_x,Neck_y,Neck_z,Head_x,Head_y,Head_z,Nose_x,Nose_y,Nose_z,Eye.L_x,Eye.L_y,Eye.L_z,Eye.R_x,Eye.R_y,Eye.R_z,Ear.L_x,Ear.L_y,Ear.L_z,Ear.R_x,Ear.R_y,Ear.R_z,hip.Center_x,hip.Center_y,hip.Center_z
0,0.5754494,0.24445821,-0.60673785,0.36003605,0.19588523,-0.22736472,-0.011805363,0.10224323,-0.03722376,0.00432954,0.32980198,0.05272353,0.3522279,0.33167115,-0.21219897,0.5411904,0.40175423,-0.60325044,-0.23231447,-0.20466329,0.12705691,-0.20214689,-0.06909531,-0.08222995,-0.43494686,0.059474014,-0.032570895,-0.46773922,0.22360398,0.14879109,-0.26145723,0.14857827,0.2974975,-0.29296,-0.09654795,0.29152396,-0.50209403,0.14092997,0.05630977,-0.703421,0.16659138,0.04123062,-0.64823544,0.053988524,0.14042808,-0.67831624,0.10770483,0.137418,-0.67757416,0.06322186,0.08775102,-0.6347671,0.1955809,0.11113314,-0.63570005,0.107970774,0.0024880841,-0.003737911581993103,0.21602261066436768,0.007749885320663452
