frame,Ankle.R_x,Ankle.R_y,Ankle.R_z,Knee.R_x,Knee.R_y,Knee.R_z,Hip.R_x,Hip.R_y,Hip.R_z,Hip.L_x,Hip.L_y,Hip.L_z,Knee.L_x,Knee.L_y,Knee.L_z,Ankle.L_x,Ankle.L_y,Ankle.L_z,Wrist.R_x,Wrist.R_y,Wrist.R_z,Elbow.R_x,Elbow.R_y,Elbow.R_z,Shoulder.R_x,Shoulder.R_y,Shoulder.R_z,Shoulder.L_x,Shoulder.L_y,Shoulder.L_z,Elbow.L_x,Elbow.L_y,Elbow.L_z,Wrist.L_x,Wrist.L_y,Wrist.L_z,Neck_x,Neck_y,Neck_z,Head_x,Head_y,Head_z,Nose_x,Nose_y,Nose_z,Eye.L_x,Eye.L_y,Eye.L_z,Eye.R_x,Eye.R_y,Eye.R_z,Ear.L_x,Ear.L_y,Ear.L_z,Ear.R_x,Ear.R_y,Ear.R_z,hip.Center_x,hip.Center_y,hip.Center_z
0,0.5786356,0.24931291,-0.58468544,0.36613825,0.21235488,-0.20823023,0.0031242375,0.09830989,-0.012449732,-0.008902694,0.33662066,0.030561972,0.3380639,0.35221532,-0.22405517,0.5418589,0.41682985,-0.6057655,-0.23811036,-0.21504712,0.14183591,-0.2032633,-0.07828003,-0.062105183,-0.43289387,0.04970181,-0.019444656,-0.46260327,0.2191444,0.15602346,-0.2653155,0.12911105,0.29942784,-0.35933363,-0.09424496,0.287938,-0.49763,0.13150321,0.0687696,-0.69826925,0.14978373,0.051252775,-0.6416472,0.03531249,0.14762568,-0.6746534,0.0870119,0.14591491,-0.6689305,0.04566571,0.09400932,-0.6350153,0.17788343,0.12572546,-0.62642056,0.09714906,0.013370626,-0.0028892282862216234,0.21746528148651123,0.009056120179593563
