frame,Ankle.R_x,Ankle.R_y,Ankle.R_z,Knee.R_x,Knee.R_y,Knee.R_z,Hip.R_x,Hip.R_y,Hip.R_z,Hip.L_x,Hip.L_y,Hip.L_z,Knee.L_x,Knee.L_y,Knee.L_z,Ankle.L_x,Ankle.L_y,Ankle.L_z,Wrist.R_x,Wrist.R_y,Wrist.R_z,Elbow.R_x,Elbow.R_y,Elbow.R_z,Shoulder.R_x,Shoulder.R_y,Shoulder.R_z,Shoulder.L_x,Shoulder.L_y,Shoulder.L_z,Elbow.L_x,Elbow.L_y,Elbow.L_z,Wrist.L_x,Wrist.L_y,Wrist.L_z,Neck_x,Neck_y,Neck_z,Head_x,Head_y,Head_z,Nose_x,Nose_y,Nose_z,Eye.L_x,Eye.L_y,Eye.L_z,Eye.R_x,Eye.R_y,Eye.R_z,Ear.L_x,Ear.L_y,Ear.L_z,Ear.R_x,Ear.R_y,Ear.R_z,hip.Center_x,hip.Center_y,hip.Center_z
0,0.5625242,0.25660458,-0.6013252,0.36402318,0.21386606,-0.2157078,0.0036141055,0.09809556,-0.012045981,-0.009787523,0.3375217,0.02951406,0.33803722,0.35906023,-0.2251206,0.5368158,0.42696327,-0.61137056,-0.22342405,-0.2115993,0.1344112,-0.20570154,-0.074822254,-0.07444358,-0.4351238,0.053720884,-0.022062972,-0.46115977,0.21812746,0.16259448,-0.25722447,0.12824053,0.3007423,-0.3411684,-0.10068835,0.28087556,-0.49875572,0.13298269,0.07132647,-0.69902205,0.15433705,0.051557623,-0.64635265,0.036129035,0.14606245,-0.6784112,0.08852668,0.14501111,-0.67245495,0.0484566,0.09208873,-0.63646644,0.17915468,0.12818688,-0.6273083,0.10120999,0.013544761,-0.003086708951741457,0.21780863404273987,0.008734039030969143
