frame,Ankle.R_x,Ankle.R_y,Ankle.R_z,Knee.R_x,Knee.R_y,Knee.R_z,Hip.R_x,Hip.R_y,Hip.R_z,Hip.L_x,Hip.L_y,Hip.L_z,Knee.L_x,Knee.L_y,Knee.L_z,Ankle.L_x,Ankle.L_y,Ankle.L_z,Wrist.R_x,Wrist.R_y,Wrist.R_z,Elbow.R_x,Elbow.R_y,Elbow.R_z,Shoulder.R_x,Shoulder.R_y,Shoulder.R_z,Shoulder.L_x,Shoulder.L_y,Shoulder.L_z,Elbow.L_x,Elbow.L_y,Elbow.L_z,Wrist.L_x,Wrist.L_y,Wrist.L_z,Neck_x,Neck_y,Neck_z,Head_x,Head_y,Head_z,Nose_x,Nose_y,Nose_z,Eye.L_x,Eye.L_y,Eye.L_z,Eye.R_x,Eye.R_y,Eye.R_z,Ear.L_x,Ear.L_y,Ear.L_z,Ear.R_x,Ear.R_y,Ear.R_z,hip.Center_x,hip.Center_y,hip.Center_z
0,0.5550852,0.25409856,-0.5741432,0.36800388,0.24752416,-0.1865341,0.027192798,0.11356531,0.044946644,-0.037805777,0.33422595,-0.028795792,0.32077765,0.38847777,-0.24315059,0.5427758,0.4333625,-0.6150105,-0.21543802,-0.20060375,0.15435484,-0.21983543,-0.09373118,-0.06865868,-0.43860134,0.03290545,-0.010506121,-0.47013235,0.21736765,0.13331231,-0.2667363,0.18884303,0.28878653,-0.3255493,-0.04557304,0.29022056,-0.50009596,0.119438134,0.06680659,-0.6989776,0.14149284,0.06053101,-0.6384141,0.030681238,0.15865004,-0.67105114,0.082150504,0.15620008,-0.66817456,0.03900671,0.10574023,-0.63210523,0.17169824,0.1296516,-0.62942815,0.08663733,0.021037154,-0.0053064897656440735,0.22389563918113708,0.008075426332652569
