frame,Ankle.R_x,Ankle.R_y,Ankle.R_z,Knee.R_x,Knee.R_y,Knee.R_z,Hip.R_x,Hip.R_y,Hip.R_z,Hip.L_x,Hip.L_y,Hip.L_z,Knee.L_x,Knee.L_y,Knee.L_z,Ankle.L_x,Ankle.L_y,Ankle.L_z,Wrist.R_x,Wrist.R_y,Wrist.R_z,Elbow.R_x,Elbow.R_y,Elbow.R_z,Shoulder.R_x,Shoulder.R_y,Shoulder.R_z,Shoulder.L_x,Shoulder.L_y,Shoulder.L_z,Elbow.L_x,Elbow.L_y,Elbow.L_z,Wrist.L_x,Wrist.L_y,Wrist.L_z,Neck_x,Neck_y,Neck_z,Head_x,Head_y,Head_z,Nose_x,Nose_y,Nose_z,Eye.L_x,Eye.L_y,Eye.L_z,Eye.R_x,Eye.R_y,Eye.R_z,Ear.L_x,Ear.L_y,Ear.L_z,Ear.R_x,Ear.R_y,Ear.R_z,hip.Center_x,hip.Center_y,hip.Center_z
0,0.5235848,0.27335888,-0.6329456,0.35284874,0.22879437,-0.23619711,0.0035983876,0.09987528,-0.024473496,-0.0059650927,0.33313537,0.041433014,0.32320303,0.36344448,-0.23679323,0.484007,0.43717363,-0.63758177,-0.18272282,-0.17838292,0.16179238,-0.21745355,-0.07245664,-0.06404231,-0.4439171,0.046532404,-0.0068034735,-0.45005625,0.19359003,0.1741596,-0.2099831,0.12975481,0.2649954,-0.1810005,-0.11523187,0.290686,-0.49537703,0.11589512,0.083759114,-0.69287384,0.123602584,0.070417844,-0.6292041,0.0084964335,0.16223806,-0.6641254,0.058778774,0.16290718,-0.6579697,0.019220397,0.10962263,-0.62874246,0.15223287,0.14473903,-0.61930716,0.074696645,0.029647328,-0.001183352549560368,0.21650531888008118,0.008479759097099304
