frame,Ankle.R_x,Ankle.R_y,Ankle.R_z,Knee.R_x,Knee.R_y,Knee.R_z,Hip.R_x,Hip.R_y,Hip.R_z,Hip.L_x,Hip.L_y,Hip.L_z,Knee.L_x,Knee.L_y,Knee.L_z,Ankle.L_x,Ankle.L_y,Ankle.L_z,Wrist.R_x,Wrist.R_y,Wrist.R_z,Elbow.R_x,Elbow.R_y,Elbow.R_z,Shoulder.R_x,Shoulder.R_y,Shoulder.R_z,Shoulder.L_x,Shoulder.L_y,Shoulder.L_z,Elbow.L_x,Elbow.L_y,Elbow.L_z,Wrist.L_x,Wrist.L_y,Wrist.L_z,Neck_x,Neck_y,Neck_z,Head_x,Head_y,Head_z,Nose_x,Nose_y,Nose_z,Eye.L_x,Eye.L_y,Eye.L_z,Eye.R_x,Eye.R_y,Eye.R_z,Ear.L_x,Ear.L_y,Ear.L_z,Ear.R_x,Ear.R_y,Ear.R_z,hip.Center_x,hip.Center_y,hip.Center_z
0,0.5744337,0.26301816,-0.5909594,0.3675219,0.22269851,-0.21169224,0.003774707,0.099952444,-0.023586415,-0.008790816,0.3336428,0.040034696,0.33575302,0.36432472,-0.21823394,0.52432185,0.4377089,-0.6059399,-0.17126536,-0.19096594,0.14133236,-0.21817295,-0.07673798,-0.07800719,-0.4431197,0.04166735,-0.0134138595,-0.45524043,0.19466713,0.1621531,-0.21853541,0.13874972,0.26468962,-0.19606063,-0.10607289,0.29301083,-0.4967322,0.11310365,0.0745131,-0.6942731,0.11714335,0.060569897,-0.6285585,0.0064173043,0.1561872,-0.66438794,0.05604525,0.1550944,-0.6573807,0.014863454,0.10319329,-0.63091683,0.14948523,0.13380277,-0.6196604,0.06836249,0.021443084,-0.0025080544874072075,0.2167976200580597,0.008224140852689743
