frame,Ankle.R_x,Ankle.R_y,Ankle.R_z,Knee.R_x,Knee.R_y,Knee.R_z,Hip.R_x,Hip.R_y,Hip.R_z,Hip.L_x,Hip.L_y,Hip.L_z,Knee.L_x,Knee.L_y,Knee.L_z,Ankle.L_x,Ankle.L_y,Ankle.L_z,Wrist.R_x,Wrist.R_y,Wrist.R_z,Elbow.R_x,Elbow.R_y,Elbow.R_z,Shoulder.R_x,Shoulder.R_y,Shoulder.R_z,Shoulder.L_x,Shoulder.L_y,Shoulder.L_z,Elbow.L_x,Elbow.L_y,Elbow.L_z,Wrist.L_x,Wrist.L_y,Wrist.L_z,Neck_x,Neck_y,Neck_z,Head_x,Head_y,Head_z,Nose_x,Nose_y,Nose_z,Eye.L_x,Eye.L_y,Eye.L_z,Eye.R_x,Eye.R_y,Eye.R_z,Ear.L_x,Ear.L_y,Ear.L_z,Ear.R_x,Ear.R_y,Ear.R_z,hip.Center_x,hip.Center_y,hip.Center_z
0,0.55240405,0.24077532,-0.629443,0.35097536,0.19980603,-0.24504605,-0.011424697,0.10595748,-0.047755316,0.0072225556,0.3228662,0.0619894,0.33636105,0.3397692,-0.2243223,0.5001446,0.40769285,-0.6212894,-0.14355607,-0.17023158,0.11593282,-0.19268459,-0.03606744,-0.090120494,-0.43381038,0.041591175,-0.017331447,-0.45485914,0.19430044,0.16719192,-0.21522468,0.1439871,0.26081,-0.22596544,-0.09896505,0.29404965,-0.49469596,0.11176915,0.07463821,-0.69320744,0.11604586,0.053167235,-0.630539,0.0062764436,0.15153448,-0.6660882,0.05646545,0.14895996,-0.65826696,0.014302373,0.09785147,-0.63146216,0.14939688,0.1276624,-0.6179255,0.0661718,0.016673215,-0.002101070713251829,0.21441183984279633,0.007117042317986488
