frame,Ankle.R_x,Ankle.R_y,Ankle.R_z,Knee.R_x,Knee.R_y,Knee.R_z,Hip.R_x,Hip.R_y,Hip.R_z,Hip.L_x,Hip.L_y,Hip.L_z,Knee.L_x,Knee.L_y,Knee.L_z,Ankle.L_x,Ankle.L_y,Ankle.L_z,Wrist.R_x,Wrist.R_y,Wrist.R_z,Elbow.R_x,Elbow.R_y,Elbow.R_z,Shoulder.R_x,Shoulder.R_y,Shoulder.R_z,Shoulder.L_x,Shoulder.L_y,Shoulder.L_z,Elbow.L_x,Elbow.L_y,Elbow.L_z,Wrist.L_x,Wrist.L_y,Wrist.L_z,Neck_x,Neck_y,Neck_z,Head_x,Head_y,Head_z,Nose_x,Nose_y,Nose_z,Eye.L_x,Eye.L_y,Eye.L_z,Eye.R_x,Eye.R_y,Eye.R_z,Ear.L_x,Ear.L_y,Ear.L_z,Ear.R_x,Ear.R_y,Ear.R_z,hip.Center_x,hip.Center_y,hip.Center_z
0,0.5525362,0.23539224,-0.6408412,0.3464151,0.1886946,-0.25486484,-0.033245277,0.12526807,-0.07643664,0.025993727,0.3015141,0.085303664,0.34239382,0.30091384,-0.22629741,0.49602655,0.4025236,-0.6238767,-0.117819116,-0.1613177,0.103599206,-0.19380277,-0.04023649,-0.108392164,-0.4320796,0.045363493,-0.022372127,-0.4469906,0.18549666,0.18493024,-0.19644806,0.14734486,0.26667497,-0.15256429,-0.09626925,0.29676515,-0.49268362,0.10768852,0.08048318,-0.69363606,0.101325214,0.049316652,-0.6290879,-0.0044690073,0.15030348,-0.66680753,0.044326276,0.14620504,-0.655369,0.0021672696,0.09566195,-0.63582397,0.13904236,0.12582316,-0.6145548,0.05525437,0.015353151,-0.0036257747560739517,0.21339108049869537,0.0044335126876831055
