frame,Ankle.R_x,Ankle.R_y,Ankle.R_z,Knee.R_x,Knee.R_y,Knee.R_z,Hip.R_x,Hip.R_y,Hip.R_z,Hip.L_x,Hip.L_y,Hip.L_z,Knee.L_x,Knee.L_y,Knee.L_z,Ankle.L_x,Ankle.L_y,Ankle.L_z,Wrist.R_x,Wrist.R_y,Wrist.R_z,Elbow.R_x,Elbow.R_y,Elbow.R_z,Shoulder.R_x,Shoulder.R_y,Shoulder.R_z,Shoulder.L_x,Shoulder.L_y,Shoulder.L_z,Elbow.L_x,Elbow.L_y,Elbow.L_z,Wrist.L_x,Wrist.L_y,Wrist.L_z,Neck_x,Neck_y,Neck_z,Head_x,Head_y,Head_z,Nose_x,Nose_y,Nose_z,Eye.L_x,Eye.L_y,Eye.L_z,Eye.R_x,Eye.R_y,Eye.R_z,Ear.L_x,Ear.L_y,Ear.L_z,Ear.R_x,Ear.R_y,Ear.R_z,hip.Center_x,hip.Center_y,hip.Center_z
0,0.30909678,0.25148004,-0.8417543,0.14673854,0.23991646,-0.42314786,-0.04938048,0.12725711,-0.08172688,0.06407536,0.2766928,0.08109544,0.1792836,0.37314582,-0.33396176,0.30721435,0.41110563,-0.76056516,-0.29847148,-0.0803534,0.02282777,-0.21791387,0.092280716,-0.13578235,-0.43763617,0.099337004,0.020186469,-0.4495376,0.21821192,0.19681245,-0.20313072,0.20259783,0.28600717,-0.097263664,-0.022714455,0.22267438,-0.4773926,0.15305264,0.109720774,-0.64421666,0.20174262,0.11839268,-0.6183481,0.053311177,0.18032984,-0.6347275,0.11231379,0.19394413,-0.6439896,0.08341569,0.13341242,-0.5720135,0.19376305,0.19105786,-0.59034175,0.1389881,0.062036052,0.007347438484430313,0.20197495818138123,-0.0003157183527946472
