frame,Ankle.R_x,Ankle.R_y,Ankle.R_z,Knee.R_x,Knee.R_y,Knee.R_z,Hip.R_x,Hip.R_y,Hip.R_z,Hip.L_x,Hip.L_y,Hip.L_z,Knee.L_x,Knee.L_y,Knee.L_z,Ankle.L_x,Ankle.L_y,Ankle.L_z,Wrist.R_x,Wrist.R_y,Wrist.R_z,Elbow.R_x,Elbow.R_y,Elbow.R_z,Shoulder.R_x,Shoulder.R_y,Shoulder.R_z,Shoulder.L_x,Shoulder.L_y,Shoulder.L_z,Elbow.L_x,Elbow.L_y,Elbow.L_z,Wrist.L_x,Wrist.L_y,Wrist.L_z,Neck_x,Neck_y,Neck_z,Head_x,Head_y,Head_z,Nose_x,Nose_y,Nose_z,Eye.L_x,Eye.L_y,Eye.L_z,Eye.R_x,Eye.R_y,Eye.R_z,Ear.L_x,Ear.L_y,Ear.L_z,Ear.R_x,Ear.R_y,Ear.R_z,hip.Center_x,hip.Center_y,hip.Center_z
0,0.5731663,0.24005437,-0.62389684,0.35043785,0.19778112,-0.24783574,-0.030404516,0.12446162,-0.07711017,0.02414569,0.3010148,0.085180394,0.33412486,0.3243655,-0.22838333,0.5201235,0.42858288,-0.6101921,-0.16122739,-0.19408543,0.11261748,-0.21056199,-0.06405153,-0.10100889,-0.43772715,0.04326281,-0.0137759205,-0.44300315,0.18431617,0.19024764,-0.19041632,0.14730994,0.26365566,-0.13153896,-0.093909,0.2887256,-0.49194124,0.10587089,0.08888076,-0.69182014,0.102963954,0.06235208,-0.62837225,-0.006397344,0.16059794,-0.66499096,0.04320795,0.15798299,-0.65493965,0.0019512996,0.10634412,-0.63235074,0.13791037,0.13897051,-0.61408085,0.05591776,0.026522428,-0.003129412420094013,0.21273821592330933,0.004035111516714096
