frame,Ankle.R_x,Ankle.R_y,Ankle.R_z,Knee.R_x,Knee.R_y,Knee.R_z,Hip.R_x,Hip.R_y,Hip.R_z,Hip.L_x,Hip.L_y,Hip.L_z,Knee.L_x,Knee.L_y,Knee.L_z,Ankle.L_x,Ankle.L_y,Ankle.L_z,Wrist.R_x,Wrist.R_y,Wrist.R_z,Elbow.R_x,Elbow.R_y,Elbow.R_z,Shoulder.R_x,Shoulder.R_y,Shoulder.R_z,Shoulder.L_x,Shoulder.L_y,Shoulder.L_z,Elbow.L_x,Elbow.L_y,Elbow.L_z,Wrist.L_x,Wrist.L_y,Wrist.L_z,Neck_x,Neck_y,Neck_z,Head_x,Head_y,Head_z,Nose_x,Nose_y,Nose_z,Eye.L_x,Eye.L_y,Eye.L_z,Eye.R_x,Eye.R_y,Eye.R_z,Ear.L_x,Ear.L_y,Ear.L_z,Ear.R_x,Ear.R_y,Ear.R_z,hip.Center_x,hip.Center_y,hip.Center_z
0,0.5638862,0.18162146,-0.6295833,0.34365174,0.15579002,-0.24811925,-0.04020407,0.12325688,-0.07094024,0.029938467,0.30313548,0.080299504,0.35622948,0.23781303,-0.20673959,0.58550966,0.2088963,-0.57854027,-0.40103433,-0.21466842,0.0624937,-0.25644127,-0.09846353,-0.10373641,-0.43859762,0.08926365,-0.025000699,-0.45058876,0.2010719,0.18966293,-0.2944308,0.028378597,0.31670108,-0.47441256,-0.12206291,0.24578291,-0.49140114,0.14565444,0.08144006,-0.69193065,0.1521706,0.073410176,-0.62661856,0.027503312,0.14833073,-0.6611273,0.078161,0.15620732,-0.6572131,0.044506617,0.09855006,-0.62547195,0.17341444,0.14837591,-0.6201432,0.10905522,0.024323277,-0.005132801830768585,0.21319618821144104,0.004679631441831589
