frame,Ankle.R_x,Ankle.R_y,Ankle.R_z,Knee.R_x,Knee.R_y,Knee.R_z,Hip.R_x,Hip.R_y,Hip.R_z,Hip.L_x,Hip.L_y,Hip.L_z,Knee.L_x,Knee.L_y,Knee.L_z,Ankle.L_x,Ankle.L_y,Ankle.L_z,Wrist.R_x,Wrist.R_y,Wrist.R_z,Elbow.R_x,Elbow.R_y,Elbow.R_z,Shoulder.R_x,Shoulder.R_y,Shoulder.R_z,Shoulder.L_x,Shoulder.L_y,Shoulder.L_z,Elbow.L_x,Elbow.L_y,Elbow.L_z,Wrist.L_x,Wrist.L_y,Wrist.L_z,Neck_x,Neck_y,Neck_z,Head_x,Head_y,Head_z,Nose_x,Nose_y,Nose_z,Eye.L_x,Eye.L_y,Eye.L_z,Eye.R_x,Eye.R_y,Eye.R_z,Ear.L_x,Ear.L_y,Ear.L_z,Ear.R_x,Ear.R_y,Ear.R_z,hip.Center_x,hip.Center_y,hip.Center_z
0,0.36215344,0.091073625,-0.79224163,0.21108246,0.1068996,-0.3679493,-0.08665851,0.15336883,-0.07607791,0.08350899,0.25850344,0.07872592,0.18041152,0.19481692,-0.35078764,0.23053564,0.18217358,-0.796865,-0.3870819,-0.23082982,0.034598514,-0.19114178,-0.1272105,-0.06871686,-0.37103137,0.050841033,0.07540193,-0.36633885,0.15822197,0.30561435,-0.24845429,0.001192665,0.5000903,-0.45229772,-0.1004625,0.40252334,-0.4113468,0.10128835,0.20073152,-0.5922297,0.11799082,0.2747801,-0.52591753,-0.025217466,0.29782945,-0.54436356,0.026824523,0.32641524,-0.5705635,0.0041582733,0.2684179,-0.49993008,0.11933689,0.31646088,-0.5553988,0.0771748,0.19322798,-0.0015747584402561188,0.20593613386154175,0.0013240054249763489
