frame,Ankle.R_x,Ankle.R_y,Ankle.R_z,Knee.R_x,Knee.R_y,Knee.R_z,Hip.R_x,Hip.R_y,Hip.R_z,Hip.L_x,Hip.L_y,Hip.L_z,Knee.L_x,Knee.L_y,Knee.L_z,Ankle.L_x,Ankle.L_y,Ankle.L_z,Wrist.R_x,Wrist.R_y,Wrist.R_z,Elbow.R_x,Elbow.R_y,Elbow.R_z,Shoulder.R_x,Shoulder.R_y,Shoulder.R_z,Shoulder.L_x,Shoulder.L_y,Shoulder.L_z,Elbow.L_x,Elbow.L_y,Elbow.L_z,Wrist.L_x,Wrist.L_y,Wrist.L_z,Neck_x,Neck_y,Neck_z,Head_x,Head_y,Head_z,Nose_x,Nose_y,Nose_z,Eye.L_x,Eye.L_y,Eye.L_z,Eye.R_x,Eye.R_y,Eye.R_z,Ear.L_x,Ear.L_y,Ear.L_z,Ear.R_x,Ear.R_y,Ear.R_z,hip.Center_x,hip.Center_y,hip.Center_z
0,0.40216157,0.17035176,-0.79170203,0.1931431,0.18330754,-0.39452112,-0.0856857,0.16638738,-0.086775914,0.07950134,0.2361132,0.087257616,0.2510578,0.24285355,-0.32127798,0.42263636,0.19382906,-0.7267555,-0.43009853,-0.17782184,0.036349237,-0.2349963,-0.082023144,-0.07959915,-0.41080335,0.1091305,0.03597743,-0.40940014,0.20607568,0.25558424,-0.2922392,0.04474339,0.43703452,-0.4907511,-0.05134046,0.3287104,-0.44671226,0.1572944,0.15350516,-0.6175951,0.16949178,0.25095773,-0.56123173,0.023333922,0.22503747,-0.5730022,0.065650955,0.26889706,-0.60545087,0.06231366,0.20993201,-0.5227619,0.15457286,0.280807,-0.5906811,0.15244758,0.15745096,-0.0030921809375286102,0.20125028491020203,0.00024085119366645813
