frame,Ankle.R_x,Ankle.R_y,Ankle.R_z,Knee.R_x,Knee.R_y,Knee.R_z,Hip.R_x,Hip.R_y,Hip.R_z,Hip.L_x,Hip.L_y,Hip.L_z,Knee.L_x,Knee.L_y,Knee.L_z,Ankle.L_x,Ankle.L_y,Ankle.L_z,Wrist.R_x,Wrist.R_y,Wrist.R_z,Elbow.R_x,Elbow.R_y,Elbow.R_z,Shoulder.R_x,Shoulder.R_y,Shoulder.R_z,Shoulder.L_x,Shoulder.L_y,Shoulder.L_z,Elbow.L_x,Elbow.L_y,Elbow.L_z,Wrist.L_x,Wrist.L_y,Wrist.L_z,Neck_x,Neck_y,Neck_z,Head_x,Head_y,Head_z,Nose_x,Nose_y,Nose_z,Eye.L_x,Eye.L_y,Eye.L_z,Eye.R_x,Eye.R_y,Eye.R_z,Ear.L_x,Ear.L_y,Ear.L_z,Ear.R_x,Ear.R_y,Ear.R_z,hip.Center_x,hip.Center_y,hip.Center_z
0,0.51647973,0.22666784,-0.6564335,0.3501603,0.18684363,-0.25416574,-0.010311239,0.105397984,-0.042588543,0.008381387,0.32727823,0.056748386,0.32386908,0.33851135,-0.2482772,0.500458,0.41845065,-0.6408455,-0.13226347,-0.18013656,0.10995589,-0.22052927,-0.05098815,-0.090388484,-0.44170013,0.043403015,0.009398353,-0.4472701,0.18973526,0.19523415,-0.19159009,0.17318082,0.25349462,-0.10923836,-0.05959317,0.27896345,-0.49398163,0.10733204,0.10395546,-0.6897681,0.1129813,0.0756882,-0.6321069,0.0022871569,0.17709023,-0.66678864,0.052978482,0.17303547,-0.6575922,0.010618657,0.12225638,-0.6302904,0.14562275,0.15306538,-0.61373466,0.062048893,0.04246681,-0.0009649260900914669,0.21633809804916382,0.007079921662807465
