frame,Ankle.R_x,Ankle.R_y,Ankle.R_z,Knee.R_x,Knee.R_y,Knee.R_z,Hip.R_x,Hip.R_y,Hip.R_z,Hip.L_x,Hip.L_y,Hip.L_z,Knee.L_x,Knee.L_y,Knee.L_z,Ankle.L_x,Ankle.L_y,Ankle.L_z,Wrist.R_x,Wrist.R_y,Wrist.R_z,Elbow.R_x,Elbow.R_y,Elbow.R_z,Shoulder.R_x,Shoulder.R_y,Shoulder.R_z,Shoulder.L_x,Shoulder.L_y,Shoulder.L_z,Elbow.L_x,Elbow.L_y,Elbow.L_z,Wrist.L_x,Wrist.L_y,Wrist.L_z,Neck_x,Neck_y,Neck_z,Head_x,Head_y,Head_z,Nose_x,Nose_y,Nose_z,Eye.L_x,Eye.L_y,Eye.L_z,Eye.R_x,Eye.R_y,Eye.R_z,Ear.L_x,Ear.L_y,Ear.L_z,Ear.R_x,Ear.R_y,Ear.R_z,hip.Center_x,hip.Center_y,hip.Center_z
0,0.27769732,0.2510773,-0.85201406,0.17122355,0.22906747,-0.41818133,-0.043381434,0.12393978,-0.08147417,0.060651124,0.28731254,0.07897249,0.1548688,0.36136988,-0.34690222,0.24602433,0.38876975,-0.78138673,-0.3034679,-0.092355914,0.0055452418,-0.26050568,0.078801334,-0.17177795,-0.44969034,0.114169374,0.0067318734,-0.46983147,0.23263398,0.16361062,-0.25983647,0.22390778,0.31386054,-0.191335,-0.0048661116,0.22990304,-0.48943105,0.1663417,0.08761654,-0.6498115,0.21467768,0.06734069,-0.6389469,0.08022889,0.16001198,-0.65402335,0.14108771,0.15970045,-0.6568501,0.101038374,0.10495508,-0.5876565,0.21931554,0.15002137,-0.5920684,0.14063972,0.031499207,0.008634844794869423,0.20562615990638733,-0.0012508407235145569
