frame,Ankle.R_x,Ankle.R_y,Ankle.R_z,Knee.R_x,Knee.R_y,Knee.R_z,Hip.R_x,Hip.R_y,Hip.R_z,Hip.L_x,Hip.L_y,Hip.L_z,Knee.L_x,Knee.L_y,Knee.L_z,Ankle.L_x,Ankle.L_y,Ankle.L_z,Wrist.R_x,Wrist.R_y,Wrist.R_z,Elbow.R_x,Elbow.R_y,Elbow.R_z,Shoulder.R_x,Shoulder.R_y,Shoulder.R_z,Shoulder.L_x,Shoulder.L_y,Shoulder.L_z,Elbow.L_x,Elbow.L_y,Elbow.L_z,Wrist.L_x,Wrist.L_y,Wrist.L_z,Neck_x,Neck_y,Neck_z,Head_x,Head_y,Head_z,Nose_x,Nose_y,Nose_z,Eye.L_x,Eye.L_y,Eye.L_z,Eye.R_x,Eye.R_y,Eye.R_z,Ear.L_x,Ear.L_y,Ear.L_z,Ear.R_x,Ear.R_y,Ear.R_z,hip.Center_x,hip.Center_y,hip.Center_z
0,0.53564405,0.22790806,-0.6383847,0.3532675,0.18743803,-0.2446436,-0.009462047,0.10402976,-0.039937925,0.0060019204,0.32846648,0.05462417,0.3277573,0.3307808,-0.24145,0.49478182,0.39087662,-0.64218616,-0.16360459,-0.19558117,0.1255844,-0.21345156,-0.055957776,-0.07887658,-0.44081753,0.046950713,0.0016557425,-0.44760755,0.19373721,0.18754986,-0.20200343,0.14633887,0.27002022,-0.13459751,-0.091710135,0.30040413,-0.49362084,0.1139303,0.09606534,-0.6936852,0.11492942,0.08370586,-0.6247996,0.00880678,0.1821965,-0.660649,0.058618426,0.17989448,-0.6554072,0.014816642,0.1298152,-0.62809926,0.15104344,0.15350598,-0.6200087,0.064219035,0.04432538,-0.0017300634644925594,0.21624812483787537,0.007343122735619545
