frame,Ankle.R_x,Ankle.R_y,Ankle.R_z,Knee.R_x,Knee.R_y,Knee.R_z,Hip.R_x,Hip.R_y,Hip.R_z,Hip.L_x,Hip.L_y,Hip.L_z,Knee.L_x,Knee.L_y,Knee.L_z,Ankle.L_x,Ankle.L_y,Ankle.L_z,Wrist.R_x,Wrist.R_y,Wrist.R_z,Elbow.R_x,Elbow.R_y,Elbow.R_z,Shoulder.R_x,Shoulder.R_y,Shoulder.R_z,Shoulder.L_x,Shoulder.L_y,Shoulder.L_z,Elbow.L_x,Elbow.L_y,Elbow.L_z,Wrist.L_x,Wrist.L_y,Wrist.L_z,Neck_x,Neck_y,Neck_z,Head_x,Head_y,Head_z,Nose_x,Nose_y,Nose_z,Eye.L_x,Eye.L_y,Eye.L_z,Eye.R_x,Eye.R_y,Eye.R_z,Ear.L_x,Ear.L_y,Ear.L_z,Ear.R_x,Ear.R_y,Ear.R_z,hip.Center_x,hip.Center_y,hip.Center_z
0,0.5612184,0.2344399,-0.62273014,0.35439685,0.19609499,-0.23986845,-0.0056119827,0.10174095,-0.034427505,0.003160724,0.3305481,0.049423214,0.34500745,0.3291627,-0.22239226,0.5446714,0.38134584,-0.6078829,-0.1770727,-0.20962189,0.11800798,-0.19772956,-0.053580113,-0.07725031,-0.43212453,0.040278,-0.015322614,-0.46668714,0.1788276,0.16055751,-0.24907477,0.12355046,0.29160097,-0.2492317,-0.12239744,0.28308517,-0.494623,0.103021264,0.07190889,-0.6933227,0.093382,0.058449592,-0.6182296,-0.0045790374,0.16066727,-0.65753865,0.042673506,0.15632685,-0.6488479,-0.0022978187,0.10788124,-0.6312694,0.13592914,0.12705475,-0.61619973,0.04666295,0.02106198,-0.0012256293557584286,0.21614453196525574,0.00749785453081131
