frame,Ankle.R_x,Ankle.R_y,Ankle.R_z,Knee.R_x,Knee.R_y,Knee.R_z,Hip.R_x,Hip.R_y,Hip.R_z,Hip.L_x,Hip.L_y,Hip.L_z,Knee.L_x,Knee.L_y,Knee.L_z,Ankle.L_x,Ankle.L_y,Ankle.L_z,Wrist.R_x,Wrist.R_y,Wrist.R_z,Elbow.R_x,Elbow.R_y,Elbow.R_z,Shoulder.R_x,Shoulder.R_y,Shoulder.R_z,Shoulder.L_x,Shoulder.L_y,Shoulder.L_z,Elbow.L_x,Elbow.L_y,Elbow.L_z,Wrist.L_x,Wrist.L_y,Wrist.L_z,Neck_x,Neck_y,Neck_z,Head_x,Head_y,Head_z,Nose_x,Nose_y,Nose_z,Eye.L_x,Eye.L_y,Eye.L_z,Eye.R_x,Eye.R_y,Eye.R_z,Ear.L_x,Ear.L_y,Ear.L_z,Ear.R_x,Ear.R_y,Ear.R_z,hip.Center_x,hip.Center_y,hip.Center_z
0,0.3201446,0.25524145,-0.83541024,0.18901202,0.23490268,-0.40878624,-0.0423278,0.1238595,-0.081803836,0.05970066,0.28581217,0.08057397,0.15496838,0.3451067,-0.34788096,0.23596306,0.3682722,-0.78380305,-0.2845192,-0.083006084,0.01582347,-0.26270747,0.0649117,-0.185531,-0.4487363,0.107172176,-0.0054623447,-0.4759313,0.23908788,0.14008988,-0.3094079,0.20461836,0.32903627,-0.3147763,-0.030476987,0.24127716,-0.49018905,0.1657306,0.07369782,-0.6583278,0.21026182,0.08163284,-0.62612665,0.07417104,0.1656788,-0.6438111,0.13402061,0.17027779,-0.6537306,0.09584093,0.11510335,-0.58419245,0.21594247,0.15286897,-0.6037594,0.14096095,0.03363914,0.008686430752277374,0.20483583211898804,-0.0006149336695671082
