frame,Ankle.R_x,Ankle.R_y,Ankle.R_z,Knee.R_x,Knee.R_y,Knee.R_z,Hip.R_x,Hip.R_y,Hip.R_z,Hip.L_x,Hip.L_y,Hip.L_z,Knee.L_x,Knee.L_y,Knee.L_z,Ankle.L_x,Ankle.L_y,Ankle.L_z,Wrist.R_x,Wrist.R_y,Wrist.R_z,Elbow.R_x,Elbow.R_y,Elbow.R_z,Shoulder.R_x,Shoulder.R_y,Shoulder.R_z,Shoulder.L_x,Shoulder.L_y,Shoulder.L_z,Elbow.L_x,Elbow.L_y,Elbow.L_z,Wrist.L_x,Wrist.L_y,Wrist.L_z,Neck_x,Neck_y,Neck_z,Head_x,Head_y,Head_z,Nose_x,Nose_y,Nose_z,Eye.L_x,Eye.L_y,Eye.L_z,Eye.R_x,Eye.R_y,Eye.R_z,Ear.L_x,Ear.L_y,Ear.L_z,Ear.R_x,Ear.R_y,Ear.R_z,hip.Center_x,hip.Center_y,hip.Center_z
0,0.55106395,0.2240231,-0.63142806,0.35049763,0.18976638,-0.24556094,-0.008663911,0.10256033,-0.037573606,0.0068265595,0.32952318,0.05186544,0.33859488,0.3215361,-0.23252593,0.51756406,0.36978555,-0.62937784,-0.19694176,-0.21321559,0.14247265,-0.19761878,-0.055935282,-0.053079985,-0.43199864,0.044498067,-0.0016764794,-0.45923018,0.17744964,0.17807364,-0.24423984,0.103821985,0.30746076,-0.22280778,-0.14338969,0.30836418,-0.49113917,0.10589284,0.08804376,-0.69096196,0.09457733,0.082239404,-0.61126614,-0.0049263686,0.1791229,-0.65102756,0.041990265,0.17748952,-0.64383984,-0.0017634779,0.12766263,-0.6266662,0.13648766,0.14945391,-0.61491656,0.049487934,0.040557683,-0.0009186759125441313,0.21604174375534058,0.007145917043089867
