frame,Ankle.R_x,Ankle.R_y,Ankle.R_z,Knee.R_x,Knee.R_y,Knee.R_z,Hip.R_x,Hip.R_y,Hip.R_z,Hip.L_x,Hip.L_y,Hip.L_z,Knee.L_x,Knee.L_y,Knee.L_z,Ankle.L_x,Ankle.L_y,Ankle.L_z,Wrist.R_x,Wrist.R_y,Wrist.R_z,Elbow.R_x,Elbow.R_y,Elbow.R_z,Shoulder.R_x,Shoulder.R_y,Shoulder.R_z,Shoulder.L_x,Shoulder.L_y,Shoulder.L_z,Elbow.L_x,Elbow.L_y,Elbow.L_z,Wrist.L_x,Wrist.L_y,Wrist.L_z,Neck_x,Neck_y,Neck_z,Head_x,Head_y,Head_z,Nose_x,Nose_y,Nose_z,Eye.L_x,Eye.L_y,Eye.L_z,Eye.R_x,Eye.R_y,Eye.R_z,Ear.L_x,Ear.L_y,Ear.L_z,Ear.R_x,Ear.R_y,Ear.R_z,hip.Center_x,hip.Center_y,hip.Center_z
0,0.3174258,0.25954872,-0.8371457,0.16330731,0.2449373,-0.4153234,-0.0399189,0.12052728,-0.07804704,0.057975847,0.28717443,0.08011281,0.15814593,0.3631402,-0.3427354,0.27087942,0.3683746,-0.7715424,-0.354615,-0.10984279,0.009609903,-0.22260574,0.022204377,-0.154116,-0.44287443,0.110652834,-0.020429041,-0.46953437,0.23779878,0.14855063,-0.29644096,0.1627469,0.3276923,-0.4260351,-0.03601178,0.25761217,-0.48669735,0.16915363,0.06860637,-0.6632162,0.20050052,0.104626544,-0.6059043,0.06150914,0.16589737,-0.62762773,0.118600726,0.17992127,-0.64404154,0.08504363,0.123524904,-0.5795131,0.20656206,0.1613502,-0.61291885,0.14228445,0.040090874,0.009028473868966103,0.2038508653640747,0.0010328851640224457
