frame,Ankle.R_x,Ankle.R_y,Ankle.R_z,Knee.R_x,Knee.R_y,Knee.R_z,Hip.R_x,Hip.R_y,Hip.R_z,Hip.L_x,Hip.L_y,Hip.L_z,Knee.L_x,Knee.L_y,Knee.L_z,Ankle.L_x,Ankle.L_y,Ankle.L_z,Wrist.R_x,Wrist.R_y,Wrist.R_z,Elbow.R_x,Elbow.R_y,Elbow.R_z,Shoulder.R_x,Shoulder.R_y,Shoulder.R_z,Shoulder.L_x,Shoulder.L_y,Shoulder.L_z,Elbow.L_x,Elbow.L_y,Elbow.L_z,Wrist.L_x,Wrist.L_y,Wrist.L_z,Neck_x,Neck_y,Neck_z,Head_x,Head_y,Head_z,Nose_x,Nose_y,Nose_z,Eye.L_x,Eye.L_y,Eye.L_z,Eye.R_x,Eye.R_y,Eye.R_z,Ear.L_x,Ear.L_y,Ear.L_z,Ear.R_x,Ear.R_y,Ear.R_z,hip.Center_x,hip.Center_y,hip.Center_z
0,0.58688045,0.24172038,-0.5994174,0.35813305,0.1905783,-0.23133066,-0.008045275,0.1026957,-0.037681077,0.0023946508,0.32914162,0.05289559,0.34673655,0.3290579,-0.21619678,0.54130644,0.36806577,-0.606559,-0.22103876,-0.23920542,0.13575992,-0.18457443,-0.08485505,-0.056788255,-0.4197724,0.0322802,-0.01162504,-0.4556759,0.1756575,0.17865236,-0.24763629,0.09710298,0.31790602,-0.28753757,-0.14274585,0.28991243,-0.4860221,0.09714069,0.08401027,-0.6894529,0.08767471,0.0819567,-0.6087595,-0.021296233,0.1663024,-0.64822394,0.02578947,0.17041928,-0.6424252,-0.012593016,0.11614869,-0.6235452,0.12236665,0.15154403,-0.61494935,0.046893686,0.034378283,-0.002825311850756407,0.2159186601638794,0.00760725699365139
