frame,Ankle.R_x,Ankle.R_y,Ankle.R_z,Knee.R_x,Knee.R_y,Knee.R_z,Hip.R_x,Hip.R_y,Hip.R_z,Hip.L_x,Hip.L_y,Hip.L_z,Knee.L_x,Knee.L_y,Knee.L_z,Ankle.L_x,Ankle.L_y,Ankle.L_z,Wrist.R_x,Wrist.R_y,Wrist.R_z,Elbow.R_x,Elbow.R_y,Elbow.R_z,Shoulder.R_x,Shoulder.R_y,Shoulder.R_z,Shoulder.L_x,Shoulder.L_y,Shoulder.L_z,Elbow.L_x,Elbow.L_y,Elbow.L_z,Wrist.L_x,Wrist.L_y,Wrist.L_z,Neck_x,Neck_y,Neck_z,Head_x,Head_y,Head_z,Nose_x,Nose_y,Nose_z,Eye.L_x,Eye.L_y,Eye.L_z,Eye.R_x,Eye.R_y,Eye.R_z,Ear.L_x,Ear.L_y,Ear.L_z,Ear.R_x,Ear.R_y,Ear.R_z,hip.Center_x,hip.Center_y,hip.Center_z
0,0.5592265,0.23767427,-0.6265119,0.34986004,0.19136178,-0.24552958,-0.0085675,0.10294771,-0.036971807,0.004814567,0.32948998,0.052718386,0.33659804,0.3262773,-0.23287275,0.51011956,0.36202413,-0.6341985,-0.23883155,-0.23653178,0.1446089,-0.18325174,-0.08044696,-0.04180021,-0.4198877,0.036959723,-0.010315043,-0.45640376,0.17929476,0.18103272,-0.2532571,0.09056337,0.32059458,-0.3094594,-0.14586362,0.29254043,-0.4870466,0.10187091,0.0851325,-0.69049704,0.095174804,0.07944829,-0.6128918,-0.01608564,0.16388458,-0.65191436,0.03147965,0.1679109,-0.6454966,-0.006199643,0.11317345,-0.6255379,0.1280263,0.15105042,-0.6155535,0.054124452,0.032872595,-0.001876466441899538,0.21621884405612946,0.007873289287090302
