frame,Ankle.R_x,Ankle.R_y,Ankle.R_z,Knee.R_x,Knee.R_y,Knee.R_z,Hip.R_x,Hip.R_y,Hip.R_z,Hip.L_x,Hip.L_y,Hip.L_z,Knee.L_x,Knee.L_y,Knee.L_z,Ankle.L_x,Ankle.L_y,Ankle.L_z,Wrist.R_x,Wrist.R_y,Wrist.R_z,Elbow.R_x,Elbow.R_y,Elbow.R_z,Shoulder.R_x,Shoulder.R_y,Shoulder.R_z,Shoulder.L_x,Shoulder.L_y,Shoulder.L_z,Elbow.L_x,Elbow.L_y,Elbow.L_z,Wrist.L_x,Wrist.L_y,Wrist.L_z,Neck_x,Neck_y,Neck_z,Head_x,Head_y,Head_z,Nose_x,Nose_y,Nose_z,Eye.L_x,Eye.L_y,Eye.L_z,Eye.R_x,Eye.R_y,Eye.R_z,Ear.L_x,Ear.L_y,Ear.L_z,Ear.R_x,Ear.R_y,Ear.R_z,hip.Center_x,hip.Center_y,hip.Center_z
0,0.35227495,0.2472707,-0.81579226,0.16806427,0.23681805,-0.4075306,-0.050265472,0.12302169,-0.07692908,0.06253066,0.2774452,0.082714826,0.19316198,0.34275812,-0.33339944,0.3334883,0.35801223,-0.75358695,-0.3497338,-0.12048863,0.0032281629,-0.18984339,-0.009250393,-0.14328595,-0.4103745,0.07810787,0.011308069,-0.43448383,0.21740927,0.20713735,-0.23760542,0.13517898,0.3658581,-0.36597008,-0.025901325,0.23655355,-0.46079513,0.1416207,0.114756934,-0.6428195,0.15757221,0.16739386,-0.5746814,0.014703713,0.19470376,-0.5992267,0.06519081,0.22209564,-0.6158272,0.043859642,0.1602836,-0.5576104,0.15844801,0.22155121,-0.5925689,0.1193039,0.091582626,0.0061325933784246445,0.20023344457149506,0.0028928741812705994
