frame,Ankle.R_x,Ankle.R_y,Ankle.R_z,Knee.R_x,Knee.R_y,Knee.R_z,Hip.R_x,Hip.R_y,Hip.R_z,Hip.L_x,Hip.L_y,Hip.L_z,Knee.L_x,Knee.L_y,Knee.L_z,Ankle.L_x,Ankle.L_y,Ankle.L_z,Wrist.R_x,Wrist.R_y,Wrist.R_z,Elbow.R_x,Elbow.R_y,Elbow.R_z,Shoulder.R_x,Shoulder.R_y,Shoulder.R_z,Shoulder.L_x,Shoulder.L_y,Shoulder.L_z,Elbow.L_x,Elbow.L_y,Elbow.L_z,Wrist.L_x,Wrist.L_y,Wrist.L_z,Neck_x,Neck_y,Neck_z,Head_x,Head_y,Head_z,Nose_x,Nose_y,Nose_z,Eye.L_x,Eye.L_y,Eye.L_z,Eye.R_x,Eye.R_y,Eye.R_z,Ear.L_x,Ear.L_y,Ear.L_z,Ear.R_x,Ear.R_y,Ear.R_z,hip.Center_x,hip.Center_y,hip.Center_z
0,0.31049755,0.2589688,-0.83102,0.16005373,0.24300548,-0.41187063,-0.02650794,0.10917647,-0.067143895,0.046936486,0.30244672,0.074083574,0.14913768,0.35869732,-0.35003355,0.28106573,0.37514567,-0.77260405,-0.3177832,-0.058368098,0.008821417,-0.21054205,0.056050304,-0.17879564,-0.42275995,0.07012894,-0.008689583,-0.46195102,0.22386906,0.15867588,-0.28687635,0.20698605,0.34774625,-0.29777133,-0.016192546,0.25228354,-0.47789195,0.13739987,0.08408439,-0.6546925,0.17626175,0.11822685,-0.60526466,0.035479743,0.18076871,-0.6254972,0.09304988,0.19494317,-0.6403128,0.06053547,0.13714778,-0.57421714,0.17969617,0.17922714,-0.60366815,0.116936974,0.056412987,0.010214272886514664,0.20581158995628357,0.0034698396921157837
