frame,Ankle.R_x,Ankle.R_y,Ankle.R_z,Knee.R_x,Knee.R_y,Knee.R_z,Hip.R_x,Hip.R_y,Hip.R_z,Hip.L_x,Hip.L_y,Hip.L_z,Knee.L_x,Knee.L_y,Knee.L_z,Ankle.L_x,Ankle.L_y,Ankle.L_z,Wrist.R_x,Wrist.R_y,Wrist.R_z,Elbow.R_x,Elbow.R_y,Elbow.R_z,Shoulder.R_x,Shoulder.R_y,Shoulder.R_z,Shoulder.L_x,Shoulder.L_y,Shoulder.L_z,Elbow.L_x,Elbow.L_y,Elbow.L_z,Wrist.L_x,Wrist.L_y,Wrist.L_z,Neck_x,Neck_y,Neck_z,Head_x,Head_y,Head_z,Nose_x,Nose_y,Nose_z,Eye.L_x,Eye.L_y,Eye.L_z,Eye.R_x,Eye.R_y,Eye.R_z,Ear.L_x,Ear.L_y,Ear.L_z,Ear.R_x,Ear.R_y,Ear.R_z,hip.Center_x,hip.Center_y,hip.Center_z
0,0.36047295,0.24787098,-0.81267196,0.17903122,0.22349355,-0.40584466,-0.050849512,0.124780335,-0.07895148,0.060387332,0.27751824,0.084192306,0.196135,0.33491996,-0.33283773,0.33449957,0.36388278,-0.7535317,-0.28913647,-0.0825363,0.026617207,-0.19410072,0.03410327,-0.16502185,-0.40049624,0.050516054,0.022470403,-0.44020104,0.21031094,0.2000739,-0.24425942,0.18374197,0.3756009,-0.2563265,-0.032290492,0.25601417,-0.45876256,0.1212375,0.118917,-0.6360327,0.15510868,0.16366461,-0.5863409,0.005466569,0.19560644,-0.60685575,0.058499604,0.22147381,-0.6211697,0.038789123,0.15833113,-0.5548518,0.14701147,0.22509977,-0.5847294,0.11096123,0.092281826,0.004768909886479378,0.20114928483963013,0.002620413899421692
