frame,Ankle.R_x,Ankle.R_y,Ankle.R_z,Knee.R_x,Knee.R_y,Knee.R_z,Hip.R_x,Hip.R_y,Hip.R_z,Hip.L_x,Hip.L_y,Hip.L_z,Knee.L_x,Knee.L_y,Knee.L_z,Ankle.L_x,Ankle.L_y,Ankle.L_z,Wrist.R_x,Wrist.R_y,Wrist.R_z,Elbow.R_x,Elbow.R_y,Elbow.R_z,Shoulder.R_x,Shoulder.R_y,Shoulder.R_z,Shoulder.L_x,Shoulder.L_y,Shoulder.L_z,Elbow.L_x,Elbow.L_y,Elbow.L_z,Wrist.L_x,Wrist.L_y,Wrist.L_z,Neck_x,Neck_y,Neck_z,Head_x,Head_y,Head_z,Nose_x,Nose_y,Nose_z,Eye.L_x,Eye.L_y,Eye.L_z,Eye.R_x,Eye.R_y,Eye.R_z,Ear.L_x,Ear.L_y,Ear.L_z,Ear.R_x,Ear.R_y,Ear.R_z,hip.Center_x,hip.Center_y,hip.Center_z
0,0.5758643,0.23308685,-0.6023124,0.3636703,0.19889246,-0.22229314,0.0017317412,0.10058802,-0.022474868,-0.0069340053,0.33530143,0.03888007,0.35013083,0.3414153,-0.21053387,0.52723396,0.38387,-0.6094767,-0.17774595,-0.17268527,0.11853698,-0.18531018,-0.03993899,-0.09134728,-0.42829785,0.029112473,-0.023866707,-0.45735964,0.16766346,0.16075103,-0.21636313,0.13358359,0.26000106,-0.23907271,-0.10813061,0.2584065,-0.49058598,0.08901898,0.069451354,-0.6884393,0.08919133,0.06526759,-0.6150693,-0.027984418,0.14645596,-0.6520709,0.020698883,0.15192196,-0.64726156,-0.015562795,0.09609786,-0.6219346,0.11647494,0.13761042,-0.61526865,0.045948915,0.017868593,-0.0026011320296674967,0.21794472634792328,0.008202600292861462
