frame,Ankle.R_x,Ankle.R_y,Ankle.R_z,Knee.R_x,Knee.R_y,Knee.R_z,Hip.R_x,Hip.R_y,Hip.R_z,Hip.L_x,Hip.L_y,Hip.L_z,Knee.L_x,Knee.L_y,Knee.L_z,Ankle.L_x,Ankle.L_y,Ankle.L_z,Wrist.R_x,Wrist.R_y,Wrist.R_z,Elbow.R_x,Elbow.R_y,Elbow.R_z,Shoulder.R_x,Shoulder.R_y,Shoulder.R_z,Shoulder.L_x,Shoulder.L_y,Shoulder.L_z,Elbow.L_x,Elbow.L_y,Elbow.L_z,Wrist.L_x,Wrist.L_y,Wrist.L_z,Neck_x,Neck_y,Neck_z,Head_x,Head_y,Head_z,Nose_x,Nose_y,Nose_z,Eye.L_x,Eye.L_y,Eye.L_z,Eye.R_x,Eye.R_y,Eye.R_z,Ear.L_x,Ear.L_y,Ear.L_z,Ear.R_x,Ear.R_y,Ear.R_z,hip.Center_x,hip.Center_y,hip.Center_z
0,0.36537775,0.21316572,-0.81759787,0.1916263,0.18389255,-0.4057407,-0.06470453,0.14194801,-0.08651465,0.06818068,0.2650452,0.08682855,0.21252081,0.31107372,-0.33296517,0.3496798,0.354047,-0.7555303,-0.15565592,-0.08324172,0.037705198,-0.21816218,0.04606023,-0.16804148,-0.41007727,0.062254295,0.021246837,-0.4442445,0.19839844,0.20495254,-0.23676372,0.17682782,0.3602559,-0.15033354,-0.040524174,0.26759917,-0.46263748,0.117522866,0.11909036,-0.63913333,0.13732225,0.15762405,-0.586559,-0.014521338,0.1683047,-0.6102762,0.032523155,0.2010409,-0.61900216,0.024118844,0.13434348,-0.56115586,0.12099926,0.22398034,-0.5808288,0.10678932,0.08430624,0.001738075166940689,0.20349660515785217,0.0001569502055644989
