frame,Ankle.R_x,Ankle.R_y,Ankle.R_z,Knee.R_x,Knee.R_y,Knee.R_z,Hip.R_x,Hip.R_y,Hip.R_z,Hip.L_x,Hip.L_y,Hip.L_z,Knee.L_x,Knee.L_y,Knee.L_z,Ankle.L_x,Ankle.L_y,Ankle.L_z,Wrist.R_x,Wrist.R_y,Wrist.R_z,Elbow.R_x,Elbow.R_y,Elbow.R_z,Shoulder.R_x,Shoulder.R_y,Shoulder.R_z,Shoulder.L_x,Shoulder.L_y,Shoulder.L_z,Elbow.L_x,Elbow.L_y,Elbow.L_z,Wrist.L_x,Wrist.L_y,Wrist.L_z,Neck_x,Neck_y,Neck_z,Head_x,Head_y,Head_z,Nose_x,Nose_y,Nose_z,Eye.L_x,Eye.L_y,Eye.L_z,Eye.R_x,Eye.R_y,Eye.R_z,Ear.L_x,Ear.L_y,Ear.L_z,Ear.R_x,Ear.R_y,Ear.R_z,hip.Center_x,hip.Center_y,hip.Center_z
0,0.55947524,0.21414527,-0.6319392,0.35002536,0.16174272,-0.24964191,-0.030457264,0.122070864,-0.07239141,0.023228483,0.3071445,0.08085805,0.33966383,0.29825017,-0.22811839,0.5407205,0.36869383,-0.6103206,-0.07093367,-0.12940566,0.062888995,-0.19438235,0.0022733659,-0.118014105,-0.43215978,0.042349353,-0.013175696,-0.44513,0.17370075,0.19447449,-0.19018693,0.14804742,0.25260687,-0.09569526,-0.08276451,0.2678278,-0.48996332,0.09632613,0.093368605,-0.6925038,0.08324178,0.083407514,-0.6110265,-0.029642798,0.16198616,-0.65132844,0.016540162,0.16851531,-0.6435709,-0.018049173,0.11182419,-0.6285347,0.11514522,0.15757722,-0.6154146,0.04718741,0.035383806,-0.003614390268921852,0.21460768580436707,0.004233319312334061
