frame,Ankle.R_x,Ankle.R_y,Ankle.R_z,Knee.R_x,Knee.R_y,Knee.R_z,Hip.R_x,Hip.R_y,Hip.R_z,Hip.L_x,Hip.L_y,Hip.L_z,Knee.L_x,Knee.L_y,Knee.L_z,Ankle.L_x,Ankle.L_y,Ankle.L_z,Wrist.R_x,Wrist.R_y,Wrist.R_z,Elbow.R_x,Elbow.R_y,Elbow.R_z,Shoulder.R_x,Shoulder.R_y,Shoulder.R_z,Shoulder.L_x,Shoulder.L_y,Shoulder.L_z,Elbow.L_x,Elbow.L_y,Elbow.L_z,Wrist.L_x,Wrist.L_y,Wrist.L_z,Neck_x,Neck_y,Neck_z,Head_x,Head_y,Head_z,Nose_x,Nose_y,Nose_z,Eye.L_x,Eye.L_y,Eye.L_z,Eye.R_x,Eye.R_y,Eye.R_z,Ear.L_x,Ear.L_y,Ear.L_z,Ear.R_x,Ear.R_y,Ear.R_z,hip.Center_x,hip.Center_y,hip.Center_z
0,0.5560753,0.21054561,-0.6284979,0.35328338,0.16143201,-0.24454986,-0.020015206,0.11078904,-0.051815808,0.0147730345,0.32158545,0.06443725,0.3439141,0.29157865,-0.22860934,0.52151865,0.35095277,-0.6256255,-0.07815911,-0.15076639,0.04386286,-0.20139205,0.007404188,-0.11562016,-0.4366553,0.05516383,-0.011805005,-0.44389513,0.16885926,0.19984686,-0.19058606,0.14129338,0.2721025,-0.118450865,-0.096652746,0.2767272,-0.48970726,0.100644305,0.097302236,-0.6895485,0.096845254,0.09438806,-0.6123216,-0.024738029,0.1648265,-0.64977485,0.022938259,0.17476526,-0.6456227,-0.008849673,0.1162382,-0.62162966,0.12002037,0.16787244,-0.6164043,0.058914058,0.04230041,-0.002621085848659277,0.2161872386932373,0.00631071999669075
