frame,Ankle.R_x,Ankle.R_y,Ankle.R_z,Knee.R_x,Knee.R_y,Knee.R_z,Hip.R_x,Hip.R_y,Hip.R_z,Hip.L_x,Hip.L_y,Hip.L_z,Knee.L_x,Knee.L_y,Knee.L_z,Ankle.L_x,Ankle.L_y,Ankle.L_z,Wrist.R_x,Wrist.R_y,Wrist.R_z,Elbow.R_x,Elbow.R_y,Elbow.R_z,Shoulder.R_x,Shoulder.R_y,Shoulder.R_z,Shoulder.L_x,Shoulder.L_y,Shoulder.L_z,Elbow.L_x,Elbow.L_y,Elbow.L_z,Wrist.L_x,Wrist.L_y,Wrist.L_z,Neck_x,Neck_y,Neck_z,Head_x,Head_y,Head_z,Nose_x,Nose_y,Nose_z,Eye.L_x,Eye.L_y,Eye.L_z,Eye.R_x,Eye.R_y,Eye.R_z,Ear.L_x,Ear.L_y,Ear.L_z,Ear.R_x,Ear.R_y,Ear.R_z,hip.Center_x,hip.Center_y,hip.Center_z
0,0.35255617,0.21173231,-0.81255305,0.24471316,0.18037836,-0.37478173,-0.063095585,0.14334564,-0.09029165,0.06750116,0.26643693,0.08742028,0.199919,0.26518032,-0.3398802,0.27867952,0.2991308,-0.7797466,-0.13252051,-0.08950456,0.03799509,-0.19965002,0.052933823,-0.16134077,-0.41432834,0.069504716,0.0041685747,-0.44211724,0.1703766,0.21269956,-0.2077746,0.15957494,0.34522074,-0.08396079,-0.041558668,0.250243,-0.46793047,0.11131997,0.109342195,-0.6481602,0.13540213,0.11541943,-0.6005834,-0.008631231,0.17127268,-0.625305,0.04606048,0.1875834,-0.6300273,0.019122727,0.12569468,-0.5755539,0.13620193,0.18890023,-0.58572316,0.084743485,0.05649133,0.0022027865052223206,0.20489129424095154,-0.0014356859028339386
