frame,Ankle.R_x,Ankle.R_y,Ankle.R_z,Knee.R_x,Knee.R_y,Knee.R_z,Hip.R_x,Hip.R_y,Hip.R_z,Hip.L_x,Hip.L_y,Hip.L_z,Knee.L_x,Knee.L_y,Knee.L_z,Ankle.L_x,Ankle.L_y,Ankle.L_z,Wrist.R_x,Wrist.R_y,Wrist.R_z,Elbow.R_x,Elbow.R_y,Elbow.R_z,Shoulder.R_x,Shoulder.R_y,Shoulder.R_z,Shoulder.L_x,Shoulder.L_y,Shoulder.L_z,Elbow.L_x,Elbow.L_y,Elbow.L_z,Wrist.L_x,Wrist.L_y,Wrist.L_z,Neck_x,Neck_y,Neck_z,Head_x,Head_y,Head_z,Nose_x,Nose_y,Nose_z,Eye.L_x,Eye.L_y,Eye.L_z,Eye.R_x,Eye.R_y,Eye.R_z,Ear.L_x,Ear.L_y,Ear.L_z,Ear.R_x,Ear.R_y,Ear.R_z,hip.Center_x,hip.Center_y,hip.Center_z
0,0.36051452,0.1783109,-0.81519777,0.20496738,0.14379205,-0.3944146,-0.07793178,0.16869447,-0.09592967,0.075250156,0.2424876,0.09047891,0.21865793,0.25191146,-0.33500913,0.33226183,0.2950388,-0.76567465,-0.09553078,-0.104033284,0.039001092,-0.2011979,0.035691045,-0.14986445,-0.41223997,0.06708045,0.014342882,-0.4341979,0.1563932,0.22081047,-0.20210385,0.1395414,0.34339675,-0.078968,-0.06334478,0.2525089,-0.46099177,0.10128962,0.119677015,-0.6379976,0.12310621,0.15809348,-0.5888535,-0.03000029,0.15951961,-0.6100031,0.015857942,0.1949969,-0.6215889,0.010833076,0.12855642,-0.5576275,0.10163274,0.220162,-0.58369803,0.095079914,0.08038514,-0.0013408102095127106,0.20559102296829224,-0.002725377678871155
