frame,Ankle.R_x,Ankle.R_y,Ankle.R_z,Knee.R_x,Knee.R_y,Knee.R_z,Hip.R_x,Hip.R_y,Hip.R_z,Hip.L_x,Hip.L_y,Hip.L_z,Knee.L_x,Knee.L_y,Knee.L_z,Ankle.L_x,Ankle.L_y,Ankle.L_z,Wrist.R_x,Wrist.R_y,Wrist.R_z,Elbow.R_x,Elbow.R_y,Elbow.R_z,Shoulder.R_x,Shoulder.R_y,Shoulder.R_z,Shoulder.L_x,Shoulder.L_y,Shoulder.L_z,Elbow.L_x,Elbow.L_y,Elbow.L_z,Wrist.L_x,Wrist.L_y,Wrist.L_z,Neck_x,Neck_y,Neck_z,Head_x,Head_y,Head_z,Nose_x,Nose_y,Nose_z,Eye.L_x,Eye.L_y,Eye.L_z,Eye.R_x,Eye.R_y,Eye.R_z,Ear.L_x,Ear.L_y,Ear.L_z,Ear.R_x,Ear.R_y,Ear.R_z,hip.Center_x,hip.Center_y,hip.Center_z
0,0.5787272,0.21676092,-0.62616885,0.34362644,0.17020953,-0.25564152,-0.039284535,0.13311787,-0.08383577,0.030035643,0.29309413,0.09015808,0.34481034,0.276405,-0.22183326,0.51975626,0.33286962,-0.6208228,-0.14014758,-0.20634894,0.049899224,-0.19405343,-0.023889357,-0.11984376,-0.4311758,0.054982938,-0.026766662,-0.44511774,0.16126715,0.19246922,-0.20882845,0.0938116,0.2974183,-0.16478589,-0.1531534,0.2975186,-0.48819453,0.10024673,0.083998024,-0.6923297,0.08260621,0.090663,-0.6018481,-0.02738218,0.16203168,-0.64193624,0.018565252,0.17169204,-0.6397539,-0.01736319,0.1153523,-0.6216737,0.1170237,0.15601268,-0.62026894,0.04640466,0.03440899,-0.0046244459226727486,0.21310600638389587,0.0031611546874046326
