frame,Ankle.R_x,Ankle.R_y,Ankle.R_z,Knee.R_x,Knee.R_y,Knee.R_z,Hip.R_x,Hip.R_y,Hip.R_z,Hip.L_x,Hip.L_y,Hip.L_z,Knee.L_x,Knee.L_y,Knee.L_z,Ankle.L_x,Ankle.L_y,Ankle.L_z,Wrist.R_x,Wrist.R_y,Wrist.R_z,Elbow.R_x,Elbow.R_y,Elbow.R_z,Shoulder.R_x,Shoulder.R_y,Shoulder.R_z,Shoulder.L_x,Shoulder.L_y,Shoulder.L_z,Elbow.L_x,Elbow.L_y,Elbow.L_z,Wrist.L_x,Wrist.L_y,Wrist.L_z,Neck_x,Neck_y,Neck_z,Head_x,Head_y,Head_z,Nose_x,Nose_y,Nose_z,Eye.L_x,Eye.L_y,Eye.L_z,Eye.R_x,Eye.R_y,Eye.R_z,Ear.L_x,Ear.L_y,Ear.L_z,Ear.R_x,Ear.R_y,Ear.R_z,hip.Center_x,hip.Center_y,hip.Center_z
0,0.5492189,0.19511056,-0.62710446,0.34936118,0.17169613,-0.23755115,-0.018134328,0.10334528,-0.032208804,0.011869768,0.33096728,0.04710494,0.3567386,0.2687569,-0.21542157,0.5607542,0.22627673,-0.60139066,-0.33287117,-0.22927482,0.07533766,-0.2416564,-0.07769817,-0.09967596,-0.44095618,0.08261192,-0.018251535,-0.45121267,0.20245376,0.18894067,-0.2526754,0.07428051,0.31142578,-0.3631729,-0.13617873,0.2563444,-0.49355346,0.1396392,0.08676592,-0.6926044,0.14426208,0.08329221,-0.62467486,0.023653843,0.16362414,-0.65947217,0.074088186,0.16945785,-0.65636694,0.037852824,0.11353124,-0.6247841,0.16851613,0.15572698,-0.6216779,0.09858509,0.03540662,-0.0031322799623012543,0.2171562761068344,0.0074480678886175156
