frame,Ankle.R_x,Ankle.R_y,Ankle.R_z,Knee.R_x,Knee.R_y,Knee.R_z,Hip.R_x,Hip.R_y,Hip.R_z,Hip.L_x,Hip.L_y,Hip.L_z,Knee.L_x,Knee.L_y,Knee.L_z,Ankle.L_x,Ankle.L_y,Ankle.L_z,Wrist.R_x,Wrist.R_y,Wrist.R_z,Elbow.R_x,Elbow.R_y,Elbow.R_z,Shoulder.R_x,Shoulder.R_y,Shoulder.R_z,Shoulder.L_x,Shoulder.L_y,Shoulder.L_z,Elbow.L_x,Elbow.L_y,Elbow.L_z,Wrist.L_x,Wrist.L_y,Wrist.L_z,Neck_x,Neck_y,Neck_z,Head_x,Head_y,Head_z,Nose_x,Nose_y,Nose_z,Eye.L_x,Eye.L_y,Eye.L_z,Eye.R_x,Eye.R_y,Eye.R_z,Ear.L_x,Ear.L_y,Ear.L_z,Ear.R_x,Ear.R_y,Ear.R_z,hip.Center_x,hip.Center_y,hip.Center_z
0,0.38825706,0.17901361,-0.8010038,0.1844844,0.19214354,-0.4023267,-0.07722094,0.15384983,-0.0857465,0.07639698,0.25013083,0.085473806,0.23048392,0.2827161,-0.32903355,0.4050709,0.21127327,-0.72690463,-0.35841325,-0.17787057,0.034091853,-0.19784816,-0.041417766,-0.093368456,-0.40965593,0.0904092,0.042574786,-0.41268638,0.19891332,0.25266668,-0.23400292,0.08488716,0.4180021,-0.3813731,-0.0888894,0.32418072,-0.44745284,0.14073347,0.15457079,-0.6098757,0.17098355,0.24048753,-0.57550484,0.015730968,0.2200757,-0.583616,0.060203623,0.26282746,-0.611479,0.060989216,0.2011574,-0.5204105,0.14046404,0.2783811,-0.5787617,0.1465356,0.14995882,-0.0004119798541069031,0.20199033617973328,-0.00013634562492370605
