frame,Ankle.R_x,Ankle.R_y,Ankle.R_z,Knee.R_x,Knee.R_y,Knee.R_z,Hip.R_x,Hip.R_y,Hip.R_z,Hip.L_x,Hip.L_y,Hip.L_z,Knee.L_x,Knee.L_y,Knee.L_z,Ankle.L_x,Ankle.L_y,Ankle.L_z,Wrist.R_x,Wrist.R_y,Wrist.R_z,Elbow.R_x,Elbow.R_y,Elbow.R_z,Shoulder.R_x,Shoulder.R_y,Shoulder.R_z,Shoulder.L_x,Shoulder.L_y,Shoulder.L_z,Elbow.L_x,Elbow.L_y,Elbow.L_z,Wrist.L_x,Wrist.L_y,Wrist.L_z,Neck_x,Neck_y,Neck_z,Head_x,Head_y,Head_z,Nose_x,Nose_y,Nose_z,Eye.L_x,Eye.L_y,Eye.L_z,Eye.R_x,Eye.R_y,Eye.R_z,Ear.L_x,Ear.L_y,Ear.L_z,Ear.R_x,Ear.R_y,Ear.R_z,hip.Center_x,hip.Center_y,hip.Center_z
0,0.5854166,0.21443972,-0.6190801,0.34192967,0.17924176,-0.2546642,-0.030980706,0.117896765,-0.06693567,0.026179964,0.30759186,0.07687026,0.342686,0.27903378,-0.22771902,0.5471071,0.31387156,-0.61239713,-0.23635115,-0.24352215,0.073802225,-0.20683433,-0.065836474,-0.101066865,-0.42834464,0.05192121,-0.015558288,-0.45068628,0.15872538,0.18990473,-0.23681791,0.068934105,0.31142116,-0.2591144,-0.176891,0.2944371,-0.48471528,0.09846309,0.08826523,-0.6857398,0.08094766,0.10121572,-0.5943145,-0.026676096,0.1751321,-0.633882,0.019795,0.18370435,-0.6332035,-0.018519238,0.12902832,-0.61381626,0.117036045,0.16304272,-0.6155144,0.04186129,0.045028366,-0.0024003712460398674,0.2127443104982376,0.004967294633388519
