frame,Ankle.R_x,Ankle.R_y,Ankle.R_z,Knee.R_x,Knee.R_y,Knee.R_z,Hip.R_x,Hip.R_y,Hip.R_z,Hip.L_x,Hip.L_y,Hip.L_z,Knee.L_x,Knee.L_y,Knee.L_z,Ankle.L_x,Ankle.L_y,Ankle.L_z,Wrist.R_x,Wrist.R_y,Wrist.R_z,Elbow.R_x,Elbow.R_y,Elbow.R_z,Shoulder.R_x,Shoulder.R_y,Shoulder.R_z,Shoulder.L_x,Shoulder.L_y,Shoulder.L_z,Elbow.L_x,Elbow.L_y,Elbow.L_z,Wrist.L_x,Wrist.L_y,Wrist.L_z,Neck_x,Neck_y,Neck_z,Head_x,Head_y,Head_z,Nose_x,Nose_y,Nose_z,Eye.L_x,Eye.L_y,Eye.L_z,Eye.R_x,Eye.R_y,Eye.R_z,Ear.L_x,Ear.L_y,Ear.L_z,Ear.R_x,Ear.R_y,Ear.R_z,hip.Center_x,hip.Center_y,hip.Center_z
0,0.5763507,0.2703929,-0.6000612,0.3615104,0.19343898,-0.22437319,-0.022329617,0.11063048,-0.05769503,0.01695532,0.31861493,0.06742002,0.35626277,0.2753004,-0.21040627,0.5549482,0.3164069,-0.59916615,-0.22750226,-0.23965476,0.059023734,-0.1956579,-0.06274727,-0.114917174,-0.42253006,0.04177028,-0.021362804,-0.4505247,0.14768061,0.18753639,-0.2344155,0.072202235,0.31944856,-0.2501419,-0.17233919,0.29303214,-0.48228696,0.08618902,0.084392324,-0.68331337,0.07173936,0.095496595,-0.5950999,-0.04123778,0.16576134,-0.63386613,0.005509943,0.17592064,-0.63323474,-0.030290507,0.11962882,-0.611342,0.1031257,0.16004553,-0.61329323,0.033621967,0.03866515,-0.0026871487498283386,0.21462270617485046,0.004862494766712189
