frame,Ankle.R_x,Ankle.R_y,Ankle.R_z,Knee.R_x,Knee.R_y,Knee.R_z,Hip.R_x,Hip.R_y,Hip.R_z,Hip.L_x,Hip.L_y,Hip.L_z,Knee.L_x,Knee.L_y,Knee.L_z,Ankle.L_x,Ankle.L_y,Ankle.L_z,Wrist.R_x,Wrist.R_y,Wrist.R_z,Elbow.R_x,Elbow.R_y,Elbow.R_z,Shoulder.R_x,Shoulder.R_y,Shoulder.R_z,Shoulder.L_x,Shoulder.L_y,Shoulder.L_z,Elbow.L_x,Elbow.L_y,Elbow.L_z,Wrist.L_x,Wrist.L_y,Wrist.L_z,Neck_x,Neck_y,Neck_z,Head_x,Head_y,Head_z,Nose_x,Nose_y,Nose_z,Eye.L_x,Eye.L_y,Eye.L_z,Eye.R_x,Eye.R_y,Eye.R_z,Ear.L_x,Ear.L_y,Ear.L_z,Ear.R_x,Ear.R_y,Ear.R_z,hip.Center_x,hip.Center_y,hip.Center_z
0,0.37707883,0.18199861,-0.8074668,0.20412773,0.16144434,-0.39236104,-0.081114024,0.17249894,-0.09425193,0.077178255,0.23488429,0.090585604,0.2227176,0.24154092,-0.33205333,0.34815437,0.27154225,-0.7594939,-0.26716426,-0.20324035,0.046384707,-0.20612186,-0.064920835,-0.15537404,-0.39839917,0.05685465,0.0015854258,-0.4312543,0.14188945,0.21028799,-0.25691545,0.06874594,0.39190942,-0.24489212,-0.13931577,0.2589932,-0.44876146,0.08903385,0.10913858,-0.6145804,0.09826866,0.18482473,-0.56654906,-0.05213057,0.15880089,-0.5795455,-0.01110445,0.20303439,-0.6049887,-0.009113809,0.1402337,-0.52391875,0.07364297,0.22557868,-0.5781768,0.080778114,0.09455627,-0.001967884600162506,0.20369161665439606,-0.0018331632018089294
