frame,Ankle.R_x,Ankle.R_y,Ankle.R_z,Knee.R_x,Knee.R_y,Knee.R_z,Hip.R_x,Hip.R_y,Hip.R_z,Hip.L_x,Hip.L_y,Hip.L_z,Knee.L_x,Knee.L_y,Knee.L_z,Ankle.L_x,Ankle.L_y,Ankle.L_z,Wrist.R_x,Wrist.R_y,Wrist.R_z,Elbow.R_x,Elbow.R_y,Elbow.R_z,Shoulder.R_x,Shoulder.R_y,Shoulder.R_z,Shoulder.L_x,Shoulder.L_y,Shoulder.L_z,Elbow.L_x,Elbow.L_y,Elbow.L_z,Wrist.L_x,Wrist.L_y,Wrist.L_z,Neck_x,Neck_y,Neck_z,Head_x,Head_y,Head_z,Nose_x,Nose_y,Nose_z,Eye.L_x,Eye.L_y,Eye.L_z,Eye.R_x,Eye.R_y,Eye.R_z,Ear.L_x,Ear.L_y,Ear.L_z,Ear.R_x,Ear.R_y,Ear.R_z,hip.Center_x,hip.Center_y,hip.Center_z
0,0.587641,0.25628403,-0.58667785,0.36605904,0.19539776,-0.21522185,-0.013917022,0.10519734,-0.04829776,0.009427133,0.32332638,0.060457487,0.3490241,0.30429092,-0.21532911,0.5392574,0.33706808,-0.60752314,-0.27374125,-0.24141192,0.072377935,-0.20154944,-0.08099739,-0.10164837,-0.42366624,0.037849233,-0.015438948,-0.44342875,0.14203759,0.19147688,-0.23130186,0.040523723,0.30947933,-0.3050228,-0.1900221,0.27735394,-0.4791044,0.08302016,0.090531625,-0.68005013,0.06358124,0.11035069,-0.5852425,-0.04620538,0.17563978,-0.625064,-0.0011017546,0.18781157,-0.6258569,-0.036596373,0.13147992,-0.60656846,0.09693049,0.17137519,-0.61190766,0.02821619,0.050357208,-0.0022449446842074394,0.21426185965538025,0.006079863756895065
