frame,Ankle.R_x,Ankle.R_y,Ankle.R_z,Knee.R_x,Knee.R_y,Knee.R_z,Hip.R_x,Hip.R_y,Hip.R_z,Hip.L_x,Hip.L_y,Hip.L_z,Knee.L_x,Knee.L_y,Knee.L_z,Ankle.L_x,Ankle.L_y,Ankle.L_z,Wrist.R_x,Wrist.R_y,Wrist.R_z,Elbow.R_x,Elbow.R_y,Elbow.R_z,Shoulder.R_x,Shoulder.R_y,Shoulder.R_z,Shoulder.L_x,Shoulder.L_y,Shoulder.L_z,Elbow.L_x,Elbow.L_y,Elbow.L_z,Wrist.L_x,Wrist.L_y,Wrist.L_z,Neck_x,Neck_y,Neck_z,Head_x,Head_y,Head_z,Nose_x,Nose_y,Nose_z,Eye.L_x,Eye.L_y,Eye.L_z,Eye.R_x,Eye.R_y,Eye.R_z,Ear.L_x,Ear.L_y,Ear.L_z,Ear.R_x,Ear.R_y,Ear.R_z,hip.Center_x,hip.Center_y,hip.Center_z
0,0.30771738,0.18543173,-0.83382255,0.20665258,0.16099812,-0.39930406,-0.06440847,0.1490065,-0.09183064,0.069578916,0.26184002,0.08737302,0.20897217,0.28662622,-0.3343891,0.3132678,0.28176117,-0.7629099,-0.37387753,-0.15209661,0.028860908,-0.22163425,-0.063050985,-0.1438983,-0.4140525,0.05542633,0.01086606,-0.44896716,0.15523547,0.18755691,-0.27292976,0.070690654,0.3594042,-0.37762243,-0.13972339,0.28288525,-0.45673013,0.094641216,0.101750284,-0.6135712,0.10999296,0.16373777,-0.55985653,-0.042213775,0.1793001,-0.57539654,0.00869351,0.2105375,-0.59977007,-0.0070149153,0.14922376,-0.52296823,0.09822031,0.2106317,-0.57426053,0.06971135,0.08098147,0.002585221081972122,0.2054232656955719,-0.0022288113832473755
