frame,Ankle.R_x,Ankle.R_y,Ankle.R_z,Knee.R_x,Knee.R_y,Knee.R_z,Hip.R_x,Hip.R_y,Hip.R_z,Hip.L_x,Hip.L_y,Hip.L_z,Knee.L_x,Knee.L_y,Knee.L_z,Ankle.L_x,Ankle.L_y,Ankle.L_z,Wrist.R_x,Wrist.R_y,Wrist.R_z,Elbow.R_x,Elbow.R_y,Elbow.R_z,Shoulder.R_x,Shoulder.R_y,Shoulder.R_z,Shoulder.L_x,Shoulder.L_y,Shoulder.L_z,Elbow.L_x,Elbow.L_y,Elbow.L_z,Wrist.L_x,Wrist.L_y,Wrist.L_z,Neck_x,Neck_y,Neck_z,Head_x,Head_y,Head_z,Nose_x,Nose_y,Nose_z,Eye.L_x,Eye.L_y,Eye.L_z,Eye.R_x,Eye.R_y,Eye.R_z,Ear.L_x,Ear.L_y,Ear.L_z,Ear.R_x,Ear.R_y,Ear.R_z,hip.Center_x,hip.Center_y,hip.Center_z
0,0.584281,0.21850136,-0.60886663,0.35358402,0.18508434,-0.23703346,-0.01566111,0.105636746,-0.045292053,0.012844967,0.32384223,0.059033472,0.3360183,0.30665624,-0.23467812,0.55558294,0.3171127,-0.6131166,-0.28482804,-0.25036463,0.09588308,-0.21422908,-0.0918314,-0.083523795,-0.4293108,0.047335602,-0.016390217,-0.45044166,0.15301448,0.18679129,-0.24948269,0.029904263,0.29840225,-0.32979035,-0.20002466,0.26970756,-0.4846645,0.09474072,0.087020926,-0.68588346,0.077482045,0.10982303,-0.5906155,-0.031176008,0.1767894,-0.6299086,0.014646761,0.1882861,-0.6318841,-0.022444688,0.1329074,-0.6111498,0.11191916,0.16842937,-0.61893123,0.039915986,0.04940133,-0.001408071257174015,0.21473948657512665,0.0068707093596458435
