frame,Ankle.R_x,Ankle.R_y,Ankle.R_z,Knee.R_x,Knee.R_y,Knee.R_z,Hip.R_x,Hip.R_y,Hip.R_z,Hip.L_x,Hip.L_y,Hip.L_z,Knee.L_x,Knee.L_y,Knee.L_z,Ankle.L_x,Ankle.L_y,Ankle.L_z,Wrist.R_x,Wrist.R_y,Wrist.R_z,Elbow.R_x,Elbow.R_y,Elbow.R_z,Shoulder.R_x,Shoulder.R_y,Shoulder.R_z,Shoulder.L_x,Shoulder.L_y,Shoulder.L_z,Elbow.L_x,Elbow.L_y,Elbow.L_z,Wrist.L_x,Wrist.L_y,Wrist.L_z,Neck_x,Neck_y,Neck_z,Head_x,Head_y,Head_z,Nose_x,Nose_y,Nose_z,Eye.L_x,Eye.L_y,Eye.L_z,Eye.R_x,Eye.R_y,Eye.R_z,Ear.L_x,Ear.L_y,Ear.L_z,Ear.R_x,Ear.R_y,Ear.R_z,hip.Center_x,hip.Center_y,hip.Center_z
0,0.352822,0.20946777,-0.8103011,0.22886965,0.18351454,-0.38173336,-0.06516304,0.149431,-0.09308085,0.06986031,0.25831166,0.089750014,0.19388177,0.3054467,-0.333745,0.2943305,0.2938846,-0.7605849,-0.3400943,-0.1538757,0.0007520349,-0.19270289,-0.045656115,-0.1637528,-0.4016303,0.048446286,0.0004016962,-0.4341749,0.14794761,0.21325986,-0.26156276,0.050324753,0.39455327,-0.4169604,-0.09874919,0.2819162,-0.45280835,0.088316716,0.11103549,-0.631505,0.091803685,0.15789355,-0.56236017,-0.05170232,0.18091482,-0.5873825,-0.0028461665,0.20981735,-0.60312915,-0.021548837,0.14681461,-0.5461847,0.09114326,0.2138716,-0.5803424,0.057173096,0.08091858,0.002348635345697403,0.20387133955955505,-0.001665417104959488
