frame,Ankle.R_x,Ankle.R_y,Ankle.R_z,Knee.R_x,Knee.R_y,Knee.R_z,Hip.R_x,Hip.R_y,Hip.R_z,Hip.L_x,Hip.L_y,Hip.L_z,Knee.L_x,Knee.L_y,Knee.L_z,Ankle.L_x,Ankle.L_y,Ankle.L_z,Wrist.R_x,Wrist.R_y,Wrist.R_z,Elbow.R_x,Elbow.R_y,Elbow.R_z,Shoulder.R_x,Shoulder.R_y,Shoulder.R_z,Shoulder.L_x,Shoulder.L_y,Shoulder.L_z,Elbow.L_x,Elbow.L_y,Elbow.L_z,Wrist.L_x,Wrist.L_y,Wrist.L_z,Neck_x,Neck_y,Neck_z,Head_x,Head_y,Head_z,Nose_x,Nose_y,Nose_z,Eye.L_x,Eye.L_y,Eye.L_z,Eye.R_x,Eye.R_y,Eye.R_z,Ear.L_x,Ear.L_y,Ear.L_z,Ear.R_x,Ear.R_y,Ear.R_z,hip.Center_x,hip.Center_y,hip.Center_z
0,0.3815107,0.16788545,-0.8005186,0.20274171,0.18583561,-0.38883132,-0.084062055,0.17637023,-0.09392272,0.07917891,0.22786774,0.09012991,0.22533982,0.25574943,-0.3278107,0.3516158,0.2575717,-0.7524282,-0.3477381,-0.19825512,0.0089773,-0.17473231,-0.09015199,-0.1329194,-0.38552135,0.049685895,-0.00763038,-0.41442645,0.11207485,0.22099853,-0.2346356,0.0063316524,0.3911272,-0.38464832,-0.1374352,0.26533476,-0.4370671,0.07105909,0.108991496,-0.6097531,0.053778626,0.18815205,-0.53776866,-0.08488416,0.1560336,-0.5562093,-0.047572684,0.20180337,-0.58421874,-0.04888133,0.14033338,-0.51540667,0.044428635,0.22400157,-0.5754411,0.045636293,0.09575279,-0.002441573888063431,0.20211899280548096,-0.001896403729915619
