frame,Ankle.R_x,Ankle.R_y,Ankle.R_z,Knee.R_x,Knee.R_y,Knee.R_z,Hip.R_x,Hip.R_y,Hip.R_z,Hip.L_x,Hip.L_y,Hip.L_z,Knee.L_x,Knee.L_y,Knee.L_z,Ankle.L_x,Ankle.L_y,Ankle.L_z,Wrist.R_x,Wrist.R_y,Wrist.R_z,Elbow.R_x,Elbow.R_y,Elbow.R_z,Shoulder.R_x,Shoulder.R_y,Shoulder.R_z,Shoulder.L_x,Shoulder.L_y,Shoulder.L_z,Elbow.L_x,Elbow.L_y,Elbow.L_z,Wrist.L_x,Wrist.L_y,Wrist.L_z,Neck_x,Neck_y,Neck_z,Head_x,Head_y,Head_z,Nose_x,Nose_y,Nose_z,Eye.L_x,Eye.L_y,Eye.L_z,Eye.R_x,Eye.R_y,Eye.R_z,Ear.L_x,Ear.L_y,Ear.L_z,Ear.R_x,Ear.R_y,Ear.R_z,hip.Center_x,hip.Center_y,hip.Center_z
0,0.54061556,0.23873484,-0.6514564,0.3393283,0.21745802,-0.26252204,-0.014532097,0.10980194,-0.05482548,0.014943323,0.31671175,0.06787222,0.33435795,0.3056487,-0.23313579,0.50585276,0.33500016,-0.6355871,-0.2381394,-0.23517674,0.0779202,-0.23593698,-0.05384655,-0.09646565,-0.44489953,0.059785224,-0.0028254967,-0.42750695,0.12284893,0.20891342,-0.1995544,0.005161927,0.26192895,-0.2703018,-0.22750682,0.23371851,-0.48022023,0.083959915,0.10732037,-0.67640454,0.055508066,0.13606405,-0.5747459,-0.056715377,0.18614341,-0.6147205,-0.013953067,0.2044444,-0.6182922,-0.044553906,0.14532396,-0.59987444,0.08538506,0.1948509,-0.6110764,0.02675578,0.068903565,0.00020561320707201958,0.2132568508386612,0.006523368880152702
