frame,Ankle.R_x,Ankle.R_y,Ankle.R_z,Knee.R_x,Knee.R_y,Knee.R_z,Hip.R_x,Hip.R_y,Hip.R_z,Hip.L_x,Hip.L_y,Hip.L_z,Knee.L_x,Knee.L_y,Knee.L_z,Ankle.L_x,Ankle.L_y,Ankle.L_z,Wrist.R_x,Wrist.R_y,Wrist.R_z,Elbow.R_x,Elbow.R_y,Elbow.R_z,Shoulder.R_x,Shoulder.R_y,Shoulder.R_z,Shoulder.L_x,Shoulder.L_y,Shoulder.L_z,Elbow.L_x,Elbow.L_y,Elbow.L_z,Wrist.L_x,Wrist.L_y,Wrist.L_z,Neck_x,Neck_y,Neck_z,Head_x,Head_y,Head_z,Nose_x,Nose_y,Nose_z,Eye.L_x,Eye.L_y,Eye.L_z,Eye.R_x,Eye.R_y,Eye.R_z,Ear.L_x,Ear.L_y,Ear.L_z,Ear.R_x,Ear.R_y,Ear.R_z,hip.Center_x,hip.Center_y,hip.Center_z
0,0.38146418,0.17699474,-0.8017854,0.19548881,0.219478,-0.3934009,-0.085131496,0.17733109,-0.09375739,0.07915717,0.22479916,0.08982199,0.22881778,0.24429657,-0.32605898,0.35403946,0.268277,-0.75546247,-0.27882713,-0.2048519,0.01052645,-0.16620332,-0.057955354,-0.15917946,-0.38147065,0.052557368,-0.0029008845,-0.39016965,0.08791276,0.2453078,-0.1650858,-0.020963065,0.36843595,-0.27100506,-0.19322938,0.23249918,-0.43073985,0.061938107,0.12329913,-0.6180903,0.038643785,0.18016444,-0.53680944,-0.096410334,0.1547243,-0.56327486,-0.061295502,0.19852471,-0.5821601,-0.061593167,0.13369235,-0.52922773,0.030952241,0.22841379,-0.5714537,0.034801885,0.093380906,-0.0029871612787246704,0.20106512308120728,-0.0019677020609378815
