frame,Ankle.R_x,Ankle.R_y,Ankle.R_z,Knee.R_x,Knee.R_y,Knee.R_z,Hip.R_x,Hip.R_y,Hip.R_z,Hip.L_x,Hip.L_y,Hip.L_z,Knee.L_x,Knee.L_y,Knee.L_z,Ankle.L_x,Ankle.L_y,Ankle.L_z,Wrist.R_x,Wrist.R_y,Wrist.R_z,Elbow.R_x,Elbow.R_y,Elbow.R_z,Shoulder.R_x,Shoulder.R_y,Shoulder.R_z,Shoulder.L_x,Shoulder.L_y,Shoulder.L_z,Elbow.L_x,Elbow.L_y,Elbow.L_z,Wrist.L_x,Wrist.L_y,Wrist.L_z,Neck_x,Neck_y,Neck_z,Head_x,Head_y,Head_z,Nose_x,Nose_y,Nose_z,Eye.L_x,Eye.L_y,Eye.L_z,Eye.R_x,Eye.R_y,Eye.R_z,Ear.L_x,Ear.L_y,Ear.L_z,Ear.R_x,Ear.R_y,Ear.R_z,hip.Center_x,hip.Center_y,hip.Center_z
0,0.60244393,0.27347696,-0.59100133,0.36380354,0.21989138,-0.2254098,-0.016452415,0.11343423,-0.0630347,0.012427383,0.31313905,0.07332989,0.358403,0.30454493,-0.19892932,0.5608742,0.3466525,-0.58670837,-0.1905928,-0.21010303,0.044716455,-0.2272594,-0.02498056,-0.12288714,-0.44526547,0.055185027,-0.013067564,-0.43105698,0.12356497,0.20287384,-0.19348882,0.028768614,0.26303774,-0.2320877,-0.21378078,0.24869862,-0.48278028,0.079776116,0.100077905,-0.6796583,0.043587044,0.1298935,-0.57175356,-0.061613396,0.18155394,-0.6139585,-0.020592019,0.19913656,-0.61606455,-0.052620113,0.1406912,-0.60471183,0.07919768,0.18755928,-0.6130001,0.017214984,0.06271371,-0.0020125159062445164,0.2132866382598877,0.0051475949585437775
