frame,Ankle.R_x,Ankle.R_y,Ankle.R_z,Knee.R_x,Knee.R_y,Knee.R_z,Hip.R_x,Hip.R_y,Hip.R_z,Hip.L_x,Hip.L_y,Hip.L_z,Knee.L_x,Knee.L_y,Knee.L_z,Ankle.L_x,Ankle.L_y,Ankle.L_z,Wrist.R_x,Wrist.R_y,Wrist.R_z,Elbow.R_x,Elbow.R_y,Elbow.R_z,Shoulder.R_x,Shoulder.R_y,Shoulder.R_z,Shoulder.L_x,Shoulder.L_y,Shoulder.L_z,Elbow.L_x,Elbow.L_y,Elbow.L_z,Wrist.L_x,Wrist.L_y,Wrist.L_z,Neck_x,Neck_y,Neck_z,Head_x,Head_y,Head_z,Nose_x,Nose_y,Nose_z,Eye.L_x,Eye.L_y,Eye.L_z,Eye.R_x,Eye.R_y,Eye.R_z,Ear.L_x,Ear.L_y,Ear.L_z,Ear.R_x,Ear.R_y,Ear.R_z,hip.Center_x,hip.Center_y,hip.Center_z
0,0.36220738,0.15314844,-0.8121035,0.20289934,0.1545,-0.38898823,-0.08239763,0.16807996,-0.09144779,0.07586855,0.24193308,0.09083698,0.23080572,0.23659173,-0.32829353,0.3582676,0.25509438,-0.75865364,-0.22802806,-0.17589219,0.03276599,-0.18014893,-0.049678523,-0.17974392,-0.37858433,0.03669206,0.0057028458,-0.38811043,0.090766355,0.2494655,-0.14859945,0.0066657085,0.36062643,-0.10696818,-0.19517016,0.22085166,-0.42899638,0.053238045,0.12954523,-0.6182632,0.037593804,0.17035758,-0.54039085,-0.10133206,0.16116342,-0.5691763,-0.06303105,0.20016557,-0.58165884,-0.06657812,0.13383958,-0.5341121,0.02996131,0.22882846,-0.5632336,0.026527924,0.09012757,-0.003264542669057846,0.20500651001930237,-0.00030540674924850464
