frame,Ankle.R_x,Ankle.R_y,Ankle.R_z,Knee.R_x,Knee.R_y,Knee.R_z,Hip.R_x,Hip.R_y,Hip.R_z,Hip.L_x,Hip.L_y,Hip.L_z,Knee.L_x,Knee.L_y,Knee.L_z,Ankle.L_x,Ankle.L_y,Ankle.L_z,Wrist.R_x,Wrist.R_y,Wrist.R_z,Elbow.R_x,Elbow.R_y,Elbow.R_z,Shoulder.R_x,Shoulder.R_y,Shoulder.R_z,Shoulder.L_x,Shoulder.L_y,Shoulder.L_z,Elbow.L_x,Elbow.L_y,Elbow.L_z,Wrist.L_x,Wrist.L_y,Wrist.L_z,Neck_x,Neck_y,Neck_z,Head_x,Head_y,Head_z,Nose_x,Nose_y,Nose_z,Eye.L_x,Eye.L_y,Eye.L_z,Eye.R_x,Eye.R_y,Eye.R_z,Ear.L_x,Ear.L_y,Ear.L_z,Ear.R_x,Ear.R_y,Ear.R_z,hip.Center_x,hip.Center_y,hip.Center_z
0,0.5234114,0.21913491,-0.6757323,0.31322765,0.18201819,-0.2900365,-0.057418972,0.15353902,-0.095053256,0.047461703,0.2696783,0.096951656,0.32599872,0.26400074,-0.24505235,0.51621264,0.3158845,-0.63433826,-0.16921914,-0.2102882,0.04140343,-0.21621613,-0.036151886,-0.14061953,-0.42820576,0.054130696,-0.004654849,-0.40843627,0.10657594,0.234133,-0.16708884,0.003725777,0.28419885,-0.091319576,-0.23609707,0.25144938,-0.4677505,0.07274681,0.11894246,-0.6712497,0.040117882,0.13095799,-0.5712395,-0.071335,0.18372959,-0.6131773,-0.029905684,0.20101568,-0.61161405,-0.058124475,0.1404266,-0.5997389,0.0708901,0.19752392,-0.6003122,0.016514473,0.06735644,-0.004978634417057037,0.2116086483001709,0.0009492002427577972
