frame,Ankle.R_x,Ankle.R_y,Ankle.R_z,Knee.R_x,Knee.R_y,Knee.R_z,Hip.R_x,Hip.R_y,Hip.R_z,Hip.L_x,Hip.L_y,Hip.L_z,Knee.L_x,Knee.L_y,Knee.L_z,Ankle.L_x,Ankle.L_y,Ankle.L_z,Wrist.R_x,Wrist.R_y,Wrist.R_z,Elbow.R_x,Elbow.R_y,Elbow.R_z,Shoulder.R_x,Shoulder.R_y,Shoulder.R_z,Shoulder.L_x,Shoulder.L_y,Shoulder.L_z,Elbow.L_x,Elbow.L_y,Elbow.L_z,Wrist.L_x,Wrist.L_y,Wrist.L_z,Neck_x,Neck_y,Neck_z,Head_x,Head_y,Head_z,Nose_x,Nose_y,Nose_z,Eye.L_x,Eye.L_y,Eye.L_z,Eye.R_x,Eye.R_y,Eye.R_z,Ear.L_x,Ear.L_y,Ear.L_z,Ear.R_x,Ear.R_y,Ear.R_z,hip.Center_x,hip.Center_y,hip.Center_z
0,0.5534407,0.23255342,-0.6480892,0.32680443,0.18457894,-0.2732059,-0.053530805,0.15157568,-0.096229464,0.042718496,0.271555,0.09783226,0.33767772,0.26772952,-0.22993723,0.53845924,0.32451245,-0.6132152,-0.17536953,-0.21431126,0.03972521,-0.22197545,-0.041973308,-0.14400187,-0.43231633,0.05428768,-0.0105066225,-0.4136383,0.112279624,0.22649206,-0.17301361,0.010792402,0.28023764,-0.102982596,-0.23131815,0.25446707,-0.47200656,0.07561304,0.11207318,-0.6752739,0.041584123,0.12522559,-0.57387453,-0.06795515,0.1789397,-0.61618274,-0.026789501,0.19583538,-0.61456394,-0.05579184,0.13565618,-0.603894,0.07404852,0.19091666,-0.6043304,0.017967999,0.061639547,-0.005406154319643974,0.21156534552574158,0.0008013993501663208
