frame,Ankle.R_x,Ankle.R_y,Ankle.R_z,Knee.R_x,Knee.R_y,Knee.R_z,Hip.R_x,Hip.R_y,Hip.R_z,Hip.L_x,Hip.L_y,Hip.L_z,Knee.L_x,Knee.L_y,Knee.L_z,Ankle.L_x,Ankle.L_y,Ankle.L_z,Wrist.R_x,Wrist.R_y,Wrist.R_z,Elbow.R_x,Elbow.R_y,Elbow.R_z,Shoulder.R_x,Shoulder.R_y,Shoulder.R_z,Shoulder.L_x,Shoulder.L_y,Shoulder.L_z,Elbow.L_x,Elbow.L_y,Elbow.L_z,Wrist.L_x,Wrist.L_y,Wrist.L_z,Neck_x,Neck_y,Neck_z,Head_x,Head_y,Head_z,Nose_x,Nose_y,Nose_z,Eye.L_x,Eye.L_y,Eye.L_z,Eye.R_x,Eye.R_y,Eye.R_z,Ear.L_x,Ear.L_y,Ear.L_z,Ear.R_x,Ear.R_y,Ear.R_z,hip.Center_x,hip.Center_y,hip.Center_z
0,0.34085664,0.22635244,-0.79138887,0.2712896,0.15936434,-0.35157594,-0.05435669,0.13693036,-0.0881431,0.057705466,0.27457532,0.08912761,0.19329308,0.30245513,-0.33101287,0.30410713,0.28603333,-0.7636235,-0.24930878,-0.15153848,-0.01361427,-0.1806939,0.0060991435,-0.18756196,-0.39345533,0.028344579,-0.002607367,-0.40771624,0.14850335,0.22957224,-0.1676977,0.060804468,0.31211156,-0.14644015,-0.15650891,0.42356503,-0.45059776,0.07358779,0.12067237,-0.6351523,0.09027261,0.14897847,-0.5799188,-0.052041203,0.1999594,-0.60253453,0.0019580405,0.21929292,-0.6159191,-0.025848944,0.15887961,-0.55412483,0.092148855,0.21083356,-0.58256054,0.038879424,0.08290025,0.0016743876039981842,0.20575284957885742,0.0004922524094581604
