frame,Ankle.R_x,Ankle.R_y,Ankle.R_z,Knee.R_x,Knee.R_y,Knee.R_z,Hip.R_x,Hip.R_y,Hip.R_z,Hip.L_x,Hip.L_y,Hip.L_z,Knee.L_x,Knee.L_y,Knee.L_z,Ankle.L_x,Ankle.L_y,Ankle.L_z,Wrist.R_x,Wrist.R_y,Wrist.R_z,Elbow.R_x,Elbow.R_y,Elbow.R_z,Shoulder.R_x,Shoulder.R_y,Shoulder.R_z,Shoulder.L_x,Shoulder.L_y,Shoulder.L_z,Elbow.L_x,Elbow.L_y,Elbow.L_z,Wrist.L_x,Wrist.L_y,Wrist.L_z,Neck_x,Neck_y,Neck_z,Head_x,Head_y,Head_z,Nose_x,Nose_y,Nose_z,Eye.L_x,Eye.L_y,Eye.L_z,Eye.R_x,Eye.R_y,Eye.R_z,Ear.L_x,Ear.L_y,Ear.L_z,Ear.R_x,Ear.R_y,Ear.R_z,hip.Center_x,hip.Center_y,hip.Center_z
0,0.35908297,0.14015886,-0.8084975,0.19661163,0.12833346,-0.38934368,-0.08262663,0.17446151,-0.09494144,0.07627245,0.23896638,0.09189591,0.2214538,0.22988467,-0.33160186,0.34082562,0.2324952,-0.76209134,-0.16406108,-0.15426455,0.040462267,-0.187271,-0.0374539,-0.18444745,-0.38330847,0.020586167,0.003539931,-0.40508533,0.08819563,0.23084235,-0.17179751,0.061589774,0.36654082,-0.037364423,-0.12692134,0.26624355,-0.43422443,0.042000152,0.118762724,-0.6173769,0.031712312,0.16387253,-0.5418963,-0.108852096,0.15802519,-0.5689171,-0.06859508,0.19606727,-0.5831437,-0.074426025,0.13021262,-0.5319223,0.02480873,0.22091384,-0.5641474,0.016584825,0.0827924,-0.0031770914793014526,0.2067139446735382,-0.0015227645635604858
