frame,Ankle.R_x,Ankle.R_y,Ankle.R_z,Knee.R_x,Knee.R_y,Knee.R_z,Hip.R_x,Hip.R_y,Hip.R_z,Hip.L_x,Hip.L_y,Hip.L_z,Knee.L_x,Knee.L_y,Knee.L_z,Ankle.L_x,Ankle.L_y,Ankle.L_z,Wrist.R_x,Wrist.R_y,Wrist.R_z,Elbow.R_x,Elbow.R_y,Elbow.R_z,Shoulder.R_x,Shoulder.R_y,Shoulder.R_z,Shoulder.L_x,Shoulder.L_y,Shoulder.L_z,Elbow.L_x,Elbow.L_y,Elbow.L_z,Wrist.L_x,Wrist.L_y,Wrist.L_z,Neck_x,Neck_y,Neck_z,Head_x,Head_y,Head_z,Nose_x,Nose_y,Nose_z,Eye.L_x,Eye.L_y,Eye.L_z,Eye.R_x,Eye.R_y,Eye.R_z,Ear.L_x,Ear.L_y,Ear.L_z,Ear.R_x,Ear.R_y,Ear.R_z,hip.Center_x,hip.Center_y,hip.Center_z
0,0.55705696,0.20848218,-0.6380594,0.32894602,0.15406579,-0.26724133,-0.05280616,0.15144315,-0.09584041,0.041332684,0.27563584,0.097270384,0.33402294,0.24460362,-0.23234265,0.5291883,0.2937288,-0.61992425,-0.11523186,-0.19134068,0.030955039,-0.21523075,-0.03472171,-0.14618428,-0.42886463,0.04035745,-0.003920953,-0.40835708,0.10802453,0.23046716,-0.14679816,0.067254625,0.28423345,-0.034467872,-0.15748625,0.269831,-0.4689236,0.064055145,0.11662854,-0.6726229,0.032683484,0.124918684,-0.57325923,-0.079797976,0.17758963,-0.61551404,-0.03868506,0.19481938,-0.6128012,-0.0658254,0.13375711,-0.6022969,0.062404685,0.19366826,-0.60046405,0.010140993,0.062430114,-0.005736738443374634,0.2135394960641861,0.0007149875164031982
