frame,Ankle.R_x,Ankle.R_y,Ankle.R_z,Knee.R_x,Knee.R_y,Knee.R_z,Hip.R_x,Hip.R_y,Hip.R_z,Hip.L_x,Hip.L_y,Hip.L_z,Knee.L_x,Knee.L_y,Knee.L_z,Ankle.L_x,Ankle.L_y,Ankle.L_z,Wrist.R_x,Wrist.R_y,Wrist.R_z,Elbow.R_x,Elbow.R_y,Elbow.R_z,Shoulder.R_x,Shoulder.R_y,Shoulder.R_z,Shoulder.L_x,Shoulder.L_y,Shoulder.L_z,Elbow.L_x,Elbow.L_y,Elbow.L_z,Wrist.L_x,Wrist.L_y,Wrist.L_z,Neck_x,Neck_y,Neck_z,Head_x,Head_y,Head_z,Nose_x,Nose_y,Nose_z,Eye.L_x,Eye.L_y,Eye.L_z,Eye.R_x,Eye.R_y,Eye.R_z,Ear.L_x,Ear.L_y,Ear.L_z,Ear.R_x,Ear.R_y,Ear.R_z,hip.Center_x,hip.Center_y,hip.Center_z
0,0.53544223,0.19289899,-0.66260535,0.3161699,0.15079416,-0.28385141,-0.056224696,0.15259111,-0.09464608,0.0453113,0.2744146,0.096394524,0.32413632,0.24163383,-0.24573217,0.51048154,0.28656617,-0.63909924,-0.09312523,-0.18656807,0.031471737,-0.20637897,-0.03214677,-0.14073291,-0.42297196,0.03574186,0.0029473463,-0.40329108,0.1053375,0.23774865,-0.14012657,0.06848337,0.28872266,-0.013765815,-0.14969915,0.2709933,-0.46399188,0.06008185,0.12384226,-0.6676328,0.031465195,0.13033532,-0.5710064,-0.08387163,0.18231753,-0.6126869,-0.042224087,0.19979866,-0.60973996,-0.0683729,0.13825484,-0.59747607,0.05873684,0.20057598,-0.5951651,0.008532442,0.06842836,-0.0054566990584135056,0.21350285410881042,0.0008742213249206543
