frame,Ankle.R_x,Ankle.R_y,Ankle.R_z,Knee.R_x,Knee.R_y,Knee.R_z,Hip.R_x,Hip.R_y,Hip.R_z,Hip.L_x,Hip.L_y,Hip.L_z,Knee.L_x,Knee.L_y,Knee.L_z,Ankle.L_x,Ankle.L_y,Ankle.L_z,Wrist.R_x,Wrist.R_y,Wrist.R_z,Elbow.R_x,Elbow.R_y,Elbow.R_z,Shoulder.R_x,Shoulder.R_y,Shoulder.R_z,Shoulder.L_x,Shoulder.L_y,Shoulder.L_z,Elbow.L_x,Elbow.L_y,Elbow.L_z,Wrist.L_x,Wrist.L_y,Wrist.L_z,Neck_x,Neck_y,Neck_z,Head_x,Head_y,Head_z,Nose_x,Nose_y,Nose_z,Eye.L_x,Eye.L_y,Eye.L_z,Eye.R_x,Eye.R_y,Eye.R_z,Ear.L_x,Ear.L_y,Ear.L_z,Ear.R_x,Ear.R_y,Ear.R_z,hip.Center_x,hip.Center_y,hip.Center_z
0,0.5673287,0.18664633,-0.64357,0.32416987,0.15701616,-0.27524117,-0.053350683,0.1484572,-0.092545845,0.041215442,0.27879027,0.09562958,0.33303723,0.25109503,-0.2356517,0.5491458,0.26502207,-0.61770993,-0.15581265,-0.23724554,0.040878553,-0.18743293,-0.049774434,-0.13054039,-0.4156215,0.034323953,-0.008921812,-0.41254464,0.109606385,0.2282506,-0.16362444,0.052529037,0.32368603,-0.07393953,-0.18446854,0.33173993,-0.46418393,0.060460564,0.113436624,-0.666779,0.027162459,0.13294616,-0.56548864,-0.08143251,0.1900552,-0.60664684,-0.03832841,0.20567268,-0.60726607,-0.071028836,0.14719614,-0.5929123,0.06212028,0.19456938,-0.59799504,-0.0015792996,0.06840203,-0.00606762059032917,0.21362373232841492,0.0015418678522109985
