frame,Ankle.R_x,Ankle.R_y,Ankle.R_z,Knee.R_x,Knee.R_y,Knee.R_z,Hip.R_x,Hip.R_y,Hip.R_z,Hip.L_x,Hip.L_y,Hip.L_z,Knee.L_x,Knee.L_y,Knee.L_z,Ankle.L_x,Ankle.L_y,Ankle.L_z,Wrist.R_x,Wrist.R_y,Wrist.R_z,Elbow.R_x,Elbow.R_y,Elbow.R_z,Shoulder.R_x,Shoulder.R_y,Shoulder.R_z,Shoulder.L_x,Shoulder.L_y,Shoulder.L_z,Elbow.L_x,Elbow.L_y,Elbow.L_z,Wrist.L_x,Wrist.L_y,Wrist.L_z,Neck_x,Neck_y,Neck_z,Head_x,Head_y,Head_z,Nose_x,Nose_y,Nose_z,Eye.L_x,Eye.L_y,Eye.L_z,Eye.R_x,Eye.R_y,Eye.R_z,Ear.L_x,Ear.L_y,Ear.L_z,Ear.R_x,Ear.R_y,Ear.R_z,hip.Center_x,hip.Center_y,hip.Center_z
0,0.37912023,0.13101752,-0.7994006,0.21586445,0.14032613,-0.379885,-0.081643246,0.17453535,-0.09612709,0.07600037,0.23738709,0.091096334,0.2287104,0.22245209,-0.32754695,0.36505082,0.21725446,-0.75270146,-0.19833194,-0.19634704,0.010264402,-0.19854286,-0.028495865,-0.1780465,-0.39120716,0.021131769,0.010161564,-0.4172017,0.10122678,0.22124417,-0.20785339,0.089450456,0.38303348,-0.13633448,-0.14235985,0.31468663,-0.43724573,0.045784354,0.11908315,-0.60837615,0.043702073,0.17839964,-0.54473376,-0.10335307,0.16671592,-0.5657639,-0.061063852,0.20669463,-0.5849948,-0.065098666,0.1418245,-0.5201762,0.029678969,0.22920759,-0.5615225,0.024356665,0.092445925,-0.0028214380145072937,0.2059612274169922,-0.0025153793394565582
