frame,Ankle.R_x,Ankle.R_y,Ankle.R_z,Knee.R_x,Knee.R_y,Knee.R_z,Hip.R_x,Hip.R_y,Hip.R_z,Hip.L_x,Hip.L_y,Hip.L_z,Knee.L_x,Knee.L_y,Knee.L_z,Ankle.L_x,Ankle.L_y,Ankle.L_z,Wrist.R_x,Wrist.R_y,Wrist.R_z,Elbow.R_x,Elbow.R_y,Elbow.R_z,Shoulder.R_x,Shoulder.R_y,Shoulder.R_z,Shoulder.L_x,Shoulder.L_y,Shoulder.L_z,Elbow.L_x,Elbow.L_y,Elbow.L_z,Wrist.L_x,Wrist.L_y,Wrist.L_z,Neck_x,Neck_y,Neck_z,Head_x,Head_y,Head_z,Nose_x,Nose_y,Nose_z,Eye.L_x,Eye.L_y,Eye.L_z,Eye.R_x,Eye.R_y,Eye.R_z,Ear.L_x,Ear.L_y,Ear.L_z,Ear.R_x,Ear.R_y,Ear.R_z,hip.Center_x,hip.Center_y,hip.Center_z
0,0.36564684,0.15683888,-0.75882906,0.29625896,0.12563588,-0.31629047,-0.064228915,0.15182397,-0.095605046,0.062869824,0.2606855,0.093267225,0.21176656,0.25016677,-0.32547137,0.31231213,0.21856783,-0.75748736,-0.20330338,-0.1594254,0.009795344,-0.20211808,-0.020534983,-0.20036642,-0.4016356,0.03369578,-0.014040552,-0.42540023,0.13136563,0.21326035,-0.21384895,0.12660648,0.38332376,-0.15768671,-0.11457633,0.42097217,-0.45184943,0.06561017,0.10594985,-0.6272356,0.072139725,0.16566136,-0.56109095,-0.07231906,0.18724732,-0.5807231,-0.02165747,0.21649231,-0.60417366,-0.04246897,0.15655011,-0.53662276,0.0709094,0.21165213,-0.5858592,0.031460572,0.08385958,-0.0006795451045036316,0.2062547355890274,-0.001168910413980484
