frame,Ankle.R_x,Ankle.R_y,Ankle.R_z,Knee.R_x,Knee.R_y,Knee.R_z,Hip.R_x,Hip.R_y,Hip.R_z,Hip.L_x,Hip.L_y,Hip.L_z,Knee.L_x,Knee.L_y,Knee.L_z,Ankle.L_x,Ankle.L_y,Ankle.L_z,Wrist.R_x,Wrist.R_y,Wrist.R_z,Elbow.R_x,Elbow.R_y,Elbow.R_z,Shoulder.R_x,Shoulder.R_y,Shoulder.R_z,Shoulder.L_x,Shoulder.L_y,Shoulder.L_z,Elbow.L_x,Elbow.L_y,Elbow.L_z,Wrist.L_x,Wrist.L_y,Wrist.L_z,Neck_x,Neck_y,Neck_z,Head_x,Head_y,Head_z,Nose_x,Nose_y,Nose_z,Eye.L_x,Eye.L_y,Eye.L_z,Eye.R_x,Eye.R_y,Eye.R_z,Ear.L_x,Ear.L_y,Ear.L_z,Ear.R_x,Ear.R_y,Ear.R_z,hip.Center_x,hip.Center_y,hip.Center_z
0,0.600988,0.2474249,-0.58137137,0.3490088,0.14735861,-0.234872,-0.04934356,0.14977174,-0.09751171,0.033930916,0.27779034,0.09815919,0.3571176,0.24306881,-0.20135084,0.5439915,0.28638217,-0.5948353,-0.1693713,-0.21970008,0.047324833,-0.19200045,-0.044669718,-0.13582592,-0.42322135,0.041129798,-0.019836303,-0.41439393,0.12572715,0.21868941,-0.16113451,0.0656495,0.3012636,-0.099176995,-0.17837335,0.3117776,-0.47131348,0.07254427,0.10406125,-0.676226,0.038517192,0.12777019,-0.5712359,-0.06783509,0.18088064,-0.61286837,-0.025995761,0.1980122,-0.61446893,-0.05813752,0.13944708,-0.60166687,0.07446352,0.1876818,-0.60870934,0.012209497,0.061337776,-0.0077063217759132385,0.21378102898597717,0.0003237389028072357
