frame,Ankle.R_x,Ankle.R_y,Ankle.R_z,Knee.R_x,Knee.R_y,Knee.R_z,Hip.R_x,Hip.R_y,Hip.R_z,Hip.L_x,Hip.L_y,Hip.L_z,Knee.L_x,Knee.L_y,Knee.L_z,Ankle.L_x,Ankle.L_y,Ankle.L_z,Wrist.R_x,Wrist.R_y,Wrist.R_z,Elbow.R_x,Elbow.R_y,Elbow.R_z,Shoulder.R_x,Shoulder.R_y,Shoulder.R_z,Shoulder.L_x,Shoulder.L_y,Shoulder.L_z,Elbow.L_x,Elbow.L_y,Elbow.L_z,Wrist.L_x,Wrist.L_y,Wrist.L_z,Neck_x,Neck_y,Neck_z,Head_x,Head_y,Head_z,Nose_x,Nose_y,Nose_z,Eye.L_x,Eye.L_y,Eye.L_z,Eye.R_x,Eye.R_y,Eye.R_z,Ear.L_x,Ear.L_y,Ear.L_z,Ear.R_x,Ear.R_y,Ear.R_z,hip.Center_x,hip.Center_y,hip.Center_z
0,0.6051248,0.20604977,-0.5978812,0.35151112,0.1701027,-0.23988907,-0.034098133,0.12598328,-0.0780212,0.02552241,0.2988044,0.08580187,0.3438159,0.26987797,-0.2169602,0.57023233,0.27011213,-0.59099764,-0.22905357,-0.26600888,0.059091426,-0.19619979,-0.088076234,-0.11475777,-0.4168384,0.02572647,-0.008398285,-0.42732522,0.12803465,0.20797846,-0.19728255,0.056475025,0.32695067,-0.22354478,-0.18910834,0.3263276,-0.46857864,0.066065624,0.10405324,-0.6663651,0.026896046,0.13655294,-0.556795,-0.06832731,0.20086098,-0.59973645,-0.025985718,0.21321079,-0.60109675,-0.065689065,0.15948355,-0.5924983,0.0722505,0.1888988,-0.5993079,-0.0061860755,0.073109254,-0.0042878612875938416,0.2123938500881195,0.0038903355598449707
