frame,Ankle.R_x,Ankle.R_y,Ankle.R_z,Knee.R_x,Knee.R_y,Knee.R_z,Hip.R_x,Hip.R_y,Hip.R_z,Hip.L_x,Hip.L_y,Hip.L_z,Knee.L_x,Knee.L_y,Knee.L_z,Ankle.L_x,Ankle.L_y,Ankle.L_z,Wrist.R_x,Wrist.R_y,Wrist.R_z,Elbow.R_x,Elbow.R_y,Elbow.R_z,Shoulder.R_x,Shoulder.R_y,Shoulder.R_z,Shoulder.L_x,Shoulder.L_y,Shoulder.L_z,Elbow.L_x,Elbow.L_y,Elbow.L_z,Wrist.L_x,Wrist.L_y,Wrist.L_z,Neck_x,Neck_y,Neck_z,Head_x,Head_y,Head_z,Nose_x,Nose_y,Nose_z,Eye.L_x,Eye.L_y,Eye.L_z,Eye.R_x,Eye.R_y,Eye.R_z,Ear.L_x,Ear.L_y,Ear.L_z,Ear.R_x,Ear.R_y,Ear.R_z,hip.Center_x,hip.Center_y,hip.Center_z
0,0.36013478,0.13817234,-0.74467236,0.30482796,0.12457545,-0.29947445,-0.066423714,0.15347338,-0.09585042,0.0643787,0.25787333,0.094478354,0.20880213,0.25136253,-0.32469603,0.30612177,0.22668405,-0.75679016,-0.27775994,-0.17937769,0.0105867805,-0.21027187,-0.07545363,-0.20613897,-0.3928194,0.033527516,-0.022509955,-0.42000002,0.12939614,0.21307513,-0.24488156,0.09086836,0.41616917,-0.26413524,-0.15284875,0.4034891,-0.44418868,0.06408863,0.10249025,-0.616758,0.060592607,0.18057866,-0.54569924,-0.08211909,0.18552616,-0.56325436,-0.03422714,0.220211,-0.5922894,-0.051753737,0.16160367,-0.5227642,0.060020175,0.21678163,-0.5832123,0.02703302,0.09240931,-0.0010225065052509308,0.20567335188388824,-0.0006860345602035522
