frame,Ankle.R_x,Ankle.R_y,Ankle.R_z,Knee.R_x,Knee.R_y,Knee.R_z,Hip.R_x,Hip.R_y,Hip.R_z,Hip.L_x,Hip.L_y,Hip.L_z,Knee.L_x,Knee.L_y,Knee.L_z,Ankle.L_x,Ankle.L_y,Ankle.L_z,Wrist.R_x,Wrist.R_y,Wrist.R_z,Elbow.R_x,Elbow.R_y,Elbow.R_z,Shoulder.R_x,Shoulder.R_y,Shoulder.R_z,Shoulder.L_x,Shoulder.L_y,Shoulder.L_z,Elbow.L_x,Elbow.L_y,Elbow.L_z,Wrist.L_x,Wrist.L_y,Wrist.L_z,Neck_x,Neck_y,Neck_z,Head_x,Head_y,Head_z,Nose_x,Nose_y,Nose_z,Eye.L_x,Eye.L_y,Eye.L_z,Eye.R_x,Eye.R_y,Eye.R_z,Ear.L_x,Ear.L_y,Ear.L_z,Ear.R_x,Ear.R_y,Ear.R_z,hip.Center_x,hip.Center_y,hip.Center_z
0,0.6028492,0.2056457,-0.56553835,0.37482083,0.1978015,-0.1951332,0.0018436129,0.09986405,-0.016464418,-0.0065062135,0.33712322,0.032677047,0.341891,0.30674043,-0.22685423,0.57133687,0.26909262,-0.5946936,-0.21309423,-0.25182927,0.087998465,-0.19944087,-0.092935085,-0.102280185,-0.4190648,0.017422337,-0.0017226674,-0.43723124,0.1447232,0.19826701,-0.20949313,0.06421628,0.29524603,-0.27749375,-0.1683361,0.2893542,-0.47450918,0.071124084,0.104392745,-0.6745783,0.048393413,0.14594418,-0.568416,-0.05493637,0.20263186,-0.60831845,-0.011380307,0.21807727,-0.6141337,-0.048588246,0.16327648,-0.596343,0.085972376,0.19645,-0.6127615,0.013902299,0.07949379,-0.0023313001729547977,0.21849364042282104,0.008106314577162266
