frame,Ankle.R_x,Ankle.R_y,Ankle.R_z,Knee.R_x,Knee.R_y,Knee.R_z,Hip.R_x,Hip.R_y,Hip.R_z,Hip.L_x,Hip.L_y,Hip.L_z,Knee.L_x,Knee.L_y,Knee.L_z,Ankle.L_x,Ankle.L_y,Ankle.L_z,Wrist.R_x,Wrist.R_y,Wrist.R_z,Elbow.R_x,Elbow.R_y,Elbow.R_z,Shoulder.R_x,Shoulder.R_y,Shoulder.R_z,Shoulder.L_x,Shoulder.L_y,Shoulder.L_z,Elbow.L_x,Elbow.L_y,Elbow.L_z,Wrist.L_x,Wrist.L_y,Wrist.L_z,Neck_x,Neck_y,Neck_z,Head_x,Head_y,Head_z,Nose_x,Nose_y,Nose_z,Eye.L_x,Eye.L_y,Eye.L_z,Eye.R_x,Eye.R_y,Eye.R_z,Ear.L_x,Ear.L_y,Ear.L_z,Ear.R_x,Ear.R_y,Ear.R_z,hip.Center_x,hip.Center_y,hip.Center_z
0,0.40638915,0.12414698,-0.7871385,0.21752237,0.17327264,-0.38150796,-0.0714085,0.14964184,-0.08706232,0.07046772,0.2565256,0.089321785,0.23133837,0.25790995,-0.32478,0.37703383,0.22398163,-0.74253374,-0.36123836,-0.17704521,-0.020007031,-0.19100578,-0.07770901,-0.16716287,-0.3842305,0.04284349,0.0051677227,-0.41039455,0.13440394,0.23376743,-0.22523917,0.06266376,0.4192617,-0.33952498,-0.14573306,0.3666847,-0.4340222,0.07310857,0.12394069,-0.6042126,0.060277432,0.19924113,-0.53443253,-0.08256591,0.18069392,-0.553452,-0.041656826,0.22298317,-0.5793298,-0.047108084,0.1607034,-0.5112803,0.051278368,0.23944423,-0.56639105,0.043445434,0.10943687,-0.0004703924059867859,0.20308372378349304,0.00112973153591156
