frame,Ankle.R_x,Ankle.R_y,Ankle.R_z,Knee.R_x,Knee.R_y,Knee.R_z,Hip.R_x,Hip.R_y,Hip.R_z,Hip.L_x,Hip.L_y,Hip.L_z,Knee.L_x,Knee.L_y,Knee.L_z,Ankle.L_x,Ankle.L_y,Ankle.L_z,Wrist.R_x,Wrist.R_y,Wrist.R_z,Elbow.R_x,Elbow.R_y,Elbow.R_z,Shoulder.R_x,Shoulder.R_y,Shoulder.R_z,Shoulder.L_x,Shoulder.L_y,Shoulder.L_z,Elbow.L_x,Elbow.L_y,Elbow.L_z,Wrist.L_x,Wrist.L_y,Wrist.L_z,Neck_x,Neck_y,Neck_z,Head_x,Head_y,Head_z,Nose_x,Nose_y,Nose_z,Eye.L_x,Eye.L_y,Eye.L_z,Eye.R_x,Eye.R_y,Eye.R_z,Ear.L_x,Ear.L_y,Ear.L_z,Ear.R_x,Ear.R_y,Ear.R_z,hip.Center_x,hip.Center_y,hip.Center_z
0,0.40944797,0.1296328,-0.770893,0.23414794,0.12276182,-0.35790288,-0.07478895,0.14497718,-0.08073118,0.07413169,0.26778442,0.0826079,0.1655713,0.25329706,-0.35108078,0.2407403,0.18117027,-0.7832805,-0.20360921,-0.19647625,0.07033063,-0.15413941,-0.052774157,-0.127318,-0.3693589,0.035927698,0.048071846,-0.3828245,0.15153907,0.28527212,-0.20125009,0.06378306,0.47734734,-0.17545277,-0.16120374,0.3671212,-0.42273632,0.086531356,0.17640875,-0.6025895,0.11472237,0.252591,-0.5558809,-0.037692446,0.25561148,-0.56847787,0.011544451,0.29141685,-0.5948765,0.0009413535,0.22996306,-0.5121511,0.097677745,0.29651988,-0.56775385,0.08058586,0.1667475,-0.0003286302089691162,0.20638079941272736,0.0009383596479892731
