frame,Ankle.R_x,Ankle.R_y,Ankle.R_z,Knee.R_x,Knee.R_y,Knee.R_z,Hip.R_x,Hip.R_y,Hip.R_z,Hip.L_x,Hip.L_y,Hip.L_z,Knee.L_x,Knee.L_y,Knee.L_z,Ankle.L_x,Ankle.L_y,Ankle.L_z,Wrist.R_x,Wrist.R_y,Wrist.R_z,Elbow.R_x,Elbow.R_y,Elbow.R_z,Shoulder.R_x,Shoulder.R_y,Shoulder.R_z,Shoulder.L_x,Shoulder.L_y,Shoulder.L_z,Elbow.L_x,Elbow.L_y,Elbow.L_z,Wrist.L_x,Wrist.L_y,Wrist.L_z,Neck_x,Neck_y,Neck_z,Head_x,Head_y,Head_z,Nose_x,Nose_y,Nose_z,Eye.L_x,Eye.L_y,Eye.L_z,Eye.R_x,Eye.R_y,Eye.R_z,Ear.L_x,Ear.L_y,Ear.L_z,Ear.R_x,Ear.R_y,Ear.R_z,hip.Center_x,hip.Center_y,hip.Center_z
0,0.37744805,0.16728212,-0.80192417,0.1807407,0.17376088,-0.402881,-0.07860997,0.15730526,-0.08681559,0.075844906,0.24854647,0.08721975,0.22334957,0.28964692,-0.32929203,0.38543296,0.24877995,-0.7367539,-0.2365397,-0.15001215,0.06429524,-0.1863784,-0.002084257,-0.1293567,-0.40029562,0.07621308,0.038980346,-0.41303277,0.1972918,0.25107533,-0.23436344,0.10139273,0.4271096,-0.21964896,-0.12523487,0.3170327,-0.4454494,0.13097996,0.15184562,-0.61325014,0.16084728,0.23329213,-0.583565,0.008261234,0.19692557,-0.5934278,0.047159307,0.2441259,-0.61536217,0.057023577,0.18085377,-0.5283271,0.12146634,0.2757763,-0.57467437,0.14583756,0.14389898,-0.001382533460855484,0.20292586088180542,0.000202082097530365
