frame,Ankle.R_x,Ankle.R_y,Ankle.R_z,Knee.R_x,Knee.R_y,Knee.R_z,Hip.R_x,Hip.R_y,Hip.R_z,Hip.L_x,Hip.L_y,Hip.L_z,Knee.L_x,Knee.L_y,Knee.L_z,Ankle.L_x,Ankle.L_y,Ankle.L_z,Wrist.R_x,Wrist.R_y,Wrist.R_z,Elbow.R_x,Elbow.R_y,Elbow.R_z,Shoulder.R_x,Shoulder.R_y,Shoulder.R_z,Shoulder.L_x,Shoulder.L_y,Shoulder.L_z,Elbow.L_x,Elbow.L_y,Elbow.L_z,Wrist.L_x,Wrist.L_y,Wrist.L_z,Neck_x,Neck_y,Neck_z,Head_x,Head_y,Head_z,Nose_x,Nose_y,Nose_z,Eye.L_x,Eye.L_y,Eye.L_z,Eye.R_x,Eye.R_y,Eye.R_z,Ear.L_x,Ear.L_y,Ear.L_z,Ear.R_x,Ear.R_y,Ear.R_z,hip.Center_x,hip.Center_y,hip.Center_z
0,0.5437522,0.20238592,-0.6356573,0.34851247,0.16616079,-0.24621035,-0.033561897,0.12229431,-0.07257225,0.025838906,0.3039471,0.08002401,0.35886347,0.24224304,-0.20208786,0.5313677,0.26378375,-0.6027837,-0.21595547,-0.22320576,0.065365,-0.22248238,-0.04202386,-0.10950814,-0.44171548,0.07401149,-0.019033708,-0.4481963,0.17914867,0.18786602,-0.22787377,0.07064651,0.28834236,-0.20908171,-0.17797902,0.27071318,-0.49221468,0.12408158,0.083561435,-0.69095415,0.12376222,0.07667705,-0.61906374,0.008967966,0.16127092,-0.6548991,0.058710855,0.16523176,-0.6515568,0.019917935,0.1110884,-0.62304175,0.15341023,0.1467717,-0.61903816,0.07747145,0.029524304,-0.003861495293676853,0.213120698928833,0.003725878894329071
