frame,Ankle.R_x,Ankle.R_y,Ankle.R_z,Knee.R_x,Knee.R_y,Knee.R_z,Hip.R_x,Hip.R_y,Hip.R_z,Hip.L_x,Hip.L_y,Hip.L_z,Knee.L_x,Knee.L_y,Knee.L_z,Ankle.L_x,Ankle.L_y,Ankle.L_z,Wrist.R_x,Wrist.R_y,Wrist.R_z,Elbow.R_x,Elbow.R_y,Elbow.R_z,Shoulder.R_x,Shoulder.R_y,Shoulder.R_z,Shoulder.L_x,Shoulder.L_y,Shoulder.L_z,Elbow.L_x,Elbow.L_y,Elbow.L_z,Wrist.L_x,Wrist.L_y,Wrist.L_z,Neck_x,Neck_y,Neck_z,Head_x,Head_y,Head_z,Nose_x,Nose_y,Nose_z,Eye.L_x,Eye.L_y,Eye.L_z,Eye.R_x,Eye.R_y,Eye.R_z,Ear.L_x,Ear.L_y,Ear.L_z,Ear.R_x,Ear.R_y,Ear.R_z,hip.Center_x,hip.Center_y,hip.Center_z
0,0.6178135,0.26378134,-0.53112787,0.38736886,0.22656648,-0.16509883,0.012339907,0.1008074,-0.0020095743,-0.0196263,0.34011444,0.017579589,0.35176906,0.32710308,-0.20857722,0.576258,0.27828208,-0.5803772,-0.14655952,-0.21960944,0.09624132,-0.19958083,-0.084549725,-0.10611734,-0.42300582,0.0080418065,-0.0032034032,-0.43438458,0.14278567,0.19105451,-0.1885514,0.105793156,0.28184378,-0.2476536,-0.12722689,0.27490267,-0.4746163,0.06286123,0.101807065,-0.6712498,0.035467166,0.14637217,-0.56143,-0.06382945,0.20429046,-0.6026026,-0.02140212,0.21914676,-0.60740626,-0.05951076,0.16494873,-0.5939584,0.07607885,0.19611163,-0.60835576,0.0019077063,0.08046106,-0.0036431970074772835,0.2204609215259552,0.007785007357597351
