frame,Ankle.R_x,Ankle.R_y,Ankle.R_z,Knee.R_x,Knee.R_y,Knee.R_z,Hip.R_x,Hip.R_y,Hip.R_z,Hip.L_x,Hip.L_y,Hip.L_z,Knee.L_x,Knee.L_y,Knee.L_z,Ankle.L_x,Ankle.L_y,Ankle.L_z,Wrist.R_x,Wrist.R_y,Wrist.R_z,Elbow.R_x,Elbow.R_y,Elbow.R_z,Shoulder.R_x,Shoulder.R_y,Shoulder.R_z,Shoulder.L_x,Shoulder.L_y,Shoulder.L_z,Elbow.L_x,Elbow.L_y,Elbow.L_z,Wrist.L_x,Wrist.L_y,Wrist.L_z,Neck_x,Neck_y,Neck_z,Head_x,Head_y,Head_z,Nose_x,Nose_y,Nose_z,Eye.L_x,Eye.L_y,Eye.L_z,Eye.R_x,Eye.R_y,Eye.R_z,Ear.L_x,Ear.L_y,Ear.L_z,Ear.R_x,Ear.R_y,Ear.R_z,hip.Center_x,hip.Center_y,hip.Center_z
0,0.5993304,0.22294459,-0.5520462,0.38176036,0.22012693,-0.17763296,0.017662175,0.10392513,0.013431753,-0.026047247,0.34098214,0.002857482,0.33589494,0.33303675,-0.2340137,0.58195496,0.27327675,-0.5884303,-0.16301972,-0.22062398,0.07846666,-0.19959109,-0.06859066,-0.11400623,-0.42548883,0.01723386,-0.009768252,-0.43636432,0.15244861,0.19396734,-0.18876788,0.11340194,0.27350858,-0.25585955,-0.11518711,0.25237533,-0.47896618,0.07256403,0.10197838,-0.677384,0.066526026,0.15010557,-0.58093905,-0.049361892,0.20005198,-0.6160302,-0.003080234,0.21814577,-0.6264124,-0.036865428,0.1618928,-0.5949027,0.093463,0.2004366,-0.62036914,0.029171579,0.081206694,-0.004192535765469074,0.22245363891124725,0.008144617080688477
