frame,Ankle.R_x,Ankle.R_y,Ankle.R_z,Knee.R_x,Knee.R_y,Knee.R_z,Hip.R_x,Hip.R_y,Hip.R_z,Hip.L_x,Hip.L_y,Hip.L_z,Knee.L_x,Knee.L_y,Knee.L_z,Ankle.L_x,Ankle.L_y,Ankle.L_z,Wrist.R_x,Wrist.R_y,Wrist.R_z,Elbow.R_x,Elbow.R_y,Elbow.R_z,Shoulder.R_x,Shoulder.R_y,Shoulder.R_z,Shoulder.L_x,Shoulder.L_y,Shoulder.L_z,Elbow.L_x,Elbow.L_y,Elbow.L_z,Wrist.L_x,Wrist.L_y,Wrist.L_z,Neck_x,Neck_y,Neck_z,Head_x,Head_y,Head_z,Nose_x,Nose_y,Nose_z,Eye.L_x,Eye.L_y,Eye.L_z,Eye.R_x,Eye.R_y,Eye.R_z,Ear.L_x,Ear.L_y,Ear.L_z,Ear.R_x,Ear.R_y,Ear.R_z,hip.Center_x,hip.Center_y,hip.Center_z
0,0.5980281,0.2465118,-0.545107,0.38199782,0.22884664,-0.17049842,0.016014868,0.10397193,0.01606469,-0.02219005,0.34164816,-0.0002961402,0.345651,0.2989946,-0.22700122,0.59068495,0.21688822,-0.5778882,-0.117402725,-0.18844458,0.061934922,-0.20660125,-0.044055678,-0.121730745,-0.4287766,0.018110264,-0.001360355,-0.4383533,0.1532857,0.19157356,-0.18468204,0.14908427,0.26433674,-0.18931732,-0.09176049,0.24804816,-0.47908214,0.07291907,0.10496417,-0.6765136,0.059942387,0.1494393,-0.57466614,-0.047752462,0.20726784,-0.61261415,-0.0024061948,0.22214857,-0.62005115,-0.039708585,0.16766153,-0.5963765,0.093987465,0.19949694,-0.616285,0.021901906,0.0837819,-0.0030875904485583305,0.2228100448846817,0.007884275168180466
