frame,Ankle.R_x,Ankle.R_y,Ankle.R_z,Knee.R_x,Knee.R_y,Knee.R_z,Hip.R_x,Hip.R_y,Hip.R_z,Hip.L_x,Hip.L_y,Hip.L_z,Knee.L_x,Knee.L_y,Knee.L_z,Ankle.L_x,Ankle.L_y,Ankle.L_z,Wrist.R_x,Wrist.R_y,Wrist.R_z,Elbow.R_x,Elbow.R_y,Elbow.R_z,Shoulder.R_x,Shoulder.R_y,Shoulder.R_z,Shoulder.L_x,Shoulder.L_y,Shoulder.L_z,Elbow.L_x,Elbow.L_y,Elbow.L_z,Wrist.L_x,Wrist.L_y,Wrist.L_z,Neck_x,Neck_y,Neck_z,Head_x,Head_y,Head_z,Nose_x,Nose_y,Nose_z,Eye.L_x,Eye.L_y,Eye.L_z,Eye.R_x,Eye.R_y,Eye.R_z,Ear.L_x,Ear.L_y,Ear.L_z,Ear.R_x,Ear.R_y,Ear.R_z,hip.Center_x,hip.Center_y,hip.Center_z
0,0.6261714,0.295729,-0.50965285,0.3832882,0.2530957,-0.15462638,0.025889182,0.112468064,0.03873626,-0.036756694,0.3366782,-0.024030402,0.3447793,0.3302148,-0.2258141,0.6043551,0.25350827,-0.56756246,-0.11760764,-0.21728627,0.075969785,-0.20241909,-0.08684316,-0.119443744,-0.42044896,-0.0051731495,0.0011351109,-0.44520956,0.1536993,0.17466313,-0.20223957,0.17409214,0.2766287,-0.20109957,-0.06790344,0.2800417,-0.4767446,0.060279414,0.09904028,-0.6747489,0.041098148,0.14230539,-0.56811345,-0.051826134,0.2150527,-0.60906285,-0.007446915,0.2231926,-0.61300474,-0.051641844,0.1738944,-0.59813166,0.08598668,0.18851209,-0.61081946,-0.00093133,0.08279055,-0.005433755926787853,0.22457313537597656,0.007352929562330246
