frame,Ankle.R_x,Ankle.R_y,Ankle.R_z,Knee.R_x,Knee.R_y,Knee.R_z,Hip.R_x,Hip.R_y,Hip.R_z,Hip.L_x,Hip.L_y,Hip.L_z,Knee.L_x,Knee.L_y,Knee.L_z,Ankle.L_x,Ankle.L_y,Ankle.L_z,Wrist.R_x,Wrist.R_y,Wrist.R_z,Elbow.R_x,Elbow.R_y,Elbow.R_z,Shoulder.R_x,Shoulder.R_y,Shoulder.R_z,Shoulder.L_x,Shoulder.L_y,Shoulder.L_z,Elbow.L_x,Elbow.L_y,Elbow.L_z,Wrist.L_x,Wrist.L_y,Wrist.L_z,Neck_x,Neck_y,Neck_z,Head_x,Head_y,Head_z,Nose_x,Nose_y,Nose_z,Eye.L_x,Eye.L_y,Eye.L_z,Eye.R_x,Eye.R_y,Eye.R_z,Ear.L_x,Ear.L_y,Ear.L_z,Ear.R_x,Ear.R_y,Ear.R_z,hip.Center_x,hip.Center_y,hip.Center_z
0,0.3823017,0.1639794,-0.71864367,0.3395616,0.16102615,-0.2774085,-0.04848302,0.13739654,-0.09260003,0.050049476,0.27638814,0.09217562,0.2426594,0.22351699,-0.3018121,0.36512896,0.15067573,-0.72035545,-0.21647492,-0.1750049,-0.0095803,-0.21197729,-0.023925852,-0.20505826,-0.39902037,0.01541292,-0.008712559,-0.38584608,0.08369781,0.23343444,-0.122823626,0.06278362,0.27681512,-0.24575493,-0.13587879,0.29732227,-0.4366436,0.028847601,0.120891795,-0.6122708,0.032123085,0.16981438,-0.54815835,-0.113322034,0.19262436,-0.5690292,-0.0632016,0.22201775,-0.5896237,-0.082972884,0.16063762,-0.52384514,0.028024554,0.21968046,-0.56837237,-0.008221921,0.09167086,0.0007832273840904236,0.20689234137535095,-0.00021220743656158447
