frame,Ankle.R_x,Ankle.R_y,Ankle.R_z,Knee.R_x,Knee.R_y,Knee.R_z,Hip.R_x,Hip.R_y,Hip.R_z,Hip.L_x,Hip.L_y,Hip.L_z,Knee.L_x,Knee.L_y,Knee.L_z,Ankle.L_x,Ankle.L_y,Ankle.L_z,Wrist.R_x,Wrist.R_y,Wrist.R_z,Elbow.R_x,Elbow.R_y,Elbow.R_z,Shoulder.R_x,Shoulder.R_y,Shoulder.R_z,Shoulder.L_x,Shoulder.L_y,Shoulder.L_z,Elbow.L_x,Elbow.L_y,Elbow.L_z,Wrist.L_x,Wrist.L_y,Wrist.L_z,Neck_x,Neck_y,Neck_z,Head_x,Head_y,Head_z,Nose_x,Nose_y,Nose_z,Eye.L_x,Eye.L_y,Eye.L_z,Eye.R_x,Eye.R_y,Eye.R_z,Ear.L_x,Ear.L_y,Ear.L_z,Ear.R_x,Ear.R_y,Ear.R_z,hip.Center_x,hip.Center_y,hip.Center_z
0,0.65218383,0.3183472,-0.5116467,0.37675065,0.19689691,-0.1905199,-0.033262733,0.13436721,-0.08989938,0.021962944,0.29069412,0.09194173,0.36503434,0.25266796,-0.18255517,0.58907634,0.2450728,-0.55641973,-0.118494906,-0.18808594,0.030582475,-0.21355037,-0.034675352,-0.14935464,-0.43295723,0.031287406,-0.014748081,-0.4216569,0.12751788,0.20596206,-0.15889469,0.12252787,0.26718488,-0.07378325,-0.11091729,0.2855978,-0.47578865,0.06652968,0.10142011,-0.6759403,0.031935144,0.13243131,-0.567144,-0.06897825,0.18894455,-0.60924685,-0.02687943,0.2044385,-0.61175954,-0.062867336,0.14825362,-0.6006795,0.07252152,0.18697695,-0.60978913,0.0021121353,0.06613354,-0.00564989447593689,0.21253067255020142,0.0010211728513240814
