frame,Ankle.R_x,Ankle.R_y,Ankle.R_z,Knee.R_x,Knee.R_y,Knee.R_z,Hip.R_x,Hip.R_y,Hip.R_z,Hip.L_x,Hip.L_y,Hip.L_z,Knee.L_x,Knee.L_y,Knee.L_z,Ankle.L_x,Ankle.L_y,Ankle.L_z,Wrist.R_x,Wrist.R_y,Wrist.R_z,Elbow.R_x,Elbow.R_y,Elbow.R_z,Shoulder.R_x,Shoulder.R_y,Shoulder.R_z,Shoulder.L_x,Shoulder.L_y,Shoulder.L_z,Elbow.L_x,Elbow.L_y,Elbow.L_z,Wrist.L_x,Wrist.L_y,Wrist.L_z,Neck_x,Neck_y,Neck_z,Head_x,Head_y,Head_z,Nose_x,Nose_y,Nose_z,Eye.L_x,Eye.L_y,Eye.L_z,Eye.R_x,Eye.R_y,Eye.R_z,Ear.L_x,Ear.L_y,Ear.L_z,Ear.R_x,Ear.R_y,Ear.R_z,hip.Center_x,hip.Center_y,hip.Center_z
0,0.5924772,0.26942125,-0.59523153,0.35286444,0.18994947,-0.23502435,-0.041895032,0.13577527,-0.08675535,0.033151444,0.28731924,0.09104057,0.33959758,0.23570225,-0.21983069,0.55502117,0.20478925,-0.59687436,-0.10878167,-0.15723115,0.03528137,-0.21542756,-0.0021545952,-0.1370253,-0.43519217,0.052253906,0.000875053,-0.40596783,0.12320469,0.22986537,-0.13796869,0.101981156,0.26163843,-0.058164075,-0.13358362,0.25330156,-0.471291,0.07652741,0.1217226,-0.6727571,0.04479335,0.1507707,-0.5670889,-0.06623489,0.19236019,-0.6077746,-0.025505856,0.21390143,-0.6115175,-0.053289503,0.15329653,-0.5959921,0.07508658,0.21022886,-0.60790527,0.022096582,0.08105861,-0.004371793940663338,0.21154725551605225,0.002142608165740967
