frame,Ankle.R_x,Ankle.R_y,Ankle.R_z,Knee.R_x,Knee.R_y,Knee.R_z,Hip.R_x,Hip.R_y,Hip.R_z,Hip.L_x,Hip.L_y,Hip.L_z,Knee.L_x,Knee.L_y,Knee.L_z,Ankle.L_x,Ankle.L_y,Ankle.L_z,Wrist.R_x,Wrist.R_y,Wrist.R_z,Elbow.R_x,Elbow.R_y,Elbow.R_z,Shoulder.R_x,Shoulder.R_y,Shoulder.R_z,Shoulder.L_x,Shoulder.L_y,Shoulder.L_z,Elbow.L_x,Elbow.L_y,Elbow.L_z,Wrist.L_x,Wrist.L_y,Wrist.L_z,Neck_x,Neck_y,Neck_z,Head_x,Head_y,Head_z,Nose_x,Nose_y,Nose_z,Eye.L_x,Eye.L_y,Eye.L_z,Eye.R_x,Eye.R_y,Eye.R_z,Ear.L_x,Ear.L_y,Ear.L_z,Ear.R_x,Ear.R_y,Ear.R_z,hip.Center_x,hip.Center_y,hip.Center_z
0,0.593141,0.28100485,-0.58929783,0.3509224,0.1592877,-0.24085195,-0.046934426,0.13938262,-0.08752609,0.035833307,0.28925964,0.09037411,0.33618882,0.21957314,-0.22740985,0.55007684,0.18782629,-0.6095454,-0.08132305,-0.14529334,0.006584394,-0.21479139,0.020479271,-0.13769598,-0.43411362,0.05460351,0.007689352,-0.40311667,0.12571217,0.23866493,-0.1321895,0.1138434,0.25649953,0.008277116,-0.096148476,0.24894305,-0.47009978,0.07798499,0.12978092,-0.67141616,0.05112963,0.15056221,-0.57281023,-0.06976799,0.18287595,-0.61246014,-0.029805958,0.20774311,-0.61436176,-0.049635135,0.14378655,-0.59597135,0.07063662,0.21787,-0.6036447,0.03390407,0.08194771,-0.005550559610128403,0.21432113647460938,0.001424010843038559
