frame,Ankle.R_x,Ankle.R_y,Ankle.R_z,Knee.R_x,Knee.R_y,Knee.R_z,Hip.R_x,Hip.R_y,Hip.R_z,Hip.L_x,Hip.L_y,Hip.L_z,Knee.L_x,Knee.L_y,Knee.L_z,Ankle.L_x,Ankle.L_y,Ankle.L_z,Wrist.R_x,Wrist.R_y,Wrist.R_z,Elbow.R_x,Elbow.R_y,Elbow.R_z,Shoulder.R_x,Shoulder.R_y,Shoulder.R_z,Shoulder.L_x,Shoulder.L_y,Shoulder.L_z,Elbow.L_x,Elbow.L_y,Elbow.L_z,Wrist.L_x,Wrist.L_y,Wrist.L_z,Neck_x,Neck_y,Neck_z,Head_x,Head_y,Head_z,Nose_x,Nose_y,Nose_z,Eye.L_x,Eye.L_y,Eye.L_z,Eye.R_x,Eye.R_y,Eye.R_z,Ear.L_x,Ear.L_y,Ear.L_z,Ear.R_x,Ear.R_y,Ear.R_z,hip.Center_x,hip.Center_y,hip.Center_z
0,0.37194943,0.23011285,-0.7203678,0.34801573,0.19287427,-0.27486336,-0.051216893,0.14655808,-0.10104883,0.050019648,0.27074346,0.09510026,0.25246158,0.17770457,-0.28817752,0.37728214,0.12203953,-0.7124297,-0.0926335,-0.14413208,0.02198787,-0.18778391,-0.0036692156,-0.1686371,-0.3989957,-0.012056669,-0.0035836808,-0.38689515,0.07334301,0.2204177,-0.15318662,0.113290735,0.12679666,-0.032615706,-0.089514986,0.20162168,-0.43796995,0.008080848,0.11619629,-0.6133748,0.021575095,0.1593396,-0.5542625,-0.12519908,0.18976682,-0.5733246,-0.07292017,0.21593316,-0.59458494,-0.09517807,0.15551963,-0.52440494,0.016952656,0.21004556,-0.5700653,-0.024766054,0.08191557,-0.0005986224859952927,0.20865076780319214,-0.0029742829501628876
