frame,Ankle.R_x,Ankle.R_y,Ankle.R_z,Knee.R_x,Knee.R_y,Knee.R_z,Hip.R_x,Hip.R_y,Hip.R_z,Hip.L_x,Hip.L_y,Hip.L_z,Knee.L_x,Knee.L_y,Knee.L_z,Ankle.L_x,Ankle.L_y,Ankle.L_z,Wrist.R_x,Wrist.R_y,Wrist.R_z,Elbow.R_x,Elbow.R_y,Elbow.R_z,Shoulder.R_x,Shoulder.R_y,Shoulder.R_z,Shoulder.L_x,Shoulder.L_y,Shoulder.L_z,Elbow.L_x,Elbow.L_y,Elbow.L_z,Wrist.L_x,Wrist.L_y,Wrist.L_z,Neck_x,Neck_y,Neck_z,Head_x,Head_y,Head_z,Nose_x,Nose_y,Nose_z,Eye.L_x,Eye.L_y,Eye.L_z,Eye.R_x,Eye.R_y,Eye.R_z,Ear.L_x,Ear.L_y,Ear.L_z,Ear.R_x,Ear.R_y,Ear.R_z,hip.Center_x,hip.Center_y,hip.Center_z
0,0.6177359,0.28583306,-0.5609859,0.36137083,0.16463482,-0.22334194,-0.04307045,0.13823688,-0.08854854,0.031029152,0.29126552,0.0907408,0.34897298,0.22311383,-0.20905739,0.5797677,0.19553693,-0.5809128,-0.09340442,-0.14865251,0.0035240105,-0.21928439,0.017129565,-0.1460464,-0.43702194,0.052094005,-0.00015145913,-0.40775216,0.12437466,0.22986442,-0.13751814,0.11703215,0.24992502,-0.005491833,-0.09723835,0.24282086,-0.47321323,0.075726435,0.12152691,-0.674031,0.048180383,0.14530867,-0.5740551,-0.07085722,0.18033397,-0.6135694,-0.030219376,0.20431781,-0.61638165,-0.052467354,0.14119288,-0.5977664,0.07059986,0.21042094,-0.60718334,0.028865099,0.07600114,-0.006020649336278439,0.214751198887825,0.0010961294174194336
