frame,Ankle.R_x,Ankle.R_y,Ankle.R_z,Knee.R_x,Knee.R_y,Knee.R_z,Hip.R_x,Hip.R_y,Hip.R_z,Hip.L_x,Hip.L_y,Hip.L_z,Knee.L_x,Knee.L_y,Knee.L_z,Ankle.L_x,Ankle.L_y,Ankle.L_z,Wrist.R_x,Wrist.R_y,Wrist.R_z,Elbow.R_x,Elbow.R_y,Elbow.R_z,Shoulder.R_x,Shoulder.R_y,Shoulder.R_z,Shoulder.L_x,Shoulder.L_y,Shoulder.L_z,Elbow.L_x,Elbow.L_y,Elbow.L_z,Wrist.L_x,Wrist.L_y,Wrist.L_z,Neck_x,Neck_y,Neck_z,Head_x,Head_y,Head_z,Nose_x,Nose_y,Nose_z,Eye.L_x,Eye.L_y,Eye.L_z,Eye.R_x,Eye.R_y,Eye.R_z,Ear.L_x,Ear.L_y,Ear.L_z,Ear.R_x,Ear.R_y,Ear.R_z,hip.Center_x,hip.Center_y,hip.Center_z
0,0.34330714,0.15619247,-0.8198101,0.19701603,0.16865858,-0.39365795,-0.08653952,0.18450928,-0.09447771,0.07877297,0.2236485,0.09048106,0.24225633,0.21486844,-0.32253057,0.3856384,0.15222293,-0.73629594,-0.13260628,-0.14325683,0.002040484,-0.19269745,0.035719898,-0.17161928,-0.40655926,0.07442047,-0.003592494,-0.4105268,0.11193849,0.23095831,-0.18204923,0.13538983,0.36830795,-0.113406345,-0.098548226,0.34875605,-0.4481329,0.0778224,0.11966944,-0.6091685,0.0709184,0.21588948,-0.5620803,-0.069473445,0.1569631,-0.56977457,-0.037571646,0.20918557,-0.6037816,-0.026064888,0.151832,-0.51354706,0.043878485,0.23820683,-0.5863899,0.07101213,0.11949159,-0.0038832761347293854,0.20407888293266296,-0.001998327672481537
