frame,Ankle.R_x,Ankle.R_y,Ankle.R_z,Knee.R_x,Knee.R_y,Knee.R_z,Hip.R_x,Hip.R_y,Hip.R_z,Hip.L_x,Hip.L_y,Hip.L_z,Knee.L_x,Knee.L_y,Knee.L_z,Ankle.L_x,Ankle.L_y,Ankle.L_z,Wrist.R_x,Wrist.R_y,Wrist.R_z,Elbow.R_x,Elbow.R_y,Elbow.R_z,Shoulder.R_x,Shoulder.R_y,Shoulder.R_z,Shoulder.L_x,Shoulder.L_y,Shoulder.L_z,Elbow.L_x,Elbow.L_y,Elbow.L_z,Wrist.L_x,Wrist.L_y,Wrist.L_z,Neck_x,Neck_y,Neck_z,Head_x,Head_y,Head_z,Nose_x,Nose_y,Nose_z,Eye.L_x,Eye.L_y,Eye.L_z,Eye.R_x,Eye.R_y,Eye.R_z,Ear.L_x,Ear.L_y,Ear.L_z,Ear.R_x,Ear.R_y,Ear.R_z,hip.Center_x,hip.Center_y,hip.Center_z
0,0.59388214,0.28070268,-0.59374964,0.3467508,0.17104946,-0.24261747,-0.054146346,0.15005873,-0.094731435,0.039986704,0.27638033,0.09558664,0.3486023,0.1983646,-0.20863046,0.5858321,0.17491703,-0.57784426,-0.12920693,-0.1608249,0.003646103,-0.22064856,0.020507382,-0.15255553,-0.43660724,0.06834709,-0.00022956729,-0.39629894,0.11165582,0.23954554,-0.123761155,0.091453254,0.25864363,-0.039191846,-0.1433364,0.23977408,-0.46907902,0.07907569,0.1270923,-0.6724222,0.054514825,0.15705086,-0.5732113,-0.066602066,0.18511078,-0.6109042,-0.025734186,0.21147706,-0.61719227,-0.04700125,0.14836377,-0.5926798,0.07422389,0.21800518,-0.6099565,0.035266943,0.0836957,-0.007079821079969406,0.2132195234298706,0.00042760372161865234
