frame,Ankle.R_x,Ankle.R_y,Ankle.R_z,Knee.R_x,Knee.R_y,Knee.R_z,Hip.R_x,Hip.R_y,Hip.R_z,Hip.L_x,Hip.L_y,Hip.L_z,Knee.L_x,Knee.L_y,Knee.L_z,Ankle.L_x,Ankle.L_y,Ankle.L_z,Wrist.R_x,Wrist.R_y,Wrist.R_z,Elbow.R_x,Elbow.R_y,Elbow.R_z,Shoulder.R_x,Shoulder.R_y,Shoulder.R_z,Shoulder.L_x,Shoulder.L_y,Shoulder.L_z,Elbow.L_x,Elbow.L_y,Elbow.L_z,Wrist.L_x,Wrist.L_y,Wrist.L_z,Neck_x,Neck_y,Neck_z,Head_x,Head_y,Head_z,Nose_x,Nose_y,Nose_z,Eye.L_x,Eye.L_y,Eye.L_z,Eye.R_x,Eye.R_y,Eye.R_z,Ear.L_x,Ear.L_y,Ear.L_z,Ear.R_x,Ear.R_y,Ear.R_z,hip.Center_x,hip.Center_y,hip.Center_z
0,0.37347734,0.23722266,-0.7219939,0.34796566,0.20028278,-0.27537215,-0.05125888,0.15142532,-0.104901366,0.0498592,0.26248047,0.09771631,0.26106882,0.17814645,-0.28034115,0.4069836,0.110100165,-0.6952506,-0.11745422,-0.16058764,-0.011188106,-0.21853416,-0.020214224,-0.19526625,-0.40189296,-0.012934684,-0.00100186,-0.3793586,0.0655057,0.21637405,-0.15794805,0.09208719,0.096168175,-0.08310418,-0.12313751,0.18278135,-0.43470433,0.0059544267,0.11508911,-0.6045256,0.025626479,0.1551797,-0.55155885,-0.12178953,0.19434665,-0.5686365,-0.06746429,0.21743913,-0.5906935,-0.09246284,0.15822299,-0.51632464,0.020043187,0.20579974,-0.56353015,-0.027117431,0.080901705,-0.0006998404860496521,0.20695289969444275,-0.0035925284028053284
