frame,Ankle.R_x,Ankle.R_y,Ankle.R_z,Knee.R_x,Knee.R_y,Knee.R_z,Hip.R_x,Hip.R_y,Hip.R_z,Hip.L_x,Hip.L_y,Hip.L_z,Knee.L_x,Knee.L_y,Knee.L_z,Ankle.L_x,Ankle.L_y,Ankle.L_z,Wrist.R_x,Wrist.R_y,Wrist.R_z,Elbow.R_x,Elbow.R_y,Elbow.R_z,Shoulder.R_x,Shoulder.R_y,Shoulder.R_z,Shoulder.L_x,Shoulder.L_y,Shoulder.L_z,Elbow.L_x,Elbow.L_y,Elbow.L_z,Wrist.L_x,Wrist.L_y,Wrist.L_z,Neck_x,Neck_y,Neck_z,Head_x,Head_y,Head_z,Nose_x,Nose_y,Nose_z,Eye.L_x,Eye.L_y,Eye.L_z,Eye.R_x,Eye.R_y,Eye.R_z,Ear.L_x,Ear.L_y,Ear.L_z,Ear.R_x,Ear.R_y,Ear.R_z,hip.Center_x,hip.Center_y,hip.Center_z
0,0.3666615,0.2342013,-0.733787,0.3423354,0.214328,-0.28584716,-0.04445953,0.13807698,-0.09678325,0.04516997,0.27638373,0.09294555,0.26730835,0.17874229,-0.27679327,0.4230829,0.093991324,-0.6841311,-0.14453915,-0.1689995,-0.020977499,-0.2515187,-0.03200126,-0.20354371,-0.4049974,-0.014688152,0.011450854,-0.38582096,0.07451509,0.21721174,-0.18636958,0.07599154,0.07579733,-0.18093589,-0.16663371,0.12156638,-0.43373057,0.010016307,0.12309543,-0.59419245,0.023440186,0.18176529,-0.5336215,-0.12282972,0.21297118,-0.549084,-0.06908107,0.23831275,-0.5771242,-0.09405237,0.18170623,-0.5007746,0.019966446,0.22196072,-0.5597311,-0.02767232,0.102382414,0.0003552194684743881,0.2072303593158722,-0.001918848603963852
