frame,Ankle.R_x,Ankle.R_y,Ankle.R_z,Knee.R_x,Knee.R_y,Knee.R_z,Hip.R_x,Hip.R_y,Hip.R_z,Hip.L_x,Hip.L_y,Hip.L_z,Knee.L_x,Knee.L_y,Knee.L_z,Ankle.L_x,Ankle.L_y,Ankle.L_z,Wrist.R_x,Wrist.R_y,Wrist.R_z,Elbow.R_x,Elbow.R_y,Elbow.R_z,Shoulder.R_x,Shoulder.R_y,Shoulder.R_z,Shoulder.L_x,Shoulder.L_y,Shoulder.L_z,Elbow.L_x,Elbow.L_y,Elbow.L_z,Wrist.L_x,Wrist.L_y,Wrist.L_z,Neck_x,Neck_y,Neck_z,Head_x,Head_y,Head_z,Nose_x,Nose_y,Nose_z,Eye.L_x,Eye.L_y,Eye.L_z,Eye.R_x,Eye.R_y,Eye.R_z,Ear.L_x,Ear.L_y,Ear.L_z,Ear.R_x,Ear.R_y,Ear.R_z,hip.Center_x,hip.Center_y,hip.Center_z
0,0.3593791,0.22624306,-0.7515807,0.32262984,0.23085156,-0.30408016,-0.020040192,0.11268003,-0.07463173,0.024527801,0.30227256,0.07988018,0.2620868,0.21488506,-0.2778486,0.42249548,0.10822041,-0.67989177,-0.17047668,-0.16623285,-0.03378284,-0.25841323,-0.05591609,-0.23519716,-0.3772321,-0.04023684,0.016821316,-0.3776906,0.095120125,0.2200209,-0.16736603,0.009209282,0.10124148,-0.3091479,-0.19281115,0.09982148,-0.42158267,0.013176236,0.1312179,-0.5811074,0.034978412,0.20398585,-0.5216868,-0.111409694,0.23535918,-0.53599036,-0.05718982,0.26074412,-0.56613386,-0.08285577,0.20583361,-0.48710448,0.030161098,0.24128187,-0.55017745,-0.017001942,0.12539281,0.00224380474537611,0.20747628808021545,0.0026242248713970184
