frame,Ankle.R_x,Ankle.R_y,Ankle.R_z,Knee.R_x,Knee.R_y,Knee.R_z,Hip.R_x,Hip.R_y,Hip.R_z,Hip.L_x,Hip.L_y,Hip.L_z,Knee.L_x,Knee.L_y,Knee.L_z,Ankle.L_x,Ankle.L_y,Ankle.L_z,Wrist.R_x,Wrist.R_y,Wrist.R_z,Elbow.R_x,Elbow.R_y,Elbow.R_z,Shoulder.R_x,Shoulder.R_y,Shoulder.R_z,Shoulder.L_x,Shoulder.L_y,Shoulder.L_z,Elbow.L_x,Elbow.L_y,Elbow.L_z,Wrist.L_x,Wrist.L_y,Wrist.L_z,Neck_x,Neck_y,Neck_z,Head_x,Head_y,Head_z,Nose_x,Nose_y,Nose_z,Eye.L_x,Eye.L_y,Eye.L_z,Eye.R_x,Eye.R_y,Eye.R_z,Ear.L_x,Ear.L_y,Ear.L_z,Ear.R_x,Ear.R_y,Ear.R_z,hip.Center_x,hip.Center_y,hip.Center_z
0,0.387258,0.12367331,-0.7875421,0.17272173,0.23216966,-0.40680447,-0.0736019,0.15697464,-0.090804055,0.072926536,0.24399498,0.09035584,0.25090992,0.24454129,-0.31094584,0.41334307,0.15483846,-0.7134587,-0.30339906,-0.1647846,0.007435188,-0.18900909,-0.032715112,-0.17462242,-0.39799252,0.079370186,-0.009353559,-0.40112966,0.12717372,0.23812568,-0.1824496,0.019358262,0.37351748,-0.33209223,-0.16623937,0.3240352,-0.43711025,0.091843374,0.11780143,-0.58374846,0.06402679,0.22883026,-0.5306707,-0.07161278,0.16251239,-0.5353868,-0.040609866,0.21587569,-0.5774265,-0.0327852,0.16348985,-0.4860519,0.04671514,0.23712337,-0.5736116,0.06671048,0.12898515,-0.00033768266439437866,0.20048481225967407,-0.00022410601377487183
