frame,Ankle.R_x,Ankle.R_y,Ankle.R_z,Knee.R_x,Knee.R_y,Knee.R_z,Hip.R_x,Hip.R_y,Hip.R_z,Hip.L_x,Hip.L_y,Hip.L_z,Knee.L_x,Knee.L_y,Knee.L_z,Ankle.L_x,Ankle.L_y,Ankle.L_z,Wrist.R_x,Wrist.R_y,Wrist.R_z,Elbow.R_x,Elbow.R_y,Elbow.R_z,Shoulder.R_x,Shoulder.R_y,Shoulder.R_z,Shoulder.L_x,Shoulder.L_y,Shoulder.L_z,Elbow.L_x,Elbow.L_y,Elbow.L_z,Wrist.L_x,Wrist.L_y,Wrist.L_z,Neck_x,Neck_y,Neck_z,Head_x,Head_y,Head_z,Nose_x,Nose_y,Nose_z,Eye.L_x,Eye.L_y,Eye.L_z,Eye.R_x,Eye.R_y,Eye.R_z,Ear.L_x,Ear.L_y,Ear.L_z,Ear.R_x,Ear.R_y,Ear.R_z,hip.Center_x,hip.Center_y,hip.Center_z
0,0.37496912,0.14634235,-0.7914442,0.17377174,0.24635424,-0.40675417,-0.06529972,0.1475384,-0.08997844,0.0709606,0.25581586,0.08923763,0.23998712,0.27425113,-0.3173523,0.38286912,0.21252277,-0.7280775,-0.31677857,-0.13672051,0.01923433,-0.20830737,-0.03762727,-0.18269406,-0.4035645,0.06222707,-0.0057653924,-0.40771833,0.112882175,0.23235992,-0.19672333,0.049418386,0.39231175,-0.35085922,-0.118749194,0.31693298,-0.4390848,0.072065026,0.11797039,-0.5776328,0.05223066,0.23370853,-0.5365206,-0.08790025,0.1676518,-0.536646,-0.055912077,0.22057822,-0.58032405,-0.045840506,0.16990796,-0.4805714,0.028033432,0.23839745,-0.5713303,0.052188076,0.13373159,0.002830442041158676,0.2016771286725998,-0.0003704056143760681
