frame,Ankle.R_x,Ankle.R_y,Ankle.R_z,Knee.R_x,Knee.R_y,Knee.R_z,Hip.R_x,Hip.R_y,Hip.R_z,Hip.L_x,Hip.L_y,Hip.L_z,Knee.L_x,Knee.L_y,Knee.L_z,Ankle.L_x,Ankle.L_y,Ankle.L_z,Wrist.R_x,Wrist.R_y,Wrist.R_z,Elbow.R_x,Elbow.R_y,Elbow.R_z,Shoulder.R_x,Shoulder.R_y,Shoulder.R_z,Shoulder.L_x,Shoulder.L_y,Shoulder.L_z,Elbow.L_x,Elbow.L_y,Elbow.L_z,Wrist.L_x,Wrist.L_y,Wrist.L_z,Neck_x,Neck_y,Neck_z,Head_x,Head_y,Head_z,Nose_x,Nose_y,Nose_z,Eye.L_x,Eye.L_y,Eye.L_z,Eye.R_x,Eye.R_y,Eye.R_z,Ear.L_x,Ear.L_y,Ear.L_z,Ear.R_x,Ear.R_y,Ear.R_z,hip.Center_x,hip.Center_y,hip.Center_z
0,0.6056984,0.23935522,-0.5587152,0.3781398,0.21711937,-0.18794768,0.0030826617,0.10031198,-0.014957428,-0.010592639,0.3385886,0.029840684,0.36654913,0.30367082,-0.18798399,0.61725664,0.26698002,-0.54464144,-0.15604301,-0.18342933,0.06865117,-0.22958285,-0.049903523,-0.13065323,-0.43860543,0.036451206,0.0051238816,-0.41829795,0.14761502,0.21648997,-0.16777657,0.069262244,0.22674972,-0.24971795,-0.15125287,0.16784018,-0.47742352,0.082469106,0.12056053,-0.6769817,0.060922474,0.16738561,-0.57214046,-0.05109562,0.20791483,-0.6101755,-0.008653969,0.22965202,-0.6186954,-0.03873582,0.17100671,-0.5956255,0.0904344,0.21950717,-0.61813074,0.033129312,0.0955686,-0.0037549887783825397,0.21945029497146606,0.0074416277930140495
