frame,Ankle.R_x,Ankle.R_y,Ankle.R_z,Knee.R_x,Knee.R_y,Knee.R_z,Hip.R_x,Hip.R_y,Hip.R_z,Hip.L_x,Hip.L_y,Hip.L_z,Knee.L_x,Knee.L_y,Knee.L_z,Ankle.L_x,Ankle.L_y,Ankle.L_z,Wrist.R_x,Wrist.R_y,Wrist.R_z,Elbow.R_x,Elbow.R_y,Elbow.R_z,Shoulder.R_x,Shoulder.R_y,Shoulder.R_z,Shoulder.L_x,Shoulder.L_y,Shoulder.L_z,Elbow.L_x,Elbow.L_y,Elbow.L_z,Wrist.L_x,Wrist.L_y,Wrist.L_z,Neck_x,Neck_y,Neck_z,Head_x,Head_y,Head_z,Nose_x,Nose_y,Nose_z,Eye.L_x,Eye.L_y,Eye.L_z,Eye.R_x,Eye.R_y,Eye.R_z,Ear.L_x,Ear.L_y,Ear.L_z,Ear.R_x,Ear.R_y,Ear.R_z,hip.Center_x,hip.Center_y,hip.Center_z
0,0.35114986,0.12868631,-0.8070584,0.20180364,0.21287991,-0.39377007,-0.06370267,0.14482054,-0.08864969,0.06933564,0.25683182,0.09044016,0.22372657,0.2887996,-0.32238773,0.35968497,0.2572369,-0.739698,-0.26009423,-0.11820017,0.027204312,-0.24631675,-0.0446708,-0.20911583,-0.40412858,0.052329287,0.00086088385,-0.3980169,0.119959846,0.24111652,-0.17291042,0.07573401,0.38426042,-0.29510713,-0.0958084,0.2773706,-0.43920273,0.07007683,0.12752977,-0.5883627,0.062469177,0.23695517,-0.5515089,-0.08036268,0.17629647,-0.55343044,-0.04791194,0.22870255,-0.59238523,-0.036188312,0.17475152,-0.49364486,0.032305785,0.24991506,-0.5745319,0.0598239,0.13909006,0.0028164833784103394,0.20082618296146393,0.000895235687494278
