frame,Ankle.R_x,Ankle.R_y,Ankle.R_z,Knee.R_x,Knee.R_y,Knee.R_z,Hip.R_x,Hip.R_y,Hip.R_z,Hip.L_x,Hip.L_y,Hip.L_z,Knee.L_x,Knee.L_y,Knee.L_z,Ankle.L_x,Ankle.L_y,Ankle.L_z,Wrist.R_x,Wrist.R_y,Wrist.R_z,Elbow.R_x,Elbow.R_y,Elbow.R_z,Shoulder.R_x,Shoulder.R_y,Shoulder.R_z,Shoulder.L_x,Shoulder.L_y,Shoulder.L_z,Elbow.L_x,Elbow.L_y,Elbow.L_z,Wrist.L_x,Wrist.L_y,Wrist.L_z,Neck_x,Neck_y,Neck_z,Head_x,Head_y,Head_z,Nose_x,Nose_y,Nose_z,Eye.L_x,Eye.L_y,Eye.L_z,Eye.R_x,Eye.R_y,Eye.R_z,Ear.L_x,Ear.L_y,Ear.L_z,Ear.R_x,Ear.R_y,Ear.R_z,hip.Center_x,hip.Center_y,hip.Center_z
0,0.61343455,0.2928328,-0.5244151,0.3870564,0.24536975,-0.15747856,0.005261299,0.09980652,-0.02297678,-0.012659335,0.33627573,0.03518346,0.36865124,0.32110596,-0.17528787,0.5999508,0.31178382,-0.54553187,-0.07869229,-0.17499274,0.02903896,-0.22555348,-0.04668286,-0.13126516,-0.43542978,0.025116304,0.008907669,-0.40726337,0.13585848,0.21861206,-0.14946674,0.08179224,0.20996676,-0.17532082,-0.15709534,0.17496508,-0.47153825,0.071164265,0.123614684,-0.6721767,0.05172667,0.16781726,-0.56745005,-0.059872687,0.20997924,-0.6057874,-0.01761727,0.23112452,-0.61348915,-0.047999896,0.17257562,-0.59158003,0.081492245,0.2206721,-0.612386,0.023472391,0.09669979,-0.0036990176886320114,0.21804112195968628,0.006103339605033398
