frame,Ankle.R_x,Ankle.R_y,Ankle.R_z,Knee.R_x,Knee.R_y,Knee.R_z,Hip.R_x,Hip.R_y,Hip.R_z,Hip.L_x,Hip.L_y,Hip.L_z,Knee.L_x,Knee.L_y,Knee.L_z,Ankle.L_x,Ankle.L_y,Ankle.L_z,Wrist.R_x,Wrist.R_y,Wrist.R_z,Elbow.R_x,Elbow.R_y,Elbow.R_z,Shoulder.R_x,Shoulder.R_y,Shoulder.R_z,Shoulder.L_x,Shoulder.L_y,Shoulder.L_z,Elbow.L_x,Elbow.L_y,Elbow.L_z,Wrist.L_x,Wrist.L_y,Wrist.L_z,Neck_x,Neck_y,Neck_z,Head_x,Head_y,Head_z,Nose_x,Nose_y,Nose_z,Eye.L_x,Eye.L_y,Eye.L_z,Eye.R_x,Eye.R_y,Eye.R_z,Ear.L_x,Ear.L_y,Ear.L_z,Ear.R_x,Ear.R_y,Ear.R_z,hip.Center_x,hip.Center_y,hip.Center_z
0,0.34876487,0.12544079,-0.7702391,0.2885407,0.22827649,-0.33780172,-0.049538903,0.13889033,-0.09317015,0.056776017,0.26975474,0.09034826,0.23432922,0.22252226,-0.3095631,0.34199965,0.13492902,-0.73021626,-0.2189352,-0.18778805,-0.02302252,-0.3127001,-0.05482672,-0.21049243,-0.4307379,0.034892466,0.012061736,-0.3682653,0.065474935,0.2318549,-0.1533616,0.09076394,0.10579158,-0.1293329,-0.11822277,-0.007139558,-0.43777508,0.031832792,0.13002577,-0.559352,0.018816074,0.25399628,-0.5263359,-0.12475833,0.19213143,-0.51877624,-0.09028191,0.24162051,-0.57009727,-0.08441188,0.19763155,-0.46299377,-0.004528139,0.24492462,-0.5688761,0.010586107,0.1542316,0.0036185570061206818,0.20432253181934357,-0.001410946249961853
