frame,Ankle.R_x,Ankle.R_y,Ankle.R_z,Knee.R_x,Knee.R_y,Knee.R_z,Hip.R_x,Hip.R_y,Hip.R_z,Hip.L_x,Hip.L_y,Hip.L_z,Knee.L_x,Knee.L_y,Knee.L_z,Ankle.L_x,Ankle.L_y,Ankle.L_z,Wrist.R_x,Wrist.R_y,Wrist.R_z,Elbow.R_x,Elbow.R_y,Elbow.R_z,Shoulder.R_x,Shoulder.R_y,Shoulder.R_z,Shoulder.L_x,Shoulder.L_y,Shoulder.L_z,Elbow.L_x,Elbow.L_y,Elbow.L_z,Wrist.L_x,Wrist.L_y,Wrist.L_z,Neck_x,Neck_y,Neck_z,Head_x,Head_y,Head_z,Nose_x,Nose_y,Nose_z,Eye.L_x,Eye.L_y,Eye.L_z,Eye.R_x,Eye.R_y,Eye.R_z,Ear.L_x,Ear.L_y,Ear.L_z,Ear.R_x,Ear.R_y,Ear.R_z,hip.Center_x,hip.Center_y,hip.Center_z
0,0.61306465,0.29171795,-0.53933185,0.382834,0.20554842,-0.18014298,-0.021033213,0.118505865,-0.07425766,0.012529946,0.30851838,0.07796005,0.37364158,0.2780243,-0.16733748,0.59222263,0.3006022,-0.5432987,-0.091856875,-0.16575485,0.01309602,-0.2344089,-0.021740435,-0.14215532,-0.4433046,0.044371136,0.0016916636,-0.40520924,0.123174265,0.21789637,-0.14055513,0.08569444,0.21615218,-0.061634798,-0.14568862,0.16745508,-0.47216058,0.0729643,0.11748146,-0.66868937,0.037321795,0.15868072,-0.55816615,-0.0712544,0.19496079,-0.5983729,-0.031874597,0.2182874,-0.6048204,-0.059779003,0.15821981,-0.58927524,0.068814985,0.21332374,-0.6071924,0.01568409,0.08546831,-0.004251633305102587,0.213512122631073,0.0018511973321437836
