frame,Ankle.R_x,Ankle.R_y,Ankle.R_z,Knee.R_x,Knee.R_y,Knee.R_z,Hip.R_x,Hip.R_y,Hip.R_z,Hip.L_x,Hip.L_y,Hip.L_z,Knee.L_x,Knee.L_y,Knee.L_z,Ankle.L_x,Ankle.L_y,Ankle.L_z,Wrist.R_x,Wrist.R_y,Wrist.R_z,Elbow.R_x,Elbow.R_y,Elbow.R_z,Shoulder.R_x,Shoulder.R_y,Shoulder.R_z,Shoulder.L_x,Shoulder.L_y,Shoulder.L_z,Elbow.L_x,Elbow.L_y,Elbow.L_z,Wrist.L_x,Wrist.L_y,Wrist.L_z,Neck_x,Neck_y,Neck_z,Head_x,Head_y,Head_z,Nose_x,Nose_y,Nose_z,Eye.L_x,Eye.L_y,Eye.L_z,Eye.R_x,Eye.R_y,Eye.R_z,Ear.L_x,Ear.L_y,Ear.L_z,Ear.R_x,Ear.R_y,Ear.R_z,hip.Center_x,hip.Center_y,hip.Center_z
0,0.33005947,0.098512016,-0.80584246,0.22848171,0.17701761,-0.3753355,-0.07717922,0.17342155,-0.09798533,0.077753134,0.22950354,0.0911515,0.22769633,0.2764636,-0.32379523,0.34301308,0.25756437,-0.7486722,-0.20486495,-0.1041465,0.03376218,-0.2850752,-0.027109606,-0.19606519,-0.43234366,0.09196829,-0.002823757,-0.41750196,0.11171767,0.22186959,-0.19704711,0.12071261,0.36923212,-0.16645482,-0.09063409,0.2610071,-0.45775384,0.08637519,0.11468584,-0.59905463,0.052841075,0.23582669,-0.54484296,-0.07564351,0.15923876,-0.54621506,-0.047130913,0.21374077,-0.5933338,-0.0399888,0.16593798,-0.50052464,0.04145638,0.2347311,-0.598861,0.05968601,0.13588893,0.0002869553864002228,0.2014625370502472,-0.0034169144928455353
