frame,Ankle.R_x,Ankle.R_y,Ankle.R_z,Knee.R_x,Knee.R_y,Knee.R_z,Hip.R_x,Hip.R_y,Hip.R_z,Hip.L_x,Hip.L_y,Hip.L_z,Knee.L_x,Knee.L_y,Knee.L_z,Ankle.L_x,Ankle.L_y,Ankle.L_z,Wrist.R_x,Wrist.R_y,Wrist.R_z,Elbow.R_x,Elbow.R_y,Elbow.R_z,Shoulder.R_x,Shoulder.R_y,Shoulder.R_z,Shoulder.L_x,Shoulder.L_y,Shoulder.L_z,Elbow.L_x,Elbow.L_y,Elbow.L_z,Wrist.L_x,Wrist.L_y,Wrist.L_z,Neck_x,Neck_y,Neck_z,Head_x,Head_y,Head_z,Nose_x,Nose_y,Nose_z,Eye.L_x,Eye.L_y,Eye.L_z,Eye.R_x,Eye.R_y,Eye.R_z,Ear.L_x,Ear.L_y,Ear.L_z,Ear.R_x,Ear.R_y,Ear.R_z,hip.Center_x,hip.Center_y,hip.Center_z
0,0.41079435,0.17021216,-0.76855856,0.24900363,0.11867484,-0.35084477,-0.076965265,0.15753631,-0.09040846,0.074183226,0.25662255,0.08655794,0.19353053,0.25071764,-0.34160042,0.29651263,0.1668444,-0.76592886,-0.09820578,-0.16053766,0.054975778,-0.18646985,-0.013394051,-0.13436733,-0.39729422,0.03787119,0.044054113,-0.39650464,0.15098386,0.2665626,-0.16175453,0.085553244,0.38864294,-0.08466253,-0.15885362,0.4064623,-0.44169593,0.08691877,0.1622568,-0.6198375,0.118395574,0.21755761,-0.5730511,-0.033922732,0.23662488,-0.5887866,0.017624991,0.2670381,-0.609559,0.0021497086,0.20444147,-0.53331685,0.10476851,0.27066705,-0.5769693,0.07681617,0.1375837,-0.0013910196721553802,0.2070794403553009,-0.0019252598285675049
