frame,Ankle.R_x,Ankle.R_y,Ankle.R_z,Knee.R_x,Knee.R_y,Knee.R_z,Hip.R_x,Hip.R_y,Hip.R_z,Hip.L_x,Hip.L_y,Hip.L_z,Knee.L_x,Knee.L_y,Knee.L_z,Ankle.L_x,Ankle.L_y,Ankle.L_z,Wrist.R_x,Wrist.R_y,Wrist.R_z,Elbow.R_x,Elbow.R_y,Elbow.R_z,Shoulder.R_x,Shoulder.R_y,Shoulder.R_z,Shoulder.L_x,Shoulder.L_y,Shoulder.L_z,Elbow.L_x,Elbow.L_y,Elbow.L_z,Wrist.L_x,Wrist.L_y,Wrist.L_z,Neck_x,Neck_y,Neck_z,Head_x,Head_y,Head_z,Nose_x,Nose_y,Nose_z,Eye.L_x,Eye.L_y,Eye.L_z,Eye.R_x,Eye.R_y,Eye.R_z,Ear.L_x,Ear.L_y,Ear.L_z,Ear.R_x,Ear.R_y,Ear.R_z,hip.Center_x,hip.Center_y,hip.Center_z
0,0.544431,0.22634584,-0.6368387,0.34628716,0.16235678,-0.24749768,-0.049343444,0.1436828,-0.0912721,0.036175504,0.28556958,0.09339611,0.3571006,0.21307708,-0.20465575,0.5324108,0.23895821,-0.606623,-0.10538442,-0.209301,0.040665448,-0.20665827,-0.0243696,-0.11149975,-0.43945944,0.073447876,-0.019486934,-0.4278887,0.16074005,0.21494149,-0.17470616,0.08475944,0.27566388,-0.078512706,-0.15143177,0.28062972,-0.48867542,0.11397381,0.09817773,-0.6924512,0.119112596,0.08036178,-0.6263143,-0.0017753318,0.16103433,-0.66154003,0.04857198,0.16639082,-0.65614295,0.0129421875,0.110065766,-0.6270156,0.14396743,0.15612154,-0.61868453,0.07475776,0.03361287,-0.0065839700400829315,0.21462619304656982,0.0010620057582855225
