frame,Ankle.R_x,Ankle.R_y,Ankle.R_z,Knee.R_x,Knee.R_y,Knee.R_z,Hip.R_x,Hip.R_y,Hip.R_z,Hip.L_x,Hip.L_y,Hip.L_z,Knee.L_x,Knee.L_y,Knee.L_z,Ankle.L_x,Ankle.L_y,Ankle.L_z,Wrist.R_x,Wrist.R_y,Wrist.R_z,Elbow.R_x,Elbow.R_y,Elbow.R_z,Shoulder.R_x,Shoulder.R_y,Shoulder.R_z,Shoulder.L_x,Shoulder.L_y,Shoulder.L_z,Elbow.L_x,Elbow.L_y,Elbow.L_z,Wrist.L_x,Wrist.L_y,Wrist.L_z,Neck_x,Neck_y,Neck_z,Head_x,Head_y,Head_z,Nose_x,Nose_y,Nose_z,Eye.L_x,Eye.L_y,Eye.L_z,Eye.R_x,Eye.R_y,Eye.R_z,Ear.L_x,Ear.L_y,Ear.L_z,Ear.R_x,Ear.R_y,Ear.R_z,hip.Center_x,hip.Center_y,hip.Center_z
0,0.6471844,0.27467197,-0.5278096,0.36884648,0.1645576,-0.20277752,-0.04330284,0.1395188,-0.092042565,0.028617963,0.2910027,0.091855414,0.37315252,0.22759774,-0.18229504,0.5535068,0.24710177,-0.5828814,-0.12034354,-0.18409893,0.040048122,-0.20659041,-0.0064478484,-0.12708752,-0.44357553,0.07840281,-0.033868443,-0.43932796,0.16940737,0.19829789,-0.18905433,0.09543638,0.2721185,-0.10108653,-0.14345585,0.28966004,-0.4951871,0.11997133,0.08260702,-0.70057464,0.11973232,0.07372933,-0.6260173,0.0011860952,0.14991446,-0.6624547,0.050326094,0.15728898,-0.6590251,0.014834076,0.10072442,-0.6320808,0.147018,0.14552197,-0.627736,0.07816862,0.022518076,-0.007342439144849777,0.21526074409484863,-9.357556700706482e-05
