frame,Ankle.R_x,Ankle.R_y,Ankle.R_z,Knee.R_x,Knee.R_y,Knee.R_z,Hip.R_x,Hip.R_y,Hip.R_z,Hip.L_x,Hip.L_y,Hip.L_z,Knee.L_x,Knee.L_y,Knee.L_z,Ankle.L_x,Ankle.L_y,Ankle.L_z,Wrist.R_x,Wrist.R_y,Wrist.R_z,Elbow.R_x,Elbow.R_y,Elbow.R_z,Shoulder.R_x,Shoulder.R_y,Shoulder.R_z,Shoulder.L_x,Shoulder.L_y,Shoulder.L_z,Elbow.L_x,Elbow.L_y,Elbow.L_z,Wrist.L_x,Wrist.L_y,Wrist.L_z,Neck_x,Neck_y,Neck_z,Head_x,Head_y,Head_z,Nose_x,Nose_y,Nose_z,Eye.L_x,Eye.L_y,Eye.L_z,Eye.R_x,Eye.R_y,Eye.R_z,Ear.L_x,Ear.L_y,Ear.L_z,Ear.R_x,Ear.R_y,Ear.R_z,hip.Center_x,hip.Center_y,hip.Center_z
0,0.3768702,0.18557617,-0.80469865,0.18287788,0.21096885,-0.40390345,-0.07644034,0.15741876,-0.08930318,0.07532529,0.2455228,0.0868424,0.23551519,0.26960692,-0.32455525,0.39550152,0.22348839,-0.73512053,-0.12798892,-0.14687642,0.05351132,-0.20229466,0.012832139,-0.12996502,-0.41135633,0.06632851,0.044910926,-0.41042593,0.18045324,0.25006193,-0.1852592,0.10847171,0.37004614,-0.112579584,-0.13559127,0.33391562,-0.44883978,0.11647143,0.15163137,-0.60650384,0.1580984,0.22752056,-0.59539354,0.0033805808,0.18654528,-0.6016439,0.041960664,0.23471361,-0.6202673,0.05630533,0.1713084,-0.52842665,0.10645278,0.27027085,-0.56741095,0.13985102,0.13792756,-0.0005575269460678101,0.2014707773923874,-0.001230388879776001
