frame,Ankle.R_x,Ankle.R_y,Ankle.R_z,Knee.R_x,Knee.R_y,Knee.R_z,Hip.R_x,Hip.R_y,Hip.R_z,Hip.L_x,Hip.L_y,Hip.L_z,Knee.L_x,Knee.L_y,Knee.L_z,Ankle.L_x,Ankle.L_y,Ankle.L_z,Wrist.R_x,Wrist.R_y,Wrist.R_z,Elbow.R_x,Elbow.R_y,Elbow.R_z,Shoulder.R_x,Shoulder.R_y,Shoulder.R_z,Shoulder.L_x,Shoulder.L_y,Shoulder.L_z,Elbow.L_x,Elbow.L_y,Elbow.L_z,Wrist.L_x,Wrist.L_y,Wrist.L_z,Neck_x,Neck_y,Neck_z,Head_x,Head_y,Head_z,Nose_x,Nose_y,Nose_z,Eye.L_x,Eye.L_y,Eye.L_z,Eye.R_x,Eye.R_y,Eye.R_z,Ear.L_x,Ear.L_y,Ear.L_z,Ear.R_x,Ear.R_y,Ear.R_z,hip.Center_x,hip.Center_y,hip.Center_z
0,0.61419827,0.2933305,-0.5428938,0.37625736,0.18087497,-0.19095315,-0.037871,0.13539596,-0.090428546,0.02463829,0.2919865,0.090914086,0.3789331,0.24790972,-0.16740917,0.59809923,0.28052723,-0.54452795,-0.12913555,-0.15163144,0.009184263,-0.24901909,0.0003773792,-0.15826441,-0.45087394,0.066545695,-0.0028938325,-0.40330458,0.121397406,0.22640994,-0.1332501,0.10711532,0.22735867,-0.012413846,-0.10681248,0.17901018,-0.4769186,0.08239269,0.11981734,-0.67677814,0.044484477,0.15732342,-0.5655031,-0.063970804,0.18891603,-0.60584474,-0.025426254,0.2139585,-0.61236143,-0.051463038,0.15298295,-0.5975994,0.07559214,0.21312301,-0.6150372,0.026393361,0.0829625,-0.0066163549199700356,0.21369123458862305,0.00024276971817016602
