frame,Ankle.R_x,Ankle.R_y,Ankle.R_z,Knee.R_x,Knee.R_y,Knee.R_z,Hip.R_x,Hip.R_y,Hip.R_z,Hip.L_x,Hip.L_y,Hip.L_z,Knee.L_x,Knee.L_y,Knee.L_z,Ankle.L_x,Ankle.L_y,Ankle.L_z,Wrist.R_x,Wrist.R_y,Wrist.R_z,Elbow.R_x,Elbow.R_y,Elbow.R_z,Shoulder.R_x,Shoulder.R_y,Shoulder.R_z,Shoulder.L_x,Shoulder.L_y,Shoulder.L_z,Elbow.L_x,Elbow.L_y,Elbow.L_z,Wrist.L_x,Wrist.L_y,Wrist.L_z,Neck_x,Neck_y,Neck_z,Head_x,Head_y,Head_z,Nose_x,Nose_y,Nose_z,Eye.L_x,Eye.L_y,Eye.L_z,Eye.R_x,Eye.R_y,Eye.R_z,Ear.L_x,Ear.L_y,Ear.L_z,Ear.R_x,Ear.R_y,Ear.R_z,hip.Center_x,hip.Center_y,hip.Center_z
0,0.34464604,0.08430406,-0.7629146,0.290366,0.16216972,-0.32101396,-0.075901836,0.18231711,-0.10593146,0.07339437,0.23010251,0.09355045,0.22818768,0.2456559,-0.32067466,0.3359066,0.21986704,-0.74738663,-0.23804162,-0.19378181,-0.0096349735,-0.32366297,-0.0424124,-0.20016207,-0.44695917,0.058617912,0.010907586,-0.39467114,0.078154415,0.21751478,-0.18257125,0.11894158,0.101498194,-0.055479057,-0.08009592,0.008779666,-0.45575628,0.052751794,0.118720576,-0.5835942,0.026433773,0.2448323,-0.53216887,-0.1082551,0.17639339,-0.52897835,-0.07408704,0.2268823,-0.58159983,-0.07421376,0.18410583,-0.48493072,0.01838006,0.2339459,-0.5946133,0.022172742,0.14334515,-0.0012537315487861633,0.20620980858802795,-0.006190504878759384
