frame,Ankle.R_x,Ankle.R_y,Ankle.R_z,Knee.R_x,Knee.R_y,Knee.R_z,Hip.R_x,Hip.R_y,Hip.R_z,Hip.L_x,Hip.L_y,Hip.L_z,Knee.L_x,Knee.L_y,Knee.L_z,Ankle.L_x,Ankle.L_y,Ankle.L_z,Wrist.R_x,Wrist.R_y,Wrist.R_z,Elbow.R_x,Elbow.R_y,Elbow.R_z,Shoulder.R_x,Shoulder.R_y,Shoulder.R_z,Shoulder.L_x,Shoulder.L_y,Shoulder.L_z,Elbow.L_x,Elbow.L_y,Elbow.L_z,Wrist.L_x,Wrist.L_y,Wrist.L_z,Neck_x,Neck_y,Neck_z,Head_x,Head_y,Head_z,Nose_x,Nose_y,Nose_z,Eye.L_x,Eye.L_y,Eye.L_z,Eye.R_x,Eye.R_y,Eye.R_z,Ear.L_x,Ear.L_y,Ear.L_z,Ear.R_x,Ear.R_y,Ear.R_z,hip.Center_x,hip.Center_y,hip.Center_z
0,0.3391744,0.100624226,-0.80339575,0.20377696,0.1707233,-0.38147676,-0.089165576,0.20900048,-0.099773124,0.08238889,0.19922939,0.085200176,0.22845332,0.2625363,-0.32755828,0.3388694,0.23810905,-0.7532023,-0.22383687,-0.10717474,0.049489833,-0.31161946,-0.015273034,-0.18045643,-0.44835567,0.114753455,0.008406976,-0.42841697,0.117124125,0.21259627,-0.19881725,0.15452525,0.33578452,-0.07567813,-0.049155295,0.2569809,-0.46702337,0.103512704,0.11469231,-0.61115915,0.06347532,0.23400219,-0.54045147,-0.059706107,0.16201279,-0.54671776,-0.029497162,0.21526633,-0.5934733,-0.02963981,0.16647732,-0.51173604,0.06437372,0.23475674,-0.6108022,0.069053054,0.13297105,-0.0033883415162563324,0.20411494374275208,-0.007286474108695984
