frame,Ankle.R_x,Ankle.R_y,Ankle.R_z,Knee.R_x,Knee.R_y,Knee.R_z,Hip.R_x,Hip.R_y,Hip.R_z,Hip.L_x,Hip.L_y,Hip.L_z,Knee.L_x,Knee.L_y,Knee.L_z,Ankle.L_x,Ankle.L_y,Ankle.L_z,Wrist.R_x,Wrist.R_y,Wrist.R_z,Elbow.R_x,Elbow.R_y,Elbow.R_z,Shoulder.R_x,Shoulder.R_y,Shoulder.R_z,Shoulder.L_x,Shoulder.L_y,Shoulder.L_z,Elbow.L_x,Elbow.L_y,Elbow.L_z,Wrist.L_x,Wrist.L_y,Wrist.L_z,Neck_x,Neck_y,Neck_z,Head_x,Head_y,Head_z,Nose_x,Nose_y,Nose_z,Eye.L_x,Eye.L_y,Eye.L_z,Eye.R_x,Eye.R_y,Eye.R_z,Ear.L_x,Ear.L_y,Ear.L_z,Ear.R_x,Ear.R_y,Ear.R_z,hip.Center_x,hip.Center_y,hip.Center_z
0,0.3913596,0.12788148,-0.7895289,0.20818014,0.20227686,-0.3863914,-0.088601075,0.19885378,-0.0981814,0.08036753,0.20695993,0.08807908,0.24232137,0.21320266,-0.32251427,0.38503549,0.2102843,-0.7433012,-0.2279785,-0.1335068,0.059753444,-0.25414923,-0.013411154,-0.16725512,-0.43056238,0.10564777,-0.00016466063,-0.4219104,0.117092445,0.21864587,-0.1915373,0.07132232,0.33555326,-0.16000488,-0.12600927,0.19019714,-0.45916495,0.10248374,0.11404997,-0.6034108,0.076404825,0.23280379,-0.54746765,-0.055655256,0.16314778,-0.55021816,-0.024342671,0.21616279,-0.5959184,-0.019030042,0.16656153,-0.5040489,0.0652964,0.23547721,-0.6003973,0.08017224,0.13192332,-0.00411677360534668,0.20290684700012207,-0.005051158368587494
