frame,Ankle.R_x,Ankle.R_y,Ankle.R_z,Knee.R_x,Knee.R_y,Knee.R_z,Hip.R_x,Hip.R_y,Hip.R_z,Hip.L_x,Hip.L_y,Hip.L_z,Knee.L_x,Knee.L_y,Knee.L_z,Ankle.L_x,Ankle.L_y,Ankle.L_z,Wrist.R_x,Wrist.R_y,Wrist.R_z,Elbow.R_x,Elbow.R_y,Elbow.R_z,Shoulder.R_x,Shoulder.R_y,Shoulder.R_z,Shoulder.L_x,Shoulder.L_y,Shoulder.L_z,Elbow.L_x,Elbow.L_y,Elbow.L_z,Wrist.L_x,Wrist.L_y,Wrist.L_z,Neck_x,Neck_y,Neck_z,Head_x,Head_y,Head_z,Nose_x,Nose_y,Nose_z,Eye.L_x,Eye.L_y,Eye.L_z,Eye.R_x,Eye.R_y,Eye.R_z,Ear.L_x,Ear.L_y,Ear.L_z,Ear.R_x,Ear.R_y,Ear.R_z,hip.Center_x,hip.Center_y,hip.Center_z
0,0.648928,0.32130787,-0.51315176,0.3775533,0.2106134,-0.18413223,-0.02335516,0.11249332,-0.062458344,0.013616058,0.3161799,0.06951917,0.37571898,0.26378617,-0.17219692,0.6567324,0.23624873,-0.50696576,-0.23278561,-0.21250051,0.041319832,-0.236753,-0.037784312,-0.139784,-0.44215772,0.06112104,-0.0024870513,-0.41939196,0.13431332,0.21966042,-0.16854462,0.047575027,0.25936946,-0.20339772,-0.18688,0.18606389,-0.4781115,0.09048618,0.11528467,-0.67710906,0.06628128,0.14980386,-0.5765408,-0.05063525,0.18895811,-0.6151452,-0.008298382,0.21132335,-0.62046814,-0.03490053,0.15039414,-0.5985339,0.09185383,0.20918599,-0.6137836,0.04202968,0.07949388,-0.004869550932198763,0.2143366038799286,0.0035304129123687744
