frame,Ankle.R_x,Ankle.R_y,Ankle.R_z,Knee.R_x,Knee.R_y,Knee.R_z,Hip.R_x,Hip.R_y,Hip.R_z,Hip.L_x,Hip.L_y,Hip.L_z,Knee.L_x,Knee.L_y,Knee.L_z,Ankle.L_x,Ankle.L_y,Ankle.L_z,Wrist.R_x,Wrist.R_y,Wrist.R_z,Elbow.R_x,Elbow.R_y,Elbow.R_z,Shoulder.R_x,Shoulder.R_y,Shoulder.R_z,Shoulder.L_x,Shoulder.L_y,Shoulder.L_z,Elbow.L_x,Elbow.L_y,Elbow.L_z,Wrist.L_x,Wrist.L_y,Wrist.L_z,Neck_x,Neck_y,Neck_z,Head_x,Head_y,Head_z,Nose_x,Nose_y,Nose_z,Eye.L_x,Eye.L_y,Eye.L_z,Eye.R_x,Eye.R_y,Eye.R_z,Ear.L_x,Ear.L_y,Ear.L_z,Ear.R_x,Ear.R_y,Ear.R_z,hip.Center_x,hip.Center_y,hip.Center_z
0,0.39599776,0.15954344,-0.798029,0.20451517,0.18836924,-0.3895177,-0.08597936,0.18624792,-0.09622651,0.07630008,0.21998158,0.0910281,0.24730596,0.22277227,-0.3172879,0.395301,0.18019898,-0.73536247,-0.2861363,-0.17322871,0.049107097,-0.1872904,-0.03014316,-0.13582368,-0.4084226,0.089070745,-0.0066555934,-0.41528645,0.1320659,0.22651696,-0.18900715,0.027541531,0.33143628,-0.26053438,-0.16765264,0.1951989,-0.44966152,0.10480504,0.11458267,-0.5963155,0.09025887,0.2322399,-0.5493539,-0.04783804,0.16780713,-0.5511378,-0.015139401,0.22009382,-0.59472287,-0.007422887,0.16897139,-0.49756408,0.07112166,0.23829459,-0.5895782,0.09109623,0.13240144,-0.004839640110731125,0.20311474800109863,-0.0025992058217525482
