frame,Ankle.R_x,Ankle.R_y,Ankle.R_z,Knee.R_x,Knee.R_y,Knee.R_z,Hip.R_x,Hip.R_y,Hip.R_z,Hip.L_x,Hip.L_y,Hip.L_z,Knee.L_x,Knee.L_y,Knee.L_z,Ankle.L_x,Ankle.L_y,Ankle.L_z,Wrist.R_x,Wrist.R_y,Wrist.R_z,Elbow.R_x,Elbow.R_y,Elbow.R_z,Shoulder.R_x,Shoulder.R_y,Shoulder.R_z,Shoulder.L_x,Shoulder.L_y,Shoulder.L_z,Elbow.L_x,Elbow.L_y,Elbow.L_z,Wrist.L_x,Wrist.L_y,Wrist.L_z,Neck_x,Neck_y,Neck_z,Head_x,Head_y,Head_z,Nose_x,Nose_y,Nose_z,Eye.L_x,Eye.L_y,Eye.L_z,Eye.R_x,Eye.R_y,Eye.R_z,Ear.L_x,Ear.L_y,Ear.L_z,Ear.R_x,Ear.R_y,Ear.R_z,hip.Center_x,hip.Center_y,hip.Center_z
0,0.6175746,0.20058925,-0.58534855,0.35548666,0.17313364,-0.23084946,-0.035920545,0.12277491,-0.072533116,0.026743658,0.30489996,0.07968088,0.35651603,0.25037852,-0.20596653,0.61434,0.21606731,-0.5582713,-0.2511381,-0.22550116,0.05365938,-0.23661464,-0.045884464,-0.12379119,-0.44262397,0.07312736,-0.0026400164,-0.42316914,0.14131954,0.22086412,-0.19061899,0.014462541,0.24820171,-0.22777322,-0.21723452,0.16129988,-0.48038527,0.10319828,0.11481729,-0.6800747,0.07855284,0.15080488,-0.5788804,-0.038004503,0.18819943,-0.6170554,0.0042134076,0.21134143,-0.6234052,-0.022290304,0.15034036,-0.6005473,0.10462886,0.20883441,-0.617889,0.05454874,0.07903167,-0.004588443785905838,0.2138374298810959,0.0035738833248615265
