frame,Ankle.R_x,Ankle.R_y,Ankle.R_z,Knee.R_x,Knee.R_y,Knee.R_z,Hip.R_x,Hip.R_y,Hip.R_z,Hip.L_x,Hip.L_y,Hip.L_z,Knee.L_x,Knee.L_y,Knee.L_z,Ankle.L_x,Ankle.L_y,Ankle.L_z,Wrist.R_x,Wrist.R_y,Wrist.R_z,Elbow.R_x,Elbow.R_y,Elbow.R_z,Shoulder.R_x,Shoulder.R_y,Shoulder.R_z,Shoulder.L_x,Shoulder.L_y,Shoulder.L_z,Elbow.L_x,Elbow.L_y,Elbow.L_z,Wrist.L_x,Wrist.L_y,Wrist.L_z,Neck_x,Neck_y,Neck_z,Head_x,Head_y,Head_z,Nose_x,Nose_y,Nose_z,Eye.L_x,Eye.L_y,Eye.L_z,Eye.R_x,Eye.R_y,Eye.R_z,Ear.L_x,Ear.L_y,Ear.L_z,Ear.R_x,Ear.R_y,Ear.R_z,hip.Center_x,hip.Center_y,hip.Center_z
0,0.6449262,0.31457895,-0.5061702,0.38054532,0.22441348,-0.16948251,-0.010878166,0.10226479,-0.04025907,0.0028979091,0.33004546,0.05037457,0.37543288,0.2714764,-0.17032783,0.6497957,0.23386009,-0.50793785,-0.25123793,-0.22414884,0.08117307,-0.22811171,-0.0797275,-0.12069659,-0.43300414,0.04415071,-4.9917027e-05,-0.42758474,0.14802465,0.20868863,-0.18580605,0.054715626,0.2714792,-0.21824063,-0.16858351,0.17270294,-0.47678217,0.08983417,0.110390335,-0.67572176,0.07148069,0.14623933,-0.57777894,-0.04522498,0.19164559,-0.61582696,-0.0015316755,0.2117715,-0.6209628,-0.030492365,0.15199602,-0.5973426,0.09816544,0.20530504,-0.6124606,0.043168195,0.078167446,-0.0039901286363601685,0.21615512669086456,0.005057750269770622
