frame,Ankle.R_x,Ankle.R_y,Ankle.R_z,Knee.R_x,Knee.R_y,Knee.R_z,Hip.R_x,Hip.R_y,Hip.R_z,Hip.L_x,Hip.L_y,Hip.L_z,Knee.L_x,Knee.L_y,Knee.L_z,Ankle.L_x,Ankle.L_y,Ankle.L_z,Wrist.R_x,Wrist.R_y,Wrist.R_z,Elbow.R_x,Elbow.R_y,Elbow.R_z,Shoulder.R_x,Shoulder.R_y,Shoulder.R_z,Shoulder.L_x,Shoulder.L_y,Shoulder.L_z,Elbow.L_x,Elbow.L_y,Elbow.L_z,Wrist.L_x,Wrist.L_y,Wrist.L_z,Neck_x,Neck_y,Neck_z,Head_x,Head_y,Head_z,Nose_x,Nose_y,Nose_z,Eye.L_x,Eye.L_y,Eye.L_z,Eye.R_x,Eye.R_y,Eye.R_z,Ear.L_x,Ear.L_y,Ear.L_z,Ear.R_x,Ear.R_y,Ear.R_z,hip.Center_x,hip.Center_y,hip.Center_z
0,0.41305155,0.1683262,-0.78305095,0.19921343,0.22579107,-0.39062873,-0.073235944,0.1543245,-0.08974209,0.07282853,0.2482903,0.089406386,0.24899852,0.24456912,-0.31403384,0.42382193,0.16781797,-0.7123517,-0.34753886,-0.16924351,0.029992789,-0.16112177,-0.072439484,-0.102097884,-0.39011693,0.06420468,-0.0022074627,-0.41468412,0.14270742,0.22578219,-0.20955399,0.031877637,0.3593663,-0.3411687,-0.12956083,0.23205924,-0.4397732,0.09553124,0.11493017,-0.5927211,0.0992112,0.21881402,-0.5471523,-0.04973902,0.18213278,-0.5520028,-0.008771937,0.2285389,-0.5904144,-0.008076698,0.17278829,-0.49668655,0.07748519,0.23774704,-0.5762964,0.082796484,0.12114319,-0.00020370632410049438,0.20130740106105804,-0.00016785040497779846
