frame,Ankle.R_x,Ankle.R_y,Ankle.R_z,Knee.R_x,Knee.R_y,Knee.R_z,Hip.R_x,Hip.R_y,Hip.R_z,Hip.L_x,Hip.L_y,Hip.L_z,Knee.L_x,Knee.L_y,Knee.L_z,Ankle.L_x,Ankle.L_y,Ankle.L_z,Wrist.R_x,Wrist.R_y,Wrist.R_z,Elbow.R_x,Elbow.R_y,Elbow.R_z,Shoulder.R_x,Shoulder.R_y,Shoulder.R_z,Shoulder.L_x,Shoulder.L_y,Shoulder.L_z,Elbow.L_x,Elbow.L_y,Elbow.L_z,Wrist.L_x,Wrist.L_y,Wrist.L_z,Neck_x,Neck_y,Neck_z,Head_x,Head_y,Head_z,Nose_x,Nose_y,Nose_z,Eye.L_x,Eye.L_y,Eye.L_z,Eye.R_x,Eye.R_y,Eye.R_z,Ear.L_x,Ear.L_y,Ear.L_z,Ear.R_x,Ear.R_y,Ear.R_z,hip.Center_x,hip.Center_y,hip.Center_z
0,0.62500995,0.24962233,-0.54392236,0.3750974,0.22189869,-0.18800819,0.0064311437,0.10023245,-0.008436742,-0.013592826,0.33916253,0.023562562,0.3651972,0.30071893,-0.18834803,0.6362143,0.22679006,-0.5217688,-0.20853709,-0.1985835,0.1000321,-0.23399714,-0.06948572,-0.11182706,-0.44358867,0.04623872,-0.0064461716,-0.43029454,0.15959623,0.20202889,-0.1795649,0.08879199,0.21422064,-0.23987761,-0.11954725,0.10846219,-0.48550642,0.094758414,0.10535098,-0.684373,0.09213046,0.14336005,-0.5960413,-0.033770703,0.18305361,-0.6302823,0.011497796,0.20530215,-0.6382449,-0.0139818415,0.14436677,-0.6038352,0.108941786,0.20213345,-0.62448007,0.061649512,0.07402034,-0.0035808412358164787,0.2196974903345108,0.0075629097409546375
