frame,Ankle.R_x,Ankle.R_y,Ankle.R_z,Knee.R_x,Knee.R_y,Knee.R_z,Hip.R_x,Hip.R_y,Hip.R_z,Hip.L_x,Hip.L_y,Hip.L_z,Knee.L_x,Knee.L_y,Knee.L_z,Ankle.L_x,Ankle.L_y,Ankle.L_z,Wrist.R_x,Wrist.R_y,Wrist.R_z,Elbow.R_x,Elbow.R_y,Elbow.R_z,Shoulder.R_x,Shoulder.R_y,Shoulder.R_z,Shoulder.L_x,Shoulder.L_y,Shoulder.L_z,Elbow.L_x,Elbow.L_y,Elbow.L_z,Wrist.L_x,Wrist.L_y,Wrist.L_z,Neck_x,Neck_y,Neck_z,Head_x,Head_y,Head_z,Nose_x,Nose_y,Nose_z,Eye.L_x,Eye.L_y,Eye.L_z,Eye.R_x,Eye.R_y,Eye.R_z,Ear.L_x,Ear.L_y,Ear.L_z,Ear.R_x,Ear.R_y,Ear.R_z,hip.Center_x,hip.Center_y,hip.Center_z
0,0.60185206,0.2334693,-0.571345,0.36911803,0.22474463,-0.20236853,0.010063761,0.10092042,-0.0052834684,-0.01571946,0.34065375,0.020389793,0.3551993,0.30598363,-0.20657493,0.61034715,0.22283928,-0.55048245,-0.21284157,-0.19343892,0.12228287,-0.22473606,-0.06996567,-0.094003595,-0.44136676,0.040934093,-0.000118030235,-0.4273164,0.15457228,0.20836024,-0.17925173,0.07741672,0.20924734,-0.26578528,-0.11936891,0.100142896,-0.48340723,0.08996188,0.11229819,-0.68157434,0.090500206,0.15206298,-0.5947626,-0.035732634,0.19443128,-0.62814367,0.010654822,0.21573374,-0.63708556,-0.016413368,0.15556467,-0.6001578,0.107623205,0.2097635,-0.6227205,0.05718701,0.082971334,-0.002827849704772234,0.22078707814216614,0.007553162518888712
