frame,Ankle.R_x,Ankle.R_y,Ankle.R_z,Knee.R_x,Knee.R_y,Knee.R_z,Hip.R_x,Hip.R_y,Hip.R_z,Hip.L_x,Hip.L_y,Hip.L_z,Knee.L_x,Knee.L_y,Knee.L_z,Ankle.L_x,Ankle.L_y,Ankle.L_z,Wrist.R_x,Wrist.R_y,Wrist.R_z,Elbow.R_x,Elbow.R_y,Elbow.R_z,Shoulder.R_x,Shoulder.R_y,Shoulder.R_z,Shoulder.L_x,Shoulder.L_y,Shoulder.L_z,Elbow.L_x,Elbow.L_y,Elbow.L_z,Wrist.L_x,Wrist.L_y,Wrist.L_z,Neck_x,Neck_y,Neck_z,Head_x,Head_y,Head_z,Nose_x,Nose_y,Nose_z,Eye.L_x,Eye.L_y,Eye.L_z,Eye.R_x,Eye.R_y,Eye.R_z,Ear.L_x,Ear.L_y,Ear.L_z,Ear.R_x,Ear.R_y,Ear.R_z,hip.Center_x,hip.Center_y,hip.Center_z
0,0.44155204,0.1657078,-0.71306944,0.336364,0.1656147,-0.28011742,-0.0322347,0.1171115,-0.07690219,0.034732483,0.30204237,0.078654535,0.25233465,0.22619453,-0.29642344,0.4257398,0.115551315,-0.6865652,-0.2772462,-0.18869433,0.067442365,-0.16584255,-0.09197394,-0.12657928,-0.38027844,-0.01941978,0.03302536,-0.3771396,0.08341873,0.23888946,-0.18652892,0.002293495,0.10442486,-0.37742695,-0.105380215,-0.0016620271,-0.41949913,0.022833582,0.14755104,-0.559544,0.042599242,0.2527234,-0.5187383,-0.110890605,0.23736486,-0.5207865,-0.06448275,0.27738544,-0.56111526,-0.070858106,0.22320504,-0.46293408,0.020452216,0.27273318,-0.54616,0.011079177,0.15972291,0.0012488923966884613,0.20957693457603455,0.0008761733770370483
