frame,Ankle.R_x,Ankle.R_y,Ankle.R_z,Knee.R_x,Knee.R_y,Knee.R_z,Hip.R_x,Hip.R_y,Hip.R_z,Hip.L_x,Hip.L_y,Hip.L_z,Knee.L_x,Knee.L_y,Knee.L_z,Ankle.L_x,Ankle.L_y,Ankle.L_z,Wrist.R_x,Wrist.R_y,Wrist.R_z,Elbow.R_x,Elbow.R_y,Elbow.R_z,Shoulder.R_x,Shoulder.R_y,Shoulder.R_z,Shoulder.L_x,Shoulder.L_y,Shoulder.L_z,Elbow.L_x,Elbow.L_y,Elbow.L_z,Wrist.L_x,Wrist.L_y,Wrist.L_z,Neck_x,Neck_y,Neck_z,Head_x,Head_y,Head_z,Nose_x,Nose_y,Nose_z,Eye.L_x,Eye.L_y,Eye.L_z,Eye.R_x,Eye.R_y,Eye.R_z,Ear.L_x,Ear.L_y,Ear.L_z,Ear.R_x,Ear.R_y,Ear.R_z,hip.Center_x,hip.Center_y,hip.Center_z
0,0.6251704,0.28341568,-0.5458193,0.3780103,0.21331923,-0.1913266,-0.012382772,0.10741992,-0.050947778,0.002480096,0.32577163,0.06105371,0.3697377,0.28689343,-0.17463878,0.6365782,0.26679927,-0.5207766,-0.13593009,-0.19897208,0.096742004,-0.23265874,-0.08002861,-0.10613449,-0.44361836,0.042054623,-0.0012982916,-0.42073137,0.15682821,0.20714176,-0.16647759,0.0844232,0.20932972,-0.1539762,-0.1476148,0.12545963,-0.48306954,0.09324091,0.10882479,-0.6855174,0.07971975,0.14044043,-0.59112334,-0.040650025,0.18368107,-0.62797517,0.0034751669,0.20466408,-0.63336957,-0.023527674,0.14391223,-0.6064203,0.10304739,0.20085874,-0.62200767,0.051145107,0.07204452,-0.004951337818056345,0.21659576892852783,0.005052965134382248
