frame,Ankle.R_x,Ankle.R_y,Ankle.R_z,Knee.R_x,Knee.R_y,Knee.R_z,Hip.R_x,Hip.R_y,Hip.R_z,Hip.L_x,Hip.L_y,Hip.L_z,Knee.L_x,Knee.L_y,Knee.L_z,Ankle.L_x,Ankle.L_y,Ankle.L_z,Wrist.R_x,Wrist.R_y,Wrist.R_z,Elbow.R_x,Elbow.R_y,Elbow.R_z,Shoulder.R_x,Shoulder.R_y,Shoulder.R_z,Shoulder.L_x,Shoulder.L_y,Shoulder.L_z,Elbow.L_x,Elbow.L_y,Elbow.L_z,Wrist.L_x,Wrist.L_y,Wrist.L_z,Neck_x,Neck_y,Neck_z,Head_x,Head_y,Head_z,Nose_x,Nose_y,Nose_z,Eye.L_x,Eye.L_y,Eye.L_z,Eye.R_x,Eye.R_y,Eye.R_z,Ear.L_x,Ear.L_y,Ear.L_z,Ear.R_x,Ear.R_y,Ear.R_z,hip.Center_x,hip.Center_y,hip.Center_z
0,0.44821608,0.19213636,-0.69586015,0.36003095,0.16982941,-0.25994813,-0.020843837,0.115353175,-0.07818158,0.022093836,0.3038151,0.08020632,0.26163787,0.2382898,-0.2840422,0.42629403,0.15794575,-0.69181234,-0.28177795,-0.21122466,0.094328664,-0.24572365,-0.18948263,-0.14750756,-0.38288146,-0.042502403,0.044397935,-0.36935404,0.0842866,0.233919,-0.12339421,0.0138491085,0.16508712,-0.21366014,-0.16051574,0.017218316,-0.4169691,0.011452526,0.14883254,-0.5525698,0.06835398,0.21832329,-0.53326136,-0.08555873,0.26190516,-0.5318466,-0.028033867,0.2827669,-0.5684675,-0.04917398,0.2296316,-0.46169254,0.04307145,0.2562415,-0.5371854,0.0041721314,0.14416432,0.0006249994039535522,0.20958413183689117,0.001012369990348816
