frame,Ankle.R_x,Ankle.R_y,Ankle.R_z,Knee.R_x,Knee.R_y,Knee.R_z,Hip.R_x,Hip.R_y,Hip.R_z,Hip.L_x,Hip.L_y,Hip.L_z,Knee.L_x,Knee.L_y,Knee.L_z,Ankle.L_x,Ankle.L_y,Ankle.L_z,Wrist.R_x,Wrist.R_y,Wrist.R_z,Elbow.R_x,Elbow.R_y,Elbow.R_z,Shoulder.R_x,Shoulder.R_y,Shoulder.R_z,Shoulder.L_x,Shoulder.L_y,Shoulder.L_z,Elbow.L_x,Elbow.L_y,Elbow.L_z,Wrist.L_x,Wrist.L_y,Wrist.L_z,Neck_x,Neck_y,Neck_z,Head_x,Head_y,Head_z,Nose_x,Nose_y,Nose_z,Eye.L_x,Eye.L_y,Eye.L_z,Eye.R_x,Eye.R_y,Eye.R_z,Ear.L_x,Ear.L_y,Ear.L_z,Ear.R_x,Ear.R_y,Ear.R_z,hip.Center_x,hip.Center_y,hip.Center_z
0,0.6125972,0.276219,-0.56232506,0.37421483,0.21460421,-0.20041455,-0.012129234,0.107391305,-0.05139865,0.0031410332,0.32470268,0.061956666,0.36390263,0.28930542,-0.18436705,0.6207634,0.2762343,-0.5382196,-0.13117693,-0.19928843,0.10992757,-0.23126034,-0.089188896,-0.096777126,-0.44207707,0.038030293,0.0029826984,-0.41817784,0.15633227,0.2102213,-0.16790956,0.07299218,0.20775963,-0.16884497,-0.15799463,0.11917715,-0.4815746,0.09218203,0.11221021,-0.6843182,0.08572317,0.13998374,-0.5958773,-0.038001917,0.1862815,-0.63147056,0.0076514706,0.20609882,-0.6364581,-0.01948335,0.1453608,-0.6057272,0.10622688,0.20219763,-0.62049055,0.054167625,0.073430106,-0.004494100343436003,0.2160469889640808,0.00527900829911232
