frame,Ankle.R_x,Ankle.R_y,Ankle.R_z,Knee.R_x,Knee.R_y,Knee.R_z,Hip.R_x,Hip.R_y,Hip.R_z,Hip.L_x,Hip.L_y,Hip.L_z,Knee.L_x,Knee.L_y,Knee.L_z,Ankle.L_x,Ankle.L_y,Ankle.L_z,Wrist.R_x,Wrist.R_y,Wrist.R_z,Elbow.R_x,Elbow.R_y,Elbow.R_z,Shoulder.R_x,Shoulder.R_y,Shoulder.R_z,Shoulder.L_x,Shoulder.L_y,Shoulder.L_z,Elbow.L_x,Elbow.L_y,Elbow.L_z,Wrist.L_x,Wrist.L_y,Wrist.L_z,Neck_x,Neck_y,Neck_z,Head_x,Head_y,Head_z,Nose_x,Nose_y,Nose_z,Eye.L_x,Eye.L_y,Eye.L_z,Eye.R_x,Eye.R_y,Eye.R_z,Ear.L_x,Ear.L_y,Ear.L_z,Ear.R_x,Ear.R_y,Ear.R_z,hip.Center_x,hip.Center_y,hip.Center_z
0,0.66683817,0.3694421,-0.4854303,0.3798304,0.22787541,-0.18387385,-0.025504496,0.12534255,-0.082161084,0.016054159,0.30056646,0.08533596,0.37027174,0.2595499,-0.17243783,0.6426984,0.24540924,-0.5137898,-0.1357233,-0.16528787,0.054495886,-0.23766027,-0.023250628,-0.13198815,-0.4515139,0.05514398,-0.0048327316,-0.4175389,0.13599014,0.21197094,-0.1515062,0.109375656,0.21414833,-0.057412617,-0.118552186,0.17217964,-0.48414427,0.08708207,0.10914986,-0.6851915,0.07361171,0.13318808,-0.5929926,-0.048739344,0.17734468,-0.6300872,-0.004216358,0.19791189,-0.633924,-0.030529164,0.13653882,-0.60783535,0.09528211,0.19656135,-0.61974025,0.045305334,0.06600022,-0.004725168459117413,0.21295450627803802,0.0015874393284320831
