frame,Ankle.R_x,Ankle.R_y,Ankle.R_z,Knee.R_x,Knee.R_y,Knee.R_z,Hip.R_x,Hip.R_y,Hip.R_z,Hip.L_x,Hip.L_y,Hip.L_z,Knee.L_x,Knee.L_y,Knee.L_z,Ankle.L_x,Ankle.L_y,Ankle.L_z,Wrist.R_x,Wrist.R_y,Wrist.R_z,Elbow.R_x,Elbow.R_y,Elbow.R_z,Shoulder.R_x,Shoulder.R_y,Shoulder.R_z,Shoulder.L_x,Shoulder.L_y,Shoulder.L_z,Elbow.L_x,Elbow.L_y,Elbow.L_z,Wrist.L_x,Wrist.L_y,Wrist.L_z,Neck_x,Neck_y,Neck_z,Head_x,Head_y,Head_z,Nose_x,Nose_y,Nose_z,Eye.L_x,Eye.L_y,Eye.L_z,Eye.R_x,Eye.R_y,Eye.R_z,Ear.L_x,Ear.L_y,Ear.L_z,Ear.R_x,Ear.R_y,Ear.R_z,hip.Center_x,hip.Center_y,hip.Center_z
0,0.6045296,0.27000105,-0.58245033,0.36209455,0.19785452,-0.22544897,-0.020581635,0.11250284,-0.059543755,0.015923286,0.31580025,0.06923653,0.35184428,0.2609787,-0.20697463,0.60900897,0.21557826,-0.55581456,-0.13053332,-0.16141291,0.059095155,-0.23838122,-0.020520411,-0.12305086,-0.44752204,0.05655378,0.008747241,-0.41762412,0.14166173,0.21615717,-0.154409,0.1238667,0.20656106,-0.07152401,-0.104515776,0.15802081,-0.4808321,0.08964801,0.1171558,-0.67906153,0.08408894,0.14363445,-0.5929055,-0.045491815,0.17991716,-0.6274458,-0.000669837,0.2034424,-0.6332878,-0.02306094,0.14071426,-0.6002998,0.097222984,0.20714259,-0.6160238,0.055859484,0.07464346,-0.002329174429178238,0.2141515463590622,0.004846388474106789
