frame,Ankle.R_x,Ankle.R_y,Ankle.R_z,Knee.R_x,Knee.R_y,Knee.R_z,Hip.R_x,Hip.R_y,Hip.R_z,Hip.L_x,Hip.L_y,Hip.L_z,Knee.L_x,Knee.L_y,Knee.L_z,Ankle.L_x,Ankle.L_y,Ankle.L_z,Wrist.R_x,Wrist.R_y,Wrist.R_z,Elbow.R_x,Elbow.R_y,Elbow.R_z,Shoulder.R_x,Shoulder.R_y,Shoulder.R_z,Shoulder.L_x,Shoulder.L_y,Shoulder.L_z,Elbow.L_x,Elbow.L_y,Elbow.L_z,Wrist.L_x,Wrist.L_y,Wrist.L_z,Neck_x,Neck_y,Neck_z,Head_x,Head_y,Head_z,Nose_x,Nose_y,Nose_z,Eye.L_x,Eye.L_y,Eye.L_z,Eye.R_x,Eye.R_y,Eye.R_z,Ear.L_x,Ear.L_y,Ear.L_z,Ear.R_x,Ear.R_y,Ear.R_z,hip.Center_x,hip.Center_y,hip.Center_z
0,0.42485446,0.17350486,-0.78530693,0.23687628,0.19572979,-0.37717375,-0.06191592,0.14134184,-0.08951494,0.06359727,0.26741567,0.08775829,0.2623448,0.22222742,-0.3077421,0.43504858,0.17658183,-0.715809,-0.31049913,-0.18690063,0.091909036,-0.2799407,-0.119031206,-0.14616343,-0.40711626,0.023073498,0.04814545,-0.40357125,0.1199047,0.2432307,-0.14672829,0.14930473,0.31076035,-0.121003225,-0.089714766,0.25628906,-0.44104642,0.057316646,0.1459775,-0.60675395,0.08022472,0.15605454,-0.56948,-0.06948862,0.20691162,-0.5896814,-0.013930459,0.22546503,-0.59711474,-0.038412046,0.16258033,-0.5329666,0.07320456,0.22756878,-0.5496992,0.026372254,0.09477504,0.0008406750857830048,0.20437875390052795,-0.0008783265948295593
