frame,Ankle.R_x,Ankle.R_y,Ankle.R_z,Knee.R_x,Knee.R_y,Knee.R_z,Hip.R_x,Hip.R_y,Hip.R_z,Hip.L_x,Hip.L_y,Hip.L_z,Knee.L_x,Knee.L_y,Knee.L_z,Ankle.L_x,Ankle.L_y,Ankle.L_z,Wrist.R_x,Wrist.R_y,Wrist.R_z,Elbow.R_x,Elbow.R_y,Elbow.R_z,Shoulder.R_x,Shoulder.R_y,Shoulder.R_z,Shoulder.L_x,Shoulder.L_y,Shoulder.L_z,Elbow.L_x,Elbow.L_y,Elbow.L_z,Wrist.L_x,Wrist.L_y,Wrist.L_z,Neck_x,Neck_y,Neck_z,Head_x,Head_y,Head_z,Nose_x,Nose_y,Nose_z,Eye.L_x,Eye.L_y,Eye.L_z,Eye.R_x,Eye.R_y,Eye.R_z,Ear.L_x,Ear.L_y,Ear.L_z,Ear.R_x,Ear.R_y,Ear.R_z,hip.Center_x,hip.Center_y,hip.Center_z
0,0.45201683,0.21424074,-0.6865938,0.36340415,0.17292745,-0.24958077,-0.03913244,0.12978247,-0.09134027,0.0381369,0.2889262,0.08766029,0.2694164,0.1870381,-0.2775819,0.42538303,0.14657167,-0.69592285,-0.28998888,-0.24451987,0.095231056,-0.23951069,-0.1656675,-0.13368033,-0.38550785,-0.038980134,0.05469551,-0.36453652,0.075776964,0.24272005,-0.14556274,0.1124,0.11850275,-0.0846805,-0.12065569,0.049851134,-0.41389656,-0.0022388163,0.15517166,-0.55851114,0.04227462,0.19530058,-0.54225814,-0.11275794,0.23936692,-0.54618883,-0.055411413,0.2609685,-0.5719619,-0.07623513,0.20147875,-0.4737998,0.01879789,0.2493329,-0.52756953,-0.020827785,0.12399882,-0.0004977695643901825,0.20935434103012085,-0.0018399916589260101
