frame,Ankle.R_x,Ankle.R_y,Ankle.R_z,Knee.R_x,Knee.R_y,Knee.R_z,Hip.R_x,Hip.R_y,Hip.R_z,Hip.L_x,Hip.L_y,Hip.L_z,Knee.L_x,Knee.L_y,Knee.L_z,Ankle.L_x,Ankle.L_y,Ankle.L_z,Wrist.R_x,Wrist.R_y,Wrist.R_z,Elbow.R_x,Elbow.R_y,Elbow.R_z,Shoulder.R_x,Shoulder.R_y,Shoulder.R_z,Shoulder.L_x,Shoulder.L_y,Shoulder.L_z,Elbow.L_x,Elbow.L_y,Elbow.L_z,Wrist.L_x,Wrist.L_y,Wrist.L_z,Neck_x,Neck_y,Neck_z,Head_x,Head_y,Head_z,Nose_x,Nose_y,Nose_z,Eye.L_x,Eye.L_y,Eye.L_z,Eye.R_x,Eye.R_y,Eye.R_z,Ear.L_x,Ear.L_y,Ear.L_z,Ear.R_x,Ear.R_y,Ear.R_z,hip.Center_x,hip.Center_y,hip.Center_z
0,0.62850887,0.25766665,-0.56020856,0.3572994,0.16515884,-0.22626913,-0.04493494,0.1403388,-0.09032754,0.030771958,0.28707954,0.09310891,0.36161682,0.2356056,-0.1924706,0.6259364,0.20295303,-0.53719217,-0.14851688,-0.15347078,0.02919525,-0.24699101,-0.0020134286,-0.15263815,-0.45276913,0.07965959,-0.00733029,-0.4120682,0.14487909,0.22451662,-0.14225353,0.13006277,0.2255789,-0.030096766,-0.08822542,0.17598058,-0.48451456,0.1031797,0.11499848,-0.6890114,0.085724905,0.13767159,-0.5940905,-0.035446405,0.17719716,-0.6316443,0.0077774227,0.1994896,-0.63592917,-0.017086595,0.13756748,-0.61133397,0.10756685,0.20075688,-0.62381107,0.060700662,0.06878185,-0.007081490941345692,0.21370917558670044,0.0013906843960285187
