frame,Ankle.R_x,Ankle.R_y,Ankle.R_z,Knee.R_x,Knee.R_y,Knee.R_z,Hip.R_x,Hip.R_y,Hip.R_z,Hip.L_x,Hip.L_y,Hip.L_z,Knee.L_x,Knee.L_y,Knee.L_z,Ankle.L_x,Ankle.L_y,Ankle.L_z,Wrist.R_x,Wrist.R_y,Wrist.R_z,Elbow.R_x,Elbow.R_y,Elbow.R_z,Shoulder.R_x,Shoulder.R_y,Shoulder.R_z,Shoulder.L_x,Shoulder.L_y,Shoulder.L_z,Elbow.L_x,Elbow.L_y,Elbow.L_z,Wrist.L_x,Wrist.L_y,Wrist.L_z,Neck_x,Neck_y,Neck_z,Head_x,Head_y,Head_z,Nose_x,Nose_y,Nose_z,Eye.L_x,Eye.L_y,Eye.L_z,Eye.R_x,Eye.R_y,Eye.R_z,Ear.L_x,Ear.L_y,Ear.L_z,Ear.R_x,Ear.R_y,Ear.R_z,hip.Center_x,hip.Center_y,hip.Center_z
0,0.6709398,0.37911123,-0.47835,0.3733307,0.21486513,-0.19586483,-0.040343337,0.1438486,-0.09769276,0.026040135,0.28193375,0.096581906,0.373302,0.24028595,-0.1718785,0.63961375,0.23223154,-0.5189834,-0.13512313,-0.16101764,0.029713685,-0.23952039,-0.007612068,-0.14934424,-0.45415738,0.07188918,-0.016005095,-0.41504356,0.13918707,0.21576992,-0.1443536,0.11792825,0.22077237,-0.026719077,-0.10212855,0.18052246,-0.48725277,0.096953556,0.10579124,-0.69212043,0.07946609,0.12367822,-0.59783304,-0.040173158,0.16948035,-0.6364068,0.0035679936,0.18930432,-0.6384828,-0.023052424,0.12797695,-0.6165011,0.103562124,0.18864617,-0.62446874,0.05327341,0.057497308,-0.007151600904762745,0.21289117634296417,-0.0005554258823394775
