frame,Ankle.R_x,Ankle.R_y,Ankle.R_z,Knee.R_x,Knee.R_y,Knee.R_z,Hip.R_x,Hip.R_y,Hip.R_z,Hip.L_x,Hip.L_y,Hip.L_z,Knee.L_x,Knee.L_y,Knee.L_z,Ankle.L_x,Ankle.L_y,Ankle.L_z,Wrist.R_x,Wrist.R_y,Wrist.R_z,Elbow.R_x,Elbow.R_y,Elbow.R_z,Shoulder.R_x,Shoulder.R_y,Shoulder.R_z,Shoulder.L_x,Shoulder.L_y,Shoulder.L_z,Elbow.L_x,Elbow.L_y,Elbow.L_z,Wrist.L_x,Wrist.L_y,Wrist.L_z,Neck_x,Neck_y,Neck_z,Head_x,Head_y,Head_z,Nose_x,Nose_y,Nose_z,Eye.L_x,Eye.L_y,Eye.L_z,Eye.R_x,Eye.R_y,Eye.R_z,Ear.L_x,Ear.L_y,Ear.L_z,Ear.R_x,Ear.R_y,Ear.R_z,hip.Center_x,hip.Center_y,hip.Center_z
0,0.41628703,0.14275065,-0.7829565,0.24243931,0.14218648,-0.36782235,-0.07287753,0.15920302,-0.09537546,0.06877121,0.25340086,0.09060588,0.2631894,0.19600648,-0.30703127,0.4337182,0.1586351,-0.716802,-0.29725266,-0.19354486,0.09264894,-0.2586904,-0.094354495,-0.1350256,-0.4089213,0.032947794,0.045609683,-0.40784335,0.111784294,0.23764282,-0.15833516,0.15166363,0.3151857,-0.057058804,-0.06750852,0.24721473,-0.4434113,0.06004388,0.14109749,-0.6086278,0.086758316,0.14724573,-0.5739616,-0.06052322,0.2053285,-0.5927784,-0.003802076,0.22100839,-0.6010508,-0.031345725,0.15948634,-0.5345841,0.082480624,0.21900605,-0.5524957,0.02916541,0.08816377,-0.0020531564950942993,0.20630194246768951,-0.0023847930133342743
