frame,Ankle.R_x,Ankle.R_y,Ankle.R_z,Knee.R_x,Knee.R_y,Knee.R_z,Hip.R_x,Hip.R_y,Hip.R_z,Hip.L_x,Hip.L_y,Hip.L_z,Knee.L_x,Knee.L_y,Knee.L_z,Ankle.L_x,Ankle.L_y,Ankle.L_z,Wrist.R_x,Wrist.R_y,Wrist.R_z,Elbow.R_x,Elbow.R_y,Elbow.R_z,Shoulder.R_x,Shoulder.R_y,Shoulder.R_z,Shoulder.L_x,Shoulder.L_y,Shoulder.L_z,Elbow.L_x,Elbow.L_y,Elbow.L_z,Wrist.L_x,Wrist.L_y,Wrist.L_z,Neck_x,Neck_y,Neck_z,Head_x,Head_y,Head_z,Nose_x,Nose_y,Nose_z,Eye.L_x,Eye.L_y,Eye.L_z,Eye.R_x,Eye.R_y,Eye.R_z,Ear.L_x,Ear.L_y,Ear.L_z,Ear.R_x,Ear.R_y,Ear.R_z,hip.Center_x,hip.Center_y,hip.Center_z
0,0.46549928,0.23122084,-0.6948501,0.34044018,0.14214358,-0.2736183,-0.049071215,0.1350589,-0.09137733,0.044376895,0.28401265,0.08813902,0.26453963,0.14453037,-0.27060354,0.41730514,0.09466022,-0.6898527,-0.29682466,-0.25454018,0.09483349,-0.16245064,-0.17088853,-0.09288145,-0.36402693,-0.035978578,0.047076352,-0.36284786,0.07685712,0.24235162,-0.10487341,0.07438806,0.17741652,-0.06630111,-0.14007813,0.049502447,-0.40789455,0.0070385993,0.15035535,-0.55974305,0.05336097,0.18318209,-0.53327554,-0.08862153,0.2569646,-0.53984416,-0.02812767,0.26650384,-0.56641525,-0.061869733,0.2137886,-0.47261602,0.04536766,0.23681664,-0.5278902,-0.020667225,0.12381844,-0.002347160130739212,0.20953577756881714,-0.0016191564500331879
