frame,Ankle.R_x,Ankle.R_y,Ankle.R_z,Knee.R_x,Knee.R_y,Knee.R_z,Hip.R_x,Hip.R_y,Hip.R_z,Hip.L_x,Hip.L_y,Hip.L_z,Knee.L_x,Knee.L_y,Knee.L_z,Ankle.L_x,Ankle.L_y,Ankle.L_z,Wrist.R_x,Wrist.R_y,Wrist.R_z,Elbow.R_x,Elbow.R_y,Elbow.R_z,Shoulder.R_x,Shoulder.R_y,Shoulder.R_z,Shoulder.L_x,Shoulder.L_y,Shoulder.L_z,Elbow.L_x,Elbow.L_y,Elbow.L_z,Wrist.L_x,Wrist.L_y,Wrist.L_z,Neck_x,Neck_y,Neck_z,Head_x,Head_y,Head_z,Nose_x,Nose_y,Nose_z,Eye.L_x,Eye.L_y,Eye.L_z,Eye.R_x,Eye.R_y,Eye.R_z,Ear.L_x,Ear.L_y,Ear.L_z,Ear.R_x,Ear.R_y,Ear.R_z,hip.Center_x,hip.Center_y,hip.Center_z
0,0.67405164,0.3790878,-0.46742567,0.37874565,0.22709598,-0.17638284,-0.03168572,0.12810063,-0.08491771,0.021361696,0.29716417,0.08627518,0.37685174,0.23541856,-0.1655538,0.6471118,0.21748638,-0.50918645,-0.17122282,-0.16366985,0.04908729,-0.23625,-0.009508219,-0.1422606,-0.45075974,0.066290595,-0.012200465,-0.4243727,0.13954933,0.20767127,-0.15918574,0.108305536,0.21642202,-0.07533285,-0.1252084,0.1835598,-0.48738205,0.09607109,0.10195814,-0.6887028,0.090297066,0.12326363,-0.6017121,-0.034203388,0.171762,-0.63717777,0.012557216,0.19062454,-0.6418377,-0.01585184,0.13024333,-0.6111381,0.11095559,0.18611196,-0.62412196,0.0572098,0.05714783,-0.0051620127633214,0.21263240277767181,0.0006787367165088654
