frame,Ankle.R_x,Ankle.R_y,Ankle.R_z,Knee.R_x,Knee.R_y,Knee.R_z,Hip.R_x,Hip.R_y,Hip.R_z,Hip.L_x,Hip.L_y,Hip.L_z,Knee.L_x,Knee.L_y,Knee.L_z,Ankle.L_x,Ankle.L_y,Ankle.L_z,Wrist.R_x,Wrist.R_y,Wrist.R_z,Elbow.R_x,Elbow.R_y,Elbow.R_z,Shoulder.R_x,Shoulder.R_y,Shoulder.R_z,Shoulder.L_x,Shoulder.L_y,Shoulder.L_z,Elbow.L_x,Elbow.L_y,Elbow.L_z,Wrist.L_x,Wrist.L_y,Wrist.L_z,Neck_x,Neck_y,Neck_z,Head_x,Head_y,Head_z,Nose_x,Nose_y,Nose_z,Eye.L_x,Eye.L_y,Eye.L_z,Eye.R_x,Eye.R_y,Eye.R_z,Ear.L_x,Ear.L_y,Ear.L_z,Ear.R_x,Ear.R_y,Ear.R_z,hip.Center_x,hip.Center_y,hip.Center_z
0,0.63406134,0.25866824,-0.5597446,0.3564089,0.18150775,-0.2255734,-0.0458289,0.1398429,-0.09006661,0.033482935,0.28397977,0.09264905,0.3615451,0.22632773,-0.19324076,0.6312744,0.19496417,-0.53401685,-0.19755515,-0.14265303,0.022998588,-0.24643092,0.020032763,-0.16402423,-0.449306,0.080123216,-0.0075701484,-0.41481614,0.13480066,0.22282657,-0.14827293,0.104625694,0.2280649,-0.075127065,-0.12873763,0.18255481,-0.48266897,0.09889926,0.11304844,-0.6857647,0.08496948,0.13559018,-0.5933638,-0.03779833,0.17615414,-0.6301629,0.0063979626,0.19804153,-0.6349838,-0.019108303,0.13640273,-0.608015,0.1055729,0.19795215,-0.6214917,0.05775053,0.06680721,-0.0061729829758405685,0.21191133558750153,0.0012912191450595856
