frame,Ankle.R_x,Ankle.R_y,Ankle.R_z,Knee.R_x,Knee.R_y,Knee.R_z,Hip.R_x,Hip.R_y,Hip.R_z,Hip.L_x,Hip.L_y,Hip.L_z,Knee.L_x,Knee.L_y,Knee.L_z,Ankle.L_x,Ankle.L_y,Ankle.L_z,Wrist.R_x,Wrist.R_y,Wrist.R_z,Elbow.R_x,Elbow.R_y,Elbow.R_z,Shoulder.R_x,Shoulder.R_y,Shoulder.R_z,Shoulder.L_x,Shoulder.L_y,Shoulder.L_z,Elbow.L_x,Elbow.L_y,Elbow.L_z,Wrist.L_x,Wrist.L_y,Wrist.L_z,Neck_x,Neck_y,Neck_z,Head_x,Head_y,Head_z,Nose_x,Nose_y,Nose_z,Eye.L_x,Eye.L_y,Eye.L_z,Eye.R_x,Eye.R_y,Eye.R_z,Ear.L_x,Ear.L_y,Ear.L_z,Ear.R_x,Ear.R_y,Ear.R_z,hip.Center_x,hip.Center_y,hip.Center_z
0,0.6081937,0.24756393,-0.5948227,0.3430753,0.18013762,-0.24788257,-0.050567843,0.14270625,-0.08972572,0.03894488,0.28149402,0.09255681,0.35268673,0.2192623,-0.2088491,0.6067175,0.18500142,-0.5614188,-0.1994291,-0.1371991,0.020087708,-0.24607664,0.034620605,-0.15968429,-0.4497686,0.09045933,-0.0024905372,-0.4135656,0.13670361,0.22975612,-0.14618662,0.10752069,0.23639375,-0.0621828,-0.12318118,0.19417219,-0.48283148,0.10604,0.11871208,-0.6862664,0.100234024,0.1375974,-0.60066354,-0.028319389,0.17610283,-0.63574886,0.01696261,0.19871613,-0.6405213,-0.0063377693,0.13615578,-0.60872424,0.1149904,0.20232666,-0.6219598,0.07193731,0.069249064,-0.005811480805277824,0.21210013329982758,0.0014155469834804535
