frame,Ankle.R_x,Ankle.R_y,Ankle.R_z,Knee.R_x,Knee.R_y,Knee.R_z,Hip.R_x,Hip.R_y,Hip.R_z,Hip.L_x,Hip.L_y,Hip.L_z,Knee.L_x,Knee.L_y,Knee.L_z,Ankle.L_x,Ankle.L_y,Ankle.L_z,Wrist.R_x,Wrist.R_y,Wrist.R_z,Elbow.R_x,Elbow.R_y,Elbow.R_z,Shoulder.R_x,Shoulder.R_y,Shoulder.R_z,Shoulder.L_x,Shoulder.L_y,Shoulder.L_z,Elbow.L_x,Elbow.L_y,Elbow.L_z,Wrist.L_x,Wrist.L_y,Wrist.L_z,Neck_x,Neck_y,Neck_z,Head_x,Head_y,Head_z,Nose_x,Nose_y,Nose_z,Eye.L_x,Eye.L_y,Eye.L_z,Eye.R_x,Eye.R_y,Eye.R_z,Ear.L_x,Ear.L_y,Ear.L_z,Ear.R_x,Ear.R_y,Ear.R_z,hip.Center_x,hip.Center_y,hip.Center_z
0,0.65023315,0.28649026,-0.5228658,0.3748919,0.1763593,-0.1945028,-0.038459867,0.13182032,-0.08435469,0.02549117,0.29975912,0.08660393,0.36496338,0.22250189,-0.19167861,0.5561815,0.2364967,-0.58911663,-0.089078866,-0.18551596,0.013643082,-0.212915,-0.0072102644,-0.12819737,-0.4448887,0.073451445,-0.025743028,-0.43409634,0.16640143,0.20187342,-0.17796262,0.09806997,0.258244,-0.02460529,-0.10452455,0.29175127,-0.49378565,0.11569952,0.089710556,-0.6984669,0.11512341,0.08709526,-0.62157553,-0.0057625994,0.15674806,-0.65767956,0.0430625,0.16707316,-0.6558211,0.009571448,0.10920067,-0.6281855,0.14044252,0.15766612,-0.62695843,0.07555666,0.03287094,-0.006484348326921463,0.21578972041606903,0.0011246204376220703
