frame,Ankle.R_x,Ankle.R_y,Ankle.R_z,Knee.R_x,Knee.R_y,Knee.R_z,Hip.R_x,Hip.R_y,Hip.R_z,Hip.L_x,Hip.L_y,Hip.L_z,Knee.L_x,Knee.L_y,Knee.L_z,Ankle.L_x,Ankle.L_y,Ankle.L_z,Wrist.R_x,Wrist.R_y,Wrist.R_z,Elbow.R_x,Elbow.R_y,Elbow.R_z,Shoulder.R_x,Shoulder.R_y,Shoulder.R_z,Shoulder.L_x,Shoulder.L_y,Shoulder.L_z,Elbow.L_x,Elbow.L_y,Elbow.L_z,Wrist.L_x,Wrist.L_y,Wrist.L_z,Neck_x,Neck_y,Neck_z,Head_x,Head_y,Head_z,Nose_x,Nose_y,Nose_z,Eye.L_x,Eye.L_y,Eye.L_z,Eye.R_x,Eye.R_y,Eye.R_z,Ear.L_x,Ear.L_y,Ear.L_z,Ear.R_x,Ear.R_y,Ear.R_z,hip.Center_x,hip.Center_y,hip.Center_z
0,0.37010553,0.20355514,-0.8135811,0.18482001,0.19155346,-0.4061736,-0.080000296,0.16640502,-0.09208711,0.07598976,0.24065962,0.088635795,0.23491171,0.2574479,-0.3271765,0.39791036,0.19826245,-0.7340451,-0.095777124,-0.16072838,0.044847116,-0.19634905,0.009810049,-0.11741885,-0.4121795,0.06560413,0.03507404,-0.4097237,0.17309032,0.24297637,-0.16903588,0.111499645,0.3129625,-0.026794884,-0.09322806,0.36655685,-0.45395264,0.11052338,0.14484663,-0.60992837,0.15362012,0.22417894,-0.60046667,-0.0014325287,0.18614458,-0.60387635,0.03728941,0.23369688,-0.62599313,0.050653912,0.1709587,-0.5291126,0.10327603,0.26390907,-0.57627946,0.13366392,0.1335744,-0.0020052678883075714,0.20353232324123383,-0.0017256587743759155
