frame,Ankle.R_x,Ankle.R_y,Ankle.R_z,Knee.R_x,Knee.R_y,Knee.R_z,Hip.R_x,Hip.R_y,Hip.R_z,Hip.L_x,Hip.L_y,Hip.L_z,Knee.L_x,Knee.L_y,Knee.L_z,Ankle.L_x,Ankle.L_y,Ankle.L_z,Wrist.R_x,Wrist.R_y,Wrist.R_z,Elbow.R_x,Elbow.R_y,Elbow.R_z,Shoulder.R_x,Shoulder.R_y,Shoulder.R_z,Shoulder.L_x,Shoulder.L_y,Shoulder.L_z,Elbow.L_x,Elbow.L_y,Elbow.L_z,Wrist.L_x,Wrist.L_y,Wrist.L_z,Neck_x,Neck_y,Neck_z,Head_x,Head_y,Head_z,Nose_x,Nose_y,Nose_z,Eye.L_x,Eye.L_y,Eye.L_z,Eye.R_x,Eye.R_y,Eye.R_z,Ear.L_x,Ear.L_y,Ear.L_z,Ear.R_x,Ear.R_y,Ear.R_z,hip.Center_x,hip.Center_y,hip.Center_z
0,0.5424975,0.2352134,-0.62369776,0.36056516,0.16299343,-0.22835748,-0.039749756,0.1292772,-0.07898544,0.029447135,0.3020638,0.08391878,0.34584963,0.21829605,-0.21713434,0.52766824,0.2108019,-0.61751485,-0.07458498,-0.20521472,0.013768979,-0.20882927,-0.025741812,-0.1174248,-0.43814933,0.06217552,-0.010462565,-0.42462078,0.16215202,0.21543048,-0.16594157,0.09431239,0.2632867,-0.022652471,-0.11690858,0.28006345,-0.48693222,0.10799813,0.10385333,-0.6916385,0.10934978,0.095635705,-0.61812675,-0.012353972,0.16771573,-0.65433776,0.0366027,0.17701241,-0.6507428,0.0033746436,0.11910649,-0.62363964,0.13358852,0.16890381,-0.6189268,0.06928454,0.044061936,-0.005151310935616493,0.21567049622535706,0.0024666711688041687
