frame,Ankle.R_x,Ankle.R_y,Ankle.R_z,Knee.R_x,Knee.R_y,Knee.R_z,Hip.R_x,Hip.R_y,Hip.R_z,Hip.L_x,Hip.L_y,Hip.L_z,Knee.L_x,Knee.L_y,Knee.L_z,Ankle.L_x,Ankle.L_y,Ankle.L_z,Wrist.R_x,Wrist.R_y,Wrist.R_z,Elbow.R_x,Elbow.R_y,Elbow.R_z,Shoulder.R_x,Shoulder.R_y,Shoulder.R_z,Shoulder.L_x,Shoulder.L_y,Shoulder.L_z,Elbow.L_x,Elbow.L_y,Elbow.L_z,Wrist.L_x,Wrist.L_y,Wrist.L_z,Neck_x,Neck_y,Neck_z,Head_x,Head_y,Head_z,Nose_x,Nose_y,Nose_z,Eye.L_x,Eye.L_y,Eye.L_z,Eye.R_x,Eye.R_y,Eye.R_z,Ear.L_x,Ear.L_y,Ear.L_z,Ear.R_x,Ear.R_y,Ear.R_z,hip.Center_x,hip.Center_y,hip.Center_z
0,0.4828239,0.23223211,-0.6943813,0.33332127,0.14099263,-0.2800877,-0.050678812,0.13512251,-0.09007143,0.044171974,0.28508466,0.08811423,0.27631617,0.13655931,-0.26010484,0.44364488,0.08644536,-0.6735922,-0.28377625,-0.2588799,0.07878766,-0.11681972,-0.16314314,-0.074152455,-0.3469842,-0.039285228,0.032806505,-0.35949415,0.05989308,0.23386714,-0.109959394,0.02361058,0.16435425,-0.1752356,-0.1793365,0.035902165,-0.39822355,-0.0014426362,0.13988277,-0.54421324,0.04646528,0.19091237,-0.5147879,-0.09938215,0.2541852,-0.5181343,-0.039297685,0.2673333,-0.5512209,-0.06961537,0.21617332,-0.45227596,0.033828422,0.23410952,-0.52107286,-0.024892598,0.12464675,-0.003253418952226639,0.2101035863161087,-0.0009786002337932587
