frame,Ankle.R_x,Ankle.R_y,Ankle.R_z,Knee.R_x,Knee.R_y,Knee.R_z,Hip.R_x,Hip.R_y,Hip.R_z,Hip.L_x,Hip.L_y,Hip.L_z,Knee.L_x,Knee.L_y,Knee.L_z,Ankle.L_x,Ankle.L_y,Ankle.L_z,Wrist.R_x,Wrist.R_y,Wrist.R_z,Elbow.R_x,Elbow.R_y,Elbow.R_z,Shoulder.R_x,Shoulder.R_y,Shoulder.R_z,Shoulder.L_x,Shoulder.L_y,Shoulder.L_z,Elbow.L_x,Elbow.L_y,Elbow.L_z,Wrist.L_x,Wrist.L_y,Wrist.L_z,Neck_x,Neck_y,Neck_z,Head_x,Head_y,Head_z,Nose_x,Nose_y,Nose_z,Eye.L_x,Eye.L_y,Eye.L_z,Eye.R_x,Eye.R_y,Eye.R_z,Ear.L_x,Ear.L_y,Ear.L_z,Ear.R_x,Ear.R_y,Ear.R_z,hip.Center_x,hip.Center_y,hip.Center_z
0,0.6397723,0.2444228,-0.54248416,0.36873156,0.18695818,-0.19907404,-0.03490641,0.12016821,-0.06991526,0.024619622,0.30738944,0.07716427,0.36859497,0.23798187,-0.18554781,0.6478152,0.19517915,-0.5174744,-0.27685207,-0.18020391,0.048136126,-0.23629458,-0.024192706,-0.14209817,-0.44530183,0.07821499,-0.012377468,-0.42744735,0.1545042,0.20967604,-0.16828775,0.093780614,0.23089334,-0.19177888,-0.14576897,0.17657006,-0.48590666,0.11067333,0.10283674,-0.6873845,0.10080081,0.13124588,-0.5967016,-0.022900626,0.1731903,-0.6322769,0.022662371,0.1945608,-0.6387965,-0.004406184,0.13382979,-0.60808533,0.12140137,0.19131556,-0.62500536,0.07063271,0.062108167,-0.005143393762409687,0.21377882361412048,0.0036245062947273254
