frame,Ankle.R_x,Ankle.R_y,Ankle.R_z,Knee.R_x,Knee.R_y,Knee.R_z,Hip.R_x,Hip.R_y,Hip.R_z,Hip.L_x,Hip.L_y,Hip.L_z,Knee.L_x,Knee.L_y,Knee.L_z,Ankle.L_x,Ankle.L_y,Ankle.L_z,Wrist.R_x,Wrist.R_y,Wrist.R_z,Elbow.R_x,Elbow.R_y,Elbow.R_z,Shoulder.R_x,Shoulder.R_y,Shoulder.R_z,Shoulder.L_x,Shoulder.L_y,Shoulder.L_z,Elbow.L_x,Elbow.L_y,Elbow.L_z,Wrist.L_x,Wrist.L_y,Wrist.L_z,Neck_x,Neck_y,Neck_z,Head_x,Head_y,Head_z,Nose_x,Nose_y,Nose_z,Eye.L_x,Eye.L_y,Eye.L_z,Eye.R_x,Eye.R_y,Eye.R_z,Ear.L_x,Ear.L_y,Ear.L_z,Ear.R_x,Ear.R_y,Ear.R_z,hip.Center_x,hip.Center_y,hip.Center_z
0,0.669547,0.37389696,-0.4574952,0.38230282,0.2349211,-0.15519261,-0.019878455,0.11086072,-0.061282106,0.009942632,0.3178056,0.06782951,0.37859273,0.25743625,-0.16076094,0.641508,0.21190596,-0.50606763,-0.21498778,-0.21370353,0.07302115,-0.23071495,-0.054733563,-0.12162775,-0.4471098,0.06127384,-0.015521471,-0.42625794,0.16346508,0.19761834,-0.1678202,0.09471544,0.21676782,-0.14912283,-0.15086442,0.1761346,-0.48787534,0.107956916,0.09583676,-0.6897982,0.10409166,0.12751627,-0.6003374,-0.018659033,0.17471251,-0.6351545,0.028140388,0.19404557,-0.6424014,-0.0016651005,0.13480735,-0.60971713,0.12632893,0.18604447,-0.6281874,0.07008785,0.059653495,-0.004967911168932915,0.21433314681053162,0.003273703157901764
