frame,Ankle.R_x,Ankle.R_y,Ankle.R_z,Knee.R_x,Knee.R_y,Knee.R_z,Hip.R_x,Hip.R_y,Hip.R_z,Hip.L_x,Hip.L_y,Hip.L_z,Knee.L_x,Knee.L_y,Knee.L_z,Ankle.L_x,Ankle.L_y,Ankle.L_z,Wrist.R_x,Wrist.R_y,Wrist.R_z,Elbow.R_x,Elbow.R_y,Elbow.R_z,Shoulder.R_x,Shoulder.R_y,Shoulder.R_z,Shoulder.L_x,Shoulder.L_y,Shoulder.L_z,Elbow.L_x,Elbow.L_y,Elbow.L_z,Wrist.L_x,Wrist.L_y,Wrist.L_z,Neck_x,Neck_y,Neck_z,Head_x,Head_y,Head_z,Nose_x,Nose_y,Nose_z,Eye.L_x,Eye.L_y,Eye.L_z,Eye.R_x,Eye.R_y,Eye.R_z,Ear.L_x,Ear.L_y,Ear.L_z,Ear.R_x,Ear.R_y,Ear.R_z,hip.Center_x,hip.Center_y,hip.Center_z
0,0.611588,0.23422483,-0.54133683,0.38190603,0.21259059,-0.17135052,-0.004316268,0.100138195,-0.017169893,-0.0029073036,0.3375316,0.032717813,0.35873014,0.27645975,-0.20201947,0.6128444,0.22083867,-0.55530095,-0.27355486,-0.2099094,0.1191127,-0.25727132,-0.079605535,-0.09436692,-0.4533366,0.07929615,-0.017289449,-0.42633164,0.18034413,0.20187332,-0.19294067,0.060072243,0.21246925,-0.2831528,-0.15089327,0.1346886,-0.49071595,0.12526964,0.09981798,-0.68976414,0.124280564,0.1508969,-0.60364735,-0.0075861067,0.1691738,-0.63417804,0.035772815,0.19896325,-0.64768493,0.017448358,0.13648173,-0.60455585,0.13218872,0.20472874,-0.63611275,0.10012302,0.07372829,-0.00361178582534194,0.21883489191532135,0.007773960009217262
