frame,Ankle.R_x,Ankle.R_y,Ankle.R_z,Knee.R_x,Knee.R_y,Knee.R_z,Hip.R_x,Hip.R_y,Hip.R_z,Hip.L_x,Hip.L_y,Hip.L_z,Knee.L_x,Knee.L_y,Knee.L_z,Ankle.L_x,Ankle.L_y,Ankle.L_z,Wrist.R_x,Wrist.R_y,Wrist.R_z,Elbow.R_x,Elbow.R_y,Elbow.R_z,Shoulder.R_x,Shoulder.R_y,Shoulder.R_z,Shoulder.L_x,Shoulder.L_y,Shoulder.L_z,Elbow.L_x,Elbow.L_y,Elbow.L_z,Wrist.L_x,Wrist.L_y,Wrist.L_z,Neck_x,Neck_y,Neck_z,Head_x,Head_y,Head_z,Nose_x,Nose_y,Nose_z,Eye.L_x,Eye.L_y,Eye.L_z,Eye.R_x,Eye.R_y,Eye.R_z,Ear.L_x,Ear.L_y,Ear.L_z,Ear.R_x,Ear.R_y,Ear.R_z,hip.Center_x,hip.Center_y,hip.Center_z
0,0.66324615,0.3636756,-0.4525693,0.3905138,0.24831018,-0.1324248,0.0024485458,0.09909865,-0.01762205,-0.011959335,0.33714834,0.030365296,0.3743922,0.28933564,-0.1662249,0.65175235,0.2144523,-0.49655476,-0.20766509,-0.22162439,0.09960553,-0.2429193,-0.08431402,-0.10736303,-0.45078132,0.05142818,-0.016421154,-0.4314127,0.18824318,0.18359655,-0.18529367,0.10158464,0.19844763,-0.21122594,-0.13889186,0.16408217,-0.49161318,0.11312915,0.09223129,-0.69056916,0.11716191,0.1363131,-0.6034083,-0.008802019,0.1788026,-0.6356338,0.038370773,0.20002481,-0.6464647,0.009835534,0.14085239,-0.60764444,0.13520452,0.19119576,-0.6335409,0.0818111,0.06615079,-0.004755394533276558,0.21812349557876587,0.006371622905135155
