frame,Ankle.R_x,Ankle.R_y,Ankle.R_z,Knee.R_x,Knee.R_y,Knee.R_z,Hip.R_x,Hip.R_y,Hip.R_z,Hip.L_x,Hip.L_y,Hip.L_z,Knee.L_x,Knee.L_y,Knee.L_z,Ankle.L_x,Ankle.L_y,Ankle.L_z,Wrist.R_x,Wrist.R_y,Wrist.R_z,Elbow.R_x,Elbow.R_y,Elbow.R_z,Shoulder.R_x,Shoulder.R_y,Shoulder.R_z,Shoulder.L_x,Shoulder.L_y,Shoulder.L_z,Elbow.L_x,Elbow.L_y,Elbow.L_z,Wrist.L_x,Wrist.L_y,Wrist.L_z,Neck_x,Neck_y,Neck_z,Head_x,Head_y,Head_z,Nose_x,Nose_y,Nose_z,Eye.L_x,Eye.L_y,Eye.L_z,Eye.R_x,Eye.R_y,Eye.R_z,Ear.L_x,Ear.L_y,Ear.L_z,Ear.R_x,Ear.R_y,Ear.R_z,hip.Center_x,hip.Center_y,hip.Center_z
0,0.46918756,0.11983195,-0.74615157,0.23737784,0.16816682,-0.36211863,-0.078654744,0.15814993,-0.0894327,0.06694674,0.2516842,0.09283374,0.28071612,0.17208697,-0.28532934,0.4690403,0.122699805,-0.6887458,-0.3282813,-0.22236188,0.025302157,-0.1226637,-0.12024394,-0.07013159,-0.3558029,0.034864027,0.0072678775,-0.37487242,0.093860015,0.25220698,-0.16948047,-0.060445663,0.36447868,-0.3477,-0.17698228,0.24239656,-0.41758764,0.06012581,0.1327498,-0.5997433,0.08963242,0.18339904,-0.5598309,-0.06445274,0.1975978,-0.573864,-0.0131534,0.22972447,-0.59456426,-0.025571808,0.16659328,-0.51434124,0.07062456,0.23572592,-0.5591151,0.050927438,0.10316035,-0.005854003131389618,0.2049170583486557,0.0017005205154418945
