frame,Ankle.R_x,Ankle.R_y,Ankle.R_z,Knee.R_x,Knee.R_y,Knee.R_z,Hip.R_x,Hip.R_y,Hip.R_z,Hip.L_x,Hip.L_y,Hip.L_z,Knee.L_x,Knee.L_y,Knee.L_z,Ankle.L_x,Ankle.L_y,Ankle.L_z,Wrist.R_x,Wrist.R_y,Wrist.R_z,Elbow.R_x,Elbow.R_y,Elbow.R_z,Shoulder.R_x,Shoulder.R_y,Shoulder.R_z,Shoulder.L_x,Shoulder.L_y,Shoulder.L_z,Elbow.L_x,Elbow.L_y,Elbow.L_z,Wrist.L_x,Wrist.L_y,Wrist.L_z,Neck_x,Neck_y,Neck_z,Head_x,Head_y,Head_z,Nose_x,Nose_y,Nose_z,Eye.L_x,Eye.L_y,Eye.L_z,Eye.R_x,Eye.R_y,Eye.R_z,Ear.L_x,Ear.L_y,Ear.L_z,Ear.R_x,Ear.R_y,Ear.R_z,hip.Center_x,hip.Center_y,hip.Center_z
0,0.48244655,0.24115288,-0.69980824,0.3287527,0.15438849,-0.2845311,-0.051297136,0.13219059,-0.08677393,0.04252032,0.2886617,0.08704908,0.28900796,0.13818567,-0.2500621,0.46531105,0.09096646,-0.6617746,-0.2829461,-0.24750146,0.06954128,-0.08535066,-0.15382722,-0.04498339,-0.33562,-0.032666404,0.03044728,-0.33947524,0.054477774,0.24812362,-0.12667453,-0.06414917,0.14675076,-0.295882,-0.20987152,0.04094833,-0.39165464,0.0033268481,0.14975522,-0.54966587,0.04948716,0.21048251,-0.5195965,-0.10150437,0.25593323,-0.5237745,-0.043429345,0.27640218,-0.55602914,-0.067681395,0.22178748,-0.45808986,0.032944813,0.2528305,-0.5256798,-0.011934221,0.1370022,-0.004388408735394478,0.21042613685131073,0.00013757497072219849
