frame,Ankle.R_x,Ankle.R_y,Ankle.R_z,Knee.R_x,Knee.R_y,Knee.R_z,Hip.R_x,Hip.R_y,Hip.R_z,Hip.L_x,Hip.L_y,Hip.L_z,Knee.L_x,Knee.L_y,Knee.L_z,Ankle.L_x,Ankle.L_y,Ankle.L_z,Wrist.R_x,Wrist.R_y,Wrist.R_z,Elbow.R_x,Elbow.R_y,Elbow.R_z,Shoulder.R_x,Shoulder.R_y,Shoulder.R_z,Shoulder.L_x,Shoulder.L_y,Shoulder.L_z,Elbow.L_x,Elbow.L_y,Elbow.L_z,Wrist.L_x,Wrist.L_y,Wrist.L_z,Neck_x,Neck_y,Neck_z,Head_x,Head_y,Head_z,Nose_x,Nose_y,Nose_z,Eye.L_x,Eye.L_y,Eye.L_z,Eye.R_x,Eye.R_y,Eye.R_z,Ear.L_x,Ear.L_y,Ear.L_z,Ear.R_x,Ear.R_y,Ear.R_z,hip.Center_x,hip.Center_y,hip.Center_z
0,0.6464854,0.22126742,-0.5258857,0.37947163,0.19362813,-0.17811818,-0.01653045,0.10445314,-0.040193032,0.00632277,0.32991242,0.052608076,0.36447233,0.26423377,-0.18996303,0.6415915,0.1995607,-0.5221464,-0.25900945,-0.21175854,0.072283514,-0.23520026,-0.060867503,-0.12490499,-0.44367024,0.06420752,-0.012565913,-0.4277553,0.17527059,0.20300958,-0.19332582,0.061335772,0.2114204,-0.27632684,-0.14930272,0.11721591,-0.48605382,0.115182616,0.102999285,-0.6861253,0.10954927,0.14992051,-0.59525204,-0.016483366,0.18052223,-0.62802225,0.028446779,0.20617849,-0.6396184,0.0039714575,0.14520185,-0.60203254,0.12668423,0.20438662,-0.62982804,0.081120245,0.07576221,-0.005103840492665768,0.21718278527259827,0.006207522004842758
