frame,Ankle.R_x,Ankle.R_y,Ankle.R_z,Knee.R_x,Knee.R_y,Knee.R_z,Hip.R_x,Hip.R_y,Hip.R_z,Hip.L_x,Hip.L_y,Hip.L_z,Knee.L_x,Knee.L_y,Knee.L_z,Ankle.L_x,Ankle.L_y,Ankle.L_z,Wrist.R_x,Wrist.R_y,Wrist.R_z,Elbow.R_x,Elbow.R_y,Elbow.R_z,Shoulder.R_x,Shoulder.R_y,Shoulder.R_z,Shoulder.L_x,Shoulder.L_y,Shoulder.L_z,Elbow.L_x,Elbow.L_y,Elbow.L_z,Wrist.L_x,Wrist.L_y,Wrist.L_z,Neck_x,Neck_y,Neck_z,Head_x,Head_y,Head_z,Nose_x,Nose_y,Nose_z,Eye.L_x,Eye.L_y,Eye.L_z,Eye.R_x,Eye.R_y,Eye.R_z,Ear.L_x,Ear.L_y,Ear.L_z,Ear.R_x,Ear.R_y,Ear.R_z,hip.Center_x,hip.Center_y,hip.Center_z
0,0.49723908,0.23617001,-0.7034481,0.3083154,0.15637851,-0.30397218,-0.055392683,0.13429624,-0.08797453,0.04522322,0.28400397,0.08903954,0.28127635,0.12248418,-0.24686658,0.4574553,0.06056341,-0.6516897,-0.2681677,-0.25313917,0.08002214,-0.07682306,-0.17612082,-0.051477868,-0.32117146,-0.04592723,0.029614968,-0.34060535,0.048115447,0.24155936,-0.14505392,-0.08623433,0.13516214,-0.34582382,-0.20136043,0.044486172,-0.38381255,-0.00519892,0.14400598,-0.55350924,0.017452046,0.21161634,-0.49160522,-0.12369133,0.25398687,-0.5061662,-0.06766601,0.27486178,-0.5359262,-0.09807502,0.22234231,-0.45872962,0.01985044,0.24851152,-0.52207065,-0.037487634,0.13633174,-0.005084730684757233,0.20915010571479797,0.0005325041711330414
