frame,Ankle.R_x,Ankle.R_y,Ankle.R_z,Knee.R_x,Knee.R_y,Knee.R_z,Hip.R_x,Hip.R_y,Hip.R_z,Hip.L_x,Hip.L_y,Hip.L_z,Knee.L_x,Knee.L_y,Knee.L_z,Ankle.L_x,Ankle.L_y,Ankle.L_z,Wrist.R_x,Wrist.R_y,Wrist.R_z,Elbow.R_x,Elbow.R_y,Elbow.R_z,Shoulder.R_x,Shoulder.R_y,Shoulder.R_z,Shoulder.L_x,Shoulder.L_y,Shoulder.L_z,Elbow.L_x,Elbow.L_y,Elbow.L_z,Wrist.L_x,Wrist.L_y,Wrist.L_z,Neck_x,Neck_y,Neck_z,Head_x,Head_y,Head_z,Nose_x,Nose_y,Nose_z,Eye.L_x,Eye.L_y,Eye.L_z,Eye.R_x,Eye.R_y,Eye.R_z,Ear.L_x,Ear.L_y,Ear.L_z,Ear.R_x,Ear.R_y,Ear.R_z,hip.Center_x,hip.Center_y,hip.Center_z
0,0.46945783,0.11549231,-0.74240094,0.23194158,0.1770448,-0.36453992,-0.07649872,0.15306152,-0.087550946,0.06660625,0.25418532,0.09241286,0.2789716,0.17680483,-0.285099,0.46600598,0.11693194,-0.68567675,-0.3166856,-0.20740071,0.042421184,-0.11405301,-0.12375102,-0.07233527,-0.34951156,0.02919218,0.0027030194,-0.38186824,0.10460967,0.24353427,-0.18481055,-0.049007576,0.364403,-0.37263423,-0.14735642,0.24409127,-0.4162886,0.0612642,0.12565282,-0.59871405,0.08007789,0.18762624,-0.54352015,-0.06835065,0.20587212,-0.5593236,-0.016585693,0.23634075,-0.5846053,-0.034819223,0.17646165,-0.5082343,0.07215904,0.2316416,-0.5620643,0.04019055,0.10541763,-0.004946231842041016,0.20362341403961182,0.0024309568107128143
