frame,Ankle.R_x,Ankle.R_y,Ankle.R_z,Knee.R_x,Knee.R_y,Knee.R_z,Hip.R_x,Hip.R_y,Hip.R_z,Hip.L_x,Hip.L_y,Hip.L_z,Knee.L_x,Knee.L_y,Knee.L_z,Ankle.L_x,Ankle.L_y,Ankle.L_z,Wrist.R_x,Wrist.R_y,Wrist.R_z,Elbow.R_x,Elbow.R_y,Elbow.R_z,Shoulder.R_x,Shoulder.R_y,Shoulder.R_z,Shoulder.L_x,Shoulder.L_y,Shoulder.L_z,Elbow.L_x,Elbow.L_y,Elbow.L_z,Wrist.L_x,Wrist.L_y,Wrist.L_z,Neck_x,Neck_y,Neck_z,Head_x,Head_y,Head_z,Nose_x,Nose_y,Nose_z,Eye.L_x,Eye.L_y,Eye.L_z,Eye.R_x,Eye.R_y,Eye.R_z,Ear.L_x,Ear.L_y,Ear.L_z,Ear.R_x,Ear.R_y,Ear.R_z,hip.Center_x,hip.Center_y,hip.Center_z
0,0.61309767,0.22166933,-0.56527305,0.37003508,0.19706817,-0.2000974,-0.01736043,0.10511002,-0.04120327,0.009303181,0.32882497,0.054369852,0.3535979,0.26154226,-0.20731169,0.6121621,0.19642031,-0.5541062,-0.29169255,-0.19829853,0.109875485,-0.23291685,-0.07422353,-0.097901925,-0.44253173,0.06687479,-0.007940992,-0.42663443,0.17626053,0.20789367,-0.20856394,0.03621083,0.20229903,-0.32463,-0.1522207,0.0964596,-0.4861452,0.12002471,0.10650924,-0.68817806,0.1201216,0.14682572,-0.60222465,-0.008450314,0.1807278,-0.63463867,0.037436694,0.20525005,-0.6447558,0.013288282,0.14385635,-0.6055032,0.13484126,0.20446636,-0.6301987,0.09017674,0.07487151,-0.004028624389320612,0.21696749329566956,0.006583290174603462
