frame,Ankle.R_x,Ankle.R_y,Ankle.R_z,Knee.R_x,Knee.R_y,Knee.R_z,Hip.R_x,Hip.R_y,Hip.R_z,Hip.L_x,Hip.L_y,Hip.L_z,Knee.L_x,Knee.L_y,Knee.L_z,Ankle.L_x,Ankle.L_y,Ankle.L_z,Wrist.R_x,Wrist.R_y,Wrist.R_z,Elbow.R_x,Elbow.R_y,Elbow.R_z,Shoulder.R_x,Shoulder.R_y,Shoulder.R_z,Shoulder.L_x,Shoulder.L_y,Shoulder.L_z,Elbow.L_x,Elbow.L_y,Elbow.L_z,Wrist.L_x,Wrist.L_y,Wrist.L_z,Neck_x,Neck_y,Neck_z,Head_x,Head_y,Head_z,Nose_x,Nose_y,Nose_z,Eye.L_x,Eye.L_y,Eye.L_z,Eye.R_x,Eye.R_y,Eye.R_z,Ear.L_x,Ear.L_y,Ear.L_z,Ear.R_x,Ear.R_y,Ear.R_z,hip.Center_x,hip.Center_y,hip.Center_z
0,0.6560045,0.3304521,-0.45584846,0.38499597,0.2831713,-0.12051061,0.023377191,0.11854832,0.05259738,-0.039600912,0.3320349,-0.03850755,0.36173195,0.32278156,-0.19733138,0.67118955,0.22465591,-0.49164933,-0.13203596,-0.18621473,0.06750453,-0.23336895,-0.08453383,-0.13538866,-0.4409145,0.022417564,-0.00784272,-0.43820056,0.21132252,0.15737799,-0.17950228,0.17410165,0.18237771,-0.21224274,-0.06407228,0.16634277,-0.49065903,0.105431125,0.08931714,-0.69358575,0.10156278,0.13152951,-0.5970058,-0.006323606,0.19597226,-0.63403,0.04020065,0.2081585,-0.6405896,0.0015870482,0.15465963,-0.6143342,0.13543853,0.18267998,-0.632318,0.060666412,0.06966968,-0.008111860603094101,0.22529160976409912,0.007044915109872818
