frame,Ankle.R_x,Ankle.R_y,Ankle.R_z,Knee.R_x,Knee.R_y,Knee.R_z,Hip.R_x,Hip.R_y,Hip.R_z,Hip.L_x,Hip.L_y,Hip.L_z,Knee.L_x,Knee.L_y,Knee.L_z,Ankle.L_x,Ankle.L_y,Ankle.L_z,Wrist.R_x,Wrist.R_y,Wrist.R_z,Elbow.R_x,Elbow.R_y,Elbow.R_z,Shoulder.R_x,Shoulder.R_y,Shoulder.R_z,Shoulder.L_x,Shoulder.L_y,Shoulder.L_z,Elbow.L_x,Elbow.L_y,Elbow.L_z,Wrist.L_x,Wrist.L_y,Wrist.L_z,Neck_x,Neck_y,Neck_z,Head_x,Head_y,Head_z,Nose_x,Nose_y,Nose_z,Eye.L_x,Eye.L_y,Eye.L_z,Eye.R_x,Eye.R_y,Eye.R_z,Ear.L_x,Ear.L_y,Ear.L_z,Ear.R_x,Ear.R_y,Ear.R_z,hip.Center_x,hip.Center_y,hip.Center_z
0,0.45173386,0.10013651,-0.75203514,0.23248193,0.18504886,-0.36581743,-0.078997634,0.15864201,-0.090744615,0.06969564,0.24915978,0.09084799,0.28110033,0.18653291,-0.28835455,0.463861,0.10931205,-0.6876277,-0.12799756,-0.2090749,0.055449285,-0.11038795,-0.011256315,-0.105905645,-0.37120724,0.052472122,0.0026008058,-0.36876935,0.082209945,0.25635558,-0.103753135,0.017374035,0.33523026,-0.12115204,-0.20014575,0.21594891,-0.4235775,0.06141762,0.1338419,-0.61280227,0.0669104,0.18859375,-0.54959726,-0.079896174,0.18534802,-0.5712094,-0.035391048,0.22279613,-0.59028906,-0.04370758,0.15869741,-0.52548194,0.054788813,0.23816428,-0.5675961,0.043211587,0.1036365,-0.0046509988605976105,0.20390090346336365,5.168840289115906e-05
