frame,Ankle.R_x,Ankle.R_y,Ankle.R_z,Knee.R_x,Knee.R_y,Knee.R_z,Hip.R_x,Hip.R_y,Hip.R_z,Hip.L_x,Hip.L_y,Hip.L_z,Knee.L_x,Knee.L_y,Knee.L_z,Ankle.L_x,Ankle.L_y,Ankle.L_z,Wrist.R_x,Wrist.R_y,Wrist.R_z,Elbow.R_x,Elbow.R_y,Elbow.R_z,Shoulder.R_x,Shoulder.R_y,Shoulder.R_z,Shoulder.L_x,Shoulder.L_y,Shoulder.L_z,Elbow.L_x,Elbow.L_y,Elbow.L_z,Wrist.L_x,Wrist.L_y,Wrist.L_z,Neck_x,Neck_y,Neck_z,Head_x,Head_y,Head_z,Nose_x,Nose_y,Nose_z,Eye.L_x,Eye.L_y,Eye.L_z,Eye.R_x,Eye.R_y,Eye.R_z,Ear.L_x,Ear.L_y,Ear.L_z,Ear.R_x,Ear.R_y,Ear.R_z,hip.Center_x,hip.Center_y,hip.Center_z
0,0.47066233,0.19574033,-0.70169574,0.3312944,0.14912821,-0.2747767,-0.057893336,0.14267756,-0.09469498,0.048951108,0.27526864,0.092193395,0.2817548,0.14101785,-0.2584309,0.45177317,0.06303984,-0.6670366,-0.10669161,-0.24337803,0.091595866,-0.07460663,-0.05680859,-0.07550895,-0.3461218,-0.013179118,-0.002603041,-0.35574695,0.03954875,0.23478663,-0.094528265,-0.02863267,0.21272145,-0.109574124,-0.20795166,0.042720042,-0.40421975,0.0032098521,0.12389287,-0.5727219,0.02250867,0.20609371,-0.5178362,-0.12700137,0.21460524,-0.528815,-0.07622318,0.24761803,-0.5615556,-0.09304859,0.19086412,-0.47750217,0.012160532,0.23820283,-0.5475019,-0.017359972,0.118675664,-0.004471113905310631,0.20897310972213745,-0.0012507922947406769
