frame,Ankle.R_x,Ankle.R_y,Ankle.R_z,Knee.R_x,Knee.R_y,Knee.R_z,Hip.R_x,Hip.R_y,Hip.R_z,Hip.L_x,Hip.L_y,Hip.L_z,Knee.L_x,Knee.L_y,Knee.L_z,Ankle.L_x,Ankle.L_y,Ankle.L_z,Wrist.R_x,Wrist.R_y,Wrist.R_z,Elbow.R_x,Elbow.R_y,Elbow.R_z,Shoulder.R_x,Shoulder.R_y,Shoulder.R_z,Shoulder.L_x,Shoulder.L_y,Shoulder.L_z,Elbow.L_x,Elbow.L_y,Elbow.L_z,Wrist.L_x,Wrist.L_y,Wrist.L_z,Neck_x,Neck_y,Neck_z,Head_x,Head_y,Head_z,Nose_x,Nose_y,Nose_z,Eye.L_x,Eye.L_y,Eye.L_z,Eye.R_x,Eye.R_y,Eye.R_z,Ear.L_x,Ear.L_y,Ear.L_z,Ear.R_x,Ear.R_y,Ear.R_z,hip.Center_x,hip.Center_y,hip.Center_z
0,0.5941829,0.18434635,-0.5972438,0.35761446,0.16611591,-0.22508916,-0.040176082,0.1288075,-0.07850837,0.03158679,0.29782405,0.08407592,0.34409282,0.23041274,-0.21730594,0.5956517,0.15917566,-0.5644858,-0.11604866,-0.17877479,-0.00980815,-0.22320634,0.015511338,-0.13757639,-0.44305176,0.07586105,-0.0056743417,-0.41389236,0.12757593,0.21882597,-0.1572785,0.053814773,0.21259104,-0.120032445,-0.18549144,0.14917928,-0.4785621,0.097075194,0.11301527,-0.67768234,0.081091635,0.14920822,-0.5807996,-0.039600655,0.18564649,-0.6167543,0.004290551,0.20910583,-0.62518895,-0.022471994,0.14845105,-0.59633684,0.10366569,0.20548719,-0.61765707,0.053312108,0.0765575,-0.00429464690387249,0.21331578493118286,0.0027837753295898438
