frame,Ankle.R_x,Ankle.R_y,Ankle.R_z,Knee.R_x,Knee.R_y,Knee.R_z,Hip.R_x,Hip.R_y,Hip.R_z,Hip.L_x,Hip.L_y,Hip.L_z,Knee.L_x,Knee.L_y,Knee.L_z,Ankle.L_x,Ankle.L_y,Ankle.L_z,Wrist.R_x,Wrist.R_y,Wrist.R_z,Elbow.R_x,Elbow.R_y,Elbow.R_z,Shoulder.R_x,Shoulder.R_y,Shoulder.R_z,Shoulder.L_x,Shoulder.L_y,Shoulder.L_z,Elbow.L_x,Elbow.L_y,Elbow.L_z,Wrist.L_x,Wrist.L_y,Wrist.L_z,Neck_x,Neck_y,Neck_z,Head_x,Head_y,Head_z,Nose_x,Nose_y,Nose_z,Eye.L_x,Eye.L_y,Eye.L_z,Eye.R_x,Eye.R_y,Eye.R_z,Ear.L_x,Ear.L_y,Ear.L_z,Ear.R_x,Ear.R_y,Ear.R_z,hip.Center_x,hip.Center_y,hip.Center_z
0,0.6689715,0.32353657,-0.48372543,0.37177327,0.18782857,-0.18418454,-0.051783904,0.15495437,-0.10211182,0.03294484,0.27211896,0.099597745,0.37501252,0.19461125,-0.16505586,0.646205,0.1806611,-0.5077403,-0.109278075,-0.1642151,-0.04557865,-0.22996719,0.02718951,-0.17264569,-0.44719702,0.08694269,-0.025037557,-0.40813947,0.12855047,0.22102527,-0.1397859,0.07692329,0.22911237,-0.020795159,-0.146545,0.19601032,-0.4818384,0.10018816,0.10550206,-0.687876,0.07331134,0.12263861,-0.5879401,-0.037819475,0.17577049,-0.6286761,0.0050292015,0.19273312,-0.62917876,-0.025677443,0.13337061,-0.614087,0.10524256,0.18560684,-0.6188022,0.046753928,0.057561785,-0.009419532492756844,0.21353666484355927,-0.001257035881280899
