frame,Ankle.R_x,Ankle.R_y,Ankle.R_z,Knee.R_x,Knee.R_y,Knee.R_z,Hip.R_x,Hip.R_y,Hip.R_z,Hip.L_x,Hip.L_y,Hip.L_z,Knee.L_x,Knee.L_y,Knee.L_z,Ankle.L_x,Ankle.L_y,Ankle.L_z,Wrist.R_x,Wrist.R_y,Wrist.R_z,Elbow.R_x,Elbow.R_y,Elbow.R_z,Shoulder.R_x,Shoulder.R_y,Shoulder.R_z,Shoulder.L_x,Shoulder.L_y,Shoulder.L_z,Elbow.L_x,Elbow.L_y,Elbow.L_z,Wrist.L_x,Wrist.L_y,Wrist.L_z,Neck_x,Neck_y,Neck_z,Head_x,Head_y,Head_z,Nose_x,Nose_y,Nose_z,Eye.L_x,Eye.L_y,Eye.L_z,Eye.R_x,Eye.R_y,Eye.R_z,Ear.L_x,Ear.L_y,Ear.L_z,Ear.R_x,Ear.R_y,Ear.R_z,hip.Center_x,hip.Center_y,hip.Center_z
0,0.62460005,0.17770118,-0.5614398,0.3512447,0.13836038,-0.2150486,-0.05996434,0.15928124,-0.09931054,0.04086201,0.27013618,0.09865849,0.35894212,0.1805904,-0.19021198,0.62315035,0.12801267,-0.534851,-0.12349702,-0.159907,-0.06187171,-0.24036948,0.04409274,-0.17079239,-0.44690555,0.09467225,-0.00807628,-0.39154014,0.103901,0.23427805,-0.12229589,0.05205679,0.22646089,-0.0129760355,-0.17065811,0.17105818,-0.47232908,0.09160163,0.1223404,-0.67633414,0.06448752,0.15279491,-0.57512796,-0.054221496,0.18092035,-0.61295396,-0.013761103,0.20722902,-0.61955667,-0.035962135,0.14449298,-0.59660006,0.086518064,0.21237656,-0.6141406,0.04576754,0.07842331,-0.009551165625452995,0.21470871567726135,-0.00032602623105049133
