frame,Ankle.R_x,Ankle.R_y,Ankle.R_z,Knee.R_x,Knee.R_y,Knee.R_z,Hip.R_x,Hip.R_y,Hip.R_z,Hip.L_x,Hip.L_y,Hip.L_z,Knee.L_x,Knee.L_y,Knee.L_z,Ankle.L_x,Ankle.L_y,Ankle.L_z,Wrist.R_x,Wrist.R_y,Wrist.R_z,Elbow.R_x,Elbow.R_y,Elbow.R_z,Shoulder.R_x,Shoulder.R_y,Shoulder.R_z,Shoulder.L_x,Shoulder.L_y,Shoulder.L_z,Elbow.L_x,Elbow.L_y,Elbow.L_z,Wrist.L_x,Wrist.L_y,Wrist.L_z,Neck_x,Neck_y,Neck_z,Head_x,Head_y,Head_z,Nose_x,Nose_y,Nose_z,Eye.L_x,Eye.L_y,Eye.L_z,Eye.R_x,Eye.R_y,Eye.R_z,Ear.L_x,Ear.L_y,Ear.L_z,Ear.R_x,Ear.R_y,Ear.R_z,hip.Center_x,hip.Center_y,hip.Center_z
0,0.4482766,0.15587664,-0.7016323,0.33697245,0.15003546,-0.26604918,-0.06008155,0.1463972,-0.096665576,0.0520194,0.27114058,0.09247352,0.2808501,0.14691442,-0.26426512,0.4431808,0.07317126,-0.67355055,-0.057375308,-0.2107303,0.081226125,-0.120620966,-0.036175672,-0.094885014,-0.37169895,-0.0071032094,0.0064454684,-0.35124767,0.03989557,0.23824151,-0.098397896,0.010994063,0.17360646,0.018717596,-0.18083377,0.058820885,-0.4118515,0.004521594,0.13161922,-0.5771836,0.026972236,0.20377888,-0.5283155,-0.124590576,0.21469176,-0.5385891,-0.0738136,0.2472119,-0.5692431,-0.089165665,0.18895462,-0.48349124,0.012751929,0.24072048,-0.5488909,-0.014849588,0.11791611,-0.004031075164675713,0.20876888930797577,-0.002096027135848999
