frame,Ankle.R_x,Ankle.R_y,Ankle.R_z,Knee.R_x,Knee.R_y,Knee.R_z,Hip.R_x,Hip.R_y,Hip.R_z,Hip.L_x,Hip.L_y,Hip.L_z,Knee.L_x,Knee.L_y,Knee.L_z,Ankle.L_x,Ankle.L_y,Ankle.L_z,Wrist.R_x,Wrist.R_y,Wrist.R_z,Elbow.R_x,Elbow.R_y,Elbow.R_z,Shoulder.R_x,Shoulder.R_y,Shoulder.R_z,Shoulder.L_x,Shoulder.L_y,Shoulder.L_z,Elbow.L_x,Elbow.L_y,Elbow.L_z,Wrist.L_x,Wrist.L_y,Wrist.L_z,Neck_x,Neck_y,Neck_z,Head_x,Head_y,Head_z,Nose_x,Nose_y,Nose_z,Eye.L_x,Eye.L_y,Eye.L_z,Eye.R_x,Eye.R_y,Eye.R_z,Ear.L_x,Ear.L_y,Ear.L_z,Ear.R_x,Ear.R_y,Ear.R_z,hip.Center_x,hip.Center_y,hip.Center_z
0,0.46434435,0.16984585,-0.69823474,0.34258735,0.15119152,-0.26375464,-0.058173783,0.14769945,-0.098520726,0.050525714,0.2718404,0.09336554,0.28206202,0.14878398,-0.26549822,0.44052064,0.055277668,-0.67248845,-0.020241572,-0.16559958,0.07471642,-0.13111362,-0.024858423,-0.114471085,-0.3814838,-0.003695162,-0.005965704,-0.3651107,0.037716024,0.22424792,-0.10380198,0.048939396,0.18357158,0.03315473,-0.14178671,0.082282394,-0.42183742,0.005489529,0.11765399,-0.5815121,0.033194296,0.1999127,-0.5303821,-0.11780308,0.21329395,-0.5378876,-0.06511602,0.24362467,-0.5742558,-0.0839223,0.18994796,-0.48441827,0.020693935,0.22731484,-0.5617532,-0.013069995,0.11310832,-0.003824034705758095,0.20976991951465607,-0.002577591687440872
