frame,Ankle.R_x,Ankle.R_y,Ankle.R_z,Knee.R_x,Knee.R_y,Knee.R_z,Hip.R_x,Hip.R_y,Hip.R_z,Hip.L_x,Hip.L_y,Hip.L_z,Knee.L_x,Knee.L_y,Knee.L_z,Ankle.L_x,Ankle.L_y,Ankle.L_z,Wrist.R_x,Wrist.R_y,Wrist.R_z,Elbow.R_x,Elbow.R_y,Elbow.R_z,Shoulder.R_x,Shoulder.R_y,Shoulder.R_z,Shoulder.L_x,Shoulder.L_y,Shoulder.L_z,Elbow.L_x,Elbow.L_y,Elbow.L_z,Wrist.L_x,Wrist.L_y,Wrist.L_z,Neck_x,Neck_y,Neck_z,Head_x,Head_y,Head_z,Nose_x,Nose_y,Nose_z,Eye.L_x,Eye.L_y,Eye.L_z,Eye.R_x,Eye.R_y,Eye.R_z,Ear.L_x,Ear.L_y,Ear.L_z,Ear.R_x,Ear.R_y,Ear.R_z,hip.Center_x,hip.Center_y,hip.Center_z
0,0.6016537,0.1743945,-0.58279365,0.3447164,0.1204606,-0.22670601,-0.058509275,0.15214184,-0.09342117,0.042993706,0.27825093,0.09334455,0.34429076,0.17275423,-0.21067679,0.5823817,0.102498874,-0.571261,-0.096694745,-0.14583436,-0.08832714,-0.23802899,0.060494956,-0.1558277,-0.4426396,0.085036844,0.009672681,-0.384108,0.09425376,0.24313164,-0.11330885,0.05651937,0.23333232,0.032572668,-0.1475667,0.1869708,-0.46543884,0.08160563,0.135789,-0.66664624,0.060198765,0.17409441,-0.5684668,-0.06353929,0.1888084,-0.6037207,-0.024135903,0.21967551,-0.6137251,-0.041287236,0.15586582,-0.5838913,0.074902385,0.23164394,-0.60845613,0.04500012,0.09630075,-0.007757784798741341,0.2151963859796524,-3.8310885429382324e-05
