frame,Ankle.R_x,Ankle.R_y,Ankle.R_z,Knee.R_x,Knee.R_y,Knee.R_z,Hip.R_x,Hip.R_y,Hip.R_z,Hip.L_x,Hip.L_y,Hip.L_z,Knee.L_x,Knee.L_y,Knee.L_z,Ankle.L_x,Ankle.L_y,Ankle.L_z,Wrist.R_x,Wrist.R_y,Wrist.R_z,Elbow.R_x,Elbow.R_y,Elbow.R_z,Shoulder.R_x,Shoulder.R_y,Shoulder.R_z,Shoulder.L_x,Shoulder.L_y,Shoulder.L_z,Elbow.L_x,Elbow.L_y,Elbow.L_z,Wrist.L_x,Wrist.L_y,Wrist.L_z,Neck_x,Neck_y,Neck_z,Head_x,Head_y,Head_z,Nose_x,Nose_y,Nose_z,Eye.L_x,Eye.L_y,Eye.L_z,Eye.R_x,Eye.R_y,Eye.R_z,Ear.L_x,Ear.L_y,Ear.L_z,Ear.R_x,Ear.R_y,Ear.R_z,hip.Center_x,hip.Center_y,hip.Center_z
0,0.6072957,0.13204111,-0.5874728,0.33906674,0.11923736,-0.23326173,-0.06239426,0.16171081,-0.09909119,0.044179093,0.26826206,0.0968637,0.3576894,0.16441384,-0.19210827,0.6223271,0.09770452,-0.53679466,-0.14558926,-0.15415306,-0.089286685,-0.24747615,0.07006228,-0.1654623,-0.44816306,0.096228465,0.0057611456,-0.38522017,0.08306418,0.23582673,-0.11553409,0.03330253,0.23046772,-0.021568954,-0.19775431,0.18898992,-0.46635365,0.08118953,0.13120094,-0.66310537,0.051108446,0.1839343,-0.5595123,-0.06912418,0.18759789,-0.59347427,-0.031503096,0.2219098,-0.6085574,-0.048146635,0.15901244,-0.5761178,0.06786345,0.23310336,-0.6121858,0.03904835,0.10007664,-0.00910758413374424,0.21498644351959229,-0.0011137425899505615
