frame,Ankle.R_x,Ankle.R_y,Ankle.R_z,Knee.R_x,Knee.R_y,Knee.R_z,Hip.R_x,Hip.R_y,Hip.R_z,Hip.L_x,Hip.L_y,Hip.L_z,Knee.L_x,Knee.L_y,Knee.L_z,Ankle.L_x,Ankle.L_y,Ankle.L_z,Wrist.R_x,Wrist.R_y,Wrist.R_z,Elbow.R_x,Elbow.R_y,Elbow.R_z,Shoulder.R_x,Shoulder.R_y,Shoulder.R_z,Shoulder.L_x,Shoulder.L_y,Shoulder.L_z,Elbow.L_x,Elbow.L_y,Elbow.L_z,Wrist.L_x,Wrist.L_y,Wrist.L_z,Neck_x,Neck_y,Neck_z,Head_x,Head_y,Head_z,Nose_x,Nose_y,Nose_z,Eye.L_x,Eye.L_y,Eye.L_z,Eye.R_x,Eye.R_y,Eye.R_z,Ear.L_x,Ear.L_y,Ear.L_z,Ear.R_x,Ear.R_y,Ear.R_z,hip.Center_x,hip.Center_y,hip.Center_z
0,0.66246367,0.29446745,-0.4919047,0.36757898,0.17107175,-0.18685809,-0.05332367,0.15170233,-0.09849238,0.034976754,0.27510813,0.096146666,0.37786117,0.18946284,-0.16084182,0.65063226,0.15594292,-0.5008146,-0.17273143,-0.19202395,-0.09120028,-0.24638587,0.032712623,-0.19110888,-0.4434356,0.09246153,-0.015842006,-0.39598984,0.09645222,0.22552189,-0.13481589,0.01491496,0.24459632,-0.101171985,-0.22811483,0.1886504,-0.46954912,0.08618676,0.11466595,-0.66732144,0.055547588,0.16515657,-0.5638404,-0.06423494,0.1753625,-0.5985433,-0.025351033,0.2076413,-0.61217654,-0.044347316,0.14521545,-0.5816076,0.07414084,0.21566741,-0.6143677,0.040948875,0.08337003,-0.009173458442091942,0.21340522170066833,-0.0011728554964065552
