frame,Ankle.R_x,Ankle.R_y,Ankle.R_z,Knee.R_x,Knee.R_y,Knee.R_z,Hip.R_x,Hip.R_y,Hip.R_z,Hip.L_x,Hip.L_y,Hip.L_z,Knee.L_x,Knee.L_y,Knee.L_z,Ankle.L_x,Ankle.L_y,Ankle.L_z,Wrist.R_x,Wrist.R_y,Wrist.R_z,Elbow.R_x,Elbow.R_y,Elbow.R_z,Shoulder.R_x,Shoulder.R_y,Shoulder.R_z,Shoulder.L_x,Shoulder.L_y,Shoulder.L_z,Elbow.L_x,Elbow.L_y,Elbow.L_z,Wrist.L_x,Wrist.L_y,Wrist.L_z,Neck_x,Neck_y,Neck_z,Head_x,Head_y,Head_z,Nose_x,Nose_y,Nose_z,Eye.L_x,Eye.L_y,Eye.L_z,Eye.R_x,Eye.R_y,Eye.R_z,Ear.L_x,Ear.L_y,Ear.L_z,Ear.R_x,Ear.R_y,Ear.R_z,hip.Center_x,hip.Center_y,hip.Center_z
0,0.43626466,0.10057029,-0.7553536,0.20992209,0.19196106,-0.37787238,-0.088627815,0.17874175,-0.09109315,0.07648759,0.22727937,0.091757454,0.27478296,0.17930207,-0.29624227,0.45285743,0.0978265,-0.6933599,-0.1699775,-0.19440629,0.018271992,-0.14868015,0.016291806,-0.1257371,-0.39228097,0.10154465,-0.012725899,-0.38625616,0.10560802,0.24289174,-0.13844997,0.041694496,0.33660436,-0.15692176,-0.1791651,0.23246008,-0.43622556,0.09493035,0.12510677,-0.5652011,0.07452197,0.26871896,-0.53637147,-0.05677744,0.18548831,-0.5259563,-0.028648533,0.23922426,-0.57923764,-0.0172088,0.19954428,-0.46902007,0.055397667,0.25202432,-0.5805529,0.08341336,0.1696522,-0.006070110946893692,0.20301055908203125,0.0003321506083011627
