frame,Ankle.R_x,Ankle.R_y,Ankle.R_z,Knee.R_x,Knee.R_y,Knee.R_z,Hip.R_x,Hip.R_y,Hip.R_z,Hip.L_x,Hip.L_y,Hip.L_z,Knee.L_x,Knee.L_y,Knee.L_z,Ankle.L_x,Ankle.L_y,Ankle.L_z,Wrist.R_x,Wrist.R_y,Wrist.R_z,Elbow.R_x,Elbow.R_y,Elbow.R_z,Shoulder.R_x,Shoulder.R_y,Shoulder.R_z,Shoulder.L_x,Shoulder.L_y,Shoulder.L_z,Elbow.L_x,Elbow.L_y,Elbow.L_z,Wrist.L_x,Wrist.L_y,Wrist.L_z,Neck_x,Neck_y,Neck_z,Head_x,Head_y,Head_z,Nose_x,Nose_y,Nose_z,Eye.L_x,Eye.L_y,Eye.L_z,Eye.R_x,Eye.R_y,Eye.R_z,Ear.L_x,Ear.L_y,Ear.L_z,Ear.R_x,Ear.R_y,Ear.R_z,hip.Center_x,hip.Center_y,hip.Center_z
0,0.62113166,0.12062267,-0.57177365,0.33463222,0.11857031,-0.23478022,-0.06318696,0.16000071,-0.09661816,0.04283315,0.26981995,0.09706224,0.36369503,0.17146315,-0.18210301,0.64235747,0.09309117,-0.50908333,-0.18140532,-0.19454722,-0.0813372,-0.24986564,0.031739056,-0.18136819,-0.44195414,0.09531084,-0.001802816,-0.3879316,0.09687506,0.23831326,-0.12891196,0.008151465,0.24791788,-0.1227653,-0.23204204,0.17722341,-0.4643091,0.08811729,0.12970999,-0.6586021,0.053948328,0.19251454,-0.5541554,-0.06491512,0.18906319,-0.58651924,-0.028054208,0.22576326,-0.6045966,-0.043949634,0.16348252,-0.56959176,0.071375795,0.23752382,-0.6117945,0.043905698,0.10623589,-0.010176904499530792,0.2149103283882141,0.00022203847765922546
