frame,Ankle.R_x,Ankle.R_y,Ankle.R_z,Knee.R_x,Knee.R_y,Knee.R_z,Hip.R_x,Hip.R_y,Hip.R_z,Hip.L_x,Hip.L_y,Hip.L_z,Knee.L_x,Knee.L_y,Knee.L_z,Ankle.L_x,Ankle.L_y,Ankle.L_z,Wrist.R_x,Wrist.R_y,Wrist.R_z,Elbow.R_x,Elbow.R_y,Elbow.R_z,Shoulder.R_x,Shoulder.R_y,Shoulder.R_z,Shoulder.L_x,Shoulder.L_y,Shoulder.L_z,Elbow.L_x,Elbow.L_y,Elbow.L_z,Wrist.L_x,Wrist.L_y,Wrist.L_z,Neck_x,Neck_y,Neck_z,Head_x,Head_y,Head_z,Nose_x,Nose_y,Nose_z,Eye.L_x,Eye.L_y,Eye.L_z,Eye.R_x,Eye.R_y,Eye.R_z,Ear.L_x,Ear.L_y,Ear.L_z,Ear.R_x,Ear.R_y,Ear.R_z,hip.Center_x,hip.Center_y,hip.Center_z
0,0.5969244,0.11518436,-0.6007527,0.32342017,0.117911294,-0.25282753,-0.06570566,0.1616882,-0.09591671,0.04646522,0.26731315,0.09687915,0.3551142,0.1734426,-0.1981498,0.6197212,0.09707858,-0.5371547,-0.17381608,-0.19883743,-0.079631954,-0.2464948,0.027365949,-0.17751616,-0.4390015,0.09188484,0.0022119666,-0.38493314,0.093827695,0.24189435,-0.124786414,0.008554772,0.2522538,-0.123130634,-0.23139945,0.18231617,-0.4611755,0.08484544,0.13382852,-0.6534473,0.051901773,0.20165488,-0.54981524,-0.06772061,0.19598524,-0.5807955,-0.030339137,0.23334725,-0.60094225,-0.046697155,0.17178999,-0.5630287,0.069066755,0.24363914,-0.6094332,0.04073017,0.11395685,-0.009620217606425285,0.21450066566467285,0.0004812180995941162
