frame,Ankle.R_x,Ankle.R_y,Ankle.R_z,Knee.R_x,Knee.R_y,Knee.R_z,Hip.R_x,Hip.R_y,Hip.R_z,Hip.L_x,Hip.L_y,Hip.L_z,Knee.L_x,Knee.L_y,Knee.L_z,Ankle.L_x,Ankle.L_y,Ankle.L_z,Wrist.R_x,Wrist.R_y,Wrist.R_z,Elbow.R_x,Elbow.R_y,Elbow.R_z,Shoulder.R_x,Shoulder.R_y,Shoulder.R_z,Shoulder.L_x,Shoulder.L_y,Shoulder.L_z,Elbow.L_x,Elbow.L_y,Elbow.L_z,Wrist.L_x,Wrist.L_y,Wrist.L_z,Neck_x,Neck_y,Neck_z,Head_x,Head_y,Head_z,Nose_x,Nose_y,Nose_z,Eye.L_x,Eye.L_y,Eye.L_z,Eye.R_x,Eye.R_y,Eye.R_z,Ear.L_x,Ear.L_y,Ear.L_z,Ear.R_x,Ear.R_y,Ear.R_z,hip.Center_x,hip.Center_y,hip.Center_z
0,0.62567705,0.13624501,-0.5736846,0.34125364,0.12603442,-0.23658869,-0.051651325,0.13614455,-0.08110432,0.034585726,0.29373008,0.08629354,0.37000117,0.19417651,-0.17686999,0.65453833,0.122319154,-0.5027362,-0.23478389,-0.21212047,-0.064165,-0.24225523,0.014486515,-0.1766118,-0.43335435,0.085628584,0.0035319682,-0.38271958,0.09912874,0.2448009,-0.14345358,-0.032041267,0.24936214,-0.20697965,-0.25930554,0.17402197,-0.45725417,0.08320677,0.13670121,-0.6494447,0.042839818,0.20224684,-0.54451215,-0.07515855,0.19002593,-0.5765343,-0.041223794,0.22962773,-0.5951368,-0.05269085,0.16655765,-0.5599385,0.05734364,0.24810742,-0.6033934,0.038726375,0.116088554,-0.008532799780368805,0.21493731439113617,0.002594608813524246
