frame,Ankle.R_x,Ankle.R_y,Ankle.R_z,Knee.R_x,Knee.R_y,Knee.R_z,Hip.R_x,Hip.R_y,Hip.R_z,Hip.L_x,Hip.L_y,Hip.L_z,Knee.L_x,Knee.L_y,Knee.L_z,Ankle.L_x,Ankle.L_y,Ankle.L_z,Wrist.R_x,Wrist.R_y,Wrist.R_z,Elbow.R_x,Elbow.R_y,Elbow.R_z,Shoulder.R_x,Shoulder.R_y,Shoulder.R_z,Shoulder.L_x,Shoulder.L_y,Shoulder.L_z,Elbow.L_x,Elbow.L_y,Elbow.L_z,Wrist.L_x,Wrist.L_y,Wrist.L_z,Neck_x,Neck_y,Neck_z,Head_x,Head_y,Head_z,Nose_x,Nose_y,Nose_z,Eye.L_x,Eye.L_y,Eye.L_z,Eye.R_x,Eye.R_y,Eye.R_z,Ear.L_x,Ear.L_y,Ear.L_z,Ear.R_x,Ear.R_y,Ear.R_z,hip.Center_x,hip.Center_y,hip.Center_z
0,0.66796535,0.30338934,-0.48551333,0.37489617,0.17667337,-0.1807627,-0.040943403,0.12865768,-0.08057971,0.025601083,0.29939428,0.083526865,0.37981123,0.2093823,-0.15879907,0.65988016,0.16361204,-0.4945849,-0.23344891,-0.200133,-0.07783057,-0.25288484,0.02380587,-0.19166565,-0.43862292,0.07970197,-0.0033056866,-0.39065692,0.10194017,0.23706107,-0.14272131,-0.009565887,0.24701835,-0.18613407,-0.24360752,0.18055347,-0.4635681,0.08053599,0.12864546,-0.65849555,0.040350568,0.1850209,-0.55097276,-0.076096356,0.18337157,-0.5861599,-0.04143408,0.21967475,-0.6004648,-0.05537507,0.15606934,-0.57233286,0.057757832,0.23589976,-0.6069182,0.03426069,0.10244138,-0.007671159692108631,0.21402597427368164,0.0014735758304595947
