frame,Ankle.R_x,Ankle.R_y,Ankle.R_z,Knee.R_x,Knee.R_y,Knee.R_z,Hip.R_x,Hip.R_y,Hip.R_z,Hip.L_x,Hip.L_y,Hip.L_z,Knee.L_x,Knee.L_y,Knee.L_z,Ankle.L_x,Ankle.L_y,Ankle.L_z,Wrist.R_x,Wrist.R_y,Wrist.R_z,Elbow.R_x,Elbow.R_y,Elbow.R_z,Shoulder.R_x,Shoulder.R_y,Shoulder.R_z,Shoulder.L_x,Shoulder.L_y,Shoulder.L_z,Elbow.L_x,Elbow.L_y,Elbow.L_z,Wrist.L_x,Wrist.L_y,Wrist.L_z,Neck_x,Neck_y,Neck_z,Head_x,Head_y,Head_z,Nose_x,Nose_y,Nose_z,Eye.L_x,Eye.L_y,Eye.L_z,Eye.R_x,Eye.R_y,Eye.R_z,Ear.L_x,Ear.L_y,Ear.L_z,Ear.R_x,Ear.R_y,Ear.R_z,hip.Center_x,hip.Center_y,hip.Center_z
0,0.6468564,0.28627992,-0.524316,0.37216404,0.16849396,-0.19798855,-0.041542567,0.13804592,-0.09050683,0.027820554,0.29006028,0.09194508,0.3614868,0.21615888,-0.19233878,0.5500292,0.22863548,-0.5909941,-0.104911126,-0.19368845,-0.00078756467,-0.2156602,-0.009649958,-0.14478476,-0.44338647,0.0724014,-0.025488114,-0.42218032,0.15368648,0.21041237,-0.15935102,0.09264156,0.26096964,-0.05960879,-0.13960902,0.2796734,-0.48830426,0.10786012,0.09611026,-0.69545823,0.1044081,0.10612288,-0.6110011,-0.01656548,0.16592519,-0.64737403,0.030880809,0.18030955,-0.6492617,-0.00082331896,0.121539995,-0.6205485,0.1286299,0.17153436,-0.62804866,0.06805071,0.04512971,-0.0068610068410634995,0.21405309438705444,0.0007191263139247894
