frame,Ankle.R_x,Ankle.R_y,Ankle.R_z,Knee.R_x,Knee.R_y,Knee.R_z,Hip.R_x,Hip.R_y,Hip.R_z,Hip.L_x,Hip.L_y,Hip.L_z,Knee.L_x,Knee.L_y,Knee.L_z,Ankle.L_x,Ankle.L_y,Ankle.L_z,Wrist.R_x,Wrist.R_y,Wrist.R_z,Elbow.R_x,Elbow.R_y,Elbow.R_z,Shoulder.R_x,Shoulder.R_y,Shoulder.R_z,Shoulder.L_x,Shoulder.L_y,Shoulder.L_z,Elbow.L_x,Elbow.L_y,Elbow.L_z,Wrist.L_x,Wrist.L_y,Wrist.L_z,Neck_x,Neck_y,Neck_z,Head_x,Head_y,Head_z,Nose_x,Nose_y,Nose_z,Eye.L_x,Eye.L_y,Eye.L_z,Eye.R_x,Eye.R_y,Eye.R_z,Ear.L_x,Ear.L_y,Ear.L_z,Ear.R_x,Ear.R_y,Ear.R_z,hip.Center_x,hip.Center_y,hip.Center_z
0,0.5552482,0.24171254,-0.6251095,0.3498513,0.15920375,-0.2423651,-0.04683628,0.14091231,-0.08912069,0.03499353,0.28688413,0.09239778,0.34024012,0.21163972,-0.2200273,0.5301152,0.20429637,-0.61631244,-0.08355889,-0.20427315,-0.007969793,-0.20781149,-0.015541803,-0.13414116,-0.4361481,0.06341422,-0.0125849005,-0.41473716,0.14692158,0.22241612,-0.15171848,0.08368922,0.2659605,-0.05653482,-0.15044898,0.27649224,-0.48186952,0.10027348,0.108121626,-0.68847764,0.10115626,0.110481866,-0.6102575,-0.022755459,0.17330584,-0.64606726,0.025574356,0.18651277,-0.6459469,-0.005518347,0.12729841,-0.61610276,0.12270598,0.17994222,-0.61936045,0.063277915,0.0526791,-0.005921375006437302,0.2138982117176056,0.0016385428607463837
