frame,Ankle.R_x,Ankle.R_y,Ankle.R_z,Knee.R_x,Knee.R_y,Knee.R_z,Hip.R_x,Hip.R_y,Hip.R_z,Hip.L_x,Hip.L_y,Hip.L_z,Knee.L_x,Knee.L_y,Knee.L_z,Ankle.L_x,Ankle.L_y,Ankle.L_z,Wrist.R_x,Wrist.R_y,Wrist.R_z,Elbow.R_x,Elbow.R_y,Elbow.R_z,Shoulder.R_x,Shoulder.R_y,Shoulder.R_z,Shoulder.L_x,Shoulder.L_y,Shoulder.L_z,Elbow.L_x,Elbow.L_y,Elbow.L_z,Wrist.L_x,Wrist.L_y,Wrist.L_z,Neck_x,Neck_y,Neck_z,Head_x,Head_y,Head_z,Nose_x,Nose_y,Nose_z,Eye.L_x,Eye.L_y,Eye.L_z,Eye.R_x,Eye.R_y,Eye.R_z,Ear.L_x,Ear.L_y,Ear.L_z,Ear.R_x,Ear.R_y,Ear.R_z,hip.Center_x,hip.Center_y,hip.Center_z
0,0.43063462,0.07471657,-0.7336778,0.1897644,0.21779838,-0.38435236,-0.09848842,0.21198529,-0.0908843,0.07993577,0.19767901,0.08763422,0.2721108,0.23035106,-0.30405962,0.46192262,0.11228248,-0.6847002,-0.2956647,-0.18716998,-0.006885311,-0.14645739,-0.019064132,-0.1275126,-0.3866759,0.1006484,-0.021823801,-0.37810236,0.07903224,0.23855913,-0.13269794,-0.02173249,0.33411467,-0.29872617,-0.18744063,0.27042395,-0.43068713,0.08334007,0.11795501,-0.54940116,0.04341341,0.26776105,-0.5393857,-0.07252777,0.16038194,-0.5216831,-0.05503939,0.21719353,-0.57730436,-0.03302642,0.18558821,-0.45608968,0.021712437,0.23801048,-0.5723961,0.07189775,0.1744089,-0.00927632674574852,0.20483215153217316,-0.0016250386834144592
