frame,Ankle.R_x,Ankle.R_y,Ankle.R_z,Knee.R_x,Knee.R_y,Knee.R_z,Hip.R_x,Hip.R_y,Hip.R_z,Hip.L_x,Hip.L_y,Hip.L_z,Knee.L_x,Knee.L_y,Knee.L_z,Ankle.L_x,Ankle.L_y,Ankle.L_z,Wrist.R_x,Wrist.R_y,Wrist.R_z,Elbow.R_x,Elbow.R_y,Elbow.R_z,Shoulder.R_x,Shoulder.R_y,Shoulder.R_z,Shoulder.L_x,Shoulder.L_y,Shoulder.L_z,Elbow.L_x,Elbow.L_y,Elbow.L_z,Wrist.L_x,Wrist.L_y,Wrist.L_z,Neck_x,Neck_y,Neck_z,Head_x,Head_y,Head_z,Nose_x,Nose_y,Nose_z,Eye.L_x,Eye.L_y,Eye.L_z,Eye.R_x,Eye.R_y,Eye.R_z,Ear.L_x,Ear.L_y,Ear.L_z,Ear.R_x,Ear.R_y,Ear.R_z,hip.Center_x,hip.Center_y,hip.Center_z
0,0.47393122,0.1806476,-0.6824296,0.32190672,0.108744234,-0.2648956,-0.07009837,0.16909635,-0.102377996,0.05728934,0.24922976,0.098421656,0.27240896,0.1875696,-0.28087762,0.45349523,0.08170539,-0.67168456,-0.18906887,-0.22250395,-0.08262058,-0.21039261,-0.011059914,-0.2207086,-0.39510894,0.025751855,-0.010783585,-0.34843683,0.033808645,0.23199569,-0.11878106,-0.059736688,0.14352603,-0.28687188,-0.2176925,0.059269182,-0.41337675,0.015095895,0.12536906,-0.52339333,0.002308228,0.26496226,-0.51007926,-0.13869947,0.19225435,-0.49534,-0.10786883,0.24322923,-0.5481548,-0.09384321,0.20339511,-0.4286328,-0.029315578,0.24802664,-0.53910017,0.003496468,0.1667451,-0.006404515355825424,0.20916305482387543,-0.0019781701266765594
