frame,Ankle.R_x,Ankle.R_y,Ankle.R_z,Knee.R_x,Knee.R_y,Knee.R_z,Hip.R_x,Hip.R_y,Hip.R_z,Hip.L_x,Hip.L_y,Hip.L_z,Knee.L_x,Knee.L_y,Knee.L_z,Ankle.L_x,Ankle.L_y,Ankle.L_z,Wrist.R_x,Wrist.R_y,Wrist.R_z,Elbow.R_x,Elbow.R_y,Elbow.R_z,Shoulder.R_x,Shoulder.R_y,Shoulder.R_z,Shoulder.L_x,Shoulder.L_y,Shoulder.L_z,Elbow.L_x,Elbow.L_y,Elbow.L_z,Wrist.L_x,Wrist.L_y,Wrist.L_z,Neck_x,Neck_y,Neck_z,Head_x,Head_y,Head_z,Nose_x,Nose_y,Nose_z,Eye.L_x,Eye.L_y,Eye.L_z,Eye.R_x,Eye.R_y,Eye.R_z,Ear.L_x,Ear.L_y,Ear.L_z,Ear.R_x,Ear.R_y,Ear.R_z,hip.Center_x,hip.Center_y,hip.Center_z
0,0.60235685,0.16226959,-0.59268904,0.3338883,0.14157838,-0.24667108,-0.057314306,0.14678502,-0.08964181,0.04150199,0.2799521,0.09226987,0.36113945,0.21186657,-0.19552286,0.6308369,0.193531,-0.5370439,-0.18953171,-0.21897049,-0.071730435,-0.24398893,0.010747762,-0.16539012,-0.43050143,0.0717478,0.018164344,-0.36679834,0.07819961,0.25544146,-0.1079196,0.0016269444,0.23996009,-0.117506206,-0.23429129,0.16894877,-0.44841596,0.06243448,0.14864106,-0.64268243,0.015065556,0.20527226,-0.5331231,-0.098566785,0.19304699,-0.56781363,-0.067267105,0.23248287,-0.58354676,-0.07697964,0.16841273,-0.55565286,0.030834496,0.2553279,-0.5929683,0.01562535,0.12087339,-0.007906157523393631,0.21336856484413147,0.0013140290975570679
