frame,Ankle.R_x,Ankle.R_y,Ankle.R_z,Knee.R_x,Knee.R_y,Knee.R_z,Hip.R_x,Hip.R_y,Hip.R_z,Hip.L_x,Hip.L_y,Hip.L_z,Knee.L_x,Knee.L_y,Knee.L_z,Ankle.L_x,Ankle.L_y,Ankle.L_z,Wrist.R_x,Wrist.R_y,Wrist.R_z,Elbow.R_x,Elbow.R_y,Elbow.R_z,Shoulder.R_x,Shoulder.R_y,Shoulder.R_z,Shoulder.L_x,Shoulder.L_y,Shoulder.L_z,Elbow.L_x,Elbow.L_y,Elbow.L_z,Wrist.L_x,Wrist.L_y,Wrist.L_z,Neck_x,Neck_y,Neck_z,Head_x,Head_y,Head_z,Nose_x,Nose_y,Nose_z,Eye.L_x,Eye.L_y,Eye.L_z,Eye.R_x,Eye.R_y,Eye.R_z,Ear.L_x,Ear.L_y,Ear.L_z,Ear.R_x,Ear.R_y,Ear.R_z,hip.Center_x,hip.Center_y,hip.Center_z
0,0.46167558,0.17715883,-0.67646945,0.31632477,0.098008476,-0.26184544,-0.07212843,0.17513388,-0.10439259,0.061504383,0.24271056,0.09872849,0.25377733,0.21446894,-0.29543215,0.4273389,0.10131071,-0.6821762,-0.20066807,-0.21231495,-0.11763906,-0.26232374,-0.0002875284,-0.24105668,-0.40621558,0.025447927,-0.005177128,-0.3383908,0.023405101,0.23393667,-0.10339341,-0.01976071,0.13014169,-0.20533106,-0.20794213,0.016911149,-0.41360232,0.006891046,0.12883869,-0.53095573,-0.009800523,0.2618119,-0.51368344,-0.14795963,0.18473145,-0.50135994,-0.119426474,0.23750651,-0.5522028,-0.103953555,0.19553262,-0.43523338,-0.041104846,0.24859843,-0.5417504,-0.0057960525,0.16344729,-0.005312023684382439,0.20892222225666046,-0.0028320476412773132
