frame,Ankle.R_x,Ankle.R_y,Ankle.R_z,Knee.R_x,Knee.R_y,Knee.R_z,Hip.R_x,Hip.R_y,Hip.R_z,Hip.L_x,Hip.L_y,Hip.L_z,Knee.L_x,Knee.L_y,Knee.L_z,Ankle.L_x,Ankle.L_y,Ankle.L_z,Wrist.R_x,Wrist.R_y,Wrist.R_z,Elbow.R_x,Elbow.R_y,Elbow.R_z,Shoulder.R_x,Shoulder.R_y,Shoulder.R_z,Shoulder.L_x,Shoulder.L_y,Shoulder.L_z,Elbow.L_x,Elbow.L_y,Elbow.L_z,Wrist.L_x,Wrist.L_y,Wrist.L_z,Neck_x,Neck_y,Neck_z,Head_x,Head_y,Head_z,Nose_x,Nose_y,Nose_z,Eye.L_x,Eye.L_y,Eye.L_z,Eye.R_x,Eye.R_y,Eye.R_z,Ear.L_x,Ear.L_y,Ear.L_z,Ear.R_x,Ear.R_y,Ear.R_z,hip.Center_x,hip.Center_y,hip.Center_z
0,0.58730537,0.18819985,-0.6169158,0.33152714,0.15550596,-0.26042745,-0.05677555,0.15456432,-0.09572108,0.042157777,0.27151394,0.096480384,0.35087332,0.19747987,-0.20490417,0.5986971,0.17536297,-0.56506526,-0.13100725,-0.16955473,-0.0967084,-0.25719994,0.04089992,-0.17005534,-0.43498385,0.05582664,0.023720443,-0.35940188,0.0551015,0.2520105,-0.088845514,0.034476317,0.24392717,0.023068449,-0.17736715,0.17560273,-0.44435793,0.03907653,0.14943086,-0.6338731,-0.014227109,0.21038127,-0.52215725,-0.124538064,0.18926223,-0.5560477,-0.09576742,0.23115063,-0.57411,-0.10316555,0.16735831,-0.54526055,0.0015984774,0.25746468,-0.5876215,-0.009312004,0.124015346,-0.00730888731777668,0.21303912997245789,0.0003796517848968506
