frame,Ankle.R_x,Ankle.R_y,Ankle.R_z,Knee.R_x,Knee.R_y,Knee.R_z,Hip.R_x,Hip.R_y,Hip.R_z,Hip.L_x,Hip.L_y,Hip.L_z,Knee.L_x,Knee.L_y,Knee.L_z,Ankle.L_x,Ankle.L_y,Ankle.L_z,Wrist.R_x,Wrist.R_y,Wrist.R_z,Elbow.R_x,Elbow.R_y,Elbow.R_z,Shoulder.R_x,Shoulder.R_y,Shoulder.R_z,Shoulder.L_x,Shoulder.L_y,Shoulder.L_z,Elbow.L_x,Elbow.L_y,Elbow.L_z,Wrist.L_x,Wrist.L_y,Wrist.L_z,Neck_x,Neck_y,Neck_z,Head_x,Head_y,Head_z,Nose_x,Nose_y,Nose_z,Eye.L_x,Eye.L_y,Eye.L_z,Eye.R_x,Eye.R_y,Eye.R_z,Ear.L_x,Ear.L_y,Ear.L_z,Ear.R_x,Ear.R_y,Ear.R_z,hip.Center_x,hip.Center_y,hip.Center_z
0,0.57691264,0.21430033,-0.61403525,0.31645057,0.13794102,-0.2653524,-0.07129945,0.17895983,-0.10382233,0.04894948,0.2520621,0.10236988,0.34333864,0.16646463,-0.20667474,0.60722333,0.17409918,-0.55772376,-0.113075964,-0.16137356,-0.12324026,-0.24582298,0.046098888,-0.19919167,-0.4248167,0.04526919,0.0062174834,-0.35233533,0.046816003,0.25468904,-0.07576852,0.06473004,0.26429892,0.08447045,-0.121136904,0.20485422,-0.43901843,0.026609354,0.14355545,-0.6347329,-0.022200283,0.2010223,-0.5256077,-0.13655837,0.1885575,-0.5597771,-0.10460049,0.22807239,-0.57615894,-0.11471203,0.16394006,-0.54685533,-0.006035745,0.25085807,-0.58559036,-0.021858074,0.11538035,-0.011174984276294708,0.21551096439361572,-0.0007262229919433594
