frame,Ankle.R_x,Ankle.R_y,Ankle.R_z,Knee.R_x,Knee.R_y,Knee.R_z,Hip.R_x,Hip.R_y,Hip.R_z,Hip.L_x,Hip.L_y,Hip.L_z,Knee.L_x,Knee.L_y,Knee.L_z,Ankle.L_x,Ankle.L_y,Ankle.L_z,Wrist.R_x,Wrist.R_y,Wrist.R_z,Elbow.R_x,Elbow.R_y,Elbow.R_z,Shoulder.R_x,Shoulder.R_y,Shoulder.R_z,Shoulder.L_x,Shoulder.L_y,Shoulder.L_z,Elbow.L_x,Elbow.L_y,Elbow.L_z,Wrist.L_x,Wrist.L_y,Wrist.L_z,Neck_x,Neck_y,Neck_z,Head_x,Head_y,Head_z,Nose_x,Nose_y,Nose_z,Eye.L_x,Eye.L_y,Eye.L_z,Eye.R_x,Eye.R_y,Eye.R_z,Ear.L_x,Ear.L_y,Ear.L_z,Ear.R_x,Ear.R_y,Ear.R_z,hip.Center_x,hip.Center_y,hip.Center_z
0,0.6024963,0.21840613,-0.587697,0.32724988,0.14068712,-0.2510459,-0.06819693,0.17518994,-0.10457373,0.045460638,0.25501722,0.102919236,0.35185987,0.16997111,-0.19466446,0.62268317,0.17966744,-0.5401843,-0.12212531,-0.16470695,-0.1178395,-0.2534023,0.041287314,-0.19927804,-0.4298771,0.04943575,0.007912921,-0.35437477,0.057259735,0.25579527,-0.0771892,0.07390146,0.2581071,0.076713376,-0.115597606,0.1950433,-0.44318873,0.034579173,0.14522547,-0.6409881,-0.017083824,0.19729249,-0.52874166,-0.1284891,0.18921468,-0.56513566,-0.097383365,0.22736266,-0.57885194,-0.107982494,0.16275188,-0.5554436,0.0014558434,0.25032258,-0.58875704,-0.015588418,0.113834865,-0.011368146166205406,0.21510358154773712,-0.0008272454142570496
