frame,Ankle.R_x,Ankle.R_y,Ankle.R_z,Knee.R_x,Knee.R_y,Knee.R_z,Hip.R_x,Hip.R_y,Hip.R_z,Hip.L_x,Hip.L_y,Hip.L_z,Knee.L_x,Knee.L_y,Knee.L_z,Ankle.L_x,Ankle.L_y,Ankle.L_z,Wrist.R_x,Wrist.R_y,Wrist.R_z,Elbow.R_x,Elbow.R_y,Elbow.R_z,Shoulder.R_x,Shoulder.R_y,Shoulder.R_z,Shoulder.L_x,Shoulder.L_y,Shoulder.L_z,Elbow.L_x,Elbow.L_y,Elbow.L_z,Wrist.L_x,Wrist.L_y,Wrist.L_z,Neck_x,Neck_y,Neck_z,Head_x,Head_y,Head_z,Nose_x,Nose_y,Nose_z,Eye.L_x,Eye.L_y,Eye.L_z,Eye.R_x,Eye.R_y,Eye.R_z,Ear.L_x,Ear.L_y,Ear.L_z,Ear.R_x,Ear.R_y,Ear.R_z,hip.Center_x,hip.Center_y,hip.Center_z
0,0.6218831,0.21761407,-0.57941717,0.33209,0.14730626,-0.25308177,-0.063383594,0.16860808,-0.10291204,0.042988826,0.2618093,0.10114291,0.35576984,0.18476155,-0.19518276,0.62812895,0.16219987,-0.538002,-0.09484081,-0.18199411,-0.107504256,-0.23785987,0.020402657,-0.18073502,-0.42736635,0.04153551,0.007892884,-0.36506593,0.06263403,0.24981356,-0.091220096,0.07498533,0.26417747,0.071919896,-0.110180765,0.21074134,-0.44520992,0.03360587,0.13970098,-0.6403371,-0.018308634,0.18845727,-0.52801275,-0.13017984,0.1828342,-0.5650678,-0.09868508,0.22029343,-0.5776445,-0.10943629,0.1553821,-0.55577326,0.00048300624,0.24288857,-0.58632714,-0.017524421,0.10593523,-0.010197384282946587,0.21520867943763733,-0.0008845627307891846
