frame,Ankle.R_x,Ankle.R_y,Ankle.R_z,Knee.R_x,Knee.R_y,Knee.R_z,Hip.R_x,Hip.R_y,Hip.R_z,Hip.L_x,Hip.L_y,Hip.L_z,Knee.L_x,Knee.L_y,Knee.L_z,Ankle.L_x,Ankle.L_y,Ankle.L_z,Wrist.R_x,Wrist.R_y,Wrist.R_z,Elbow.R_x,Elbow.R_y,Elbow.R_z,Shoulder.R_x,Shoulder.R_y,Shoulder.R_z,Shoulder.L_x,Shoulder.L_y,Shoulder.L_z,Elbow.L_x,Elbow.L_y,Elbow.L_z,Wrist.L_x,Wrist.L_y,Wrist.L_z,Neck_x,Neck_y,Neck_z,Head_x,Head_y,Head_z,Nose_x,Nose_y,Nose_z,Eye.L_x,Eye.L_y,Eye.L_z,Eye.R_x,Eye.R_y,Eye.R_z,Ear.L_x,Ear.L_y,Ear.L_z,Ear.R_x,Ear.R_y,Ear.R_z,hip.Center_x,hip.Center_y,hip.Center_z
0,0.40816075,0.11049233,-0.7737533,0.19755167,0.14066789,-0.3762418,-0.09201156,0.1880025,-0.09220805,0.07669368,0.22423235,0.09369922,0.26475343,0.237753,-0.30768365,0.44089764,0.15537037,-0.7049967,-0.018573938,-0.13057004,0.0047693085,-0.13319887,0.02445326,-0.17159578,-0.3773533,0.058355756,-0.019126754,-0.35288268,0.057118528,0.25105822,-0.09420623,0.1189773,0.34763843,0.04403254,-0.06988603,0.2786827,-0.4204563,0.03760492,0.1287387,-0.5694562,0.008050377,0.26545036,-0.5401124,-0.11417957,0.17046759,-0.5332265,-0.09319769,0.22804749,-0.5816956,-0.07382228,0.18542556,-0.4717756,-0.0160029,0.2550634,-0.574716,0.028580084,0.16917318,-0.0076589435338974,0.2061174213886261,0.0007455833256244659
