frame,Ankle.R_x,Ankle.R_y,Ankle.R_z,Knee.R_x,Knee.R_y,Knee.R_z,Hip.R_x,Hip.R_y,Hip.R_z,Hip.L_x,Hip.L_y,Hip.L_z,Knee.L_x,Knee.L_y,Knee.L_z,Ankle.L_x,Ankle.L_y,Ankle.L_z,Wrist.R_x,Wrist.R_y,Wrist.R_z,Elbow.R_x,Elbow.R_y,Elbow.R_z,Shoulder.R_x,Shoulder.R_y,Shoulder.R_z,Shoulder.L_x,Shoulder.L_y,Shoulder.L_z,Elbow.L_x,Elbow.L_y,Elbow.L_z,Wrist.L_x,Wrist.L_y,Wrist.L_z,Neck_x,Neck_y,Neck_z,Head_x,Head_y,Head_z,Nose_x,Nose_y,Nose_z,Eye.L_x,Eye.L_y,Eye.L_z,Eye.R_x,Eye.R_y,Eye.R_z,Ear.L_x,Ear.L_y,Ear.L_z,Ear.R_x,Ear.R_y,Ear.R_z,hip.Center_x,hip.Center_y,hip.Center_z
0,0.39699966,0.15636274,-0.6868373,0.3005237,0.056635465,-0.26427287,-0.07191886,0.18349294,-0.10903233,0.06299748,0.2373955,0.10114845,0.23024604,0.23293401,-0.3074356,0.3816759,0.14269023,-0.70942944,-0.27507758,-0.20412289,-0.20041274,-0.36464474,0.019214274,-0.27747437,-0.4281198,0.03627383,-0.014491287,-0.36305875,0.050749354,0.22257355,-0.12568353,0.02260136,0.13149038,-0.062309172,-0.13214804,-0.047018915,-0.43318945,0.023539174,0.113405675,-0.5637231,0.00325778,0.23070547,-0.5281949,-0.13519022,0.1599294,-0.52354133,-0.10493248,0.21281259,-0.57071793,-0.094027795,0.16513544,-0.46501452,-0.021295901,0.22939716,-0.5634824,0.004011309,0.13126302,-0.004460688680410385,0.21044421195983887,-0.003941942006349564
