frame,Ankle.R_x,Ankle.R_y,Ankle.R_z,Knee.R_x,Knee.R_y,Knee.R_z,Hip.R_x,Hip.R_y,Hip.R_z,Hip.L_x,Hip.L_y,Hip.L_z,Knee.L_x,Knee.L_y,Knee.L_z,Ankle.L_x,Ankle.L_y,Ankle.L_z,Wrist.R_x,Wrist.R_y,Wrist.R_z,Elbow.R_x,Elbow.R_y,Elbow.R_z,Shoulder.R_x,Shoulder.R_y,Shoulder.R_z,Shoulder.L_x,Shoulder.L_y,Shoulder.L_z,Elbow.L_x,Elbow.L_y,Elbow.L_z,Wrist.L_x,Wrist.L_y,Wrist.L_z,Neck_x,Neck_y,Neck_z,Head_x,Head_y,Head_z,Nose_x,Nose_y,Nose_z,Eye.L_x,Eye.L_y,Eye.L_z,Eye.R_x,Eye.R_y,Eye.R_z,Ear.L_x,Ear.L_y,Ear.L_z,Ear.R_x,Ear.R_y,Ear.R_z,hip.Center_x,hip.Center_y,hip.Center_z
0,0.62327224,0.20040302,-0.58078945,0.33053944,0.15703283,-0.25343636,-0.0626264,0.16530102,-0.10134061,0.042452585,0.26118907,0.10059914,0.36195436,0.19831325,-0.18864188,0.6364912,0.16500135,-0.5256528,-0.09711845,-0.2212694,-0.0928234,-0.22586289,-0.008878446,-0.16749562,-0.42382655,0.042458683,0.008634531,-0.35957104,0.055246837,0.24900416,-0.08820669,0.019546822,0.2668244,0.01709677,-0.20417285,0.21849972,-0.4408062,0.032895558,0.14031695,-0.6338101,-0.022502445,0.19441678,-0.51996905,-0.13179246,0.18431345,-0.5565184,-0.101592556,0.22305217,-0.57076144,-0.112000674,0.15865535,-0.54812205,-0.0028301105,0.24593955,-0.58274525,-0.01989545,0.11054523,-0.0100869070738554,0.21324504911899567,-0.00037073343992233276
