frame,Ankle.R_x,Ankle.R_y,Ankle.R_z,Knee.R_x,Knee.R_y,Knee.R_z,Hip.R_x,Hip.R_y,Hip.R_z,Hip.L_x,Hip.L_y,Hip.L_z,Knee.L_x,Knee.L_y,Knee.L_z,Ankle.L_x,Ankle.L_y,Ankle.L_z,Wrist.R_x,Wrist.R_y,Wrist.R_z,Elbow.R_x,Elbow.R_y,Elbow.R_z,Shoulder.R_x,Shoulder.R_y,Shoulder.R_z,Shoulder.L_x,Shoulder.L_y,Shoulder.L_z,Elbow.L_x,Elbow.L_y,Elbow.L_z,Wrist.L_x,Wrist.L_y,Wrist.L_z,Neck_x,Neck_y,Neck_z,Head_x,Head_y,Head_z,Nose_x,Nose_y,Nose_z,Eye.L_x,Eye.L_y,Eye.L_z,Eye.R_x,Eye.R_y,Eye.R_z,Ear.L_x,Ear.L_y,Ear.L_z,Ear.R_x,Ear.R_y,Ear.R_z,hip.Center_x,hip.Center_y,hip.Center_z
0,0.63748556,0.18201339,-0.56029767,0.34180292,0.15719032,-0.23582871,-0.054918077,0.14907256,-0.093115255,0.036309715,0.2785473,0.096134804,0.36431217,0.21524216,-0.18425004,0.6426023,0.16457927,-0.5134539,-0.112427294,-0.25226167,-0.0651713,-0.20902395,-0.03495899,-0.16385148,-0.41582346,0.04029977,-0.0018825363,-0.36886004,0.071928196,0.24460375,-0.107928194,-0.0042827073,0.2703021,-0.06969796,-0.24594057,0.21878438,-0.44355607,0.04204349,0.13268532,-0.637124,-0.010814826,0.19349438,-0.524704,-0.12084783,0.18236595,-0.5596998,-0.089478634,0.22169822,-0.57599723,-0.10138852,0.15806957,-0.5501789,0.00971695,0.24204333,-0.58849615,-0.010393232,0.10838473,-0.00930418074131012,0.21380992233753204,0.0015097744762897491
