frame,Ankle.R_x,Ankle.R_y,Ankle.R_z,Knee.R_x,Knee.R_y,Knee.R_z,Hip.R_x,Hip.R_y,Hip.R_z,Hip.L_x,Hip.L_y,Hip.L_z,Knee.L_x,Knee.L_y,Knee.L_z,Ankle.L_x,Ankle.L_y,Ankle.L_z,Wrist.R_x,Wrist.R_y,Wrist.R_z,Elbow.R_x,Elbow.R_y,Elbow.R_z,Shoulder.R_x,Shoulder.R_y,Shoulder.R_z,Shoulder.L_x,Shoulder.L_y,Shoulder.L_z,Elbow.L_x,Elbow.L_y,Elbow.L_z,Wrist.L_x,Wrist.L_y,Wrist.L_z,Neck_x,Neck_y,Neck_z,Head_x,Head_y,Head_z,Nose_x,Nose_y,Nose_z,Eye.L_x,Eye.L_y,Eye.L_z,Eye.R_x,Eye.R_y,Eye.R_z,Ear.L_x,Ear.L_y,Ear.L_z,Ear.R_x,Ear.R_y,Ear.R_z,hip.Center_x,hip.Center_y,hip.Center_z
0,0.67001456,0.27924588,-0.49550316,0.36263266,0.18045738,-0.19773774,-0.050448325,0.14623597,-0.09532325,0.031396486,0.28006414,0.0958191,0.3765231,0.21652126,-0.1625268,0.6508292,0.18842022,-0.49845967,-0.1245516,-0.2399511,-0.082749285,-0.22950561,-0.023211587,-0.17189693,-0.4234376,0.044883937,0.0068153404,-0.3649034,0.08068602,0.25075275,-0.103562444,0.002677199,0.26852024,-0.05886631,-0.24002555,0.22591671,-0.44474205,0.048537795,0.14223409,-0.6381843,-0.00512809,0.2026887,-0.5251652,-0.114559546,0.19209874,-0.56079733,-0.083686605,0.23123032,-0.57619494,-0.095110536,0.16736925,-0.55191237,0.015389204,0.25266606,-0.58833474,-0.003764227,0.118508264,-0.009525919333100319,0.2131500542163849,0.0002479255199432373
