frame,Ankle.R_x,Ankle.R_y,Ankle.R_z,Knee.R_x,Knee.R_y,Knee.R_z,Hip.R_x,Hip.R_y,Hip.R_z,Hip.L_x,Hip.L_y,Hip.L_z,Knee.L_x,Knee.L_y,Knee.L_z,Ankle.L_x,Ankle.L_y,Ankle.L_z,Wrist.R_x,Wrist.R_y,Wrist.R_z,Elbow.R_x,Elbow.R_y,Elbow.R_z,Shoulder.R_x,Shoulder.R_y,Shoulder.R_z,Shoulder.L_x,Shoulder.L_y,Shoulder.L_z,Elbow.L_x,Elbow.L_y,Elbow.L_z,Wrist.L_x,Wrist.L_y,Wrist.L_z,Neck_x,Neck_y,Neck_z,Head_x,Head_y,Head_z,Nose_x,Nose_y,Nose_z,Eye.L_x,Eye.L_y,Eye.L_z,Eye.R_x,Eye.R_y,Eye.R_z,Ear.L_x,Ear.L_y,Ear.L_z,Ear.R_x,Ear.R_y,Ear.R_z,hip.Center_x,hip.Center_y,hip.Center_z
0,0.6113494,0.1791494,-0.5933049,0.32807425,0.15962917,-0.25787693,-0.058144476,0.15163843,-0.092937976,0.04080398,0.27478424,0.09645824,0.3536182,0.21218395,-0.20044474,0.6227098,0.15533741,-0.5354918,-0.11223098,-0.2597937,-0.056862216,-0.20236026,-0.04333959,-0.16189547,-0.4082344,0.031262927,0.0020783693,-0.3635667,0.062458605,0.24811104,-0.10379828,-0.013878109,0.2759866,-0.07171837,-0.25553715,0.2237924,-0.43624288,0.031772133,0.1358951,-0.6276687,-0.027737482,0.19648375,-0.5119748,-0.13403289,0.18311016,-0.5477149,-0.10444357,0.22313261,-0.56396824,-0.115751415,0.15936816,-0.54121757,-0.0053581,0.24500181,-0.5795834,-0.02445639,0.111226484,-0.008670248091220856,0.213211327791214,0.001760132610797882
