frame,Ankle.R_x,Ankle.R_y,Ankle.R_z,Knee.R_x,Knee.R_y,Knee.R_z,Hip.R_x,Hip.R_y,Hip.R_z,Hip.L_x,Hip.L_y,Hip.L_z,Knee.L_x,Knee.L_y,Knee.L_z,Ankle.L_x,Ankle.L_y,Ankle.L_z,Wrist.R_x,Wrist.R_y,Wrist.R_z,Elbow.R_x,Elbow.R_y,Elbow.R_z,Shoulder.R_x,Shoulder.R_y,Shoulder.R_z,Shoulder.L_x,Shoulder.L_y,Shoulder.L_z,Elbow.L_x,Elbow.L_y,Elbow.L_z,Wrist.L_x,Wrist.L_y,Wrist.L_z,Neck_x,Neck_y,Neck_z,Head_x,Head_y,Head_z,Nose_x,Nose_y,Nose_z,Eye.L_x,Eye.L_y,Eye.L_z,Eye.R_x,Eye.R_y,Eye.R_z,Ear.L_x,Ear.L_y,Ear.L_z,Ear.R_x,Ear.R_y,Ear.R_z,hip.Center_x,hip.Center_y,hip.Center_z
0,0.6211158,0.16698712,-0.55648667,0.371831,0.1793306,-0.19656171,-0.017372102,0.10704011,-0.04407756,0.00798003,0.32766917,0.055989206,0.3596996,0.25103292,-0.19406486,0.62079227,0.16480689,-0.5342817,-0.14183432,-0.27126867,-0.025513228,-0.1905031,-0.056444537,-0.14667925,-0.40173736,0.015926618,0.0040745866,-0.37703153,0.0744105,0.23733093,-0.12480389,-0.011115514,0.27265948,-0.15684868,-0.24727269,0.22325835,-0.43754816,0.03052469,0.1316157,-0.62684,-0.016349237,0.19749328,-0.51558983,-0.12869099,0.19685984,-0.55049133,-0.09386864,0.23306188,-0.56688684,-0.11124237,0.1708414,-0.53989506,0.0062638745,0.24349463,-0.5786983,-0.025233723,0.11339327,-0.004696035757660866,0.2173546403646469,0.005955822765827179
