frame,Ankle.R_x,Ankle.R_y,Ankle.R_z,Knee.R_x,Knee.R_y,Knee.R_z,Hip.R_x,Hip.R_y,Hip.R_z,Hip.L_x,Hip.L_y,Hip.L_z,Knee.L_x,Knee.L_y,Knee.L_z,Ankle.L_x,Ankle.L_y,Ankle.L_z,Wrist.R_x,Wrist.R_y,Wrist.R_z,Elbow.R_x,Elbow.R_y,Elbow.R_z,Shoulder.R_x,Shoulder.R_y,Shoulder.R_z,Shoulder.L_x,Shoulder.L_y,Shoulder.L_z,Elbow.L_x,Elbow.L_y,Elbow.L_z,Wrist.L_x,Wrist.L_y,Wrist.L_z,Neck_x,Neck_y,Neck_z,Head_x,Head_y,Head_z,Nose_x,Nose_y,Nose_z,Eye.L_x,Eye.L_y,Eye.L_z,Eye.R_x,Eye.R_y,Eye.R_z,Ear.L_x,Ear.L_y,Ear.L_z,Ear.R_x,Ear.R_y,Ear.R_z,hip.Center_x,hip.Center_y,hip.Center_z
0,0.37867796,0.14827818,-0.71100384,0.28371188,0.044406824,-0.2854193,-0.071683936,0.18036404,-0.10788612,0.0642809,0.24097338,0.09858595,0.2171587,0.26197407,-0.31713176,0.37596023,0.14223714,-0.705212,-0.3155195,-0.19262105,-0.22544415,-0.39889914,0.04019083,-0.27328685,-0.4182676,0.0112966765,-0.00724723,-0.38288274,0.058589455,0.20860077,-0.18029577,0.045750964,0.07068043,-0.28524023,-0.16939878,0.0041958145,-0.43092772,0.016103435,0.105166405,-0.557786,0.0037623192,0.21208864,-0.5179995,-0.14129852,0.15569857,-0.51648784,-0.105957225,0.20561118,-0.56141096,-0.100056075,0.15460125,-0.45873588,-0.020370817,0.21760702,-0.55231476,-0.0047274753,0.11193263,-0.0037015192210674286,0.21066871285438538,-0.004650086164474487
