frame,Ankle.R_x,Ankle.R_y,Ankle.R_z,Knee.R_x,Knee.R_y,Knee.R_z,Hip.R_x,Hip.R_y,Hip.R_z,Hip.L_x,Hip.L_y,Hip.L_z,Knee.L_x,Knee.L_y,Knee.L_z,Ankle.L_x,Ankle.L_y,Ankle.L_z,Wrist.R_x,Wrist.R_y,Wrist.R_z,Elbow.R_x,Elbow.R_y,Elbow.R_z,Shoulder.R_x,Shoulder.R_y,Shoulder.R_z,Shoulder.L_x,Shoulder.L_y,Shoulder.L_z,Elbow.L_x,Elbow.L_y,Elbow.L_z,Wrist.L_x,Wrist.L_y,Wrist.L_z,Neck_x,Neck_y,Neck_z,Head_x,Head_y,Head_z,Nose_x,Nose_y,Nose_z,Eye.L_x,Eye.L_y,Eye.L_z,Eye.R_x,Eye.R_y,Eye.R_z,Ear.L_x,Ear.L_y,Ear.L_z,Ear.R_x,Ear.R_y,Ear.R_z,hip.Center_x,hip.Center_y,hip.Center_z
0,0.43059793,0.14012049,-0.75655687,0.19137663,0.23181665,-0.3893196,-0.09045762,0.18988661,-0.0953862,0.080878295,0.21758235,0.08788034,0.25045037,0.26178244,-0.3136964,0.43105415,0.1415453,-0.6955218,-0.251197,-0.21285622,0.018967906,-0.15970725,-0.054224804,-0.15684308,-0.38407817,0.03868468,-0.007846374,-0.3837006,0.06664744,0.23843978,-0.15115228,0.027625754,0.38118786,-0.23406768,-0.19414845,0.32494494,-0.42033076,0.0379577,0.120372735,-0.55405706,0.0015438851,0.2450721,-0.513985,-0.1267804,0.15842414,-0.5112636,-0.10213835,0.21513572,-0.558154,-0.08669991,0.16851524,-0.45534843,-0.018912248,0.24159905,-0.5541836,0.016280204,0.14587131,-0.00478966161608696,0.20373448729515076,-0.003752928227186203
