frame,Ankle.R_x,Ankle.R_y,Ankle.R_z,Knee.R_x,Knee.R_y,Knee.R_z,Hip.R_x,Hip.R_y,Hip.R_z,Hip.L_x,Hip.L_y,Hip.L_z,Knee.L_x,Knee.L_y,Knee.L_z,Ankle.L_x,Ankle.L_y,Ankle.L_z,Wrist.R_x,Wrist.R_y,Wrist.R_z,Elbow.R_x,Elbow.R_y,Elbow.R_z,Shoulder.R_x,Shoulder.R_y,Shoulder.R_z,Shoulder.L_x,Shoulder.L_y,Shoulder.L_z,Elbow.L_x,Elbow.L_y,Elbow.L_z,Wrist.L_x,Wrist.L_y,Wrist.L_z,Neck_x,Neck_y,Neck_z,Head_x,Head_y,Head_z,Nose_x,Nose_y,Nose_z,Eye.L_x,Eye.L_y,Eye.L_z,Eye.R_x,Eye.R_y,Eye.R_z,Ear.L_x,Ear.L_y,Ear.L_z,Ear.R_x,Ear.R_y,Ear.R_z,hip.Center_x,hip.Center_y,hip.Center_z
0,0.640032,0.18084076,-0.5366516,0.37572822,0.17989406,-0.18730126,-0.018134922,0.10726429,-0.046674162,0.0071069095,0.32593125,0.0580608,0.3673766,0.25233093,-0.18007304,0.6407811,0.17823128,-0.5138953,-0.12688488,-0.26256636,-0.043816723,-0.19195458,-0.044699706,-0.15276183,-0.4047488,0.020309638,-0.00024289917,-0.37979537,0.08201304,0.23416154,-0.1253182,0.0017139525,0.26922542,-0.12850937,-0.23798497,0.22101107,-0.44103333,0.03633765,0.12820217,-0.6314585,-0.011536275,0.19308157,-0.51949275,-0.12298522,0.19181263,-0.55483425,-0.088900946,0.22818297,-0.57064945,-0.105521165,0.1656493,-0.5449529,0.011173941,0.23998885,-0.5826812,-0.018914886,0.1093165,-0.00551400613039732,0.2165977656841278,0.005693318322300911
