frame,Ankle.R_x,Ankle.R_y,Ankle.R_z,Knee.R_x,Knee.R_y,Knee.R_z,Hip.R_x,Hip.R_y,Hip.R_z,Hip.L_x,Hip.L_y,Hip.L_z,Knee.L_x,Knee.L_y,Knee.L_z,Ankle.L_x,Ankle.L_y,Ankle.L_z,Wrist.R_x,Wrist.R_y,Wrist.R_z,Elbow.R_x,Elbow.R_y,Elbow.R_z,Shoulder.R_x,Shoulder.R_y,Shoulder.R_z,Shoulder.L_x,Shoulder.L_y,Shoulder.L_z,Elbow.L_x,Elbow.L_y,Elbow.L_z,Wrist.L_x,Wrist.L_y,Wrist.L_z,Neck_x,Neck_y,Neck_z,Head_x,Head_y,Head_z,Nose_x,Nose_y,Nose_z,Eye.L_x,Eye.L_y,Eye.L_z,Eye.R_x,Eye.R_y,Eye.R_z,Ear.L_x,Ear.L_y,Ear.L_z,Ear.R_x,Ear.R_y,Ear.R_z,hip.Center_x,hip.Center_y,hip.Center_z
0,0.6247908,0.18234418,-0.5499292,0.37779912,0.18227477,-0.18767376,-0.018220786,0.10908215,-0.048198123,0.007719641,0.3269572,0.059090454,0.3577837,0.25598782,-0.1960465,0.62711275,0.16182803,-0.52814656,-0.11033657,-0.23030454,-0.02851208,-0.20684034,-0.03170742,-0.15281692,-0.4150396,0.025099903,0.0060831327,-0.36755526,0.07296729,0.24223693,-0.10663511,-0.0014832317,0.24629894,-0.15241447,-0.23708852,0.20494336,-0.4418425,0.033790264,0.1362394,-0.63472366,-0.015140312,0.19553414,-0.5237507,-0.12782308,0.18993148,-0.55931306,-0.09518769,0.22761017,-0.574375,-0.10835652,0.16401523,-0.54826736,0.0039715245,0.24514857,-0.5844827,-0.018800847,0.11227949,-0.0052505722269415855,0.21801966428756714,0.0054461658000946045
