frame,Ankle.R_x,Ankle.R_y,Ankle.R_z,Knee.R_x,Knee.R_y,Knee.R_z,Hip.R_x,Hip.R_y,Hip.R_z,Hip.L_x,Hip.L_y,Hip.L_z,Knee.L_x,Knee.L_y,Knee.L_z,Ankle.L_x,Ankle.L_y,Ankle.L_z,Wrist.R_x,Wrist.R_y,Wrist.R_z,Elbow.R_x,Elbow.R_y,Elbow.R_z,Shoulder.R_x,Shoulder.R_y,Shoulder.R_z,Shoulder.L_x,Shoulder.L_y,Shoulder.L_z,Elbow.L_x,Elbow.L_y,Elbow.L_z,Wrist.L_x,Wrist.L_y,Wrist.L_z,Neck_x,Neck_y,Neck_z,Head_x,Head_y,Head_z,Nose_x,Nose_y,Nose_z,Eye.L_x,Eye.L_y,Eye.L_z,Eye.R_x,Eye.R_y,Eye.R_z,Ear.L_x,Ear.L_y,Ear.L_z,Ear.R_x,Ear.R_y,Ear.R_z,hip.Center_x,hip.Center_y,hip.Center_z
0,0.37608114,0.16659993,-0.7124845,0.27708936,0.04297226,-0.29431817,-0.07020771,0.18258655,-0.10876392,0.062131595,0.23916872,0.10041579,0.21990038,0.2572616,-0.31360707,0.37355074,0.13793471,-0.7041132,-0.31271893,-0.20025995,-0.23520795,-0.4099225,0.029367715,-0.28010458,-0.42563167,0.016736023,-0.010956358,-0.38261256,0.06903437,0.20882255,-0.17725582,0.05908331,0.07267063,-0.26135468,-0.16309994,0.00447675,-0.4367557,0.022680758,0.10441684,-0.5614156,0.015775055,0.21647607,-0.53276265,-0.13039765,0.15685911,-0.52725434,-0.096113645,0.20708817,-0.5734893,-0.086589396,0.15790336,-0.46385276,-0.014657155,0.21770065,-0.5602992,0.008464858,0.11658559,-0.00403805635869503,0.21087762713432312,-0.0041740648448467255
