frame,Ankle.R_x,Ankle.R_y,Ankle.R_z,Knee.R_x,Knee.R_y,Knee.R_z,Hip.R_x,Hip.R_y,Hip.R_z,Hip.L_x,Hip.L_y,Hip.L_z,Knee.L_x,Knee.L_y,Knee.L_z,Ankle.L_x,Ankle.L_y,Ankle.L_z,Wrist.R_x,Wrist.R_y,Wrist.R_z,Elbow.R_x,Elbow.R_y,Elbow.R_z,Shoulder.R_x,Shoulder.R_y,Shoulder.R_z,Shoulder.L_x,Shoulder.L_y,Shoulder.L_z,Elbow.L_x,Elbow.L_y,Elbow.L_z,Wrist.L_x,Wrist.L_y,Wrist.L_z,Neck_x,Neck_y,Neck_z,Head_x,Head_y,Head_z,Nose_x,Nose_y,Nose_z,Eye.L_x,Eye.L_y,Eye.L_z,Eye.R_x,Eye.R_y,Eye.R_z,Ear.L_x,Ear.L_y,Ear.L_z,Ear.R_x,Ear.R_y,Ear.R_z,hip.Center_x,hip.Center_y,hip.Center_z
0,0.55424154,0.10736994,0.2753091,0.1414411,0.16818361,0.37094688,-0.024205085,0.098453104,-0.017473012,-0.010166252,0.35808957,-0.051896263,0.23526393,0.3790391,0.30179688,0.676595,0.40209118,0.2683699,0.0035792778,-0.15569472,-0.1077511,-0.20395985,-0.043607894,-0.22347867,-0.43509984,0.08501547,-0.12968484,-0.42908883,0.3732953,-0.05677577,-0.16714752,0.48588356,-0.034255788,0.06310364,0.53254366,0.07691812,-0.4976861,0.23167199,-0.08492224,-0.6983473,0.27639237,-0.13235936,-0.6677862,0.19989584,0.0014044801,-0.6873584,0.25255153,-0.022788689,-0.6897602,0.19453515,-0.054641064,-0.6300812,0.32315317,-0.06957508,-0.6355407,0.19909635,-0.14347185,-0.017185669392347336,0.22827133536338806,-0.03468463569879532
