frame,Ankle.R_x,Ankle.R_y,Ankle.R_z,Knee.R_x,Knee.R_y,Knee.R_z,Hip.R_x,Hip.R_y,Hip.R_z,Hip.L_x,Hip.L_y,Hip.L_z,Knee.L_x,Knee.L_y,Knee.L_z,Ankle.L_x,Ankle.L_y,Ankle.L_z,Wrist.R_x,Wrist.R_y,Wrist.R_z,Elbow.R_x,Elbow.R_y,Elbow.R_z,Shoulder.R_x,Shoulder.R_y,Shoulder.R_z,Shoulder.L_x,Shoulder.L_y,Shoulder.L_z,Elbow.L_x,Elbow.L_y,Elbow.L_z,Wrist.L_x,Wrist.L_y,Wrist.L_z,Neck_x,Neck_y,Neck_z,Head_x,Head_y,Head_z,Nose_x,Nose_y,Nose_z,Eye.L_x,Eye.L_y,Eye.L_z,Eye.R_x,Eye.R_y,Eye.R_z,Ear.L_x,Ear.L_y,Ear.L_z,Ear.R_x,Ear.R_y,Ear.R_z,hip.Center_x,hip.Center_y,hip.Center_z
0,0.55116755,0.12152893,0.29644075,0.13339731,0.17363487,0.37099707,-0.023852505,0.09796603,-0.018702503,-0.011443538,0.35815245,-0.049956877,0.26374716,0.3790335,0.2831207,0.7052618,0.38119859,0.23268591,0.0012094062,-0.14090328,-0.14882246,-0.2021204,-0.017040987,-0.26193488,-0.4365086,0.09867889,-0.15125625,-0.422256,0.37428758,-0.033573683,-0.15711324,0.48636055,-0.01786771,0.08305791,0.52700806,0.07580361,-0.49670374,0.23886448,-0.08091304,-0.6949772,0.29888934,-0.12164436,-0.6718203,0.19913812,-0.0020231432,-0.68836117,0.2557736,-0.017187033,-0.69236016,0.20422259,-0.05847916,-0.6266284,0.33069184,-0.04960586,-0.63522506,0.22172889,-0.14440544,-0.01764802075922489,0.22805923223495483,-0.03432969003915787
