frame,Ankle.R_x,Ankle.R_y,Ankle.R_z,Knee.R_x,Knee.R_y,Knee.R_z,Hip.R_x,Hip.R_y,Hip.R_z,Hip.L_x,Hip.L_y,Hip.L_z,Knee.L_x,Knee.L_y,Knee.L_z,Ankle.L_x,Ankle.L_y,Ankle.L_z,Wrist.R_x,Wrist.R_y,Wrist.R_z,Elbow.R_x,Elbow.R_y,Elbow.R_z,Shoulder.R_x,Shoulder.R_y,Shoulder.R_z,Shoulder.L_x,Shoulder.L_y,Shoulder.L_z,Elbow.L_x,Elbow.L_y,Elbow.L_z,Wrist.L_x,Wrist.L_y,Wrist.L_z,Neck_x,Neck_y,Neck_z,Head_x,Head_y,Head_z,Nose_x,Nose_y,Nose_z,Eye.L_x,Eye.L_y,Eye.L_z,Eye.R_x,Eye.R_y,Eye.R_z,Ear.L_x,Ear.L_y,Ear.L_z,Ear.R_x,Ear.R_y,Ear.R_z,hip.Center_x,hip.Center_y,hip.Center_z
0,0.22547032,0.14787166,0.05009002,-0.014668119,0.15564136,0.35649613,-0.002796756,0.090094924,-0.06197127,-0.022206832,0.360298,-0.028139062,-0.009924749,0.31012115,0.37273479,0.26543936,0.3356677,0.083077766,-0.107815884,-0.07797915,-0.1600971,-0.26525113,0.020122668,-0.33366662,-0.42094335,0.06306731,-0.10351868,-0.41841564,0.32489008,-0.024848824,-0.2524702,0.3867991,-0.23850773,-0.04927452,0.46257508,-0.116705924,-0.47772157,0.17667611,-0.028558739,-0.63551736,0.23086691,0.072506025,-0.6360874,0.17608687,-0.07536849,-0.66417265,0.17025666,-0.02277989,-0.62848186,0.22369803,-0.041655343,-0.6240481,0.12522572,0.06592443,-0.5498225,0.2426115,0.024417289,-0.012501793913543224,0.2251964658498764,-0.04505516588687897
