frame,Ankle.R_x,Ankle.R_y,Ankle.R_z,Knee.R_x,Knee.R_y,Knee.R_z,Hip.R_x,Hip.R_y,Hip.R_z,Hip.L_x,Hip.L_y,Hip.L_z,Knee.L_x,Knee.L_y,Knee.L_z,Ankle.L_x,Ankle.L_y,Ankle.L_z,Wrist.R_x,Wrist.R_y,Wrist.R_z,Elbow.R_x,Elbow.R_y,Elbow.R_z,Shoulder.R_x,Shoulder.R_y,Shoulder.R_z,Shoulder.L_x,Shoulder.L_y,Shoulder.L_z,Elbow.L_x,Elbow.L_y,Elbow.L_z,Wrist.L_x,Wrist.L_y,Wrist.L_z,Neck_x,Neck_y,Neck_z,Head_x,Head_y,Head_z,Nose_x,Nose_y,Nose_z,Eye.L_x,Eye.L_y,Eye.L_z,Eye.R_x,Eye.R_y,Eye.R_z,Ear.L_x,Ear.L_y,Ear.L_z,Ear.R_x,Ear.R_y,Ear.R_z,hip.Center_x,hip.Center_y,hip.Center_z
0,0.55194825,0.14403355,0.3014878,0.13137545,0.17985085,0.3733941,-0.028973322,0.09967765,-0.009881006,-0.0074274763,0.3570254,-0.05805804,0.27862918,0.3729763,0.26801005,0.72364277,0.37184995,0.23158172,0.019168226,-0.14033543,-0.15041897,-0.20011921,-0.024678078,-0.24231109,-0.43572527,0.09653003,-0.13384433,-0.4233771,0.38185474,-0.034040436,-0.15559049,0.4919901,-0.023482269,0.077964455,0.52673185,0.08733469,-0.4984595,0.2420867,-0.07369727,-0.6978573,0.29747108,-0.120951675,-0.67519456,0.20373967,0.003919971,-0.69259894,0.2594394,-0.014290367,-0.6947244,0.20583092,-0.05311642,-0.63157916,0.33406794,-0.048965067,-0.6361916,0.22066835,-0.13875875,-0.018200399354100227,0.22835153341293335,-0.03396952152252197
