frame,Ankle.R_x,Ankle.R_y,Ankle.R_z,Knee.R_x,Knee.R_y,Knee.R_z,Hip.R_x,Hip.R_y,Hip.R_z,Hip.L_x,Hip.L_y,Hip.L_z,Knee.L_x,Knee.L_y,Knee.L_z,Ankle.L_x,Ankle.L_y,Ankle.L_z,Wrist.R_x,Wrist.R_y,Wrist.R_z,Elbow.R_x,Elbow.R_y,Elbow.R_z,Shoulder.R_x,Shoulder.R_y,Shoulder.R_z,Shoulder.L_x,Shoulder.L_y,Shoulder.L_z,Elbow.L_x,Elbow.L_y,Elbow.L_z,Wrist.L_x,Wrist.L_y,Wrist.L_z,Neck_x,Neck_y,Neck_z,Head_x,Head_y,Head_z,Nose_x,Nose_y,Nose_z,Eye.L_x,Eye.L_y,Eye.L_z,Eye.R_x,Eye.R_y,Eye.R_z,Ear.L_x,Ear.L_y,Ear.L_z,Ear.R_x,Ear.R_y,Ear.R_z,hip.Center_x,hip.Center_y,hip.Center_z
0,0.25047642,0.128218,0.06277234,-0.014874089,0.15432467,0.35479075,0.0026791755,0.08842702,-0.059623457,-0.026866304,0.35739493,-0.02819259,-0.009219131,0.31213593,0.37161615,0.27134126,0.33077762,0.085319094,-0.116285674,-0.09142266,-0.15897049,-0.2723146,0.0044378866,-0.33926108,-0.42824143,0.056777485,-0.11370037,-0.42847168,0.31245598,-0.026445743,-0.25942373,0.38268027,-0.23393108,-0.048037954,0.46994326,-0.35195124,-0.48248255,0.17183271,-0.03424769,-0.63845396,0.2594993,-0.008093455,-0.6540682,0.106209055,-0.045534417,-0.6713548,0.148217,-0.0058293007,-0.64979064,0.16135016,-0.06739567,-0.6110089,0.19157282,0.069460444,-0.566398,0.22257507,-0.06401123,-0.012093564495444298,0.22291097044944763,-0.043908022344112396
