frame,Ankle.R_x,Ankle.R_y,Ankle.R_z,Knee.R_x,Knee.R_y,Knee.R_z,Hip.R_x,Hip.R_y,Hip.R_z,Hip.L_x,Hip.L_y,Hip.L_z,Knee.L_x,Knee.L_y,Knee.L_z,Ankle.L_x,Ankle.L_y,Ankle.L_z,Wrist.R_x,Wrist.R_y,Wrist.R_z,Elbow.R_x,Elbow.R_y,Elbow.R_z,Shoulder.R_x,Shoulder.R_y,Shoulder.R_z,Shoulder.L_x,Shoulder.L_y,Shoulder.L_z,Elbow.L_x,Elbow.L_y,Elbow.L_z,Wrist.L_x,Wrist.L_y,Wrist.L_z,Neck_x,Neck_y,Neck_z,Head_x,Head_y,Head_z,Nose_x,Nose_y,Nose_z,Eye.L_x,Eye.L_y,Eye.L_z,Eye.R_x,Eye.R_y,Eye.R_z,Ear.L_x,Ear.L_y,Ear.L_z,Ear.R_x,Ear.R_y,Ear.R_z,hip.Center_x,hip.Center_y,hip.Center_z
0,0.60170585,0.17793298,0.15241592,0.21570148,0.1624959,0.33029994,-0.0048176227,0.09639947,-0.029487649,-0.03634912,0.35883057,-0.035638288,0.22662777,0.39881364,0.3033513,0.56154597,0.4583948,0.037264924,0.0056832847,-0.13123132,0.0537674,-0.18228315,-0.085522,-0.12549129,-0.4337807,0.05188705,-0.08998318,-0.4278774,0.35259873,-0.05047554,-0.19178942,0.5152275,-0.019404003,-0.056004256,0.69044,0.11849693,-0.5014723,0.21253064,-0.06511831,-0.67816865,0.2939788,-0.1467211,-0.6932766,0.23323655,-0.002314508,-0.69301707,0.28515732,-0.035143167,-0.7075305,0.22552872,-0.06097403,-0.610428,0.32866365,-0.07653142,-0.64022934,0.20061642,-0.13865197,-0.020583372563123703,0.22761502861976624,-0.032562967389822006
