frame,Ankle.R_x,Ankle.R_y,Ankle.R_z,Knee.R_x,Knee.R_y,Knee.R_z,Hip.R_x,Hip.R_y,Hip.R_z,Hip.L_x,Hip.L_y,Hip.L_z,Knee.L_x,Knee.L_y,Knee.L_z,Ankle.L_x,Ankle.L_y,Ankle.L_z,Wrist.R_x,Wrist.R_y,Wrist.R_z,Elbow.R_x,Elbow.R_y,Elbow.R_z,Shoulder.R_x,Shoulder.R_y,Shoulder.R_z,Shoulder.L_x,Shoulder.L_y,Shoulder.L_z,Elbow.L_x,Elbow.L_y,Elbow.L_z,Wrist.L_x,Wrist.L_y,Wrist.L_z,Neck_x,Neck_y,Neck_z,Head_x,Head_y,Head_z,Nose_x,Nose_y,Nose_z,Eye.L_x,Eye.L_y,Eye.L_z,Eye.R_x,Eye.R_y,Eye.R_z,Ear.L_x,Ear.L_y,Ear.L_z,Ear.R_x,Ear.R_y,Ear.R_z,hip.Center_x,hip.Center_y,hip.Center_z
0,0.36024493,0.14562811,0.08187169,0.06620764,0.14890853,0.35197946,0.018675145,0.09711513,-0.07798909,-0.050797272,0.34898648,-0.008758701,0.024193475,0.31650117,0.38231924,0.21877395,0.35495558,0.035466217,-0.09090851,-0.08482807,-0.1933619,-0.27601844,-0.014798825,-0.35678938,-0.4178962,0.039740197,-0.11969532,-0.39912122,0.2862664,-0.020669162,-0.23868257,0.36395302,-0.23774365,-0.15762396,0.54646325,-0.39501822,-0.47103155,0.1522472,-0.0325659,-0.6008106,0.24017593,0.077052586,-0.63561404,0.19180094,-0.06848714,-0.6577145,0.19333073,-0.013655327,-0.6106205,0.234617,-0.03713561,-0.6211165,0.1370333,0.070628375,-0.5207644,0.22820807,0.018179566,-0.01606106385588646,0.2230508029460907,-0.043373893946409225
