frame,Ankle.R_x,Ankle.R_y,Ankle.R_z,Knee.R_x,Knee.R_y,Knee.R_z,Hip.R_x,Hip.R_y,Hip.R_z,Hip.L_x,Hip.L_y,Hip.L_z,Knee.L_x,Knee.L_y,Knee.L_z,Ankle.L_x,Ankle.L_y,Ankle.L_z,Wrist.R_x,Wrist.R_y,Wrist.R_z,Elbow.R_x,Elbow.R_y,Elbow.R_z,Shoulder.R_x,Shoulder.R_y,Shoulder.R_z,Shoulder.L_x,Shoulder.L_y,Shoulder.L_z,Elbow.L_x,Elbow.L_y,Elbow.L_z,Wrist.L_x,Wrist.L_y,Wrist.L_z,Neck_x,Neck_y,Neck_z,Head_x,Head_y,Head_z,Nose_x,Nose_y,Nose_z,Eye.L_x,Eye.L_y,Eye.L_z,Eye.R_x,Eye.R_y,Eye.R_z,Ear.L_x,Ear.L_y,Ear.L_z,Ear.R_x,Ear.R_y,Ear.R_z,hip.Center_x,hip.Center_y,hip.Center_z
0,0.43846887,-0.18524224,-0.07038078,0.05296339,-0.13606428,0.12551543,-0.08382909,0.15300347,-0.10072091,0.035545528,0.36069718,0.03483649,0.23313072,0.07933757,0.26517978,0.54578686,0.009765925,-0.037088946,0.21839145,-0.039149936,0.12203629,-0.047425628,-0.015950827,0.0588052,-0.3256348,0.06328805,0.1391405,-0.2722026,0.32730505,0.26923385,-0.012914836,0.3148669,0.13818364,0.20951635,0.17216541,0.09301333,-0.3738309,0.1905248,0.2507126,-0.5832453,0.20511514,0.34420326,-0.47721833,0.11137609,0.41182184,-0.50866556,0.16416138,0.41772044,-0.52761585,0.112711266,0.3783995,-0.4911216,0.25288296,0.36663365,-0.5372488,0.14365813,0.2766063,-0.02414178103208542,0.25685033202171326,-0.032942213118076324
