frame,Ankle.R_x,Ankle.R_y,Ankle.R_z,Knee.R_x,Knee.R_y,Knee.R_z,Hip.R_x,Hip.R_y,Hip.R_z,Hip.L_x,Hip.L_y,Hip.L_z,Knee.L_x,Knee.L_y,Knee.L_z,Ankle.L_x,Ankle.L_y,Ankle.L_z,Wrist.R_x,Wrist.R_y,Wrist.R_z,Elbow.R_x,Elbow.R_y,Elbow.R_z,Shoulder.R_x,Shoulder.R_y,Shoulder.R_z,Shoulder.L_x,Shoulder.L_y,Shoulder.L_z,Elbow.L_x,Elbow.L_y,Elbow.L_z,Wrist.L_x,Wrist.L_y,Wrist.L_z,Neck_x,Neck_y,Neck_z,Head_x,Head_y,Head_z,Nose_x,Nose_y,Nose_z,Eye.L_x,Eye.L_y,Eye.L_z,Eye.R_x,Eye.R_y,Eye.R_z,Ear.L_x,Ear.L_y,Ear.L_z,Ear.R_x,Ear.R_y,Ear.R_z,hip.Center_x,hip.Center_y,hip.Center_z
0,0.412919,-0.2035167,0.01860178,0.018714892,-0.09723674,0.16966115,-0.07020792,0.15050226,-0.10935162,0.02264722,0.3601042,0.03907392,0.1943158,0.089148924,0.29225874,0.53315955,-0.020179091,0.031347003,0.19629873,-0.123912945,0.08054283,-0.066112906,-0.080562554,0.012639691,-0.33176786,0.028142111,0.09584531,-0.27731824,0.269187,0.26510355,-0.0036285026,0.26577187,0.16949546,0.21189576,0.10994956,0.14275745,-0.37803513,0.1392364,0.22130165,-0.58627766,0.15903756,0.29818708,-0.499244,0.046141826,0.3640393,-0.5257333,0.10100324,0.37338203,-0.5449588,0.057023168,0.32600325,-0.49304414,0.1924409,0.33604914,-0.539481,0.10052202,0.22906858,-0.023780351504683495,0.2553032338619232,-0.035138849169015884
