frame,Ankle.R_x,Ankle.R_y,Ankle.R_z,Knee.R_x,Knee.R_y,Knee.R_z,Hip.R_x,Hip.R_y,Hip.R_z,Hip.L_x,Hip.L_y,Hip.L_z,Knee.L_x,Knee.L_y,Knee.L_z,Ankle.L_x,Ankle.L_y,Ankle.L_z,Wrist.R_x,Wrist.R_y,Wrist.R_z,Elbow.R_x,Elbow.R_y,Elbow.R_z,Shoulder.R_x,Shoulder.R_y,Shoulder.R_z,Shoulder.L_x,Shoulder.L_y,Shoulder.L_z,Elbow.L_x,Elbow.L_y,Elbow.L_z,Wrist.L_x,Wrist.L_y,Wrist.L_z,Neck_x,Neck_y,Neck_z,Head_x,Head_y,Head_z,Nose_x,Nose_y,Nose_z,Eye.L_x,Eye.L_y,Eye.L_z,Eye.R_x,Eye.R_y,Eye.R_z,Ear.L_x,Ear.L_y,Ear.L_z,Ear.R_x,Ear.R_y,Ear.R_z,hip.Center_x,hip.Center_y,hip.Center_z
0,0.3710507,-0.1922523,0.0047565256,-0.011809174,-0.09120152,0.17583025,-0.07063088,0.15392473,-0.11339164,0.02653802,0.35821322,0.04035679,0.1472673,0.08393023,0.30829215,0.48803517,-0.038031716,0.060538854,0.19466293,-0.13577986,0.077153064,-0.067069955,-0.08719429,0.009758121,-0.3289662,0.028161677,0.093026295,-0.2667603,0.2602432,0.26844826,0.007967035,0.24617712,0.18056133,0.22681119,0.093772404,0.14726472,-0.36954185,0.13486376,0.22091724,-0.5721668,0.15301207,0.30889356,-0.4859423,0.031581685,0.35762697,-0.5102633,0.08550685,0.37426686,-0.5326143,0.047734607,0.32311806,-0.47684905,0.18005854,0.3460691,-0.5297699,0.10181089,0.23185335,-0.02204642817378044,0.25606897473335266,-0.0365174263715744
