frame,Ankle.R_x,Ankle.R_y,Ankle.R_z,Knee.R_x,Knee.R_y,Knee.R_z,Hip.R_x,Hip.R_y,Hip.R_z,Hip.L_x,Hip.L_y,Hip.L_z,Knee.L_x,Knee.L_y,Knee.L_z,Ankle.L_x,Ankle.L_y,Ankle.L_z,Wrist.R_x,Wrist.R_y,Wrist.R_z,Elbow.R_x,Elbow.R_y,Elbow.R_z,Shoulder.R_x,Shoulder.R_y,Shoulder.R_z,Shoulder.L_x,Shoulder.L_y,Shoulder.L_z,Elbow.L_x,Elbow.L_y,Elbow.L_z,Wrist.L_x,Wrist.L_y,Wrist.L_z,Neck_x,Neck_y,Neck_z,Head_x,Head_y,Head_z,Nose_x,Nose_y,Nose_z,Eye.L_x,Eye.L_y,Eye.L_z,Eye.R_x,Eye.R_y,Eye.R_z,Ear.L_x,Ear.L_y,Ear.L_z,Ear.R_x,Ear.R_y,Ear.R_z,hip.Center_x,hip.Center_y,hip.Center_z
0,0.19388163,0.044206385,-0.021295235,-0.049739704,0.07378859,0.29444122,-0.0106514655,0.11534878,-0.10871453,-0.015362508,0.36541176,0.017130904,-0.106509216,0.12468357,0.28350005,0.15972303,0.24931529,0.015432143,0.216206,-0.11993636,-0.031156275,-0.05112906,-0.07880629,0.0029287532,-0.31547672,-0.032181464,0.08277991,-0.32352734,0.2305793,0.19336335,-0.07648806,0.18814965,0.11946791,0.1740013,0.07928304,0.11414382,-0.36889786,0.08683602,0.16359521,-0.47455382,0.1725412,0.286655,-0.4437676,0.021193743,0.32439774,-0.43032444,0.080410354,0.3396689,-0.48512334,0.059184797,0.3031864,-0.37345546,0.15146726,0.28781456,-0.4894967,0.105242945,0.20695175,-0.013006987050175667,0.24038027226924896,-0.04579181224107742
