frame,Ankle.R_x,Ankle.R_y,Ankle.R_z,Knee.R_x,Knee.R_y,Knee.R_z,Hip.R_x,Hip.R_y,Hip.R_z,Hip.L_x,Hip.L_y,Hip.L_z,Knee.L_x,Knee.L_y,Knee.L_z,Ankle.L_x,Ankle.L_y,Ankle.L_z,Wrist.R_x,Wrist.R_y,Wrist.R_z,Elbow.R_x,Elbow.R_y,Elbow.R_z,Shoulder.R_x,Shoulder.R_y,Shoulder.R_z,Shoulder.L_x,Shoulder.L_y,Shoulder.L_z,Elbow.L_x,Elbow.L_y,Elbow.L_z,Wrist.L_x,Wrist.L_y,Wrist.L_z,Neck_x,Neck_y,Neck_z,Head_x,Head_y,Head_z,Nose_x,Nose_y,Nose_z,Eye.L_x,Eye.L_y,Eye.L_z,Eye.R_x,Eye.R_y,Eye.R_z,Ear.L_x,Ear.L_y,Ear.L_z,Ear.R_x,Ear.R_y,Ear.R_z,hip.Center_x,hip.Center_y,hip.Center_z
0,0.19902457,0.10610416,-0.018314986,-0.03398816,0.071637936,0.3032058,0.004043949,0.113988034,-0.10589653,-0.027582267,0.36274344,0.013902297,-0.11342433,0.12505825,0.2869438,0.16463847,0.24168709,0.02354076,0.15474416,-0.14526656,-0.0845519,-0.110070206,-0.08628012,-0.0762589,-0.33733398,-0.031762734,0.07241145,-0.32856148,0.22740132,0.19028708,-0.07315509,0.18508653,0.12699595,0.16696903,0.051807776,0.116830885,-0.37976837,0.08497569,0.1563581,-0.51117265,0.15086007,0.26079115,-0.46783122,0.0026405156,0.3014029,-0.4661764,0.062390804,0.319974,-0.50892955,0.035846762,0.27248028,-0.40966338,0.14289764,0.28247952,-0.49991706,0.0856228,0.17900094,-0.011769158765673637,0.23836573958396912,-0.04599711671471596
