frame,Ankle.R_x,Ankle.R_y,Ankle.R_z,Knee.R_x,Knee.R_y,Knee.R_z,Hip.R_x,Hip.R_y,Hip.R_z,Hip.L_x,Hip.L_y,Hip.L_z,Knee.L_x,Knee.L_y,Knee.L_z,Ankle.L_x,Ankle.L_y,Ankle.L_z,Wrist.R_x,Wrist.R_y,Wrist.R_z,Elbow.R_x,Elbow.R_y,Elbow.R_z,Shoulder.R_x,Shoulder.R_y,Shoulder.R_z,Shoulder.L_x,Shoulder.L_y,Shoulder.L_z,Elbow.L_x,Elbow.L_y,Elbow.L_z,Wrist.L_x,Wrist.L_y,Wrist.L_z,Neck_x,Neck_y,Neck_z,Head_x,Head_y,Head_z,Nose_x,Nose_y,Nose_z,Eye.L_x,Eye.L_y,Eye.L_z,Eye.R_x,Eye.R_y,Eye.R_z,Ear.L_x,Ear.L_y,Ear.L_z,Ear.R_x,Ear.R_y,Ear.R_z,hip.Center_x,hip.Center_y,hip.Center_z
0,0.3804299,-0.12862666,-0.06383308,0.023886345,-0.10594324,0.17036779,-0.079615414,0.15295164,-0.10595798,0.034766406,0.36086905,0.035573702,0.17862597,0.07861725,0.29312867,0.44375256,0.04702513,-0.04524063,0.17874812,-0.12710072,0.04333607,-0.08675329,-0.06432222,0.0044016535,-0.34190297,0.0600233,0.10163742,-0.27382421,0.29655135,0.276093,0.0060466174,0.28100395,0.1945259,0.22841206,0.13017945,0.16281189,-0.3823696,0.17046362,0.22903009,-0.5930265,0.18706518,0.30335897,-0.5090696,0.0654262,0.35748082,-0.53571093,0.11895327,0.37290484,-0.55298835,0.081837654,0.31930077,-0.50116134,0.21471304,0.3496374,-0.5428288,0.13818267,0.22956716,-0.022424504160881042,0.2569103538990021,-0.03519213944673538
