frame,Ankle.R_x,Ankle.R_y,Ankle.R_z,Knee.R_x,Knee.R_y,Knee.R_z,Hip.R_x,Hip.R_y,Hip.R_z,Hip.L_x,Hip.L_y,Hip.L_z,Knee.L_x,Knee.L_y,Knee.L_z,Ankle.L_x,Ankle.L_y,Ankle.L_z,Wrist.R_x,Wrist.R_y,Wrist.R_z,Elbow.R_x,Elbow.R_y,Elbow.R_z,Shoulder.R_x,Shoulder.R_y,Shoulder.R_z,Shoulder.L_x,Shoulder.L_y,Shoulder.L_z,Elbow.L_x,Elbow.L_y,Elbow.L_z,Wrist.L_x,Wrist.L_y,Wrist.L_z,Neck_x,Neck_y,Neck_z,Head_x,Head_y,Head_z,Nose_x,Nose_y,Nose_z,Eye.L_x,Eye.L_y,Eye.L_z,Eye.R_x,Eye.R_y,Eye.R_z,Ear.L_x,Ear.L_y,Ear.L_z,Ear.R_x,Ear.R_y,Ear.R_z,hip.Center_x,hip.Center_y,hip.Center_z
0,0.20707232,-0.02170693,-0.041204736,-0.015824504,0.044879247,0.29375264,-0.0042091263,0.105353996,-0.096406296,-0.029196516,0.36083117,0.00040945064,-0.022808962,0.25645453,0.3541478,0.178501,0.2934892,0.0049440037,0.16925514,-0.16281517,-0.0753211,-0.09507298,-0.11211684,-0.069100946,-0.31256068,-0.049179677,0.09792746,-0.3130972,0.19727474,0.22076927,-0.057146873,0.16814196,0.15364757,0.178841,0.033635654,0.14844367,-0.3555869,0.058945794,0.18404746,-0.4708256,0.13817804,0.27092472,-0.43404886,-0.0020314455,0.337124,-0.42922288,0.059011936,0.34432247,-0.4747998,0.0264021,0.30439034,-0.36949074,0.12737848,0.29174477,-0.46538848,0.05762136,0.20291148,-0.016702821478247643,0.23309257626533508,-0.047998420894145966
