frame,Ankle.R_x,Ankle.R_y,Ankle.R_z,Knee.R_x,Knee.R_y,Knee.R_z,Hip.R_x,Hip.R_y,Hip.R_z,Hip.L_x,Hip.L_y,Hip.L_z,Knee.L_x,Knee.L_y,Knee.L_z,Ankle.L_x,Ankle.L_y,Ankle.L_z,Wrist.R_x,Wrist.R_y,Wrist.R_z,Elbow.R_x,Elbow.R_y,Elbow.R_z,Shoulder.R_x,Shoulder.R_y,Shoulder.R_z,Shoulder.L_x,Shoulder.L_y,Shoulder.L_z,Elbow.L_x,Elbow.L_y,Elbow.L_z,Wrist.L_x,Wrist.L_y,Wrist.L_z,Neck_x,Neck_y,Neck_z,Head_x,Head_y,Head_z,Nose_x,Nose_y,Nose_z,Eye.L_x,Eye.L_y,Eye.L_z,Eye.R_x,Eye.R_y,Eye.R_z,Ear.L_x,Ear.L_y,Ear.L_z,Ear.R_x,Ear.R_y,Ear.R_z,hip.Center_x,hip.Center_y,hip.Center_z
0,0.34303963,-0.104715854,-0.09056204,0.0403129,-0.07703239,0.20268202,-0.064416304,0.14403784,-0.11082921,0.021187004,0.36464855,0.03458399,0.08232755,0.1179946,0.325248,0.35604256,0.10981287,0.0059637735,0.183546,-0.16166379,0.042295128,-0.07830928,-0.10300023,-0.01801323,-0.33070207,0.024980137,0.07790243,-0.27387646,0.24975291,0.27088574,0.013431374,0.24909739,0.21715575,0.2234268,0.08019284,0.2021161,-0.37505943,0.12643035,0.21099329,-0.58334255,0.14059299,0.28403002,-0.49472424,0.028034799,0.34976718,-0.5222753,0.08241559,0.35948843,-0.54007375,0.038356602,0.31144583,-0.4914819,0.17470282,0.32386476,-0.53425515,0.08378754,0.21476914,-0.021614650264382362,0.2543432116508484,-0.03812260925769806
