frame,Ankle.R_x,Ankle.R_y,Ankle.R_z,Knee.R_x,Knee.R_y,Knee.R_z,Hip.R_x,Hip.R_y,Hip.R_z,Hip.L_x,Hip.L_y,Hip.L_z,Knee.L_x,Knee.L_y,Knee.L_z,Ankle.L_x,Ankle.L_y,Ankle.L_z,Wrist.R_x,Wrist.R_y,Wrist.R_z,Elbow.R_x,Elbow.R_y,Elbow.R_z,Shoulder.R_x,Shoulder.R_y,Shoulder.R_z,Shoulder.L_x,Shoulder.L_y,Shoulder.L_z,Elbow.L_x,Elbow.L_y,Elbow.L_z,Wrist.L_x,Wrist.L_y,Wrist.L_z,Neck_x,Neck_y,Neck_z,Head_x,Head_y,Head_z,Nose_x,Nose_y,Nose_z,Eye.L_x,Eye.L_y,Eye.L_z,Eye.R_x,Eye.R_y,Eye.R_z,Ear.L_x,Ear.L_y,Ear.L_z,Ear.R_x,Ear.R_y,Ear.R_z,hip.Center_x,hip.Center_y,hip.Center_z
0,0.20363268,0.038643822,-0.04487604,-0.020032369,0.044686653,0.29342356,-0.002260988,0.10678219,-0.098757856,-0.027403234,0.35981053,0.004082622,-0.017049808,0.23668246,0.35827047,0.18764433,0.2924283,0.013533308,0.14258462,-0.14960566,-0.11304509,-0.11572507,-0.09760873,-0.06047664,-0.34133124,-0.035124168,0.08551379,-0.33545604,0.20660397,0.20686018,-0.08533477,0.20260029,0.12393429,0.14320323,0.059167307,0.12060134,-0.3776758,0.07155285,0.16903989,-0.48884523,0.15655415,0.24154674,-0.45780957,0.020417169,0.31957185,-0.4520159,0.082115695,0.32233787,-0.4963686,0.04735078,0.2827273,-0.38850713,0.14530747,0.26770687,-0.48177582,0.071138024,0.18035482,-0.014832111075520515,0.23329636454582214,-0.047337617725133896
