frame,Ankle.R_x,Ankle.R_y,Ankle.R_z,Knee.R_x,Knee.R_y,Knee.R_z,Hip.R_x,Hip.R_y,Hip.R_z,Hip.L_x,Hip.L_y,Hip.L_z,Knee.L_x,Knee.L_y,Knee.L_z,Ankle.L_x,Ankle.L_y,Ankle.L_z,Wrist.R_x,Wrist.R_y,Wrist.R_z,Elbow.R_x,Elbow.R_y,Elbow.R_z,Shoulder.R_x,Shoulder.R_y,Shoulder.R_z,Shoulder.L_x,Shoulder.L_y,Shoulder.L_z,Elbow.L_x,Elbow.L_y,Elbow.L_z,Wrist.L_x,Wrist.L_y,Wrist.L_z,Neck_x,Neck_y,Neck_z,Head_x,Head_y,Head_z,Nose_x,Nose_y,Nose_z,Eye.L_x,Eye.L_y,Eye.L_z,Eye.R_x,Eye.R_y,Eye.R_z,Ear.L_x,Ear.L_y,Ear.L_z,Ear.R_x,Ear.R_y,Ear.R_z,hip.Center_x,hip.Center_y,hip.Center_z
0,0.20248638,0.1311707,-0.026512597,-0.011813142,0.04455069,0.29621848,0.0014975118,0.11304731,-0.10418148,-0.023615213,0.3613559,0.0137011055,-0.1072462,0.17072345,0.30958733,0.1869243,0.16482094,0.03830445,0.09145959,-0.11147637,-0.07876855,-0.17187406,-0.06355312,-0.08918291,-0.38523877,-0.0044298694,0.06579551,-0.3602037,0.25346568,0.17212436,-0.12017718,0.24936025,0.066476636,0.11263524,0.11880029,0.09786934,-0.41307336,0.109779544,0.14843692,-0.54491514,0.18472783,0.21329089,-0.5215045,0.04082574,0.28019565,-0.520445,0.102158114,0.291264,-0.55308306,0.07132999,0.23899737,-0.45094234,0.17448676,0.2595399,-0.52056634,0.107901,0.14601646,-0.011058850213885307,0.23720160126686096,-0.045240189880132675
