frame,Ankle.R_x,Ankle.R_y,Ankle.R_z,Knee.R_x,Knee.R_y,Knee.R_z,Hip.R_x,Hip.R_y,Hip.R_z,Hip.L_x,Hip.L_y,Hip.L_z,Knee.L_x,Knee.L_y,Knee.L_z,Ankle.L_x,Ankle.L_y,Ankle.L_z,Wrist.R_x,Wrist.R_y,Wrist.R_z,Elbow.R_x,Elbow.R_y,Elbow.R_z,Shoulder.R_x,Shoulder.R_y,Shoulder.R_z,Shoulder.L_x,Shoulder.L_y,Shoulder.L_z,Elbow.L_x,Elbow.L_y,Elbow.L_z,Wrist.L_x,Wrist.L_y,Wrist.L_z,Neck_x,Neck_y,Neck_z,Head_x,Head_y,Head_z,Nose_x,Nose_y,Nose_z,Eye.L_x,Eye.L_y,Eye.L_z,Eye.R_x,Eye.R_y,Eye.R_z,Ear.L_x,Ear.L_y,Ear.L_z,Ear.R_x,Ear.R_y,Ear.R_z,hip.Center_x,hip.Center_y,hip.Center_z
0,0.36827022,-0.08190263,-0.06465435,0.04427227,-0.07631146,0.20492253,-0.060979553,0.13781834,-0.10815297,0.015700715,0.366277,0.029843573,0.09217255,0.14545153,0.33324152,0.35213858,0.1406344,0.005177458,0.16742139,-0.12232641,-0.007573665,-0.09894827,-0.07792277,-0.051520698,-0.3455013,0.037108917,0.071607806,-0.29174316,0.27540645,0.25548476,-0.0036771386,0.28792432,0.2068716,0.22292738,0.14441738,0.19091101,-0.39244083,0.14933713,0.19993834,-0.60142136,0.17991802,0.24940151,-0.5287093,0.07337817,0.34048092,-0.5536787,0.13002008,0.33939576,-0.56862605,0.080460854,0.29586205,-0.51267135,0.21425179,0.2956038,-0.5486279,0.11120384,0.1955582,-0.02263941988348961,0.25204765796661377,-0.03915470093488693
