frame,Ankle.R_x,Ankle.R_y,Ankle.R_z,Knee.R_x,Knee.R_y,Knee.R_z,Hip.R_x,Hip.R_y,Hip.R_z,Hip.L_x,Hip.L_y,Hip.L_z,Knee.L_x,Knee.L_y,Knee.L_z,Ankle.L_x,Ankle.L_y,Ankle.L_z,Wrist.R_x,Wrist.R_y,Wrist.R_z,Elbow.R_x,Elbow.R_y,Elbow.R_z,Shoulder.R_x,Shoulder.R_y,Shoulder.R_z,Shoulder.L_x,Shoulder.L_y,Shoulder.L_z,Elbow.L_x,Elbow.L_y,Elbow.L_z,Wrist.L_x,Wrist.L_y,Wrist.L_z,Neck_x,Neck_y,Neck_z,Head_x,Head_y,Head_z,Nose_x,Nose_y,Nose_z,Eye.L_x,Eye.L_y,Eye.L_z,Eye.R_x,Eye.R_y,Eye.R_z,Ear.L_x,Ear.L_y,Ear.L_z,Ear.R_x,Ear.R_y,Ear.R_z,hip.Center_x,hip.Center_y,hip.Center_z
0,0.35988256,-0.08161178,-0.09866614,0.06215896,-0.07598465,0.20063555,-0.06262289,0.14392106,-0.114712,0.017063888,0.36350968,0.036644608,0.08018203,0.13650185,0.33483124,0.37538305,0.120171025,0.031976074,0.15846111,-0.14813936,0.026460966,-0.10294612,-0.10209719,-0.04313018,-0.34594297,0.031279996,0.07027673,-0.28657773,0.26142758,0.26207826,0.0053014047,0.27295998,0.23030308,0.23668207,0.13318431,0.22718325,-0.38822222,0.13869084,0.20091528,-0.5975787,0.15555467,0.2652858,-0.51353914,0.04325763,0.33695474,-0.5413115,0.097689375,0.3446667,-0.55633885,0.053403832,0.29586202,-0.50797874,0.18997508,0.310091,-0.544476,0.098026305,0.19931342,-0.022779501974582672,0.2537153661251068,-0.03903369605541229
