frame,Ankle.R_x,Ankle.R_y,Ankle.R_z,Knee.R_x,Knee.R_y,Knee.R_z,Hip.R_x,Hip.R_y,Hip.R_z,Hip.L_x,Hip.L_y,Hip.L_z,Knee.L_x,Knee.L_y,Knee.L_z,Ankle.L_x,Ankle.L_y,Ankle.L_z,Wrist.R_x,Wrist.R_y,Wrist.R_z,Elbow.R_x,Elbow.R_y,Elbow.R_z,Shoulder.R_x,Shoulder.R_y,Shoulder.R_z,Shoulder.L_x,Shoulder.L_y,Shoulder.L_z,Elbow.L_x,Elbow.L_y,Elbow.L_z,Wrist.L_x,Wrist.L_y,Wrist.L_z,Neck_x,Neck_y,Neck_z,Head_x,Head_y,Head_z,Nose_x,Nose_y,Nose_z,Eye.L_x,Eye.L_y,Eye.L_z,Eye.R_x,Eye.R_y,Eye.R_z,Ear.L_x,Ear.L_y,Ear.L_z,Ear.R_x,Ear.R_y,Ear.R_z,hip.Center_x,hip.Center_y,hip.Center_z
0,0.2182707,0.08597291,-0.051065113,-0.0016129743,0.039603587,0.280836,-0.0013366676,0.11052597,-0.10748302,-0.030997902,0.3551188,0.016605165,-0.00528102,0.20229602,0.35005972,0.16694602,0.27688253,-0.00544224,0.07083508,-0.105670705,-0.16004735,-0.18258248,-0.076015465,-0.075898595,-0.3778429,-0.011964062,0.08985177,-0.34934467,0.22442093,0.2049682,-0.12898576,0.25461465,0.059233446,0.11528917,0.17340304,-0.014906701,-0.4120317,0.076352105,0.15886952,-0.5526502,0.13614652,0.18963224,-0.530162,0.030456886,0.072326064,-0.5684316,0.045648262,0.1172213,-0.5239407,0.08705264,0.08803034,-0.5482167,0.034404114,0.22474933,-0.45718485,0.12555449,0.15766159,-0.016167284920811653,0.23282238841056824,-0.04543893039226532
