frame,Ankle.R_x,Ankle.R_y,Ankle.R_z,Knee.R_x,Knee.R_y,Knee.R_z,Hip.R_x,Hip.R_y,Hip.R_z,Hip.L_x,Hip.L_y,Hip.L_z,Knee.L_x,Knee.L_y,Knee.L_z,Ankle.L_x,Ankle.L_y,Ankle.L_z,Wrist.R_x,Wrist.R_y,Wrist.R_z,Elbow.R_x,Elbow.R_y,Elbow.R_z,Shoulder.R_x,Shoulder.R_y,Shoulder.R_z,Shoulder.L_x,Shoulder.L_y,Shoulder.L_z,Elbow.L_x,Elbow.L_y,Elbow.L_z,Wrist.L_x,Wrist.L_y,Wrist.L_z,Neck_x,Neck_y,Neck_z,Head_x,Head_y,Head_z,Nose_x,Nose_y,Nose_z,Eye.L_x,Eye.L_y,Eye.L_z,Eye.R_x,Eye.R_y,Eye.R_z,Ear.L_x,Ear.L_y,Ear.L_z,Ear.R_x,Ear.R_y,Ear.R_z,hip.Center_x,hip.Center_y,hip.Center_z
0,0.39393106,-0.05047232,-0.048333462,0.08024152,-0.04870024,0.2323724,-0.044539772,0.12779771,-0.1055841,-0.0023494964,0.36544755,0.025450446,0.12301613,0.19674268,0.3530596,0.41574976,0.14729792,0.049442448,0.13743766,-0.096529536,-0.022464775,-0.12792784,-0.07841921,-0.08363091,-0.3748722,0.031918716,0.03812792,-0.3333441,0.27465385,0.22445408,-0.051000983,0.34790742,0.19357277,0.20659494,0.27708378,0.21365732,-0.42485136,0.14518487,0.16392657,-0.63868916,0.16325316,0.21353263,-0.5514556,0.07232411,0.30766702,-0.5819154,0.12577909,0.30350003,-0.5943431,0.07190322,0.26502502,-0.55211663,0.20895612,0.25122216,-0.5825219,0.09544788,0.16178703,-0.023444633930921555,0.24662262201309204,-0.04006682708859444
