frame,Ankle.R_x,Ankle.R_y,Ankle.R_z,Knee.R_x,Knee.R_y,Knee.R_z,Hip.R_x,Hip.R_y,Hip.R_z,Hip.L_x,Hip.L_y,Hip.L_z,Knee.L_x,Knee.L_y,Knee.L_z,Ankle.L_x,Ankle.L_y,Ankle.L_z,Wrist.R_x,Wrist.R_y,Wrist.R_z,Elbow.R_x,Elbow.R_y,Elbow.R_z,Shoulder.R_x,Shoulder.R_y,Shoulder.R_z,Shoulder.L_x,Shoulder.L_y,Shoulder.L_z,Elbow.L_x,Elbow.L_y,Elbow.L_z,Wrist.L_x,Wrist.L_y,Wrist.L_z,Neck_x,Neck_y,Neck_z,Head_x,Head_y,Head_z,Nose_x,Nose_y,Nose_z,Eye.L_x,Eye.L_y,Eye.L_z,Eye.R_x,Eye.R_y,Eye.R_z,Ear.L_x,Ear.L_y,Ear.L_z,Ear.R_x,Ear.R_y,Ear.R_z,hip.Center_x,hip.Center_y,hip.Center_z
0,0.37823802,0.004961243,-0.04465883,0.08098311,-0.03571625,0.23973447,-0.037631452,0.12200317,-0.10337992,-0.010613504,0.36765474,0.02006029,0.09412437,0.21565662,0.35238522,0.38948888,0.22005624,0.055899616,0.16506627,-0.10190894,-0.01024937,-0.10060889,-0.07745963,-0.06545827,-0.35582396,0.01791158,0.04898877,-0.3201613,0.2581609,0.23742369,-0.036301084,0.324709,0.22030824,0.22342476,0.26037186,0.23347953,-0.4098117,0.12911849,0.17585146,-0.62061596,0.15726055,0.22656687,-0.54264176,0.05311495,0.31507635,-0.5690389,0.108855136,0.3147233,-0.584035,0.059096433,0.27179375,-0.5321613,0.19385111,0.26968038,-0.56799704,0.09005103,0.17123812,-0.02412247844040394,0.2448289543390274,-0.04165981709957123
