frame,Ankle.R_x,Ankle.R_y,Ankle.R_z,Knee.R_x,Knee.R_y,Knee.R_z,Hip.R_x,Hip.R_y,Hip.R_z,Hip.L_x,Hip.L_y,Hip.L_z,Knee.L_x,Knee.L_y,Knee.L_z,Ankle.L_x,Ankle.L_y,Ankle.L_z,Wrist.R_x,Wrist.R_y,Wrist.R_z,Elbow.R_x,Elbow.R_y,Elbow.R_z,Shoulder.R_x,Shoulder.R_y,Shoulder.R_z,Shoulder.L_x,Shoulder.L_y,Shoulder.L_z,Elbow.L_x,Elbow.L_y,Elbow.L_z,Wrist.L_x,Wrist.L_y,Wrist.L_z,Neck_x,Neck_y,Neck_z,Head_x,Head_y,Head_z,Nose_x,Nose_y,Nose_z,Eye.L_x,Eye.L_y,Eye.L_z,Eye.R_x,Eye.R_y,Eye.R_z,Ear.L_x,Ear.L_y,Ear.L_z,Ear.R_x,Ear.R_y,Ear.R_z,hip.Center_x,hip.Center_y,hip.Center_z
0,0.39157045,0.012085574,-0.046500362,0.092309184,-0.041702785,0.23872446,-0.046859127,0.12754908,-0.10527338,-0.00019817254,0.36733738,0.022872075,0.12409845,0.21558473,0.35607457,0.39980513,0.19063273,0.036114104,0.13462391,-0.077890255,0.027338237,-0.118118376,-0.072486654,-0.07422685,-0.37416726,0.034579083,0.028983198,-0.3465698,0.27488577,0.21956989,-0.068840034,0.36020893,0.18924968,0.19264036,0.31924507,0.22571428,-0.43164057,0.14473882,0.15284437,-0.6473548,0.15797135,0.20118839,-0.55772316,0.071573175,0.29739597,-0.5885188,0.12469951,0.29138356,-0.60117984,0.06892879,0.25546262,-0.5608565,0.20599784,0.23471743,-0.59099907,0.08774043,0.15043536,-0.023528650403022766,0.24744322896003723,-0.041200652718544006
