frame,Ankle.R_x,Ankle.R_y,Ankle.R_z,Knee.R_x,Knee.R_y,Knee.R_z,Hip.R_x,Hip.R_y,Hip.R_z,Hip.L_x,Hip.L_y,Hip.L_z,Knee.L_x,Knee.L_y,Knee.L_z,Ankle.L_x,Ankle.L_y,Ankle.L_z,Wrist.R_x,Wrist.R_y,Wrist.R_z,Elbow.R_x,Elbow.R_y,Elbow.R_z,Shoulder.R_x,Shoulder.R_y,Shoulder.R_z,Shoulder.L_x,Shoulder.L_y,Shoulder.L_z,Elbow.L_x,Elbow.L_y,Elbow.L_z,Wrist.L_x,Wrist.L_y,Wrist.L_z,Neck_x,Neck_y,Neck_z,Head_x,Head_y,Head_z,Nose_x,Nose_y,Nose_z,Eye.L_x,Eye.L_y,Eye.L_z,Eye.R_x,Eye.R_y,Eye.R_z,Ear.L_x,Ear.L_y,Ear.L_z,Ear.R_x,Ear.R_y,Ear.R_z,hip.Center_x,hip.Center_y,hip.Center_z
0,0.3932045,0.008855229,-0.057165165,0.10240581,-0.038295884,0.238638,-0.046780273,0.1276019,-0.105113834,-0.00084975874,0.3671855,0.023429522,0.12886569,0.21676105,0.35520375,0.39910194,0.18765341,0.03087778,0.13339306,-0.07374037,0.014132751,-0.12326193,-0.06934618,-0.07770977,-0.37820196,0.036236838,0.028869014,-0.3461983,0.2748011,0.2213234,-0.06750228,0.35663757,0.19124618,0.19493951,0.31986398,0.22716075,-0.43338573,0.14660586,0.15425676,-0.6478566,0.16629508,0.20482558,-0.5600743,0.07679255,0.2999093,-0.58914375,0.13092804,0.29426938,-0.6041199,0.075629234,0.258482,-0.5594037,0.21131665,0.23731045,-0.59445125,0.09418643,0.15332127,-0.023815015330910683,0.24739369750022888,-0.04084215685725212
