frame,Ankle.R_x,Ankle.R_y,Ankle.R_z,Knee.R_x,Knee.R_y,Knee.R_z,Hip.R_x,Hip.R_y,Hip.R_z,Hip.L_x,Hip.L_y,Hip.L_z,Knee.L_x,Knee.L_y,Knee.L_z,Ankle.L_x,Ankle.L_y,Ankle.L_z,Wrist.R_x,Wrist.R_y,Wrist.R_z,Elbow.R_x,Elbow.R_y,Elbow.R_z,Shoulder.R_x,Shoulder.R_y,Shoulder.R_z,Shoulder.L_x,Shoulder.L_y,Shoulder.L_z,Elbow.L_x,Elbow.L_y,Elbow.L_z,Wrist.L_x,Wrist.L_y,Wrist.L_z,Neck_x,Neck_y,Neck_z,Head_x,Head_y,Head_z,Nose_x,Nose_y,Nose_z,Eye.L_x,Eye.L_y,Eye.L_z,Eye.R_x,Eye.R_y,Eye.R_z,Ear.L_x,Ear.L_y,Ear.L_z,Ear.R_x,Ear.R_y,Ear.R_z,hip.Center_x,hip.Center_y,hip.Center_z
0,0.38817182,-0.025403025,-0.017623724,0.058691397,-0.047961522,0.2361353,-0.05095341,0.12738752,-0.10288706,0.0040736925,0.36835504,0.01884011,0.13716419,0.22522786,0.35274538,0.413318,0.15710913,0.04047556,0.12800914,-0.08120932,-0.026059128,-0.1299528,-0.06723364,-0.10735887,-0.37314275,0.047047466,0.019153241,-0.34344214,0.28463215,0.21463077,-0.06257463,0.3618372,0.194554,0.19905835,0.31588405,0.21502909,-0.4306014,0.15567599,0.14696695,-0.64534974,0.17373063,0.19903865,-0.56128585,0.07110889,0.28305572,-0.5896127,0.12536784,0.2844438,-0.604051,0.07602173,0.24110177,-0.55716896,0.21264514,0.24012315,-0.5915544,0.10950647,0.14034563,-0.023439858108758926,0.2478712797164917,-0.04202347248792648
