frame,Ankle.R_x,Ankle.R_y,Ankle.R_z,Knee.R_x,Knee.R_y,Knee.R_z,Hip.R_x,Hip.R_y,Hip.R_z,Hip.L_x,Hip.L_y,Hip.L_z,Knee.L_x,Knee.L_y,Knee.L_z,Ankle.L_x,Ankle.L_y,Ankle.L_z,Wrist.R_x,Wrist.R_y,Wrist.R_z,Elbow.R_x,Elbow.R_y,Elbow.R_z,Shoulder.R_x,Shoulder.R_y,Shoulder.R_z,Shoulder.L_x,Shoulder.L_y,Shoulder.L_z,Elbow.L_x,Elbow.L_y,Elbow.L_z,Wrist.L_x,Wrist.L_y,Wrist.L_z,Neck_x,Neck_y,Neck_z,Head_x,Head_y,Head_z,Nose_x,Nose_y,Nose_z,Eye.L_x,Eye.L_y,Eye.L_z,Eye.R_x,Eye.R_y,Eye.R_z,Ear.L_x,Ear.L_y,Ear.L_z,Ear.R_x,Ear.R_y,Ear.R_z,hip.Center_x,hip.Center_y,hip.Center_z
0,0.3838908,0.06453417,-0.03906114,0.1046804,-0.011171767,0.25474864,-0.02917879,0.12215645,-0.10411236,-0.018745013,0.36487958,0.023950856,0.11584455,0.21891946,0.3576567,0.38618657,0.22945239,0.038117323,0.10955046,-0.0655221,0.02559297,-0.12770014,-0.07879565,-0.10225996,-0.38258794,0.020759694,0.014327894,-0.35114092,0.26148432,0.20523427,-0.08369937,0.37895638,0.16782907,0.16858739,0.32655388,0.22684133,-0.43854663,0.1337679,0.14073029,-0.6484928,0.1751698,0.18481494,-0.5756314,0.07652613,0.28392458,-0.5985635,0.13384669,0.27728817,-0.61757547,0.08041039,0.24050201,-0.5574784,0.21015814,0.22262552,-0.6008231,0.098122336,0.13647106,-0.023961901664733887,0.24351800978183746,-0.04008074849843979
