frame,Ankle.R_x,Ankle.R_y,Ankle.R_z,Knee.R_x,Knee.R_y,Knee.R_z,Hip.R_x,Hip.R_y,Hip.R_z,Hip.L_x,Hip.L_y,Hip.L_z,Knee.L_x,Knee.L_y,Knee.L_z,Ankle.L_x,Ankle.L_y,Ankle.L_z,Wrist.R_x,Wrist.R_y,Wrist.R_z,Elbow.R_x,Elbow.R_y,Elbow.R_z,Shoulder.R_x,Shoulder.R_y,Shoulder.R_z,Shoulder.L_x,Shoulder.L_y,Shoulder.L_z,Elbow.L_x,Elbow.L_y,Elbow.L_z,Wrist.L_x,Wrist.L_y,Wrist.L_z,Neck_x,Neck_y,Neck_z,Head_x,Head_y,Head_z,Nose_x,Nose_y,Nose_z,Eye.L_x,Eye.L_y,Eye.L_z,Eye.R_x,Eye.R_y,Eye.R_z,Ear.L_x,Ear.L_y,Ear.L_z,Ear.R_x,Ear.R_y,Ear.R_z,hip.Center_x,hip.Center_y,hip.Center_z
0,0.23023418,0.07604189,-0.03868819,-0.013530522,0.024794161,0.28205264,-0.002139152,0.114872046,-0.10830307,-0.027968807,0.35713834,0.018328121,0.00097222615,0.20560896,0.36785266,0.24242622,0.19239317,0.031985797,-0.0009539422,-0.04595368,-0.029767979,-0.19357668,-0.058554053,-0.20483562,-0.3972785,-0.013345472,-0.016773753,-0.39593735,0.24374613,0.10817334,-0.17126021,0.30922058,-0.036863215,0.058092847,0.2977952,0.072381966,-0.45133823,0.08953655,0.07013485,-0.59619635,0.159939,0.12438217,-0.6105876,0.034112096,0.027741693,-0.6311693,0.058137357,0.079948984,-0.60342705,0.0928953,0.029026084,-0.5749455,0.06690167,0.17248693,-0.5186294,0.14353472,0.061635666,-0.015053980052471161,0.23600518703460693,-0.044987473636865616
