frame,Ankle.R_x,Ankle.R_y,Ankle.R_z,Knee.R_x,Knee.R_y,Knee.R_z,Hip.R_x,Hip.R_y,Hip.R_z,Hip.L_x,Hip.L_y,Hip.L_z,Knee.L_x,Knee.L_y,Knee.L_z,Ankle.L_x,Ankle.L_y,Ankle.L_z,Wrist.R_x,Wrist.R_y,Wrist.R_z,Elbow.R_x,Elbow.R_y,Elbow.R_z,Shoulder.R_x,Shoulder.R_y,Shoulder.R_z,Shoulder.L_x,Shoulder.L_y,Shoulder.L_z,Elbow.L_x,Elbow.L_y,Elbow.L_z,Wrist.L_x,Wrist.L_y,Wrist.L_z,Neck_x,Neck_y,Neck_z,Head_x,Head_y,Head_z,Nose_x,Nose_y,Nose_z,Eye.L_x,Eye.L_y,Eye.L_z,Eye.R_x,Eye.R_y,Eye.R_z,Ear.L_x,Ear.L_y,Ear.L_z,Ear.R_x,Ear.R_y,Ear.R_z,hip.Center_x,hip.Center_y,hip.Center_z
0,0.5807618,0.19259672,0.17719458,0.19146787,0.17369206,0.3452113,-0.0040826625,0.09606971,-0.019957818,-0.037901446,0.3583779,-0.04631758,0.23480028,0.41741097,0.2849824,0.567338,0.5248775,0.024623806,-0.033472817,-0.11466297,0.14655544,-0.19805619,-0.11961105,-0.05989972,-0.4372933,0.048551798,-0.06854892,-0.41599822,0.35480538,-0.08454159,-0.17841996,0.5168658,-0.046119716,-0.06298126,0.70845294,0.09121113,-0.4985841,0.21571788,-0.076883,-0.6768652,0.2947336,-0.1679223,-0.69210327,0.24995828,-0.01798784,-0.6906289,0.29820913,-0.056021236,-0.70721406,0.2365585,-0.0753621,-0.60682,0.33459854,-0.10260082,-0.641338,0.20142667,-0.15090929,-0.020992053672671318,0.22722381353378296,-0.03313770145177841
