frame,Ankle.R_x,Ankle.R_y,Ankle.R_z,Knee.R_x,Knee.R_y,Knee.R_z,Hip.R_x,Hip.R_y,Hip.R_z,Hip.L_x,Hip.L_y,Hip.L_z,Knee.L_x,Knee.L_y,Knee.L_z,Ankle.L_x,Ankle.L_y,Ankle.L_z,Wrist.R_x,Wrist.R_y,Wrist.R_z,Elbow.R_x,Elbow.R_y,Elbow.R_z,Shoulder.R_x,Shoulder.R_y,Shoulder.R_z,Shoulder.L_x,Shoulder.L_y,Shoulder.L_z,Elbow.L_x,Elbow.L_y,Elbow.L_z,Wrist.L_x,Wrist.L_y,Wrist.L_z,Neck_x,Neck_y,Neck_z,Head_x,Head_y,Head_z,Nose_x,Nose_y,Nose_z,Eye.L_x,Eye.L_y,Eye.L_z,Eye.R_x,Eye.R_y,Eye.R_z,Ear.L_x,Ear.L_y,Ear.L_z,Ear.R_x,Ear.R_y,Ear.R_z,hip.Center_x,hip.Center_y,hip.Center_z
0,0.39831784,0.16914907,0.0859898,0.100498594,0.16875459,0.35710797,0.003200922,0.09197789,-0.06611937,-0.04174508,0.3540719,-0.020903809,0.036149807,0.3508383,0.37221473,0.25508285,0.40254813,0.030657478,-0.102682985,-0.06620977,-0.11656308,-0.25850618,-0.0012019542,-0.30474013,-0.40057728,0.046936646,-0.060786895,-0.37369817,0.31323406,0.026812937,-0.20008096,0.40107286,-0.18867697,-0.12499102,0.5905372,-0.052626878,-0.45833313,0.1714415,0.027467238,-0.5979153,0.25887093,0.15161163,-0.6323343,0.21194407,0.0059686042,-0.6532738,0.21095748,0.061551984,-0.60958207,0.25598848,0.03784419,-0.6112001,0.15528643,0.14335045,-0.5181932,0.2546296,0.091367126,-0.019272079691290855,0.2230248898267746,-0.04351159185171127
