frame,Ankle.R_x,Ankle.R_y,Ankle.R_z,Knee.R_x,Knee.R_y,Knee.R_z,Hip.R_x,Hip.R_y,Hip.R_z,Hip.L_x,Hip.L_y,Hip.L_z,Knee.L_x,Knee.L_y,Knee.L_z,Ankle.L_x,Ankle.L_y,Ankle.L_z,Wrist.R_x,Wrist.R_y,Wrist.R_z,Elbow.R_x,Elbow.R_y,Elbow.R_z,Shoulder.R_x,Shoulder.R_y,Shoulder.R_z,Shoulder.L_x,Shoulder.L_y,Shoulder.L_z,Elbow.L_x,Elbow.L_y,Elbow.L_z,Wrist.L_x,Wrist.L_y,Wrist.L_z,Neck_x,Neck_y,Neck_z,Head_x,Head_y,Head_z,Nose_x,Nose_y,Nose_z,Eye.L_x,Eye.L_y,Eye.L_z,Eye.R_x,Eye.R_y,Eye.R_z,Ear.L_x,Ear.L_y,Ear.L_z,Ear.R_x,Ear.R_y,Ear.R_z,hip.Center_x,hip.Center_y,hip.Center_z
0,0.5463174,0.2076446,0.1690973,0.17148076,0.16709146,0.3554647,-0.008151933,0.096500024,-0.014040759,-0.032923862,0.35756832,-0.05219139,0.2671592,0.4275417,0.25584358,0.6139097,0.46559393,-0.007921483,-0.02584334,-0.10356444,0.15927881,-0.19715667,-0.12097953,-0.04058719,-0.4350295,0.048680257,-0.060174935,-0.41554326,0.3537311,-0.093397245,-0.17651518,0.51431566,-0.05906545,-0.058578447,0.70661306,0.073977955,-0.49786243,0.21409315,-0.077793315,-0.68567884,0.28156158,-0.16445988,-0.6864157,0.25298274,-0.010200333,-0.68874615,0.29689065,-0.05306159,-0.70680714,0.23369738,-0.06410823,-0.6102663,0.32754353,-0.110695094,-0.64818776,0.19057709,-0.1413292,-0.02053789794445038,0.22703418135643005,-0.03311607614159584
