frame,Ankle.R_x,Ankle.R_y,Ankle.R_z,Knee.R_x,Knee.R_y,Knee.R_z,Hip.R_x,Hip.R_y,Hip.R_z,Hip.L_x,Hip.L_y,Hip.L_z,Knee.L_x,Knee.L_y,Knee.L_z,Ankle.L_x,Ankle.L_y,Ankle.L_z,Wrist.R_x,Wrist.R_y,Wrist.R_z,Elbow.R_x,Elbow.R_y,Elbow.R_z,Shoulder.R_x,Shoulder.R_y,Shoulder.R_z,Shoulder.L_x,Shoulder.L_y,Shoulder.L_z,Elbow.L_x,Elbow.L_y,Elbow.L_z,Wrist.L_x,Wrist.L_y,Wrist.L_z,Neck_x,Neck_y,Neck_z,Head_x,Head_y,Head_z,Nose_x,Nose_y,Nose_z,Eye.L_x,Eye.L_y,Eye.L_z,Eye.R_x,Eye.R_y,Eye.R_z,Ear.L_x,Ear.L_y,Ear.L_z,Ear.R_x,Ear.R_y,Ear.R_z,hip.Center_x,hip.Center_y,hip.Center_z
0,0.5854775,0.18921454,0.17435156,0.19574124,0.17172903,0.3420855,-0.0050342986,0.09632949,-0.01960007,-0.03721602,0.3585156,-0.0453845,0.24618372,0.4119375,0.27873597,0.5794273,0.5104966,0.0152701745,-0.036977228,-0.11302202,0.15806419,-0.1967585,-0.12264719,-0.051435757,-0.4359429,0.044977065,-0.06152071,-0.4200031,0.35125965,-0.07865227,-0.18505216,0.5163022,-0.03832832,-0.071463436,0.705248,0.10345943,-0.4997463,0.2105508,-0.07036874,-0.6805117,0.2833588,-0.16111642,-0.6924974,0.2437686,-0.00950212,-0.6922661,0.29067403,-0.049201302,-0.7085336,0.22822127,-0.066051,-0.60982144,0.32614887,-0.09855573,-0.64371306,0.1911129,-0.14151178,-0.021125158295035362,0.2274225354194641,-0.03249228373169899
