frame,Ankle.R_x,Ankle.R_y,Ankle.R_z,Knee.R_x,Knee.R_y,Knee.R_z,Hip.R_x,Hip.R_y,Hip.R_z,Hip.L_x,Hip.L_y,Hip.L_z,Knee.L_x,Knee.L_y,Knee.L_z,Ankle.L_x,Ankle.L_y,Ankle.L_z,Wrist.R_x,Wrist.R_y,Wrist.R_z,Elbow.R_x,Elbow.R_y,Elbow.R_z,Shoulder.R_x,Shoulder.R_y,Shoulder.R_z,Shoulder.L_x,Shoulder.L_y,Shoulder.L_z,Elbow.L_x,Elbow.L_y,Elbow.L_z,Wrist.L_x,Wrist.L_y,Wrist.L_z,Neck_x,Neck_y,Neck_z,Head_x,Head_y,Head_z,Nose_x,Nose_y,Nose_z,Eye.L_x,Eye.L_y,Eye.L_z,Eye.R_x,Eye.R_y,Eye.R_z,Ear.L_x,Ear.L_y,Ear.L_z,Ear.R_x,Ear.R_y,Ear.R_z,hip.Center_x,hip.Center_y,hip.Center_z
0,0.23793525,0.034823395,-0.0353341,0.017384784,0.038139712,0.30360597,0.0072611035,0.11302009,-0.103688955,-0.036163803,0.356231,0.01425018,0.0023854566,0.2063752,0.3723905,0.22584933,0.19201252,0.030024549,0.010723439,-0.028795391,-0.37869397,-0.20184408,-0.04790455,-0.22146648,-0.40454242,-0.009128248,-0.04638176,-0.40383196,0.22377327,0.10297508,-0.18231323,0.2882607,-0.030024605,0.039348096,0.30284262,-0.16992474,-0.45572233,0.07718179,0.035550196,-0.6033883,0.11929044,0.102045745,-0.5910106,0.06772947,-0.047335736,-0.6250957,0.062105745,0.002633728,-0.5843867,0.11427423,-0.011461005,-0.59381545,0.013390243,0.095764324,-0.5123649,0.12690473,0.061584048,-0.014451350085437298,0.23462554812431335,-0.0447193868458271
