frame,Ankle.R_x,Ankle.R_y,Ankle.R_z,Knee.R_x,Knee.R_y,Knee.R_z,Hip.R_x,Hip.R_y,Hip.R_z,Hip.L_x,Hip.L_y,Hip.L_z,Knee.L_x,Knee.L_y,Knee.L_z,Ankle.L_x,Ankle.L_y,Ankle.L_z,Wrist.R_x,Wrist.R_y,Wrist.R_z,Elbow.R_x,Elbow.R_y,Elbow.R_z,Shoulder.R_x,Shoulder.R_y,Shoulder.R_z,Shoulder.L_x,Shoulder.L_y,Shoulder.L_z,Elbow.L_x,Elbow.L_y,Elbow.L_z,Wrist.L_x,Wrist.L_y,Wrist.L_z,Neck_x,Neck_y,Neck_z,Head_x,Head_y,Head_z,Nose_x,Nose_y,Nose_z,Eye.L_x,Eye.L_y,Eye.L_z,Eye.R_x,Eye.R_y,Eye.R_z,Ear.L_x,Ear.L_y,Ear.L_z,Ear.R_x,Ear.R_y,Ear.R_z,hip.Center_x,hip.Center_y,hip.Center_z
0,0.38442412,0.054860108,0.029917559,0.057856172,0.014252622,0.28405824,-0.033777103,0.11517864,-0.09200166,-0.013183685,0.37174356,0.0061297864,0.11846928,0.26756376,0.36046404,0.3883712,0.24592789,0.03623659,0.11368544,-0.03814633,0.00013879646,-0.12774923,-0.047614068,-0.12288021,-0.38598633,0.040880095,-0.0031463765,-0.37314206,0.2864719,0.1859516,-0.1020621,0.39969724,0.16690856,0.15704252,0.37123388,0.22271086,-0.45287406,0.15501648,0.11930515,-0.66390604,0.19852781,0.16357356,-0.5939839,0.09416338,0.2588893,-0.6152067,0.1521907,0.2542747,-0.63578004,0.10075924,0.21545535,-0.5718962,0.22964817,0.20198372,-0.618277,0.121760085,0.11201321,-0.02348039299249649,0.24346110224723816,-0.04293593764305115
