frame,Ankle.R_x,Ankle.R_y,Ankle.R_z,Knee.R_x,Knee.R_y,Knee.R_z,Hip.R_x,Hip.R_y,Hip.R_z,Hip.L_x,Hip.L_y,Hip.L_z,Knee.L_x,Knee.L_y,Knee.L_z,Ankle.L_x,Ankle.L_y,Ankle.L_z,Wrist.R_x,Wrist.R_y,Wrist.R_z,Elbow.R_x,Elbow.R_y,Elbow.R_z,Shoulder.R_x,Shoulder.R_y,Shoulder.R_z,Shoulder.L_x,Shoulder.L_y,Shoulder.L_z,Elbow.L_x,Elbow.L_y,Elbow.L_z,Wrist.L_x,Wrist.L_y,Wrist.L_z,Neck_x,Neck_y,Neck_z,Head_x,Head_y,Head_z,Nose_x,Nose_y,Nose_z,Eye.L_x,Eye.L_y,Eye.L_z,Eye.R_x,Eye.R_y,Eye.R_z,Ear.L_x,Ear.L_y,Ear.L_z,Ear.R_x,Ear.R_y,Ear.R_z,hip.Center_x,hip.Center_y,hip.Center_z
0,0.22212984,0.051893074,-0.053074405,0.010990346,0.042235434,0.29330873,0.00020568236,0.11339241,-0.10660658,-0.030990593,0.35567296,0.017356088,0.0020501085,0.20435527,0.36478537,0.2350535,0.21553855,0.024233548,0.0014229338,-0.039436378,-0.06328604,-0.21460146,-0.05069995,-0.21629487,-0.41393596,-0.005416605,-0.03244775,-0.4095326,0.22743744,0.11417379,-0.18732181,0.2927283,-0.021293852,0.044320755,0.29892805,-0.13960768,-0.4588755,0.07854233,0.05108196,-0.5943644,0.112573534,0.13699827,-0.6021957,0.06366615,-0.013864949,-0.62781703,0.05614242,0.04048183,-0.59225816,0.11000572,0.020832367,-0.58277905,0.006699875,0.12593037,-0.50948346,0.12465824,0.08290464,-0.015392455272376537,0.2345326840877533,-0.04462524503469467
