frame,Ankle.R_x,Ankle.R_y,Ankle.R_z,Knee.R_x,Knee.R_y,Knee.R_z,Hip.R_x,Hip.R_y,Hip.R_z,Hip.L_x,Hip.L_y,Hip.L_z,Knee.L_x,Knee.L_y,Knee.L_z,Ankle.L_x,Ankle.L_y,Ankle.L_z,Wrist.R_x,Wrist.R_y,Wrist.R_z,Elbow.R_x,Elbow.R_y,Elbow.R_z,Shoulder.R_x,Shoulder.R_y,Shoulder.R_z,Shoulder.L_x,Shoulder.L_y,Shoulder.L_z,Elbow.L_x,Elbow.L_y,Elbow.L_z,Wrist.L_x,Wrist.L_y,Wrist.L_z,Neck_x,Neck_y,Neck_z,Head_x,Head_y,Head_z,Nose_x,Nose_y,Nose_z,Eye.L_x,Eye.L_y,Eye.L_z,Eye.R_x,Eye.R_y,Eye.R_z,Ear.L_x,Ear.L_y,Ear.L_z,Ear.R_x,Ear.R_y,Ear.R_z,hip.Center_x,hip.Center_y,hip.Center_z
0,0.3512693,0.0833029,0.048141316,0.03620574,0.05373841,0.30715933,-0.028581591,0.1067013,-0.0774366,-0.015779763,0.37193447,-0.007366898,0.1287468,0.2695646,0.35392985,0.39399427,0.28256357,0.029243933,0.09476933,-0.11209176,-0.027013646,-0.15273175,-0.07079033,-0.12649895,-0.39391446,0.04514917,-0.002224831,-0.37604594,0.30366388,0.16606288,-0.10309991,0.40532732,0.15131272,0.15110302,0.40861502,0.226561,-0.4570216,0.16804291,0.11162155,-0.6661519,0.21757473,0.16134901,-0.5935529,0.116204634,0.25773692,-0.61381286,0.17415255,0.25167328,-0.6372986,0.12180495,0.2163205,-0.5722178,0.24753186,0.19368994,-0.62523556,0.1379196,0.11166301,-0.022180676460266113,0.2393178939819336,-0.0424017496407032
