frame,Ankle.R_x,Ankle.R_y,Ankle.R_z,Knee.R_x,Knee.R_y,Knee.R_z,Hip.R_x,Hip.R_y,Hip.R_z,Hip.L_x,Hip.L_y,Hip.L_z,Knee.L_x,Knee.L_y,Knee.L_z,Ankle.L_x,Ankle.L_y,Ankle.L_z,Wrist.R_x,Wrist.R_y,Wrist.R_z,Elbow.R_x,Elbow.R_y,Elbow.R_z,Shoulder.R_x,Shoulder.R_y,Shoulder.R_z,Shoulder.L_x,Shoulder.L_y,Shoulder.L_z,Elbow.L_x,Elbow.L_y,Elbow.L_z,Wrist.L_x,Wrist.L_y,Wrist.L_z,Neck_x,Neck_y,Neck_z,Head_x,Head_y,Head_z,Nose_x,Nose_y,Nose_z,Eye.L_x,Eye.L_y,Eye.L_z,Eye.R_x,Eye.R_y,Eye.R_z,Ear.L_x,Ear.L_y,Ear.L_z,Ear.R_x,Ear.R_y,Ear.R_z,hip.Center_x,hip.Center_y,hip.Center_z
0,0.3650348,0.114974275,0.054685824,0.049036335,0.049930565,0.3065276,-0.029780233,0.106697164,-0.077737816,-0.015505651,0.37178105,-0.00772558,0.13096973,0.28128344,0.35377663,0.41190833,0.27302507,0.039616924,0.089734726,-0.15254469,-0.02463921,-0.15662582,-0.085520156,-0.11537367,-0.39485922,0.053941555,-0.008261169,-0.37929523,0.3132018,0.16069293,-0.10492388,0.41357765,0.15831704,0.15254435,0.4189269,0.22601296,-0.46103022,0.17832609,0.10284038,-0.67299646,0.22943002,0.14137001,-0.61108905,0.11741558,0.23301952,-0.63074994,0.17581259,0.2312742,-0.6502168,0.1281315,0.188133,-0.5825879,0.2550099,0.18667099,-0.6271368,0.15592214,0.0880854,-0.022642942145466805,0.23923911154270172,-0.04273169860243797
