frame,Ankle.R_x,Ankle.R_y,Ankle.R_z,Knee.R_x,Knee.R_y,Knee.R_z,Hip.R_x,Hip.R_y,Hip.R_z,Hip.L_x,Hip.L_y,Hip.L_z,Knee.L_x,Knee.L_y,Knee.L_z,Ankle.L_x,Ankle.L_y,Ankle.L_z,Wrist.R_x,Wrist.R_y,Wrist.R_z,Elbow.R_x,Elbow.R_y,Elbow.R_z,Shoulder.R_x,Shoulder.R_y,Shoulder.R_z,Shoulder.L_x,Shoulder.L_y,Shoulder.L_z,Elbow.L_x,Elbow.L_y,Elbow.L_z,Wrist.L_x,Wrist.L_y,Wrist.L_z,Neck_x,Neck_y,Neck_z,Head_x,Head_y,Head_z,Nose_x,Nose_y,Nose_z,Eye.L_x,Eye.L_y,Eye.L_z,Eye.R_x,Eye.R_y,Eye.R_z,Ear.L_x,Ear.L_y,Ear.L_z,Ear.R_x,Ear.R_y,Ear.R_z,hip.Center_x,hip.Center_y,hip.Center_z
0,0.23236041,0.029265016,-0.06309992,0.046988454,0.031523574,0.30184734,0.0054120813,0.11155122,-0.102298096,-0.035540987,0.3559267,0.014055784,0.024261622,0.20877582,0.372824,0.24132441,0.22561792,0.019216739,-0.04431722,-0.035255965,-0.13499291,-0.27722514,-0.09785204,-0.2455129,-0.4269331,-0.003405574,-0.03864778,-0.4144809,0.22853708,0.09909254,-0.18749112,0.29913414,-0.033137135,0.020763606,0.30536783,-0.19440252,-0.46371695,0.07898419,0.033756312,-0.60049075,0.109140575,0.106873736,-0.6004831,0.056970105,-0.043041494,-0.62828815,0.049818233,0.0099558085,-0.5934555,0.10435517,-0.009238783,-0.58499986,0.0035829246,0.09833888,-0.51386523,0.12229477,0.05619868,-0.015064452774822712,0.2337389588356018,-0.0441211573779583
