frame,Ankle.R_x,Ankle.R_y,Ankle.R_z,Knee.R_x,Knee.R_y,Knee.R_z,Hip.R_x,Hip.R_y,Hip.R_z,Hip.L_x,Hip.L_y,Hip.L_z,Knee.L_x,Knee.L_y,Knee.L_z,Ankle.L_x,Ankle.L_y,Ankle.L_z,Wrist.R_x,Wrist.R_y,Wrist.R_z,Elbow.R_x,Elbow.R_y,Elbow.R_z,Shoulder.R_x,Shoulder.R_y,Shoulder.R_z,Shoulder.L_x,Shoulder.L_y,Shoulder.L_z,Elbow.L_x,Elbow.L_y,Elbow.L_z,Wrist.L_x,Wrist.L_y,Wrist.L_z,Neck_x,Neck_y,Neck_z,Head_x,Head_y,Head_z,Nose_x,Nose_y,Nose_z,Eye.L_x,Eye.L_y,Eye.L_z,Eye.R_x,Eye.R_y,Eye.R_z,Ear.L_x,Ear.L_y,Ear.L_z,Ear.R_x,Ear.R_y,Ear.R_z,hip.Center_x,hip.Center_y,hip.Center_z
0,0.3542384,0.077214666,0.048363365,0.040101603,0.060179695,0.30979294,-0.028992493,0.107174315,-0.07723749,-0.015009294,0.37205267,-0.0066589513,0.1280351,0.2633116,0.3539255,0.3922189,0.27102157,0.02924404,0.084277056,-0.119545,-0.041204922,-0.16292778,-0.070967875,-0.13721612,-0.39976272,0.050792303,-0.010978704,-0.380225,0.3078639,0.15987036,-0.10494376,0.40248314,0.15343194,0.14726482,0.39475662,0.23421763,-0.4623325,0.17402056,0.10289494,-0.67006814,0.23010668,0.15093066,-0.60410005,0.12129167,0.24382049,-0.6218252,0.18021691,0.2401141,-0.6465969,0.13070364,0.20176601,-0.57576716,0.25450858,0.18667726,-0.6312951,0.1512328,0.098396555,-0.02200089395046234,0.23961348831653595,-0.041948217898607254
