frame,Ankle.R_x,Ankle.R_y,Ankle.R_z,Knee.R_x,Knee.R_y,Knee.R_z,Hip.R_x,Hip.R_y,Hip.R_z,Hip.L_x,Hip.L_y,Hip.L_z,Knee.L_x,Knee.L_y,Knee.L_z,Ankle.L_x,Ankle.L_y,Ankle.L_z,Wrist.R_x,Wrist.R_y,Wrist.R_z,Elbow.R_x,Elbow.R_y,Elbow.R_z,Shoulder.R_x,Shoulder.R_y,Shoulder.R_z,Shoulder.L_x,Shoulder.L_y,Shoulder.L_z,Elbow.L_x,Elbow.L_y,Elbow.L_z,Wrist.L_x,Wrist.L_y,Wrist.L_z,Neck_x,Neck_y,Neck_z,Head_x,Head_y,Head_z,Nose_x,Nose_y,Nose_z,Eye.L_x,Eye.L_y,Eye.L_z,Eye.R_x,Eye.R_y,Eye.R_z,Ear.L_x,Ear.L_y,Ear.L_z,Ear.R_x,Ear.R_y,Ear.R_z,hip.Center_x,hip.Center_y,hip.Center_z
0,0.23217686,0.021448858,-0.060073182,0.031348467,0.024957804,0.29643276,0.0013480713,0.11260599,-0.10406834,-0.030891811,0.3566836,0.015615082,0.0020195723,0.21046396,0.36944744,0.23763867,0.20254438,0.028886074,-0.047821134,-0.032784555,-0.18680495,-0.29518637,-0.08531316,-0.26531267,-0.43747342,0.015312251,-0.053957414,-0.41687256,0.2422076,0.09417013,-0.19149686,0.3126177,-0.041358408,0.0107653625,0.32117665,-0.20801058,-0.47181112,0.096893154,0.02457729,-0.6132836,0.12868649,0.095108,-0.60800195,0.0803477,-0.05607949,-0.63813233,0.072339684,-0.004498698,-0.6017342,0.12671189,-0.02063232,-0.59928536,0.023265168,0.08401697,-0.52498376,0.14189139,0.04858073,-0.014771870337426662,0.2346448004245758,-0.04422662779688835
