frame,Ankle.R_x,Ankle.R_y,Ankle.R_z,Knee.R_x,Knee.R_y,Knee.R_z,Hip.R_x,Hip.R_y,Hip.R_z,Hip.L_x,Hip.L_y,Hip.L_z,Knee.L_x,Knee.L_y,Knee.L_z,Ankle.L_x,Ankle.L_y,Ankle.L_z,Wrist.R_x,Wrist.R_y,Wrist.R_z,Elbow.R_x,Elbow.R_y,Elbow.R_z,Shoulder.R_x,Shoulder.R_y,Shoulder.R_z,Shoulder.L_x,Shoulder.L_y,Shoulder.L_z,Elbow.L_x,Elbow.L_y,Elbow.L_z,Wrist.L_x,Wrist.L_y,Wrist.L_z,Neck_x,Neck_y,Neck_z,Head_x,Head_y,Head_z,Nose_x,Nose_y,Nose_z,Eye.L_x,Eye.L_y,Eye.L_z,Eye.R_x,Eye.R_y,Eye.R_z,Ear.L_x,Ear.L_y,Ear.L_z,Ear.R_x,Ear.R_y,Ear.R_z,hip.Center_x,hip.Center_y,hip.Center_z
0,0.37297308,0.13910797,0.05837545,0.06386814,0.06307846,0.31361428,-0.024859224,0.10475007,-0.07499401,-0.019434031,0.37101585,-0.009664679,0.1257626,0.28337035,0.35484844,0.42077005,0.27719113,0.054891914,0.08227316,-0.16642964,-0.038467973,-0.15920547,-0.07928755,-0.12264813,-0.40024376,0.058248267,-0.0197917,-0.38106465,0.3179657,0.14762415,-0.10385008,0.40908718,0.15357578,0.14720662,0.4239058,0.23979525,-0.46648002,0.1848652,0.0906566,-0.6778747,0.24383765,0.12837833,-0.6211003,0.12723294,0.21747038,-0.6386553,0.18624553,0.21722503,-0.6592432,0.14054823,0.17265494,-0.58726794,0.26490676,0.17566055,-0.6339083,0.17060009,0.07382914,-0.02214662730693817,0.23788295686244965,-0.042329344898462296
