frame,Ankle.R_x,Ankle.R_y,Ankle.R_z,Knee.R_x,Knee.R_y,Knee.R_z,Hip.R_x,Hip.R_y,Hip.R_z,Hip.L_x,Hip.L_y,Hip.L_z,Knee.L_x,Knee.L_y,Knee.L_z,Ankle.L_x,Ankle.L_y,Ankle.L_z,Wrist.R_x,Wrist.R_y,Wrist.R_z,Elbow.R_x,Elbow.R_y,Elbow.R_z,Shoulder.R_x,Shoulder.R_y,Shoulder.R_z,Shoulder.L_x,Shoulder.L_y,Shoulder.L_z,Elbow.L_x,Elbow.L_y,Elbow.L_z,Wrist.L_x,Wrist.L_y,Wrist.L_z,Neck_x,Neck_y,Neck_z,Head_x,Head_y,Head_z,Nose_x,Nose_y,Nose_z,Eye.L_x,Eye.L_y,Eye.L_z,Eye.R_x,Eye.R_y,Eye.R_z,Ear.L_x,Ear.L_y,Ear.L_z,Ear.R_x,Ear.R_y,Ear.R_z,hip.Center_x,hip.Center_y,hip.Center_z
0,0.24985537,0.026290875,-0.03892322,0.028505765,0.030879619,0.30296886,0.013657499,0.11260994,-0.103201665,-0.039793666,0.3523858,0.015434509,-0.00073543016,0.20347138,0.3748595,0.24054383,0.19899933,0.040250193,-0.035495855,-0.040788125,-0.3368988,-0.2852285,-0.099585004,-0.26894036,-0.4295223,0.0011560593,-0.062251385,-0.41255236,0.2286209,0.076608166,-0.18693064,0.2993004,-0.05480048,0.025650488,0.3187579,-0.21037164,-0.46627486,0.084308855,0.012019341,-0.60137594,0.13236186,0.075646125,-0.59723854,0.07869297,-0.0738281,-0.6299492,0.07649033,-0.023410693,-0.586179,0.12503572,-0.03947514,-0.60030246,0.026123643,0.06819986,-0.5110931,0.13271092,0.032032937,-0.013068083673715591,0.23249787092208862,-0.04388357698917389
