frame,Ankle.R_x,Ankle.R_y,Ankle.R_z,Knee.R_x,Knee.R_y,Knee.R_z,Hip.R_x,Hip.R_y,Hip.R_z,Hip.L_x,Hip.L_y,Hip.L_z,Knee.L_x,Knee.L_y,Knee.L_z,Ankle.L_x,Ankle.L_y,Ankle.L_z,Wrist.R_x,Wrist.R_y,Wrist.R_z,Elbow.R_x,Elbow.R_y,Elbow.R_z,Shoulder.R_x,Shoulder.R_y,Shoulder.R_z,Shoulder.L_x,Shoulder.L_y,Shoulder.L_z,Elbow.L_x,Elbow.L_y,Elbow.L_z,Wrist.L_x,Wrist.L_y,Wrist.L_z,Neck_x,Neck_y,Neck_z,Head_x,Head_y,Head_z,Nose_x,Nose_y,Nose_z,Eye.L_x,Eye.L_y,Eye.L_z,Eye.R_x,Eye.R_y,Eye.R_z,Ear.L_x,Ear.L_y,Ear.L_z,Ear.R_x,Ear.R_y,Ear.R_z,hip.Center_x,hip.Center_y,hip.Center_z
0,0.35969546,0.085889086,0.069203384,0.034866244,0.07867107,0.31780088,-0.028762255,0.104237854,-0.07225956,-0.015130665,0.3712609,-0.0125528,0.12931022,0.28802502,0.35349396,0.41261616,0.28789034,0.04267051,0.07447201,-0.13502029,-0.028706796,-0.16720054,-0.06675122,-0.12595853,-0.40369663,0.059979863,-0.0052211015,-0.37814242,0.32252792,0.15465517,-0.10508447,0.42182192,0.1397238,0.14277913,0.4371962,0.23024972,-0.46284443,0.1879115,0.10458714,-0.67118573,0.24423948,0.15233327,-0.60361874,0.13848878,0.24733078,-0.62223387,0.19693401,0.24248414,-0.6461482,0.14637047,0.20516835,-0.5773417,0.27094066,0.18763076,-0.6312008,0.16516459,0.101535276,-0.021946460008621216,0.237749382853508,-0.04240617901086807
