frame,Ankle.R_x,Ankle.R_y,Ankle.R_z,Knee.R_x,Knee.R_y,Knee.R_z,Hip.R_x,Hip.R_y,Hip.R_z,Hip.L_x,Hip.L_y,Hip.L_z,Knee.L_x,Knee.L_y,Knee.L_z,Ankle.L_x,Ankle.L_y,Ankle.L_z,Wrist.R_x,Wrist.R_y,Wrist.R_z,Elbow.R_x,Elbow.R_y,Elbow.R_z,Shoulder.R_x,Shoulder.R_y,Shoulder.R_z,Shoulder.L_x,Shoulder.L_y,Shoulder.L_z,Elbow.L_x,Elbow.L_y,Elbow.L_z,Wrist.L_x,Wrist.L_y,Wrist.L_z,Neck_x,Neck_y,Neck_z,Head_x,Head_y,Head_z,Nose_x,Nose_y,Nose_z,Eye.L_x,Eye.L_y,Eye.L_z,Eye.R_x,Eye.R_y,Eye.R_z,Ear.L_x,Ear.L_y,Ear.L_z,Ear.R_x,Ear.R_y,Ear.R_z,hip.Center_x,hip.Center_y,hip.Center_z
0,0.20082906,0.025578903,-0.061812557,0.02626952,0.030535968,0.30128348,0.0008908346,0.113367215,-0.10332759,-0.02927861,0.3551678,0.01634365,0.0024935782,0.21772908,0.37430632,0.22038177,0.21218318,0.026103575,-0.04394419,-0.034995988,-0.22605759,-0.29344386,-0.07152466,-0.2936595,-0.4287064,0.012005494,-0.06655593,-0.4163957,0.25049764,0.06403113,-0.20971416,0.32173005,-0.09684744,0.040401086,0.3366455,-0.10628876,-0.4699359,0.10104145,0.014156572,-0.6180321,0.12946552,0.09413693,-0.6127716,0.09177667,-0.06019563,-0.643227,0.079987094,-0.009480961,-0.60678804,0.13564242,-0.021636248,-0.60456204,0.026470974,0.07599974,-0.5299654,0.14702448,0.048512354,-0.014193887822329998,0.23426750302314758,-0.043491967022418976
