frame,Ankle.R_x,Ankle.R_y,Ankle.R_z,Knee.R_x,Knee.R_y,Knee.R_z,Hip.R_x,Hip.R_y,Hip.R_z,Hip.L_x,Hip.L_y,Hip.L_z,Knee.L_x,Knee.L_y,Knee.L_z,Ankle.L_x,Ankle.L_y,Ankle.L_z,Wrist.R_x,Wrist.R_y,Wrist.R_z,Elbow.R_x,Elbow.R_y,Elbow.R_z,Shoulder.R_x,Shoulder.R_y,Shoulder.R_z,Shoulder.L_x,Shoulder.L_y,Shoulder.L_z,Elbow.L_x,Elbow.L_y,Elbow.L_z,Wrist.L_x,Wrist.L_y,Wrist.L_z,Neck_x,Neck_y,Neck_z,Head_x,Head_y,Head_z,Nose_x,Nose_y,Nose_z,Eye.L_x,Eye.L_y,Eye.L_z,Eye.R_x,Eye.R_y,Eye.R_z,Ear.L_x,Ear.L_y,Ear.L_z,Ear.R_x,Ear.R_y,Ear.R_z,hip.Center_x,hip.Center_y,hip.Center_z
0,0.38205314,0.10296713,0.069586985,0.062224995,0.092028394,0.32635903,-0.029261196,0.10231633,-0.06637447,-0.015253632,0.3719114,-0.018322058,0.1089818,0.30131274,0.3531287,0.4033341,0.30070075,0.054495268,0.07462027,-0.16002038,-0.040250007,-0.16762462,-0.07064936,-0.12053318,-0.40531877,0.06897106,-0.014241292,-0.3880494,0.33849263,0.1370993,-0.114873186,0.43972594,0.14058799,0.13613808,0.4698739,0.22397697,-0.4705567,0.20173125,0.088411935,-0.67924917,0.26436514,0.12089794,-0.62345546,0.15868205,0.22374263,-0.6398146,0.21768835,0.2161187,-0.6619049,0.16699752,0.17790848,-0.58779097,0.28929573,0.1642111,-0.63717586,0.18346581,0.075539954,-0.02225741371512413,0.2371138632297516,-0.042348265647888184
