frame,Ankle.R_x,Ankle.R_y,Ankle.R_z,Knee.R_x,Knee.R_y,Knee.R_z,Hip.R_x,Hip.R_y,Hip.R_z,Hip.L_x,Hip.L_y,Hip.L_z,Knee.L_x,Knee.L_y,Knee.L_z,Ankle.L_x,Ankle.L_y,Ankle.L_z,Wrist.R_x,Wrist.R_y,Wrist.R_z,Elbow.R_x,Elbow.R_y,Elbow.R_z,Shoulder.R_x,Shoulder.R_y,Shoulder.R_z,Shoulder.L_x,Shoulder.L_y,Shoulder.L_z,Elbow.L_x,Elbow.L_y,Elbow.L_z,Wrist.L_x,Wrist.L_y,Wrist.L_z,Neck_x,Neck_y,Neck_z,Head_x,Head_y,Head_z,Nose_x,Nose_y,Nose_z,Eye.L_x,Eye.L_y,Eye.L_z,Eye.R_x,Eye.R_y,Eye.R_z,Ear.L_x,Ear.L_y,Ear.L_z,Ear.R_x,Ear.R_y,Ear.R_z,hip.Center_x,hip.Center_y,hip.Center_z
0,0.38818088,0.1006297,0.059220668,0.08607476,0.106827624,0.33486,-0.028295532,0.09995299,-0.05919681,-0.015267857,0.3711676,-0.025467843,0.10214106,0.32286948,0.3509233,0.3868784,0.30883813,0.047936175,0.040878225,-0.18638851,-0.065836854,-0.19316958,-0.07197179,-0.13312039,-0.41749555,0.08377275,-0.025803681,-0.39395496,0.35678256,0.119892135,-0.12240577,0.4521846,0.15282847,0.12482549,0.47125018,0.24743658,-0.47792223,0.22195363,0.070848756,-0.68049663,0.29940134,0.09772213,-0.6381073,0.18581593,0.19839478,-0.6496027,0.24595013,0.19255544,-0.6734435,0.19882642,0.15114781,-0.5898409,0.31547388,0.14610548,-0.6424394,0.21731126,0.051182315,-0.021781694144010544,0.23556029796600342,-0.042332328855991364
