frame,Ankle.R_x,Ankle.R_y,Ankle.R_z,Knee.R_x,Knee.R_y,Knee.R_z,Hip.R_x,Hip.R_y,Hip.R_z,Hip.L_x,Hip.L_y,Hip.L_z,Knee.L_x,Knee.L_y,Knee.L_z,Ankle.L_x,Ankle.L_y,Ankle.L_z,Wrist.R_x,Wrist.R_y,Wrist.R_z,Elbow.R_x,Elbow.R_y,Elbow.R_z,Shoulder.R_x,Shoulder.R_y,Shoulder.R_z,Shoulder.L_x,Shoulder.L_y,Shoulder.L_z,Elbow.L_x,Elbow.L_y,Elbow.L_z,Wrist.L_x,Wrist.L_y,Wrist.L_z,Neck_x,Neck_y,Neck_z,Head_x,Head_y,Head_z,Nose_x,Nose_y,Nose_z,Eye.L_x,Eye.L_y,Eye.L_z,Eye.R_x,Eye.R_y,Eye.R_z,Ear.L_x,Ear.L_y,Ear.L_z,Ear.R_x,Ear.R_y,Ear.R_z,hip.Center_x,hip.Center_y,hip.Center_z
0,0.23164043,0.0035289202,-0.040783074,0.020771228,0.034468923,0.30192253,0.009349038,0.1157235,-0.10660493,-0.036821947,0.3496767,0.021016443,-0.007474606,0.20922074,0.37793875,0.2214793,0.20006846,0.040670186,-0.02125395,-0.027585818,-0.31796667,-0.27326655,-0.08853061,-0.3078259,-0.41834977,-0.0032309203,-0.08397564,-0.40920982,0.23895493,0.04265026,-0.20108561,0.31180117,-0.11831788,0.015179979,0.33166024,0.002998375,-0.46517617,0.09106684,-0.003964129,-0.6047355,0.14263833,0.07279939,-0.6063949,0.09595421,-0.079494715,-0.6379216,0.09204428,-0.028102234,-0.5936758,0.14062777,-0.043506086,-0.60713774,0.038198322,0.060173906,-0.5156902,0.14428252,0.026043445,-0.013736454769968987,0.23270009458065033,-0.04279424250125885
