frame,Ankle.R_x,Ankle.R_y,Ankle.R_z,Knee.R_x,Knee.R_y,Knee.R_z,Hip.R_x,Hip.R_y,Hip.R_z,Hip.L_x,Hip.L_y,Hip.L_z,Knee.L_x,Knee.L_y,Knee.L_z,Ankle.L_x,Ankle.L_y,Ankle.L_z,Wrist.R_x,Wrist.R_y,Wrist.R_z,Elbow.R_x,Elbow.R_y,Elbow.R_z,Shoulder.R_x,Shoulder.R_y,Shoulder.R_z,Shoulder.L_x,Shoulder.L_y,Shoulder.L_z,Elbow.L_x,Elbow.L_y,Elbow.L_z,Wrist.L_x,Wrist.L_y,Wrist.L_z,Neck_x,Neck_y,Neck_z,Head_x,Head_y,Head_z,Nose_x,Nose_y,Nose_z,Eye.L_x,Eye.L_y,Eye.L_z,Eye.R_x,Eye.R_y,Eye.R_z,Ear.L_x,Ear.L_y,Ear.L_z,Ear.R_x,Ear.R_y,Ear.R_z,hip.Center_x,hip.Center_y,hip.Center_z
0,0.23321085,0.008060691,-0.03529573,0.019280372,0.03955561,0.30601457,0.0075917887,0.116319954,-0.10739997,-0.035475776,0.350154,0.021460475,-0.00041057717,0.21415329,0.38250387,0.2064214,0.19497536,0.03341196,-0.025232248,-0.023112208,-0.31096387,-0.27815765,-0.084146895,-0.31307644,-0.42139181,0.0030497115,-0.0878731,-0.40375265,0.24736503,0.041913368,-0.18897697,0.31648192,-0.11680385,0.013451697,0.3320384,0.032079466,-0.46551743,0.09856315,-0.0059754997,-0.5996092,0.14964592,0.077203885,-0.61202466,0.10130477,-0.074041486,-0.63958615,0.09765582,-0.020395994,-0.5967821,0.14625171,-0.039657727,-0.60255337,0.044475958,0.06614268,-0.5139374,0.1505234,0.023975134,-0.013941993936896324,0.23323698341846466,-0.04296974837779999
