frame,Ankle.R_x,Ankle.R_y,Ankle.R_z,Knee.R_x,Knee.R_y,Knee.R_z,Hip.R_x,Hip.R_y,Hip.R_z,Hip.L_x,Hip.L_y,Hip.L_z,Knee.L_x,Knee.L_y,Knee.L_z,Ankle.L_x,Ankle.L_y,Ankle.L_z,Wrist.R_x,Wrist.R_y,Wrist.R_z,Elbow.R_x,Elbow.R_y,Elbow.R_z,Shoulder.R_x,Shoulder.R_y,Shoulder.R_z,Shoulder.L_x,Shoulder.L_y,Shoulder.L_z,Elbow.L_x,Elbow.L_y,Elbow.L_z,Wrist.L_x,Wrist.L_y,Wrist.L_z,Neck_x,Neck_y,Neck_z,Head_x,Head_y,Head_z,Nose_x,Nose_y,Nose_z,Eye.L_x,Eye.L_y,Eye.L_z,Eye.R_x,Eye.R_y,Eye.R_z,Ear.L_x,Ear.L_y,Ear.L_z,Ear.R_x,Ear.R_y,Ear.R_z,hip.Center_x,hip.Center_y,hip.Center_z
0,0.39224464,0.111421466,0.04908209,0.10129889,0.11155092,0.33642504,-0.029494088,0.09953356,-0.055473674,-0.014385563,0.37097335,-0.027805842,0.10447254,0.32752228,0.34842384,0.37086228,0.30620444,0.032093238,0.031049736,-0.19725968,-0.074538365,-0.2007257,-0.070766,-0.12589353,-0.42318863,0.09340797,-0.028557029,-0.39397597,0.36674106,0.113460764,-0.12087639,0.4596256,0.13673405,0.12368513,0.4794237,0.23573269,-0.48127615,0.23243758,0.06619927,-0.6825874,0.31179506,0.08760531,-0.6497124,0.18861765,0.18048695,-0.66064763,0.24911164,0.17943245,-0.6806567,0.20653033,0.13171534,-0.59643316,0.32240477,0.14545545,-0.64057463,0.23423679,0.03769819,-0.021939825266599655,0.2352534532546997,-0.04163976013660431
