frame,Ankle.R_x,Ankle.R_y,Ankle.R_z,Knee.R_x,Knee.R_y,Knee.R_z,Hip.R_x,Hip.R_y,Hip.R_z,Hip.L_x,Hip.L_y,Hip.L_z,Knee.L_x,Knee.L_y,Knee.L_z,Ankle.L_x,Ankle.L_y,Ankle.L_z,Wrist.R_x,Wrist.R_y,Wrist.R_z,Elbow.R_x,Elbow.R_y,Elbow.R_z,Shoulder.R_x,Shoulder.R_y,Shoulder.R_z,Shoulder.L_x,Shoulder.L_y,Shoulder.L_z,Elbow.L_x,Elbow.L_y,Elbow.L_z,Wrist.L_x,Wrist.L_y,Wrist.L_z,Neck_x,Neck_y,Neck_z,Head_x,Head_y,Head_z,Nose_x,Nose_y,Nose_z,Eye.L_x,Eye.L_y,Eye.L_z,Eye.R_x,Eye.R_y,Eye.R_z,Ear.L_x,Ear.L_y,Ear.L_z,Ear.R_x,Ear.R_y,Ear.R_z,hip.Center_x,hip.Center_y,hip.Center_z
0,0.389675,0.11611956,0.050498415,0.0979971,0.10885721,0.336074,-0.030271862,0.09942233,-0.054174174,-0.01394343,0.37091628,-0.029019585,0.10808255,0.32994533,0.346673,0.3788206,0.3084914,0.033494074,0.05015629,-0.1763006,-0.023508867,-0.18590957,-0.07176349,-0.09778678,-0.4188354,0.08860528,-0.017671645,-0.39136195,0.36881286,0.10891287,-0.11610786,0.45874512,0.11386109,0.12554955,0.4745248,0.21823269,-0.4792843,0.2318635,0.07000645,-0.6825788,0.30937776,0.0886925,-0.64650416,0.19246772,0.1881451,-0.6585018,0.25269386,0.18371041,-0.6783212,0.20699716,0.13884848,-0.5959624,0.3248068,0.14482504,-0.6398044,0.22977774,0.042836733,-0.022107645869255066,0.23516930639743805,-0.041596878319978714
