frame,Ankle.R_x,Ankle.R_y,Ankle.R_z,Knee.R_x,Knee.R_y,Knee.R_z,Hip.R_x,Hip.R_y,Hip.R_z,Hip.L_x,Hip.L_y,Hip.L_z,Knee.L_x,Knee.L_y,Knee.L_z,Ankle.L_x,Ankle.L_y,Ankle.L_z,Wrist.R_x,Wrist.R_y,Wrist.R_z,Elbow.R_x,Elbow.R_y,Elbow.R_z,Shoulder.R_x,Shoulder.R_y,Shoulder.R_z,Shoulder.L_x,Shoulder.L_y,Shoulder.L_z,Elbow.L_x,Elbow.L_y,Elbow.L_z,Wrist.L_x,Wrist.L_y,Wrist.L_z,Neck_x,Neck_y,Neck_z,Head_x,Head_y,Head_z,Nose_x,Nose_y,Nose_z,Eye.L_x,Eye.L_y,Eye.L_z,Eye.R_x,Eye.R_y,Eye.R_z,Ear.L_x,Ear.L_y,Ear.L_z,Ear.R_x,Ear.R_y,Ear.R_z,hip.Center_x,hip.Center_y,hip.Center_z
0,0.38548833,0.092151925,0.032039322,0.10915006,0.09957646,0.33242542,-0.029033571,0.100131676,-0.05677624,-0.015213346,0.37032923,-0.025040084,0.09737847,0.3209459,0.35020953,0.3912942,0.3033698,0.056257114,0.03738859,-0.16626844,-0.02151517,-0.19515792,-0.067587756,-0.11068179,-0.42547667,0.09607033,-0.028400913,-0.38779145,0.37518308,0.09526121,-0.11010313,0.46041682,0.084611304,0.13134606,0.48372787,0.18691379,-0.48206103,0.24220929,0.05790943,-0.6869994,0.32250428,0.07086001,-0.6515076,0.20960358,0.1745744,-0.6635661,0.2695831,0.16788802,-0.6831452,0.22226405,0.12475139,-0.6008294,0.33986753,0.1270017,-0.644071,0.24152428,0.028262693,-0.022123459726572037,0.2352304458618164,-0.04090816155076027
