frame,Ankle.R_x,Ankle.R_y,Ankle.R_z,Knee.R_x,Knee.R_y,Knee.R_z,Hip.R_x,Hip.R_y,Hip.R_z,Hip.L_x,Hip.L_y,Hip.L_z,Knee.L_x,Knee.L_y,Knee.L_z,Ankle.L_x,Ankle.L_y,Ankle.L_z,Wrist.R_x,Wrist.R_y,Wrist.R_z,Elbow.R_x,Elbow.R_y,Elbow.R_z,Shoulder.R_x,Shoulder.R_y,Shoulder.R_z,Shoulder.L_x,Shoulder.L_y,Shoulder.L_z,Elbow.L_x,Elbow.L_y,Elbow.L_z,Wrist.L_x,Wrist.L_y,Wrist.L_z,Neck_x,Neck_y,Neck_z,Head_x,Head_y,Head_z,Nose_x,Nose_y,Nose_z,Eye.L_x,Eye.L_y,Eye.L_z,Eye.R_x,Eye.R_y,Eye.R_z,Ear.L_x,Ear.L_y,Ear.L_z,Ear.R_x,Ear.R_y,Ear.R_z,hip.Center_x,hip.Center_y,hip.Center_z
0,0.37872282,0.091127336,0.02820851,0.104220144,0.089674026,0.32956806,-0.028283883,0.10116326,-0.06117244,-0.015694646,0.37038052,-0.021425785,0.09329912,0.32045913,0.35286474,0.38135988,0.303034,0.054226313,0.0169245,-0.18822402,-0.061665155,-0.20874305,-0.066461235,-0.13896918,-0.4293455,0.100639775,-0.04034637,-0.3892018,0.37238002,0.09913302,-0.11230704,0.45928824,0.105095245,0.12635009,0.4778441,0.21467635,-0.48362046,0.24230376,0.05377477,-0.68663406,0.32549915,0.07188091,-0.6549431,0.20235513,0.16459346,-0.6660233,0.26274022,0.16362245,-0.6853281,0.22033992,0.11559692,-0.60131276,0.33583808,0.13103463,-0.6440377,0.2484549,0.022323329,-0.021989263594150543,0.23577189445495605,-0.041299112141132355
