frame,Ankle.R_x,Ankle.R_y,Ankle.R_z,Knee.R_x,Knee.R_y,Knee.R_z,Hip.R_x,Hip.R_y,Hip.R_z,Hip.L_x,Hip.L_y,Hip.L_z,Knee.L_x,Knee.L_y,Knee.L_z,Ankle.L_x,Ankle.L_y,Ankle.L_z,Wrist.R_x,Wrist.R_y,Wrist.R_z,Elbow.R_x,Elbow.R_y,Elbow.R_z,Shoulder.R_x,Shoulder.R_y,Shoulder.R_z,Shoulder.L_x,Shoulder.L_y,Shoulder.L_z,Elbow.L_x,Elbow.L_y,Elbow.L_z,Wrist.L_x,Wrist.L_y,Wrist.L_z,Neck_x,Neck_y,Neck_z,Head_x,Head_y,Head_z,Nose_x,Nose_y,Nose_z,Eye.L_x,Eye.L_y,Eye.L_z,Eye.R_x,Eye.R_y,Eye.R_z,Ear.L_x,Ear.L_y,Ear.L_z,Ear.R_x,Ear.R_y,Ear.R_z,hip.Center_x,hip.Center_y,hip.Center_z
0,0.40681076,0.08270169,0.031348977,0.12789999,0.10427826,0.33300772,-0.02987095,0.10101549,-0.05695177,-0.014149989,0.37059584,-0.022879956,0.12076427,0.31656513,0.35277992,0.40100798,0.31345233,0.044079836,0.041625027,-0.12630792,-0.013173726,-0.19223827,-0.05037161,-0.1194916,-0.43183035,0.100796595,-0.036739,-0.39202315,0.38048813,0.086456716,-0.11377536,0.46202418,0.052193917,0.12645802,0.4648951,0.15840122,-0.4876805,0.24656022,0.049719363,-0.69755137,0.31554297,0.05895217,-0.65621835,0.20317449,0.16160831,-0.6728029,0.2622393,0.15569149,-0.68722,0.2146422,0.110885754,-0.6144684,0.3385285,0.118609816,-0.6466864,0.23917255,0.016253568,-0.022010469809174538,0.2358056604862213,-0.039915863424539566
