frame,Ankle.R_x,Ankle.R_y,Ankle.R_z,Knee.R_x,Knee.R_y,Knee.R_z,Hip.R_x,Hip.R_y,Hip.R_z,Hip.L_x,Hip.L_y,Hip.L_z,Knee.L_x,Knee.L_y,Knee.L_z,Ankle.L_x,Ankle.L_y,Ankle.L_z,Wrist.R_x,Wrist.R_y,Wrist.R_z,Elbow.R_x,Elbow.R_y,Elbow.R_z,Shoulder.R_x,Shoulder.R_y,Shoulder.R_z,Shoulder.L_x,Shoulder.L_y,Shoulder.L_z,Elbow.L_x,Elbow.L_y,Elbow.L_z,Wrist.L_x,Wrist.L_y,Wrist.L_z,Neck_x,Neck_y,Neck_z,Head_x,Head_y,Head_z,Nose_x,Nose_y,Nose_z,Eye.L_x,Eye.L_y,Eye.L_z,Eye.R_x,Eye.R_y,Eye.R_z,Ear.L_x,Ear.L_y,Ear.L_z,Ear.R_x,Ear.R_y,Ear.R_z,hip.Center_x,hip.Center_y,hip.Center_z
0,0.23822528,0.017981594,-0.029108996,0.014451282,0.039556973,0.30528674,0.0071671237,0.11579323,-0.10659695,-0.03528686,0.35046187,0.021385966,0.00065546593,0.21078317,0.38188624,0.22080526,0.20784491,0.04102747,-0.019013572,-0.013837142,-0.27351838,-0.26891688,-0.07766815,-0.3053224,-0.4291154,0.016561322,-0.09328458,-0.40425676,0.26069427,0.037777208,-0.18222773,0.31847915,-0.115470126,0.00870664,0.32673225,0.045709804,-0.47150907,0.11408395,-0.009867673,-0.6194297,0.16016178,0.06924424,-0.6160509,0.11407286,-0.08292276,-0.6478051,0.10776901,-0.032019034,-0.6068051,0.15920025,-0.046617437,-0.61489594,0.055273697,0.056206807,-0.5301479,0.16762315,0.023900464,-0.014059867709875107,0.23312754929065704,-0.04260548949241638
