frame,Ankle.R_x,Ankle.R_y,Ankle.R_z,Knee.R_x,Knee.R_y,Knee.R_z,Hip.R_x,Hip.R_y,Hip.R_z,Hip.L_x,Hip.L_y,Hip.L_z,Knee.L_x,Knee.L_y,Knee.L_z,Ankle.L_x,Ankle.L_y,Ankle.L_z,Wrist.R_x,Wrist.R_y,Wrist.R_z,Elbow.R_x,Elbow.R_y,Elbow.R_z,Shoulder.R_x,Shoulder.R_y,Shoulder.R_z,Shoulder.L_x,Shoulder.L_y,Shoulder.L_z,Elbow.L_x,Elbow.L_y,Elbow.L_z,Wrist.L_x,Wrist.L_y,Wrist.L_z,Neck_x,Neck_y,Neck_z,Head_x,Head_y,Head_z,Nose_x,Nose_y,Nose_z,Eye.L_x,Eye.L_y,Eye.L_z,Eye.R_x,Eye.R_y,Eye.R_z,Ear.L_x,Ear.L_y,Ear.L_z,Ear.R_x,Ear.R_y,Ear.R_z,hip.Center_x,hip.Center_y,hip.Center_z
0,0.40589607,0.08912269,0.023906354,0.12866992,0.08541485,0.32777408,-0.028986648,0.10206419,-0.061824862,-0.0150496345,0.37015817,-0.018462962,0.1205183,0.31491858,0.35584542,0.40205762,0.31021374,0.04756743,0.027101755,-0.1487592,-0.045234974,-0.20096491,-0.048535746,-0.14398414,-0.4349352,0.10350442,-0.0487355,-0.39312997,0.37609875,0.08836781,-0.1138173,0.45617852,0.06285367,0.12497729,0.45576704,0.17242272,-0.48910308,0.245283,0.044580854,-0.69728965,0.3178594,0.059547313,-0.6576924,0.19704057,0.15267605,-0.6732341,0.25652325,0.15155333,-0.68862236,0.2129977,0.10315082,-0.6136975,0.3345697,0.120342135,-0.64796257,0.24428742,0.010702509,-0.02201814204454422,0.23611117899417877,-0.04014391079545021
