frame,Ankle.R_x,Ankle.R_y,Ankle.R_z,Knee.R_x,Knee.R_y,Knee.R_z,Hip.R_x,Hip.R_y,Hip.R_z,Hip.L_x,Hip.L_y,Hip.L_z,Knee.L_x,Knee.L_y,Knee.L_z,Ankle.L_x,Ankle.L_y,Ankle.L_z,Wrist.R_x,Wrist.R_y,Wrist.R_z,Elbow.R_x,Elbow.R_y,Elbow.R_z,Shoulder.R_x,Shoulder.R_y,Shoulder.R_z,Shoulder.L_x,Shoulder.L_y,Shoulder.L_z,Elbow.L_x,Elbow.L_y,Elbow.L_z,Wrist.L_x,Wrist.L_y,Wrist.L_z,Neck_x,Neck_y,Neck_z,Head_x,Head_y,Head_z,Nose_x,Nose_y,Nose_z,Eye.L_x,Eye.L_y,Eye.L_z,Eye.R_x,Eye.R_y,Eye.R_z,Ear.L_x,Ear.L_y,Ear.L_z,Ear.R_x,Ear.R_y,Ear.R_z,hip.Center_x,hip.Center_y,hip.Center_z
0,0.22857806,0.019115347,-0.024040941,0.005409057,0.04709014,0.31052744,-0.00020416395,0.11735887,-0.10817161,-0.029054184,0.35600305,0.021076774,0.0059645493,0.20653762,0.38306016,0.20964962,0.20352748,0.029630437,0.0009293277,-0.062329628,-0.30845642,-0.25916636,-0.067331016,-0.2976401,-0.42986754,0.030337848,-0.08902809,-0.4015856,0.27737495,0.040887117,-0.20846437,0.31528553,-0.1494803,-0.023306392,0.32304537,0.016632225,-0.4714686,0.12950733,-0.000595822,-0.6419178,0.13978487,0.08506915,-0.62094,0.11944714,-0.07122771,-0.6531311,0.098457396,-0.024393827,-0.6233508,0.15920274,-0.027394064,-0.613855,0.04129663,0.05876361,-0.5535228,0.17314994,0.04971069,-0.014629174023866653,0.23668095469474792,-0.04354741796851158
