frame,Ankle.R_x,Ankle.R_y,Ankle.R_z,Knee.R_x,Knee.R_y,Knee.R_z,Hip.R_x,Hip.R_y,Hip.R_z,Hip.L_x,Hip.L_y,Hip.L_z,Knee.L_x,Knee.L_y,Knee.L_z,Ankle.L_x,Ankle.L_y,Ankle.L_z,Wrist.R_x,Wrist.R_y,Wrist.R_z,Elbow.R_x,Elbow.R_y,Elbow.R_z,Shoulder.R_x,Shoulder.R_y,Shoulder.R_z,Shoulder.L_x,Shoulder.L_y,Shoulder.L_z,Elbow.L_x,Elbow.L_y,Elbow.L_z,Wrist.L_x,Wrist.L_y,Wrist.L_z,Neck_x,Neck_y,Neck_z,Head_x,Head_y,Head_z,Nose_x,Nose_y,Nose_z,Eye.L_x,Eye.L_y,Eye.L_z,Eye.R_x,Eye.R_y,Eye.R_z,Ear.L_x,Ear.L_y,Ear.L_z,Ear.R_x,Ear.R_y,Ear.R_z,hip.Center_x,hip.Center_y,hip.Center_z
0,0.4229184,0.07771057,0.04153741,0.12925084,0.09422371,0.33012366,-0.027556118,0.10095805,-0.058311448,-0.015632544,0.3692026,-0.020564048,0.1085067,0.3102115,0.35547933,0.3970735,0.30751523,0.05652253,0.029160066,-0.107058756,-0.0037316564,-0.19130221,-0.04466588,-0.13733007,-0.4327238,0.09756543,-0.0489534,-0.3966928,0.3770775,0.070734866,-0.121521674,0.45784768,0.025766203,0.09661372,0.45420402,0.16490896,-0.49008077,0.24458408,0.034348764,-0.69603664,0.32286203,0.038659595,-0.6617365,0.20813644,0.14082326,-0.6756132,0.26777822,0.13513632,-0.6914128,0.22127348,0.089788996,-0.6134697,0.3412033,0.09963678,-0.6484219,0.24442047,-0.0037703663,-0.021594330668449402,0.23508033156394958,-0.03943774849176407
