frame,Ankle.R_x,Ankle.R_y,Ankle.R_z,Knee.R_x,Knee.R_y,Knee.R_z,Hip.R_x,Hip.R_y,Hip.R_z,Hip.L_x,Hip.L_y,Hip.L_z,Knee.L_x,Knee.L_y,Knee.L_z,Ankle.L_x,Ankle.L_y,Ankle.L_z,Wrist.R_x,Wrist.R_y,Wrist.R_z,Elbow.R_x,Elbow.R_y,Elbow.R_z,Shoulder.R_x,Shoulder.R_y,Shoulder.R_z,Shoulder.L_x,Shoulder.L_y,Shoulder.L_z,Elbow.L_x,Elbow.L_y,Elbow.L_z,Wrist.L_x,Wrist.L_y,Wrist.L_z,Neck_x,Neck_y,Neck_z,Head_x,Head_y,Head_z,Nose_x,Nose_y,Nose_z,Eye.L_x,Eye.L_y,Eye.L_z,Eye.R_x,Eye.R_y,Eye.R_z,Ear.L_x,Ear.L_y,Ear.L_z,Ear.R_x,Ear.R_y,Ear.R_z,hip.Center_x,hip.Center_y,hip.Center_z
0,0.25132158,0.020086437,-0.024301719,0.016714089,0.036882117,0.30490032,0.0063003046,0.116613366,-0.10859831,-0.034531042,0.3495029,0.02348962,0.0038705384,0.20858268,0.38340825,0.2336451,0.20701961,0.046497207,-0.013531106,-0.0023326678,-0.24157587,-0.25809133,-0.062370945,-0.2970293,-0.4307779,0.025814582,-0.09468747,-0.40563202,0.2658643,0.03988741,-0.20291357,0.32144603,-0.13361534,-0.015540624,0.32199854,0.029046131,-0.47331515,0.12298346,-0.007855721,-0.6199883,0.17280355,0.07217251,-0.6194088,0.12483002,-0.07946944,-0.6506113,0.119555384,-0.028048031,-0.6089771,0.1702807,-0.04367334,-0.61709905,0.06773463,0.060650133,-0.53166807,0.17848115,0.02558957,-0.014115368947386742,0.2330581247806549,-0.0425543412566185
