frame,Ankle.R_x,Ankle.R_y,Ankle.R_z,Knee.R_x,Knee.R_y,Knee.R_z,Hip.R_x,Hip.R_y,Hip.R_z,Hip.L_x,Hip.L_y,Hip.L_z,Knee.L_x,Knee.L_y,Knee.L_z,Ankle.L_x,Ankle.L_y,Ankle.L_z,Wrist.R_x,Wrist.R_y,Wrist.R_z,Elbow.R_x,Elbow.R_y,Elbow.R_z,Shoulder.R_x,Shoulder.R_y,Shoulder.R_z,Shoulder.L_x,Shoulder.L_y,Shoulder.L_z,Elbow.L_x,Elbow.L_y,Elbow.L_z,Wrist.L_x,Wrist.L_y,Wrist.L_z,Neck_x,Neck_y,Neck_z,Head_x,Head_y,Head_z,Nose_x,Nose_y,Nose_z,Eye.L_x,Eye.L_y,Eye.L_z,Eye.R_x,Eye.R_y,Eye.R_z,Ear.L_x,Ear.L_y,Ear.L_z,Ear.R_x,Ear.R_y,Ear.R_z,hip.Center_x,hip.Center_y,hip.Center_z
0,0.24201018,0.0060885972,-0.02519206,0.015144409,0.039046776,0.30584195,0.005245682,0.11474634,-0.10511771,-0.033040036,0.35053572,0.020920774,0.0014302043,0.2081581,0.3804733,0.24251406,0.20742221,0.05481445,-0.041208025,-0.013175034,-0.19955936,-0.27077606,-0.047805868,-0.31360206,-0.4326756,0.02566542,-0.098920986,-0.4078179,0.26276273,0.037264783,-0.18774456,0.3096345,-0.11718907,-0.021262817,0.30969375,0.06671627,-0.47546804,0.12111814,-0.011418617,-0.62063676,0.17399964,0.07133657,-0.6248003,0.12474261,-0.07980371,-0.6542387,0.12012346,-0.027366757,-0.6133113,0.17058687,-0.044839293,-0.61871886,0.06928161,0.060215786,-0.5335429,0.17931648,0.021934666,-0.013897176831960678,0.23264102637767792,-0.04209846630692482
