frame,Ankle.R_x,Ankle.R_y,Ankle.R_z,Knee.R_x,Knee.R_y,Knee.R_z,Hip.R_x,Hip.R_y,Hip.R_z,Hip.L_x,Hip.L_y,Hip.L_z,Knee.L_x,Knee.L_y,Knee.L_z,Ankle.L_x,Ankle.L_y,Ankle.L_z,Wrist.R_x,Wrist.R_y,Wrist.R_z,Elbow.R_x,Elbow.R_y,Elbow.R_z,Shoulder.R_x,Shoulder.R_y,Shoulder.R_z,Shoulder.L_x,Shoulder.L_y,Shoulder.L_z,Elbow.L_x,Elbow.L_y,Elbow.L_z,Wrist.L_x,Wrist.L_y,Wrist.L_z,Neck_x,Neck_y,Neck_z,Head_x,Head_y,Head_z,Nose_x,Nose_y,Nose_z,Eye.L_x,Eye.L_y,Eye.L_z,Eye.R_x,Eye.R_y,Eye.R_z,Ear.L_x,Ear.L_y,Ear.L_z,Ear.R_x,Ear.R_y,Ear.R_z,hip.Center_x,hip.Center_y,hip.Center_z
0,0.23211029,-0.00027956418,-0.021415401,9.259794e-05,0.043636914,0.30919296,-0.0017020544,0.11655784,-0.10710588,-0.02716997,0.35730898,0.019145278,-0.0034106276,0.21242128,0.38108093,0.21894257,0.20764329,0.039141078,-0.0067270854,-0.06263226,-0.28727594,-0.26716247,-0.04864891,-0.30467913,-0.43818155,0.03864993,-0.09512153,-0.40677327,0.2836522,0.03252392,-0.19403248,0.30970052,-0.13772321,-0.03293914,0.31556293,0.05579434,-0.47780138,0.13695428,-0.009221716,-0.64416766,0.151934,0.07618753,-0.6246863,0.12802151,-0.07983527,-0.6569861,0.10883246,-0.03234142,-0.6256292,0.16854852,-0.036820456,-0.6190069,0.05162599,0.05134339,-0.55515885,0.18156573,0.039416008,-0.014436012133955956,0.2369334101676941,-0.043980300426483154
