frame,Ankle.R_x,Ankle.R_y,Ankle.R_z,Knee.R_x,Knee.R_y,Knee.R_z,Hip.R_x,Hip.R_y,Hip.R_z,Hip.L_x,Hip.L_y,Hip.L_z,Knee.L_x,Knee.L_y,Knee.L_z,Ankle.L_x,Ankle.L_y,Ankle.L_z,Wrist.R_x,Wrist.R_y,Wrist.R_z,Elbow.R_x,Elbow.R_y,Elbow.R_z,Shoulder.R_x,Shoulder.R_y,Shoulder.R_z,Shoulder.L_x,Shoulder.L_y,Shoulder.L_z,Elbow.L_x,Elbow.L_y,Elbow.L_z,Wrist.L_x,Wrist.L_y,Wrist.L_z,Neck_x,Neck_y,Neck_z,Head_x,Head_y,Head_z,Nose_x,Nose_y,Nose_z,Eye.L_x,Eye.L_y,Eye.L_z,Eye.R_x,Eye.R_y,Eye.R_z,Ear.L_x,Ear.L_y,Ear.L_z,Ear.R_x,Ear.R_y,Ear.R_z,hip.Center_x,hip.Center_y,hip.Center_z
0,0.4335507,0.109509714,0.05488816,0.12848155,0.07585716,0.3286827,-0.025157008,0.1021073,-0.061361216,-0.017125012,0.36823577,-0.018216621,0.13887751,0.3002223,0.3566968,0.49658874,0.30540964,0.12652567,0.007069564,-0.12292744,-0.009059362,-0.19574952,-0.052482814,-0.16405725,-0.42993194,0.090167806,-0.054304663,-0.38812396,0.36863205,0.069007374,-0.10119186,0.42554334,0.038178336,0.11349228,0.41591573,0.18569696,-0.48753813,0.23512001,0.032079704,-0.7072038,0.28770906,0.043165654,-0.6481724,0.19072299,0.15175188,-0.670452,0.24705513,0.14179662,-0.6835677,0.19427077,0.1030438,-0.6231169,0.323425,0.093463734,-0.6527062,0.21251298,0.0035566818,-0.021141011267900467,0.23517152667045593,-0.03978891670703888
