frame,Ankle.R_x,Ankle.R_y,Ankle.R_z,Knee.R_x,Knee.R_y,Knee.R_z,Hip.R_x,Hip.R_y,Hip.R_z,Hip.L_x,Hip.L_y,Hip.L_z,Knee.L_x,Knee.L_y,Knee.L_z,Ankle.L_x,Ankle.L_y,Ankle.L_z,Wrist.R_x,Wrist.R_y,Wrist.R_z,Elbow.R_x,Elbow.R_y,Elbow.R_z,Shoulder.R_x,Shoulder.R_y,Shoulder.R_z,Shoulder.L_x,Shoulder.L_y,Shoulder.L_z,Elbow.L_x,Elbow.L_y,Elbow.L_z,Wrist.L_x,Wrist.L_y,Wrist.L_z,Neck_x,Neck_y,Neck_z,Head_x,Head_y,Head_z,Nose_x,Nose_y,Nose_z,Eye.L_x,Eye.L_y,Eye.L_z,Eye.R_x,Eye.R_y,Eye.R_z,Ear.L_x,Ear.L_y,Ear.L_z,Ear.R_x,Ear.R_y,Ear.R_z,hip.Center_x,hip.Center_y,hip.Center_z
0,0.43510824,0.06350321,0.048680965,0.14391308,0.10155015,0.33286998,-0.025096923,0.09956915,-0.05114512,-0.017564736,0.36743465,-0.025550636,0.12530826,0.31732842,0.35133916,0.46342504,0.3181075,0.105016,0.030901348,-0.034001432,0.02795012,-0.17546809,-0.029269593,-0.13404714,-0.4283029,0.09307654,-0.05330288,-0.39303014,0.3756596,0.05771068,-0.11203128,0.44178066,0.024881344,0.102116644,0.436347,0.16825888,-0.48858222,0.24173059,0.025707714,-0.70295775,0.309259,0.03689448,-0.6509586,0.2081667,0.14499398,-0.6690402,0.26576415,0.13530508,-0.6862574,0.21427187,0.0966157,-0.61666906,0.33819407,0.08676935,-0.6547495,0.22996575,-0.0028903298,-0.021330829709768295,0.23350189626216888,-0.03834787756204605
