frame,Ankle.R_x,Ankle.R_y,Ankle.R_z,Knee.R_x,Knee.R_y,Knee.R_z,Hip.R_x,Hip.R_y,Hip.R_z,Hip.L_x,Hip.L_y,Hip.L_z,Knee.L_x,Knee.L_y,Knee.L_z,Ankle.L_x,Ankle.L_y,Ankle.L_z,Wrist.R_x,Wrist.R_y,Wrist.R_z,Elbow.R_x,Elbow.R_y,Elbow.R_z,Shoulder.R_x,Shoulder.R_y,Shoulder.R_z,Shoulder.L_x,Shoulder.L_y,Shoulder.L_z,Elbow.L_x,Elbow.L_y,Elbow.L_z,Wrist.L_x,Wrist.L_y,Wrist.L_z,Neck_x,Neck_y,Neck_z,Head_x,Head_y,Head_z,Nose_x,Nose_y,Nose_z,Eye.L_x,Eye.L_y,Eye.L_z,Eye.R_x,Eye.R_y,Eye.R_z,Ear.L_x,Ear.L_y,Ear.L_z,Ear.R_x,Ear.R_y,Ear.R_z,hip.Center_x,hip.Center_y,hip.Center_z
0,0.44189775,0.05780531,0.057109296,0.14194234,0.09768795,0.3336003,-0.025760472,0.10002912,-0.051884726,-0.016632948,0.3673913,-0.025070477,0.1294335,0.3191917,0.3524376,0.4736553,0.31465125,0.11220763,0.02721655,-0.034244202,0.019993557,-0.17853098,-0.02638141,-0.14297996,-0.43079892,0.099008754,-0.064890824,-0.39291054,0.3802573,0.04835148,-0.110420585,0.44230512,0.020131579,0.10344975,0.44102892,0.16438656,-0.49021584,0.24870253,0.013409604,-0.70189995,0.3240579,0.018364126,-0.6585587,0.21839085,0.12585536,-0.67400646,0.27680993,0.11689762,-0.69155294,0.22704905,0.07619595,-0.6167036,0.34826034,0.072427236,-0.6552342,0.24387422,-0.021460362,-0.02119670994579792,0.23371019959449768,-0.03847759962081909
