frame,Ankle.R_x,Ankle.R_y,Ankle.R_z,Knee.R_x,Knee.R_y,Knee.R_z,Hip.R_x,Hip.R_y,Hip.R_z,Hip.L_x,Hip.L_y,Hip.L_z,Knee.L_x,Knee.L_y,Knee.L_z,Ankle.L_x,Ankle.L_y,Ankle.L_z,Wrist.R_x,Wrist.R_y,Wrist.R_z,Elbow.R_x,Elbow.R_y,Elbow.R_z,Shoulder.R_x,Shoulder.R_y,Shoulder.R_z,Shoulder.L_x,Shoulder.L_y,Shoulder.L_z,Elbow.L_x,Elbow.L_y,Elbow.L_z,Wrist.L_x,Wrist.L_y,Wrist.L_z,Neck_x,Neck_y,Neck_z,Head_x,Head_y,Head_z,Nose_x,Nose_y,Nose_z,Eye.L_x,Eye.L_y,Eye.L_z,Eye.R_x,Eye.R_y,Eye.R_z,Ear.L_x,Ear.L_y,Ear.L_z,Ear.R_x,Ear.R_y,Ear.R_z,hip.Center_x,hip.Center_y,hip.Center_z
0,0.23577133,0.014725689,-0.015421973,0.005706734,0.041471176,0.3133074,0.0037686008,0.11290717,-0.10194064,-0.028645987,0.35684562,0.01605814,2.6787631e-05,0.19423527,0.37672862,0.19963546,0.1944054,0.027689427,-0.014027321,-0.063384056,-0.27908608,-0.27357346,-0.053578816,-0.2991077,-0.43485335,0.026519697,-0.08691932,-0.4114661,0.27342954,0.02681475,-0.18440881,0.2965418,-0.1178362,-0.029879194,0.28814876,0.08024604,-0.4758711,0.12558419,-0.010438234,-0.633543,0.15393533,0.075171135,-0.6208877,0.121398605,-0.0798808,-0.65277904,0.10702455,-0.03082297,-0.61767316,0.1639553,-0.03912647,-0.6163237,0.051695332,0.054219335,-0.5443165,0.1757036,0.03406892,-0.012438693083822727,0.23487639427185059,-0.042941249907016754
