frame,Ankle.R_x,Ankle.R_y,Ankle.R_z,Knee.R_x,Knee.R_y,Knee.R_z,Hip.R_x,Hip.R_y,Hip.R_z,Hip.L_x,Hip.L_y,Hip.L_z,Knee.L_x,Knee.L_y,Knee.L_z,Ankle.L_x,Ankle.L_y,Ankle.L_z,Wrist.R_x,Wrist.R_y,Wrist.R_z,Elbow.R_x,Elbow.R_y,Elbow.R_z,Shoulder.R_x,Shoulder.R_y,Shoulder.R_z,Shoulder.L_x,Shoulder.L_y,Shoulder.L_z,Elbow.L_x,Elbow.L_y,Elbow.L_z,Wrist.L_x,Wrist.L_y,Wrist.L_z,Neck_x,Neck_y,Neck_z,Head_x,Head_y,Head_z,Nose_x,Nose_y,Nose_z,Eye.L_x,Eye.L_y,Eye.L_z,Eye.R_x,Eye.R_y,Eye.R_z,Ear.L_x,Ear.L_y,Ear.L_z,Ear.R_x,Ear.R_y,Ear.R_z,hip.Center_x,hip.Center_y,hip.Center_z
0,0.4573795,0.06671347,0.0669034,0.14978725,0.10065905,0.33685777,-0.022441082,0.099438235,-0.047078967,-0.018715039,0.36659074,-0.027152307,0.14644715,0.3092378,0.3504169,0.5077743,0.3195593,0.12969755,0.013958085,-0.01381658,0.03143053,-0.17758657,-0.029339211,-0.14623779,-0.43201596,0.090357825,-0.06651451,-0.39875528,0.37732077,0.0357602,-0.115008816,0.4354522,0.005566942,0.08894734,0.403654,0.15908465,-0.4933834,0.24254826,0.005106236,-0.707949,0.31390864,0.01241426,-0.6550186,0.21489494,0.12156766,-0.672841,0.27232012,0.110782444,-0.6911605,0.22023357,0.07358326,-0.6207638,0.34289324,0.059980944,-0.6613201,0.23341656,-0.026677124,-0.020578060299158096,0.23301449418067932,-0.037115637212991714
