frame,Ankle.R_x,Ankle.R_y,Ankle.R_z,Knee.R_x,Knee.R_y,Knee.R_z,Hip.R_x,Hip.R_y,Hip.R_z,Hip.L_x,Hip.L_y,Hip.L_z,Knee.L_x,Knee.L_y,Knee.L_z,Ankle.L_x,Ankle.L_y,Ankle.L_z,Wrist.R_x,Wrist.R_y,Wrist.R_z,Elbow.R_x,Elbow.R_y,Elbow.R_z,Shoulder.R_x,Shoulder.R_y,Shoulder.R_z,Shoulder.L_x,Shoulder.L_y,Shoulder.L_z,Elbow.L_x,Elbow.L_y,Elbow.L_z,Wrist.L_x,Wrist.L_y,Wrist.L_z,Neck_x,Neck_y,Neck_z,Head_x,Head_y,Head_z,Nose_x,Nose_y,Nose_z,Eye.L_x,Eye.L_y,Eye.L_z,Eye.R_x,Eye.R_y,Eye.R_z,Ear.L_x,Ear.L_y,Ear.L_z,Ear.R_x,Ear.R_y,Ear.R_z,hip.Center_x,hip.Center_y,hip.Center_z
0,0.43636447,0.116206706,0.04013189,0.14233533,0.07728249,0.32386342,-0.025523651,0.10197573,-0.060656235,-0.016794998,0.3687141,-0.01724677,0.13657428,0.29171634,0.35479027,0.4960575,0.29109624,0.12930232,-0.007015726,-0.12284285,-0.002384791,-0.20037396,-0.05070084,-0.16664656,-0.43412396,0.091558434,-0.055750847,-0.39440715,0.37388074,0.057550937,-0.10876654,0.42410582,0.01908361,0.0875999,0.4081238,0.18631697,-0.49211383,0.24051546,0.02549864,-0.7087611,0.30455655,0.03266096,-0.65421546,0.20740291,0.14343268,-0.6740979,0.26437443,0.13213834,-0.6894818,0.21142483,0.09461902,-0.62334496,0.33724126,0.082477644,-0.657912,0.22603606,-0.0054515023,-0.021159324795007706,0.23534491658210754,-0.03895150125026703
