frame,Ankle.R_x,Ankle.R_y,Ankle.R_z,Knee.R_x,Knee.R_y,Knee.R_z,Hip.R_x,Hip.R_y,Hip.R_z,Hip.L_x,Hip.L_y,Hip.L_z,Knee.L_x,Knee.L_y,Knee.L_z,Ankle.L_x,Ankle.L_y,Ankle.L_z,Wrist.R_x,Wrist.R_y,Wrist.R_z,Elbow.R_x,Elbow.R_y,Elbow.R_z,Shoulder.R_x,Shoulder.R_y,Shoulder.R_z,Shoulder.L_x,Shoulder.L_y,Shoulder.L_z,Elbow.L_x,Elbow.L_y,Elbow.L_z,Wrist.L_x,Wrist.L_y,Wrist.L_z,Neck_x,Neck_y,Neck_z,Head_x,Head_y,Head_z,Nose_x,Nose_y,Nose_z,Eye.L_x,Eye.L_y,Eye.L_z,Eye.R_x,Eye.R_y,Eye.R_z,Ear.L_x,Ear.L_y,Ear.L_z,Ear.R_x,Ear.R_y,Ear.R_z,hip.Center_x,hip.Center_y,hip.Center_z
0,0.45783865,0.06795208,0.06631408,0.15156329,0.10426619,0.33732906,-0.023838704,0.09884751,-0.044321142,-0.017707266,0.3663526,-0.030144263,0.1513674,0.31894228,0.3465289,0.5093859,0.31870458,0.12063681,0.014894933,-0.01783513,0.042812712,-0.17756096,-0.031516075,-0.13393497,-0.43104568,0.089684814,-0.05406241,-0.39763978,0.37941098,0.040099863,-0.11455525,0.4371907,0.0060686483,0.09135807,0.4069072,0.1571378,-0.4918958,0.24313846,0.014550382,-0.70769256,0.3101353,0.023129515,-0.6500124,0.21798795,0.13584767,-0.669467,0.27436975,0.12268614,-0.68721867,0.22007903,0.08847566,-0.62028396,0.34359133,0.067390986,-0.6598439,0.22899508,-0.012951457,-0.020772986114025116,0.23260004818439484,-0.03723270446062088
