frame,Ankle.R_x,Ankle.R_y,Ankle.R_z,Knee.R_x,Knee.R_y,Knee.R_z,Hip.R_x,Hip.R_y,Hip.R_z,Hip.L_x,Hip.L_y,Hip.L_z,Knee.L_x,Knee.L_y,Knee.L_z,Ankle.L_x,Ankle.L_y,Ankle.L_z,Wrist.R_x,Wrist.R_y,Wrist.R_z,Elbow.R_x,Elbow.R_y,Elbow.R_z,Shoulder.R_x,Shoulder.R_y,Shoulder.R_z,Shoulder.L_x,Shoulder.L_y,Shoulder.L_z,Elbow.L_x,Elbow.L_y,Elbow.L_z,Wrist.L_x,Wrist.L_y,Wrist.L_z,Neck_x,Neck_y,Neck_z,Head_x,Head_y,Head_z,Nose_x,Nose_y,Nose_z,Eye.L_x,Eye.L_y,Eye.L_z,Eye.R_x,Eye.R_y,Eye.R_z,Ear.L_x,Ear.L_y,Ear.L_z,Ear.R_x,Ear.R_y,Ear.R_z,hip.Center_x,hip.Center_y,hip.Center_z
0,0.4441486,0.14602183,0.046876207,0.1452075,0.07866097,0.3213176,-0.024363156,0.10206939,-0.06316495,-0.017401235,0.36795855,-0.013987625,0.1479142,0.29029804,0.3539611,0.5012066,0.26978147,0.119674675,-0.021751883,-0.102338776,0.01885028,-0.20295781,-0.05359964,-0.16550344,-0.4373659,0.09131965,-0.062071104,-0.39969432,0.37246075,0.053555302,-0.11646128,0.4196164,0.0067545143,0.08729662,0.38025287,0.1599033,-0.4950432,0.24011128,0.01897805,-0.71142024,0.3069407,0.03220586,-0.652079,0.2083585,0.13862066,-0.67202103,0.2654854,0.12889557,-0.68986374,0.21305805,0.09181876,-0.623429,0.33828145,0.077324405,-0.6634225,0.22834848,-0.009610398,-0.020882196724414825,0.2350139617919922,-0.038576286286115646
