frame,Ankle.R_x,Ankle.R_y,Ankle.R_z,Knee.R_x,Knee.R_y,Knee.R_z,Hip.R_x,Hip.R_y,Hip.R_z,Hip.L_x,Hip.L_y,Hip.L_z,Knee.L_x,Knee.L_y,Knee.L_z,Ankle.L_x,Ankle.L_y,Ankle.L_z,Wrist.R_x,Wrist.R_y,Wrist.R_z,Elbow.R_x,Elbow.R_y,Elbow.R_z,Shoulder.R_x,Shoulder.R_y,Shoulder.R_z,Shoulder.L_x,Shoulder.L_y,Shoulder.L_z,Elbow.L_x,Elbow.L_y,Elbow.L_z,Wrist.L_x,Wrist.L_y,Wrist.L_z,Neck_x,Neck_y,Neck_z,Head_x,Head_y,Head_z,Nose_x,Nose_y,Nose_z,Eye.L_x,Eye.L_y,Eye.L_z,Eye.R_x,Eye.R_y,Eye.R_z,Ear.L_x,Ear.L_y,Ear.L_z,Ear.R_x,Ear.R_y,Ear.R_z,hip.Center_x,hip.Center_y,hip.Center_z
0,0.24162503,0.008174523,-0.021214945,0.009000028,0.03620959,0.30779928,0.0044289315,0.11278681,-0.10248948,-0.03192147,0.35547906,0.016178232,0.0054166303,0.19085082,0.37619758,0.25716844,0.18709426,0.05393159,-0.009481977,-0.074768096,-0.24906704,-0.26495877,-0.07105774,-0.29936963,-0.4272693,0.01654128,-0.088575274,-0.40140784,0.2665727,0.038997967,-0.14906374,0.301058,-0.06591286,0.0016518296,0.23011893,0.12517144,-0.47206664,0.11908035,-0.009181808,-0.615517,0.17227694,0.077034265,-0.6229787,0.1235622,-0.07377666,-0.6511108,0.118742675,-0.02080261,-0.610427,0.16915275,-0.038919494,-0.61343706,0.066940755,0.06606224,-0.5291585,0.177524,0.025675647,-0.013746269047260284,0.23413293063640594,-0.04315562546253204
