frame,Ankle.R_x,Ankle.R_y,Ankle.R_z,Knee.R_x,Knee.R_y,Knee.R_z,Hip.R_x,Hip.R_y,Hip.R_z,Hip.L_x,Hip.L_y,Hip.L_z,Knee.L_x,Knee.L_y,Knee.L_z,Ankle.L_x,Ankle.L_y,Ankle.L_z,Wrist.R_x,Wrist.R_y,Wrist.R_z,Elbow.R_x,Elbow.R_y,Elbow.R_z,Shoulder.R_x,Shoulder.R_y,Shoulder.R_z,Shoulder.L_x,Shoulder.L_y,Shoulder.L_z,Elbow.L_x,Elbow.L_y,Elbow.L_z,Wrist.L_x,Wrist.L_y,Wrist.L_z,Neck_x,Neck_y,Neck_z,Head_x,Head_y,Head_z,Nose_x,Nose_y,Nose_z,Eye.L_x,Eye.L_y,Eye.L_z,Eye.R_x,Eye.R_y,Eye.R_z,Ear.L_x,Ear.L_y,Ear.L_z,Ear.R_x,Ear.R_y,Ear.R_z,hip.Center_x,hip.Center_y,hip.Center_z
0,0.24933647,0.017853858,-0.016799401,0.012901654,0.03211882,0.3055953,0.006087941,0.111849844,-0.102531746,-0.03291551,0.35075957,0.017706584,0.008020077,0.20347391,0.3802986,0.2604763,0.20909004,0.0638404,-0.017010922,-0.034790907,-0.2041952,-0.26292953,-0.076271,-0.2756532,-0.43180087,0.024077663,-0.08154504,-0.40347105,0.27147403,0.031920142,-0.16585332,0.3134252,-0.096678615,-0.028828764,0.3165369,0.114115745,-0.47250766,0.12715527,-0.0077121714,-0.61179686,0.186255,0.074537516,-0.6193166,0.1324152,-0.07431014,-0.6481739,0.1305433,-0.021726437,-0.6056024,0.17872626,-0.041029,-0.6135121,0.08094385,0.06730051,-0.5251651,0.186315,0.02414374,-0.01341378502547741,0.23130470514297485,-0.04241257905960083
