frame,Ankle.R_x,Ankle.R_y,Ankle.R_z,Knee.R_x,Knee.R_y,Knee.R_z,Hip.R_x,Hip.R_y,Hip.R_z,Hip.L_x,Hip.L_y,Hip.L_z,Knee.L_x,Knee.L_y,Knee.L_z,Ankle.L_x,Ankle.L_y,Ankle.L_z,Wrist.R_x,Wrist.R_y,Wrist.R_z,Elbow.R_x,Elbow.R_y,Elbow.R_z,Shoulder.R_x,Shoulder.R_y,Shoulder.R_z,Shoulder.L_x,Shoulder.L_y,Shoulder.L_z,Elbow.L_x,Elbow.L_y,Elbow.L_z,Wrist.L_x,Wrist.L_y,Wrist.L_z,Neck_x,Neck_y,Neck_z,Head_x,Head_y,Head_z,Nose_x,Nose_y,Nose_z,Eye.L_x,Eye.L_y,Eye.L_z,Eye.R_x,Eye.R_y,Eye.R_z,Ear.L_x,Ear.L_y,Ear.L_z,Ear.R_x,Ear.R_y,Ear.R_z,hip.Center_x,hip.Center_y,hip.Center_z
0,0.2535411,0.019620603,-0.012768243,0.011166423,0.029283581,0.30512702,0.006472387,0.11161585,-0.10215655,-0.032866817,0.35137925,0.016908394,0.009802191,0.20234594,0.38068572,0.25913304,0.20716716,0.06157849,-0.015732508,-0.036516093,-0.20125785,-0.26201466,-0.072321735,-0.2760933,-0.43135014,0.02600934,-0.08090846,-0.40229943,0.2755493,0.02779133,-0.16180225,0.31683847,-0.096008584,-0.028830174,0.32371327,0.11710468,-0.47281915,0.13229164,-0.008258691,-0.61255544,0.19428304,0.0799517,-0.62235904,0.14541584,-0.07019234,-0.6507055,0.14238444,-0.0173847,-0.60761786,0.190573,-0.035521727,-0.6158444,0.08986418,0.06976037,-0.52607566,0.19502056,0.028815672,-0.013197215273976326,0.23149755597114563,-0.04262407869100571
