frame,Ankle.R_x,Ankle.R_y,Ankle.R_z,Knee.R_x,Knee.R_y,Knee.R_z,Hip.R_x,Hip.R_y,Hip.R_z,Hip.L_x,Hip.L_y,Hip.L_z,Knee.L_x,Knee.L_y,Knee.L_z,Ankle.L_x,Ankle.L_y,Ankle.L_z,Wrist.R_x,Wrist.R_y,Wrist.R_z,Elbow.R_x,Elbow.R_y,Elbow.R_z,Shoulder.R_x,Shoulder.R_y,Shoulder.R_z,Shoulder.L_x,Shoulder.L_y,Shoulder.L_z,Elbow.L_x,Elbow.L_y,Elbow.L_z,Wrist.L_x,Wrist.L_y,Wrist.L_z,Neck_x,Neck_y,Neck_z,Head_x,Head_y,Head_z,Nose_x,Nose_y,Nose_z,Eye.L_x,Eye.L_y,Eye.L_z,Eye.R_x,Eye.R_y,Eye.R_z,Ear.L_x,Ear.L_y,Ear.L_z,Ear.R_x,Ear.R_y,Ear.R_z,hip.Center_x,hip.Center_y,hip.Center_z
0,0.44742978,0.13817717,0.06306169,0.1392932,0.08389955,0.3306857,-0.024950217,0.10136799,-0.057927843,-0.014790872,0.36775205,-0.019747652,0.14461818,0.2987266,0.3563207,0.50175494,0.27259704,0.12817,-0.029312292,-0.09467867,0.03187053,-0.2016184,-0.053588856,-0.16204134,-0.43731236,0.0884854,-0.059604812,-0.4038021,0.3755559,0.041316696,-0.121939674,0.4266409,-0.008501651,0.07645409,0.400779,0.15422894,-0.49550468,0.23928031,0.013728882,-0.7099662,0.30248892,0.021079719,-0.65340316,0.20613898,0.1313787,-0.6737843,0.26279575,0.120058365,-0.6892624,0.2096609,0.08295195,-0.62436354,0.335965,0.06960869,-0.6589607,0.22411454,-0.017349038,-0.019870545715093613,0.2345600128173828,-0.038837745785713196
