frame,Ankle.R_x,Ankle.R_y,Ankle.R_z,Knee.R_x,Knee.R_y,Knee.R_z,Hip.R_x,Hip.R_y,Hip.R_z,Hip.L_x,Hip.L_y,Hip.L_z,Knee.L_x,Knee.L_y,Knee.L_z,Ankle.L_x,Ankle.L_y,Ankle.L_z,Wrist.R_x,Wrist.R_y,Wrist.R_z,Elbow.R_x,Elbow.R_y,Elbow.R_z,Shoulder.R_x,Shoulder.R_y,Shoulder.R_z,Shoulder.L_x,Shoulder.L_y,Shoulder.L_z,Elbow.L_x,Elbow.L_y,Elbow.L_z,Wrist.L_x,Wrist.L_y,Wrist.L_z,Neck_x,Neck_y,Neck_z,Head_x,Head_y,Head_z,Nose_x,Nose_y,Nose_z,Eye.L_x,Eye.L_y,Eye.L_z,Eye.R_x,Eye.R_y,Eye.R_z,Ear.L_x,Ear.L_y,Ear.L_z,Ear.R_x,Ear.R_y,Ear.R_z,hip.Center_x,hip.Center_y,hip.Center_z
0,0.4379645,0.06919051,0.0648844,0.12477173,0.079138614,0.33297807,-0.021880956,0.1021449,-0.06015452,-0.018453004,0.36917967,-0.018403225,0.121858105,0.29612476,0.362848,0.46373215,0.30645776,0.116842,0.0137747,-0.08635401,0.02714416,-0.18836376,-0.056325655,-0.14227572,-0.4367478,0.08944655,-0.07867378,-0.40044367,0.37610155,0.027514849,-0.11518142,0.43563426,0.00726227,0.074479684,0.4235301,0.18379036,-0.49600893,0.24372049,-0.007330549,-0.702522,0.32998517,-0.013180843,-0.6682766,0.22562177,0.09935918,-0.6801103,0.28472906,0.08761024,-0.69949484,0.23438129,0.048195776,-0.617357,0.35099655,0.042506285,-0.6594044,0.24545982,-0.049462087,-0.020166980102658272,0.2356622815132141,-0.039278872311115265
