frame,Ankle.R_x,Ankle.R_y,Ankle.R_z,Knee.R_x,Knee.R_y,Knee.R_z,Hip.R_x,Hip.R_y,Hip.R_z,Hip.L_x,Hip.L_y,Hip.L_z,Knee.L_x,Knee.L_y,Knee.L_z,Ankle.L_x,Ankle.L_y,Ankle.L_z,Wrist.R_x,Wrist.R_y,Wrist.R_z,Elbow.R_x,Elbow.R_y,Elbow.R_z,Shoulder.R_x,Shoulder.R_y,Shoulder.R_z,Shoulder.L_x,Shoulder.L_y,Shoulder.L_z,Elbow.L_x,Elbow.L_y,Elbow.L_z,Wrist.L_x,Wrist.L_y,Wrist.L_z,Neck_x,Neck_y,Neck_z,Head_x,Head_y,Head_z,Nose_x,Nose_y,Nose_z,Eye.L_x,Eye.L_y,Eye.L_z,Eye.R_x,Eye.R_y,Eye.R_z,Ear.L_x,Ear.L_y,Ear.L_z,Ear.R_x,Ear.R_y,Ear.R_z,hip.Center_x,hip.Center_y,hip.Center_z
0,0.23360437,0.008293502,-0.021924816,-0.00082496373,0.03645547,0.30272633,0.001133162,0.11272476,-0.103320725,-0.026691085,0.3559249,0.017273042,0.0006331411,0.19460584,0.37280393,0.25201923,0.19312151,0.055048287,-0.025345536,-0.0832456,-0.23147394,-0.2809456,-0.07135854,-0.28658348,-0.43937087,0.032871168,-0.08486749,-0.41329187,0.2700772,0.046764903,-0.16679172,0.3046101,-0.056473702,0.0012015365,0.21654649,0.11424473,-0.4795801,0.13015583,-0.0027447715,-0.6144191,0.18844734,0.09070004,-0.63623774,0.13366076,-0.05677853,-0.65865195,0.13077874,-0.0010378808,-0.6206368,0.18087596,-0.024827957,-0.6123314,0.08318633,0.08363286,-0.53350294,0.19267808,0.030641906,-0.012778961099684238,0.23432482779026031,-0.043023839592933655
