frame,Ankle.R_x,Ankle.R_y,Ankle.R_z,Knee.R_x,Knee.R_y,Knee.R_z,Hip.R_x,Hip.R_y,Hip.R_z,Hip.L_x,Hip.L_y,Hip.L_z,Knee.L_x,Knee.L_y,Knee.L_z,Ankle.L_x,Ankle.L_y,Ankle.L_z,Wrist.R_x,Wrist.R_y,Wrist.R_z,Elbow.R_x,Elbow.R_y,Elbow.R_z,Shoulder.R_x,Shoulder.R_y,Shoulder.R_z,Shoulder.L_x,Shoulder.L_y,Shoulder.L_z,Elbow.L_x,Elbow.L_y,Elbow.L_z,Wrist.L_x,Wrist.L_y,Wrist.L_z,Neck_x,Neck_y,Neck_z,Head_x,Head_y,Head_z,Nose_x,Nose_y,Nose_z,Eye.L_x,Eye.L_y,Eye.L_z,Eye.R_x,Eye.R_y,Eye.R_z,Ear.L_x,Ear.L_y,Ear.L_z,Ear.R_x,Ear.R_y,Ear.R_z,hip.Center_x,hip.Center_y,hip.Center_z
0,0.42745867,0.07696201,0.057686947,0.12144559,0.07520959,0.33154747,-0.022361893,0.101563975,-0.060352273,-0.018035272,0.36834857,-0.017927812,0.12992096,0.29991063,0.36083663,0.46752846,0.2975817,0.11020997,0.025522899,-0.06939448,0.032271355,-0.18582585,-0.050522424,-0.12668033,-0.43772447,0.09010681,-0.07217351,-0.3986896,0.37764746,0.026156573,-0.114384,0.43144935,-0.0010353187,0.06347667,0.41342145,0.18488252,-0.49490964,0.24499011,-0.003635835,-0.7041602,0.32539177,-0.0014341241,-0.6598318,0.22461197,0.110709295,-0.67442936,0.2829932,0.09864498,-0.6941119,0.23126839,0.061277393,-0.6169816,0.35047138,0.048896916,-0.6600004,0.24184631,-0.03844764,-0.020198583602905273,0.2349562644958496,-0.039140041917562485
