frame,Ankle.R_x,Ankle.R_y,Ankle.R_z,Knee.R_x,Knee.R_y,Knee.R_z,Hip.R_x,Hip.R_y,Hip.R_z,Hip.L_x,Hip.L_y,Hip.L_z,Knee.L_x,Knee.L_y,Knee.L_z,Ankle.L_x,Ankle.L_y,Ankle.L_z,Wrist.R_x,Wrist.R_y,Wrist.R_z,Elbow.R_x,Elbow.R_y,Elbow.R_z,Shoulder.R_x,Shoulder.R_y,Shoulder.R_z,Shoulder.L_x,Shoulder.L_y,Shoulder.L_z,Elbow.L_x,Elbow.L_y,Elbow.L_z,Wrist.L_x,Wrist.L_y,Wrist.L_z,Neck_x,Neck_y,Neck_z,Head_x,Head_y,Head_z,Nose_x,Nose_y,Nose_z,Eye.L_x,Eye.L_y,Eye.L_z,Eye.R_x,Eye.R_y,Eye.R_z,Ear.L_x,Ear.L_y,Ear.L_z,Ear.R_x,Ear.R_y,Ear.R_z,hip.Center_x,hip.Center_y,hip.Center_z
0,0.23455173,0.015641032,-0.015996097,0.005577137,0.033015776,0.30713168,0.004208989,0.10971823,-0.09934464,-0.030823234,0.3522065,0.01371646,0.0052468735,0.21076179,0.3798231,0.24533232,0.20166758,0.058835626,-0.008216433,-0.052245937,-0.18359795,-0.24983785,-0.07020169,-0.27398336,-0.4248995,0.021862295,-0.079671144,-0.39881194,0.27800396,0.023477815,-0.15367715,0.3151044,-0.095705956,-0.056176715,0.31130156,0.1344468,-0.4699318,0.13131213,-0.010941127,-0.6104818,0.19299673,0.07610759,-0.61733496,0.14720985,-0.07502189,-0.6471126,0.1436541,-0.023015223,-0.6026777,0.19129026,-0.03923603,-0.61556697,0.08895171,0.0637449,-0.522737,0.19288905,0.027313732,-0.013307122513651848,0.2309623658657074,-0.042814090847969055
