frame,Ankle.R_x,Ankle.R_y,Ankle.R_z,Knee.R_x,Knee.R_y,Knee.R_z,Hip.R_x,Hip.R_y,Hip.R_z,Hip.L_x,Hip.L_y,Hip.L_z,Knee.L_x,Knee.L_y,Knee.L_z,Ankle.L_x,Ankle.L_y,Ankle.L_z,Wrist.R_x,Wrist.R_y,Wrist.R_z,Elbow.R_x,Elbow.R_y,Elbow.R_z,Shoulder.R_x,Shoulder.R_y,Shoulder.R_z,Shoulder.L_x,Shoulder.L_y,Shoulder.L_z,Elbow.L_x,Elbow.L_y,Elbow.L_z,Wrist.L_x,Wrist.L_y,Wrist.L_z,Neck_x,Neck_y,Neck_z,Head_x,Head_y,Head_z,Nose_x,Nose_y,Nose_z,Eye.L_x,Eye.L_y,Eye.L_z,Eye.R_x,Eye.R_y,Eye.R_z,Ear.L_x,Ear.L_y,Ear.L_z,Ear.R_x,Ear.R_y,Ear.R_z,hip.Center_x,hip.Center_y,hip.Center_z
0,0.20612946,0.015235019,-0.026142675,-0.008967809,0.042852916,0.3097496,0.001209695,0.11103306,-0.10080718,-0.026339693,0.35711068,0.012612234,-0.003212485,0.20770484,0.37843865,0.23383923,0.20463105,0.05114544,-0.03374393,-0.08101497,-0.2169429,-0.2853212,-0.06441599,-0.29000956,-0.44033098,0.038718786,-0.08404271,-0.40115014,0.28430945,0.044276163,-0.14241116,0.31081966,-0.04728459,0.019642632,0.21815504,0.13046634,-0.47634217,0.14017113,-0.006808416,-0.61801064,0.19663493,0.076380014,-0.626799,0.14144167,-0.07200429,-0.65407234,0.13857001,-0.018516824,-0.6139355,0.18845996,-0.03922124,-0.61540806,0.09069233,0.070220515,-0.53166217,0.19979702,0.023815423,-0.012564999051392078,0.23407186567783356,-0.044097475707530975
