frame,Ankle.R_x,Ankle.R_y,Ankle.R_z,Knee.R_x,Knee.R_y,Knee.R_z,Hip.R_x,Hip.R_y,Hip.R_z,Hip.L_x,Hip.L_y,Hip.L_z,Knee.L_x,Knee.L_y,Knee.L_z,Ankle.L_x,Ankle.L_y,Ankle.L_z,Wrist.R_x,Wrist.R_y,Wrist.R_z,Elbow.R_x,Elbow.R_y,Elbow.R_z,Shoulder.R_x,Shoulder.R_y,Shoulder.R_z,Shoulder.L_x,Shoulder.L_y,Shoulder.L_z,Elbow.L_x,Elbow.L_y,Elbow.L_z,Wrist.L_x,Wrist.L_y,Wrist.L_z,Neck_x,Neck_y,Neck_z,Head_x,Head_y,Head_z,Nose_x,Nose_y,Nose_z,Eye.L_x,Eye.L_y,Eye.L_z,Eye.R_x,Eye.R_y,Eye.R_z,Ear.L_x,Ear.L_y,Ear.L_z,Ear.R_x,Ear.R_y,Ear.R_z,hip.Center_x,hip.Center_y,hip.Center_z
0,0.4393888,0.057941526,0.07105555,0.11896902,0.071630955,0.3296596,-0.02637723,0.10242542,-0.062385947,-0.01440421,0.36963317,-0.017066972,0.12955946,0.29206797,0.3614372,0.47920203,0.29536617,0.12610348,0.028662534,-0.07217168,0.025917757,-0.18174285,-0.05520617,-0.13589045,-0.431983,0.092639044,-0.07754934,-0.40033576,0.38000727,0.032149315,-0.11513755,0.44136983,0.006703898,0.08245413,0.38890046,0.16751328,-0.49419004,0.2456662,-0.0051213177,-0.7061808,0.3228457,-0.0028552413,-0.661138,0.21993908,0.10696815,-0.6762918,0.27840906,0.096264526,-0.6952243,0.227334,0.05764699,-0.61934817,0.34800446,0.04857257,-0.6607035,0.24088022,-0.04189859,-0.020390721037983894,0.23602929711341858,-0.03972645848989487
