frame,Ankle.R_x,Ankle.R_y,Ankle.R_z,Knee.R_x,Knee.R_y,Knee.R_z,Hip.R_x,Hip.R_y,Hip.R_z,Hip.L_x,Hip.L_y,Hip.L_z,Knee.L_x,Knee.L_y,Knee.L_z,Ankle.L_x,Ankle.L_y,Ankle.L_z,Wrist.R_x,Wrist.R_y,Wrist.R_z,Elbow.R_x,Elbow.R_y,Elbow.R_z,Shoulder.R_x,Shoulder.R_y,Shoulder.R_z,Shoulder.L_x,Shoulder.L_y,Shoulder.L_z,Elbow.L_x,Elbow.L_y,Elbow.L_z,Wrist.L_x,Wrist.L_y,Wrist.L_z,Neck_x,Neck_y,Neck_z,Head_x,Head_y,Head_z,Nose_x,Nose_y,Nose_z,Eye.L_x,Eye.L_y,Eye.L_z,Eye.R_x,Eye.R_y,Eye.R_z,Ear.L_x,Ear.L_y,Ear.L_z,Ear.R_x,Ear.R_y,Ear.R_z,hip.Center_x,hip.Center_y,hip.Center_z
0,0.44842625,0.060454566,0.07263349,0.12583084,0.07460501,0.32966444,-0.02678813,0.102265805,-0.060781024,-0.014463537,0.36933807,-0.018207667,0.1306066,0.29723114,0.36032107,0.48408535,0.30223066,0.12948747,0.023194924,-0.06667575,0.04218418,-0.18152809,-0.055232972,-0.12726337,-0.43225414,0.09413896,-0.077168405,-0.40072742,0.38204432,0.030271968,-0.11521837,0.44111985,0.0060032485,0.083376534,0.38399065,0.16412783,-0.49461883,0.2475856,-0.0068390416,-0.7078743,0.3213668,-0.009413216,-0.6633872,0.22032106,0.10232823,-0.6796396,0.27832776,0.09079187,-0.6963093,0.2266258,0.052034926,-0.62293273,0.34893215,0.04414053,-0.6595133,0.24034429,-0.04662383,-0.020625833421945572,0.23580193519592285,-0.0394943468272686
