frame,Ankle.R_x,Ankle.R_y,Ankle.R_z,Knee.R_x,Knee.R_y,Knee.R_z,Hip.R_x,Hip.R_y,Hip.R_z,Hip.L_x,Hip.L_y,Hip.L_z,Knee.L_x,Knee.L_y,Knee.L_z,Ankle.L_x,Ankle.L_y,Ankle.L_z,Wrist.R_x,Wrist.R_y,Wrist.R_z,Elbow.R_x,Elbow.R_y,Elbow.R_z,Shoulder.R_x,Shoulder.R_y,Shoulder.R_z,Shoulder.L_x,Shoulder.L_y,Shoulder.L_z,Elbow.L_x,Elbow.L_y,Elbow.L_z,Wrist.L_x,Wrist.L_y,Wrist.L_z,Neck_x,Neck_y,Neck_z,Head_x,Head_y,Head_z,Nose_x,Nose_y,Nose_z,Eye.L_x,Eye.L_y,Eye.L_z,Eye.R_x,Eye.R_y,Eye.R_z,Ear.L_x,Ear.L_y,Ear.L_z,Ear.R_x,Ear.R_y,Ear.R_z,hip.Center_x,hip.Center_y,hip.Center_z
0,0.4485823,0.15007022,0.071605094,0.13685198,0.07866189,0.3300362,-0.022995256,0.101532124,-0.05964104,-0.016575497,0.36886165,-0.018176353,0.14466032,0.28545633,0.3568598,0.5085824,0.27958688,0.13853279,-0.0150201805,-0.07978298,0.051632054,-0.19548377,-0.05128621,-0.13860145,-0.44004685,0.09364559,-0.06496396,-0.40335882,0.38342488,0.0299074,-0.11990587,0.4311892,-0.012754497,0.088635445,0.39466223,0.1368879,-0.4977522,0.24788696,0.0022142762,-0.7111988,0.31715345,0.002043618,-0.6645998,0.20941536,0.1064048,-0.68336254,0.2674591,0.09915797,-0.6964549,0.21854046,0.05572523,-0.6289572,0.34466186,0.059911538,-0.6581224,0.24194683,-0.03982202,-0.019785376265645027,0.23519688844680786,-0.0389086976647377
