frame,Ankle.R_x,Ankle.R_y,Ankle.R_z,Knee.R_x,Knee.R_y,Knee.R_z,Hip.R_x,Hip.R_y,Hip.R_z,Hip.L_x,Hip.L_y,Hip.L_z,Knee.L_x,Knee.L_y,Knee.L_z,Ankle.L_x,Ankle.L_y,Ankle.L_z,Wrist.R_x,Wrist.R_y,Wrist.R_z,Elbow.R_x,Elbow.R_y,Elbow.R_z,Shoulder.R_x,Shoulder.R_y,Shoulder.R_z,Shoulder.L_x,Shoulder.L_y,Shoulder.L_z,Elbow.L_x,Elbow.L_y,Elbow.L_z,Wrist.L_x,Wrist.L_y,Wrist.L_z,Neck_x,Neck_y,Neck_z,Head_x,Head_y,Head_z,Nose_x,Nose_y,Nose_z,Eye.L_x,Eye.L_y,Eye.L_z,Eye.R_x,Eye.R_y,Eye.R_z,Ear.L_x,Ear.L_y,Ear.L_z,Ear.R_x,Ear.R_y,Ear.R_z,hip.Center_x,hip.Center_y,hip.Center_z
0,0.4554451,0.13141946,0.06103574,0.14559263,0.07345739,0.32701424,-0.024044601,0.102502465,-0.06093055,-0.01612036,0.36882576,-0.016723821,0.14065495,0.28940135,0.35976902,0.50455374,0.2777685,0.13958928,-0.02311941,-0.07666314,0.06298023,-0.19509882,-0.048815817,-0.13532938,-0.44130385,0.09724822,-0.06630838,-0.40091008,0.38649797,0.029364008,-0.11571388,0.4285828,-0.015064029,0.0859356,0.39261115,0.14398368,-0.49790624,0.25232422,0.00028808787,-0.7096386,0.3243814,-0.0063589364,-0.6690181,0.21592724,0.09984994,-0.6866827,0.27422646,0.09185554,-0.6986257,0.22548005,0.04790279,-0.6293151,0.35076714,0.05516337,-0.6559037,0.24837847,-0.04593865,-0.02008248120546341,0.23566411435604095,-0.038827184587717056
