frame,Ankle.R_x,Ankle.R_y,Ankle.R_z,Knee.R_x,Knee.R_y,Knee.R_z,Hip.R_x,Hip.R_y,Hip.R_z,Hip.L_x,Hip.L_y,Hip.L_z,Knee.L_x,Knee.L_y,Knee.L_z,Ankle.L_x,Ankle.L_y,Ankle.L_z,Wrist.R_x,Wrist.R_y,Wrist.R_z,Elbow.R_x,Elbow.R_y,Elbow.R_z,Shoulder.R_x,Shoulder.R_y,Shoulder.R_z,Shoulder.L_x,Shoulder.L_y,Shoulder.L_z,Elbow.L_x,Elbow.L_y,Elbow.L_z,Wrist.L_x,Wrist.L_y,Wrist.L_z,Neck_x,Neck_y,Neck_z,Head_x,Head_y,Head_z,Nose_x,Nose_y,Nose_z,Eye.L_x,Eye.L_y,Eye.L_z,Eye.R_x,Eye.R_y,Eye.R_z,Ear.L_x,Ear.L_y,Ear.L_z,Ear.R_x,Ear.R_y,Ear.R_z,hip.Center_x,hip.Center_y,hip.Center_z
0,0.45073497,0.058753505,0.08102418,0.12832935,0.07495911,0.33544612,-0.025570054,0.101309,-0.05487273,-0.0126380045,0.36808088,-0.023010848,0.13686107,0.3035602,0.35982943,0.5031608,0.29444656,0.14924566,0.030090323,-0.07022248,0.045241565,-0.17755742,-0.05540437,-0.119125955,-0.43064603,0.08649259,-0.079384275,-0.40894526,0.37671322,0.017365545,-0.12802847,0.43870404,-0.008925461,0.075986385,0.39871827,0.14462383,-0.49526387,0.23986182,-0.015495017,-0.7032106,0.3198429,-0.01714998,-0.65940684,0.21960166,0.0952654,-0.67345273,0.2777576,0.08289053,-0.6937127,0.22612038,0.04604327,-0.61596626,0.34441206,0.032603674,-0.6600634,0.23578084,-0.05386433,-0.01910402998328209,0.2346949428319931,-0.03894178941845894
