frame,Ankle.R_x,Ankle.R_y,Ankle.R_z,Knee.R_x,Knee.R_y,Knee.R_z,Hip.R_x,Hip.R_y,Hip.R_z,Hip.L_x,Hip.L_y,Hip.L_z,Knee.L_x,Knee.L_y,Knee.L_z,Ankle.L_x,Ankle.L_y,Ankle.L_z,Wrist.R_x,Wrist.R_y,Wrist.R_z,Elbow.R_x,Elbow.R_y,Elbow.R_z,Shoulder.R_x,Shoulder.R_y,Shoulder.R_z,Shoulder.L_x,Shoulder.L_y,Shoulder.L_z,Elbow.L_x,Elbow.L_y,Elbow.L_z,Wrist.L_x,Wrist.L_y,Wrist.L_z,Neck_x,Neck_y,Neck_z,Head_x,Head_y,Head_z,Nose_x,Nose_y,Nose_z,Eye.L_x,Eye.L_y,Eye.L_z,Eye.R_x,Eye.R_y,Eye.R_z,Ear.L_x,Ear.L_y,Ear.L_z,Ear.R_x,Ear.R_y,Ear.R_z,hip.Center_x,hip.Center_y,hip.Center_z
0,0.24357736,0.00064789,-0.010976994,0.00021678187,0.03822422,0.30787835,-0.0020675182,0.11264389,-0.10256303,-0.023407113,0.35744846,0.015708126,0.011818964,0.20843141,0.38014263,0.25227368,0.18644367,0.056183595,-0.016452098,-0.07391245,-0.20937294,-0.27003506,-0.06626645,-0.2751307,-0.4437629,0.041660685,-0.0859067,-0.41785967,0.2846986,0.032806575,-0.19208954,0.31133392,-0.11142012,-0.009631898,0.26205558,0.059309643,-0.48236948,0.14007954,-0.008276102,-0.6203476,0.18180618,0.08890838,-0.6360526,0.13592139,-0.062544286,-0.65914583,0.12753382,-0.0076451376,-0.6237975,0.18139221,-0.027103327,-0.6117271,0.07681494,0.07471464,-0.53835607,0.19432524,0.031163298,-0.012737315148115158,0.2350461781024933,-0.04342745244503021
