frame,Ankle.R_x,Ankle.R_y,Ankle.R_z,Knee.R_x,Knee.R_y,Knee.R_z,Hip.R_x,Hip.R_y,Hip.R_z,Hip.L_x,Hip.L_y,Hip.L_z,Knee.L_x,Knee.L_y,Knee.L_z,Ankle.L_x,Ankle.L_y,Ankle.L_z,Wrist.R_x,Wrist.R_y,Wrist.R_z,Elbow.R_x,Elbow.R_y,Elbow.R_z,Shoulder.R_x,Shoulder.R_y,Shoulder.R_z,Shoulder.L_x,Shoulder.L_y,Shoulder.L_z,Elbow.L_x,Elbow.L_y,Elbow.L_z,Wrist.L_x,Wrist.L_y,Wrist.L_z,Neck_x,Neck_y,Neck_z,Head_x,Head_y,Head_z,Nose_x,Nose_y,Nose_z,Eye.L_x,Eye.L_y,Eye.L_z,Eye.R_x,Eye.R_y,Eye.R_z,Ear.L_x,Ear.L_y,Ear.L_z,Ear.R_x,Ear.R_y,Ear.R_z,hip.Center_x,hip.Center_y,hip.Center_z
0,0.22375306,0.018370967,-0.021583762,-0.0033831636,0.03229534,0.30969328,-0.0021616288,0.11183953,-0.10132909,-0.022182053,0.3590576,0.01324488,0.0055660126,0.21060699,0.38155457,0.24909882,0.19752961,0.055693552,0.0039326106,-0.07377417,-0.19407581,-0.24536699,-0.050747063,-0.2672311,-0.4374062,0.041590232,-0.08805634,-0.4229927,0.2895596,0.024379283,-0.20459332,0.31578153,-0.12820554,-0.025125504,0.26954836,0.044223316,-0.4817796,0.14103562,-0.014316937,-0.62690973,0.17377783,0.077290386,-0.6291626,0.13609007,-0.077285096,-0.6566311,0.12409816,-0.025046661,-0.62069726,0.17963427,-0.038428225,-0.6146567,0.069536604,0.058406726,-0.5408091,0.19080684,0.027488813,-0.012171841226518154,0.23544856905937195,-0.04404210299253464
