frame,Ankle.R_x,Ankle.R_y,Ankle.R_z,Knee.R_x,Knee.R_y,Knee.R_z,Hip.R_x,Hip.R_y,Hip.R_z,Hip.L_x,Hip.L_y,Hip.L_z,Knee.L_x,Knee.L_y,Knee.L_z,Ankle.L_x,Ankle.L_y,Ankle.L_z,Wrist.R_x,Wrist.R_y,Wrist.R_z,Elbow.R_x,Elbow.R_y,Elbow.R_z,Shoulder.R_x,Shoulder.R_y,Shoulder.R_z,Shoulder.L_x,Shoulder.L_y,Shoulder.L_z,Elbow.L_x,Elbow.L_y,Elbow.L_z,Wrist.L_x,Wrist.L_y,Wrist.L_z,Neck_x,Neck_y,Neck_z,Head_x,Head_y,Head_z,Nose_x,Nose_y,Nose_z,Eye.L_x,Eye.L_y,Eye.L_z,Eye.R_x,Eye.R_y,Eye.R_z,Ear.L_x,Ear.L_y,Ear.L_z,Ear.R_x,Ear.R_y,Ear.R_z,hip.Center_x,hip.Center_y,hip.Center_z
0,0.5067497,0.110900626,0.10661581,0.15976638,0.07935327,0.3313548,-0.025809731,0.10121322,-0.050882686,-0.013117187,0.36618423,-0.023458952,0.18254784,0.29747647,0.34592777,0.5786124,0.29672462,0.18039586,-0.026868202,-0.07234169,0.08470639,-0.18768725,-0.050121453,-0.1217388,-0.4358366,0.10084896,-0.086741894,-0.39913142,0.38998282,0.0070764273,-0.112521894,0.4301778,-0.0084768,0.085090734,0.38706028,0.15101504,-0.49475968,0.25555402,-0.024620365,-0.7100923,0.32244372,-0.02726902,-0.66184354,0.21451676,0.075170144,-0.6814767,0.2717853,0.0688423,-0.6936674,0.22363457,0.02483309,-0.62863433,0.35034037,0.030943034,-0.6558011,0.2493134,-0.06993442,-0.01946345902979374,0.23369872570037842,-0.03717081993818283
