frame,Ankle.R_x,Ankle.R_y,Ankle.R_z,Knee.R_x,Knee.R_y,Knee.R_z,Hip.R_x,Hip.R_y,Hip.R_z,Hip.L_x,Hip.L_y,Hip.L_z,Knee.L_x,Knee.L_y,Knee.L_z,Ankle.L_x,Ankle.L_y,Ankle.L_z,Wrist.R_x,Wrist.R_y,Wrist.R_z,Elbow.R_x,Elbow.R_y,Elbow.R_z,Shoulder.R_x,Shoulder.R_y,Shoulder.R_z,Shoulder.L_x,Shoulder.L_y,Shoulder.L_z,Elbow.L_x,Elbow.L_y,Elbow.L_z,Wrist.L_x,Wrist.L_y,Wrist.L_z,Neck_x,Neck_y,Neck_z,Head_x,Head_y,Head_z,Nose_x,Nose_y,Nose_z,Eye.L_x,Eye.L_y,Eye.L_z,Eye.R_x,Eye.R_y,Eye.R_z,Ear.L_x,Ear.L_y,Ear.L_z,Ear.R_x,Ear.R_y,Ear.R_z,hip.Center_x,hip.Center_y,hip.Center_z
0,0.4829175,0.07197121,0.10973606,0.13583265,0.081347644,0.3417524,-0.023564063,0.10183229,-0.052180424,-0.014850988,0.36899644,-0.025508912,0.14479297,0.30738914,0.36170188,0.52736205,0.33202422,0.1701091,0.013416204,-0.07038402,0.08006682,-0.16306575,-0.03886356,-0.11669131,-0.42888516,0.087877564,-0.09765527,-0.41045502,0.3835902,-0.012273063,-0.12395592,0.43279144,-0.02204339,0.050693765,0.39186895,0.16514194,-0.49825656,0.24547766,-0.043064702,-0.70527434,0.32865357,-0.06187084,-0.67367744,0.22688428,0.053957216,-0.6863153,0.28543058,0.040508874,-0.7025145,0.23413074,0.0010905769,-0.6231237,0.35286626,-0.0024899282,-0.65811783,0.24483679,-0.094808094,-0.019207525998353958,0.23541437089443207,-0.03884466737508774
