frame,Ankle.R_x,Ankle.R_y,Ankle.R_z,Knee.R_x,Knee.R_y,Knee.R_z,Hip.R_x,Hip.R_y,Hip.R_z,Hip.L_x,Hip.L_y,Hip.L_z,Knee.L_x,Knee.L_y,Knee.L_z,Ankle.L_x,Ankle.L_y,Ankle.L_z,Wrist.R_x,Wrist.R_y,Wrist.R_z,Elbow.R_x,Elbow.R_y,Elbow.R_z,Shoulder.R_x,Shoulder.R_y,Shoulder.R_z,Shoulder.L_x,Shoulder.L_y,Shoulder.L_z,Elbow.L_x,Elbow.L_y,Elbow.L_z,Wrist.L_x,Wrist.L_y,Wrist.L_z,Neck_x,Neck_y,Neck_z,Head_x,Head_y,Head_z,Nose_x,Nose_y,Nose_z,Eye.L_x,Eye.L_y,Eye.L_z,Eye.R_x,Eye.R_y,Eye.R_z,Ear.L_x,Ear.L_y,Ear.L_z,Ear.R_x,Ear.R_y,Ear.R_z,hip.Center_x,hip.Center_y,hip.Center_z
0,0.51483315,0.08910014,0.090241134,0.16851436,0.07785508,0.32575598,-0.028106045,0.10155298,-0.05156459,-0.013455263,0.3677892,-0.022646662,0.1767226,0.30282658,0.34705845,0.5670065,0.28948084,0.16415006,-0.028740738,-0.06963316,0.08234417,-0.18669824,-0.044397436,-0.12710473,-0.4379179,0.10364959,-0.089211404,-0.40516773,0.39293373,0.007030514,-0.11774512,0.4318261,-0.008108225,0.07211544,0.38001043,0.15928507,-0.49939755,0.2585028,-0.02686216,-0.7136731,0.3293712,-0.03342143,-0.6698092,0.22050208,0.070550956,-0.68820924,0.27834532,0.063551106,-0.7005785,0.23023766,0.019373719,-0.63252693,0.35570508,0.026468698,-0.66005176,0.25451556,-0.07507395,-0.0207806546241045,0.23467108607292175,-0.03710562735795975
