frame,Ankle.R_x,Ankle.R_y,Ankle.R_z,Knee.R_x,Knee.R_y,Knee.R_z,Hip.R_x,Hip.R_y,Hip.R_z,Hip.L_x,Hip.L_y,Hip.L_z,Knee.L_x,Knee.L_y,Knee.L_z,Ankle.L_x,Ankle.L_y,Ankle.L_z,Wrist.R_x,Wrist.R_y,Wrist.R_z,Elbow.R_x,Elbow.R_y,Elbow.R_z,Shoulder.R_x,Shoulder.R_y,Shoulder.R_z,Shoulder.L_x,Shoulder.L_y,Shoulder.L_z,Elbow.L_x,Elbow.L_y,Elbow.L_z,Wrist.L_x,Wrist.L_y,Wrist.L_z,Neck_x,Neck_y,Neck_z,Head_x,Head_y,Head_z,Nose_x,Nose_y,Nose_z,Eye.L_x,Eye.L_y,Eye.L_z,Eye.R_x,Eye.R_y,Eye.R_z,Ear.L_x,Ear.L_y,Ear.L_z,Ear.R_x,Ear.R_y,Ear.R_z,hip.Center_x,hip.Center_y,hip.Center_z
0,0.48874372,0.07496699,0.10967573,0.1394972,0.08025679,0.3391098,-0.024221878,0.101888895,-0.051752456,-0.014901281,0.36850426,-0.02466078,0.1600136,0.30780667,0.35688263,0.5368804,0.33620882,0.15440077,0.016359238,-0.059003595,0.0834724,-0.16183989,-0.03484653,-0.112211496,-0.42893276,0.08743586,-0.09142944,-0.41210702,0.38357797,-0.009252258,-0.1266007,0.43499857,-0.021411343,0.048407406,0.40213346,0.16644904,-0.49897555,0.24428603,-0.037610523,-0.70912874,0.31995267,-0.055813722,-0.67197436,0.22283784,0.062310647,-0.68708307,0.28045446,0.047451682,-0.7018161,0.22750935,0.009713527,-0.6271703,0.34893858,0.0016573537,-0.65922713,0.23717028,-0.08703172,-0.019561579450964928,0.2351965755224228,-0.038206618279218674
