frame,Ankle.R_x,Ankle.R_y,Ankle.R_z,Knee.R_x,Knee.R_y,Knee.R_z,Hip.R_x,Hip.R_y,Hip.R_z,Hip.L_x,Hip.L_y,Hip.L_z,Knee.L_x,Knee.L_y,Knee.L_z,Ankle.L_x,Ankle.L_y,Ankle.L_z,Wrist.R_x,Wrist.R_y,Wrist.R_z,Elbow.R_x,Elbow.R_y,Elbow.R_z,Shoulder.R_x,Shoulder.R_y,Shoulder.R_z,Shoulder.L_x,Shoulder.L_y,Shoulder.L_z,Elbow.L_x,Elbow.L_y,Elbow.L_z,Wrist.L_x,Wrist.L_y,Wrist.L_z,Neck_x,Neck_y,Neck_z,Head_x,Head_y,Head_z,Nose_x,Nose_y,Nose_z,Eye.L_x,Eye.L_y,Eye.L_z,Eye.R_x,Eye.R_y,Eye.R_z,Ear.L_x,Ear.L_y,Ear.L_z,Ear.R_x,Ear.R_y,Ear.R_z,hip.Center_x,hip.Center_y,hip.Center_z
0,0.4049059,0.18428259,0.0887308,0.10285464,0.14419022,0.35471785,0.007117067,0.09250667,-0.06918659,-0.046410143,0.35261002,-0.022103002,0.007700652,0.36610544,0.36669767,0.25714216,0.4343852,0.046666283,-0.13985525,-0.041687105,-0.08941381,-0.26819053,0.015839117,-0.29922318,-0.39466327,0.041660395,-0.045501802,-0.36627916,0.3078971,0.044514813,-0.19492699,0.40510035,-0.17130046,-0.11547664,0.61900324,-0.072600186,-0.45130017,0.16430502,0.045134623,-0.5812315,0.25722766,0.16676176,-0.6188835,0.21068361,0.021633724,-0.6401844,0.21279599,0.07720193,-0.59210277,0.25292233,0.05298266,-0.6045186,0.15428184,0.16086715,-0.5017449,0.24372166,0.10757201,-0.01964653842151165,0.22255834937095642,-0.04564479738473892
