frame,Ankle.R_x,Ankle.R_y,Ankle.R_z,Knee.R_x,Knee.R_y,Knee.R_z,Hip.R_x,Hip.R_y,Hip.R_z,Hip.L_x,Hip.L_y,Hip.L_z,Knee.L_x,Knee.L_y,Knee.L_z,Ankle.L_x,Ankle.L_y,Ankle.L_z,Wrist.R_x,Wrist.R_y,Wrist.R_z,Elbow.R_x,Elbow.R_y,Elbow.R_z,Shoulder.R_x,Shoulder.R_y,Shoulder.R_z,Shoulder.L_x,Shoulder.L_y,Shoulder.L_z,Elbow.L_x,Elbow.L_y,Elbow.L_z,Wrist.L_x,Wrist.L_y,Wrist.L_z,Neck_x,Neck_y,Neck_z,Head_x,Head_y,Head_z,Nose_x,Nose_y,Nose_z,Eye.L_x,Eye.L_y,Eye.L_z,Eye.R_x,Eye.R_y,Eye.R_z,Ear.L_x,Ear.L_y,Ear.L_z,Ear.R_x,Ear.R_y,Ear.R_z,hip.Center_x,hip.Center_y,hip.Center_z
0,0.5518415,0.21593441,0.20330548,0.1602667,0.19638878,0.35693538,-0.0052433517,0.096182294,-0.0106344605,-0.035319,0.35667527,-0.053672466,0.268551,0.42105353,0.25085586,0.6307777,0.5129649,0.022170736,-0.10887217,-0.065580234,0.30159247,-0.23764347,-0.13708217,0.082967974,-0.4401748,0.04622622,-0.027015235,-0.41206968,0.3416459,-0.11088129,-0.18376763,0.5185971,-0.08918912,-0.08453093,0.7334339,0.022582458,-0.49545342,0.20589493,-0.07681593,-0.67668045,0.26307786,-0.18106386,-0.68892103,0.2482675,-0.025439136,-0.68872106,0.28826725,-0.07202664,-0.7046299,0.22379944,-0.07864381,-0.6062478,0.31573915,-0.12656179,-0.639368,0.17541398,-0.14730358,-0.020281177014112473,0.2264287769794464,-0.03215346485376358
