frame,Ankle.R_x,Ankle.R_y,Ankle.R_z,Knee.R_x,Knee.R_y,Knee.R_z,Hip.R_x,Hip.R_y,Hip.R_z,Hip.L_x,Hip.L_y,Hip.L_z,Knee.L_x,Knee.L_y,Knee.L_z,Ankle.L_x,Ankle.L_y,Ankle.L_z,Wrist.R_x,Wrist.R_y,Wrist.R_z,Elbow.R_x,Elbow.R_y,Elbow.R_z,Shoulder.R_x,Shoulder.R_y,Shoulder.R_z,Shoulder.L_x,Shoulder.L_y,Shoulder.L_z,Elbow.L_x,Elbow.L_y,Elbow.L_z,Wrist.L_x,Wrist.L_y,Wrist.L_z,Neck_x,Neck_y,Neck_z,Head_x,Head_y,Head_z,Nose_x,Nose_y,Nose_z,Eye.L_x,Eye.L_y,Eye.L_z,Eye.R_x,Eye.R_y,Eye.R_z,Ear.L_x,Ear.L_y,Ear.L_z,Ear.R_x,Ear.R_y,Ear.R_z,hip.Center_x,hip.Center_y,hip.Center_z
0,0.35493943,0.14785169,0.083890475,0.05373661,0.14295194,0.3515777,0.027464904,0.100069135,-0.07924453,-0.059857804,0.34352013,-0.006986106,0.003640314,0.32154304,0.38412142,0.22720854,0.39225757,0.051257424,-0.16621536,-0.06742661,-0.16697167,-0.2930926,-0.013343318,-0.38087982,-0.41539487,0.029648216,-0.13135318,-0.3905033,0.26785207,-0.013489365,-0.22326404,0.36053765,-0.22533338,-0.14221276,0.58930796,-0.17682707,-0.46673572,0.13692485,-0.035200115,-0.59713626,0.22452028,0.07438607,-0.63180655,0.18033165,-0.07273117,-0.6540334,0.18107225,-0.017360829,-0.60667884,0.2225622,-0.040186875,-0.61810625,0.12257005,0.06505816,-0.51761466,0.2139961,0.015243366,-0.01619645021855831,0.22179463505744934,-0.043115317821502686
