frame,Ankle.R_x,Ankle.R_y,Ankle.R_z,Knee.R_x,Knee.R_y,Knee.R_z,Hip.R_x,Hip.R_y,Hip.R_z,Hip.L_x,Hip.L_y,Hip.L_z,Knee.L_x,Knee.L_y,Knee.L_z,Ankle.L_x,Ankle.L_y,Ankle.L_z,Wrist.R_x,Wrist.R_y,Wrist.R_z,Elbow.R_x,Elbow.R_y,Elbow.R_z,Shoulder.R_x,Shoulder.R_y,Shoulder.R_z,Shoulder.L_x,Shoulder.L_y,Shoulder.L_z,Elbow.L_x,Elbow.L_y,Elbow.L_z,Wrist.L_x,Wrist.L_y,Wrist.L_z,Neck_x,Neck_y,Neck_z,Head_x,Head_y,Head_z,Nose_x,Nose_y,Nose_z,Eye.L_x,Eye.L_y,Eye.L_z,Eye.R_x,Eye.R_y,Eye.R_z,Ear.L_x,Ear.L_y,Ear.L_z,Ear.R_x,Ear.R_y,Ear.R_z,hip.Center_x,hip.Center_y,hip.Center_z
0,0.52722013,0.2248977,0.20890543,0.1372085,0.19497526,0.36402875,-0.0066586025,0.094841465,-0.013460115,-0.033095244,0.35670042,-0.054108378,0.25437376,0.42254862,0.2653948,0.61530614,0.5226559,0.035999604,-0.091373384,-0.064556815,0.2792755,-0.2270691,-0.13436905,0.063646905,-0.4377541,0.050932363,-0.02741323,-0.40876797,0.34712994,-0.11164375,-0.17679746,0.52071047,-0.08457796,-0.08092144,0.73232234,0.037826758,-0.4938092,0.21066174,-0.0756759,-0.68326646,0.25346556,-0.17208728,-0.6857672,0.24970767,-0.01521457,-0.6904578,0.286254,-0.06443114,-0.70289004,0.2206463,-0.06546867,-0.61280274,0.31411272,-0.12541056,-0.639082,0.1710246,-0.13441798,-0.01987692341208458,0.2257709503173828,-0.03378424793481827
