frame,Ankle.R_x,Ankle.R_y,Ankle.R_z,Knee.R_x,Knee.R_y,Knee.R_z,Hip.R_x,Hip.R_y,Hip.R_z,Hip.L_x,Hip.L_y,Hip.L_z,Knee.L_x,Knee.L_y,Knee.L_z,Ankle.L_x,Ankle.L_y,Ankle.L_z,Wrist.R_x,Wrist.R_y,Wrist.R_z,Elbow.R_x,Elbow.R_y,Elbow.R_z,Shoulder.R_x,Shoulder.R_y,Shoulder.R_z,Shoulder.L_x,Shoulder.L_y,Shoulder.L_z,Elbow.L_x,Elbow.L_y,Elbow.L_z,Wrist.L_x,Wrist.L_y,Wrist.L_z,Neck_x,Neck_y,Neck_z,Head_x,Head_y,Head_z,Nose_x,Nose_y,Nose_z,Eye.L_x,Eye.L_y,Eye.L_z,Eye.R_x,Eye.R_y,Eye.R_z,Ear.L_x,Ear.L_y,Ear.L_z,Ear.R_x,Ear.R_y,Ear.R_z,hip.Center_x,hip.Center_y,hip.Center_z
0,0.18533911,0.003255869,-0.047316607,0.014008405,0.036012385,0.31454858,-0.00030720246,0.11004116,-0.09590466,-0.027322823,0.3602226,0.009659901,0.009834513,0.20400491,0.3776073,0.25112116,0.20020841,0.048636016,-0.0037851215,-0.037334193,-0.21094646,-0.24994992,-0.05712523,-0.29406908,-0.43509975,0.029155722,-0.10274422,-0.41517708,0.28232417,0.024326688,-0.15656929,0.29294667,-0.060042534,-0.12782234,0.083847255,0.0846401,-0.48188704,0.1317429,-0.031634714,-0.6331151,0.16271086,0.0558128,-0.6282996,0.13306655,-0.09988305,-0.65842015,0.11868845,-0.049604878,-0.62183785,0.17461103,-0.05881954,-0.620167,0.059614725,0.03220284,-0.54488456,0.18144977,0.011128724,-0.013815012760460377,0.2351318895816803,-0.04312238097190857
