frame,Ankle.R_x,Ankle.R_y,Ankle.R_z,Knee.R_x,Knee.R_y,Knee.R_z,Hip.R_x,Hip.R_y,Hip.R_z,Hip.L_x,Hip.L_y,Hip.L_z,Knee.L_x,Knee.L_y,Knee.L_z,Ankle.L_x,Ankle.L_y,Ankle.L_z,Wrist.R_x,Wrist.R_y,Wrist.R_z,Elbow.R_x,Elbow.R_y,Elbow.R_z,Shoulder.R_x,Shoulder.R_y,Shoulder.R_z,Shoulder.L_x,Shoulder.L_y,Shoulder.L_z,Elbow.L_x,Elbow.L_y,Elbow.L_z,Wrist.L_x,Wrist.L_y,Wrist.L_z,Neck_x,Neck_y,Neck_z,Head_x,Head_y,Head_z,Nose_x,Nose_y,Nose_z,Eye.L_x,Eye.L_y,Eye.L_z,Eye.R_x,Eye.R_y,Eye.R_z,Ear.L_x,Ear.L_y,Ear.L_z,Ear.R_x,Ear.R_y,Ear.R_z,hip.Center_x,hip.Center_y,hip.Center_z
0,0.5226928,0.064688645,0.12242397,0.16297734,0.09017046,0.33559427,-0.028085675,0.10107288,-0.04244129,-0.012474424,0.36675024,-0.030470017,0.17419542,0.31942254,0.3456038,0.56311566,0.3208101,0.16423781,-0.0038814312,-0.060812682,0.07536661,-0.1623272,-0.022300305,-0.13039277,-0.4290118,0.096879624,-0.100421205,-0.41084772,0.39165747,-0.019590655,-0.12506762,0.43893868,-0.03118591,0.030438416,0.39830196,0.16732119,-0.499333,0.25410235,-0.048056297,-0.71129084,0.33075094,-0.06428447,-0.6699872,0.23499237,0.052879695,-0.6856856,0.29224044,0.038167592,-0.7017664,0.23918231,0.0015331581,-0.6277048,0.3599856,-0.010237899,-0.6629184,0.2480421,-0.096422635,-0.020280050113797188,0.23391155898571014,-0.036455653607845306
