frame,Ankle.R_x,Ankle.R_y,Ankle.R_z,Knee.R_x,Knee.R_y,Knee.R_z,Hip.R_x,Hip.R_y,Hip.R_z,Hip.L_x,Hip.L_y,Hip.L_z,Knee.L_x,Knee.L_y,Knee.L_z,Ankle.L_x,Ankle.L_y,Ankle.L_z,Wrist.R_x,Wrist.R_y,Wrist.R_z,Elbow.R_x,Elbow.R_y,Elbow.R_z,Shoulder.R_x,Shoulder.R_y,Shoulder.R_z,Shoulder.L_x,Shoulder.L_y,Shoulder.L_z,Elbow.L_x,Elbow.L_y,Elbow.L_z,Wrist.L_x,Wrist.L_y,Wrist.L_z,Neck_x,Neck_y,Neck_z,Head_x,Head_y,Head_z,Nose_x,Nose_y,Nose_z,Eye.L_x,Eye.L_y,Eye.L_z,Eye.R_x,Eye.R_y,Eye.R_z,Ear.L_x,Ear.L_y,Ear.L_z,Ear.R_x,Ear.R_y,Ear.R_z,hip.Center_x,hip.Center_y,hip.Center_z
0,0.52962667,0.067734964,0.13088582,0.16533165,0.0914126,0.33938068,-0.026528783,0.10072878,-0.038866766,-0.012389685,0.36557177,-0.03203833,0.19149776,0.32711405,0.34119588,0.57730883,0.30542594,0.15088314,-0.058627274,-0.028818032,0.09964068,-0.17375766,-0.033455778,-0.1326538,-0.43495983,0.09239736,-0.098959476,-0.41662145,0.39137843,-0.038064633,-0.13286063,0.44230738,-0.05382685,-0.036573242,0.38079613,0.17102322,-0.50166297,0.2515683,-0.058196515,-0.7116117,0.3254751,-0.08034013,-0.67068213,0.23104304,0.037824538,-0.68739045,0.2878636,0.022493705,-0.70158416,0.23432025,-0.014250319,-0.6298213,0.35674676,-0.024958555,-0.66092485,0.24369845,-0.11092077,-0.019459234550595284,0.23315027356147766,-0.035452548414468765
