frame,Ankle.R_x,Ankle.R_y,Ankle.R_z,Knee.R_x,Knee.R_y,Knee.R_z,Hip.R_x,Hip.R_y,Hip.R_z,Hip.L_x,Hip.L_y,Hip.L_z,Knee.L_x,Knee.L_y,Knee.L_z,Ankle.L_x,Ankle.L_y,Ankle.L_z,Wrist.R_x,Wrist.R_y,Wrist.R_z,Elbow.R_x,Elbow.R_y,Elbow.R_z,Shoulder.R_x,Shoulder.R_y,Shoulder.R_z,Shoulder.L_x,Shoulder.L_y,Shoulder.L_z,Elbow.L_x,Elbow.L_y,Elbow.L_z,Wrist.L_x,Wrist.L_y,Wrist.L_z,Neck_x,Neck_y,Neck_z,Head_x,Head_y,Head_z,Nose_x,Nose_y,Nose_z,Eye.L_x,Eye.L_y,Eye.L_z,Eye.R_x,Eye.R_y,Eye.R_z,Ear.L_x,Ear.L_y,Ear.L_z,Ear.R_x,Ear.R_y,Ear.R_z,hip.Center_x,hip.Center_y,hip.Center_z
0,0.5575621,0.05884009,0.13107312,0.1820384,0.080729306,0.32337356,-0.02919403,0.10130933,-0.045414835,-0.011658682,0.36597118,-0.02435299,0.21915595,0.30690962,0.33007815,0.61131567,0.29969868,0.14832419,-0.043229185,-0.069734104,0.09357266,-0.18805547,-0.04302599,-0.123885565,-0.43889314,0.10556172,-0.106633425,-0.41001362,0.39486372,-0.009483914,-0.12385409,0.43156394,-0.0046968334,0.036108587,0.33622935,0.17136322,-0.50033456,0.25983673,-0.046847224,-0.7142929,0.32869664,-0.054016523,-0.6656938,0.22512044,0.052987814,-0.6849047,0.28218743,0.04400756,-0.69829077,0.23217568,0.0025253408,-0.6317044,0.35798144,0.0017363392,-0.6613599,0.25266042,-0.0942236,-0.020426355302333832,0.23364025354385376,-0.03488391265273094
