frame,Ankle.R_x,Ankle.R_y,Ankle.R_z,Knee.R_x,Knee.R_y,Knee.R_z,Hip.R_x,Hip.R_y,Hip.R_z,Hip.L_x,Hip.L_y,Hip.L_z,Knee.L_x,Knee.L_y,Knee.L_z,Ankle.L_x,Ankle.L_y,Ankle.L_z,Wrist.R_x,Wrist.R_y,Wrist.R_z,Elbow.R_x,Elbow.R_y,Elbow.R_z,Shoulder.R_x,Shoulder.R_y,Shoulder.R_z,Shoulder.L_x,Shoulder.L_y,Shoulder.L_z,Elbow.L_x,Elbow.L_y,Elbow.L_z,Wrist.L_x,Wrist.L_y,Wrist.L_z,Neck_x,Neck_y,Neck_z,Head_x,Head_y,Head_z,Nose_x,Nose_y,Nose_z,Eye.L_x,Eye.L_y,Eye.L_z,Eye.R_x,Eye.R_y,Eye.R_z,Ear.L_x,Ear.L_y,Ear.L_z,Ear.R_x,Ear.R_y,Ear.R_z,hip.Center_x,hip.Center_y,hip.Center_z
0,0.19631103,-0.00642714,-0.03882461,0.024304708,0.035015028,0.31778368,-0.0061005885,0.10889208,-0.092809156,-0.019025102,0.36180365,0.008279038,0.021081958,0.20336239,0.37481043,0.22792692,0.17183866,0.032253172,-0.0077338475,-0.032233335,-0.22324342,-0.26011196,-0.05824558,-0.2748833,-0.4389882,0.036437664,-0.08846532,-0.42639583,0.28411666,0.02895422,-0.19568013,0.29196393,-0.09474094,-0.2067427,0.06423757,0.018935932,-0.48419017,0.13573891,-0.019088278,-0.63106304,0.15632969,0.08088538,-0.63568616,0.1340448,-0.07597242,-0.6610737,0.115322426,-0.024848565,-0.6287499,0.1739378,-0.033162907,-0.61354697,0.056073196,0.05117318,-0.5482522,0.1830566,0.031680554,-0.012562844902276993,0.23534786701202393,-0.04226505756378174
