frame,Ankle.R_x,Ankle.R_y,Ankle.R_z,Knee.R_x,Knee.R_y,Knee.R_z,Hip.R_x,Hip.R_y,Hip.R_z,Hip.L_x,Hip.L_y,Hip.L_z,Knee.L_x,Knee.L_y,Knee.L_z,Ankle.L_x,Ankle.L_y,Ankle.L_z,Wrist.R_x,Wrist.R_y,Wrist.R_z,Elbow.R_x,Elbow.R_y,Elbow.R_z,Shoulder.R_x,Shoulder.R_y,Shoulder.R_z,Shoulder.L_x,Shoulder.L_y,Shoulder.L_z,Elbow.L_x,Elbow.L_y,Elbow.L_z,Wrist.L_x,Wrist.L_y,Wrist.L_z,Neck_x,Neck_y,Neck_z,Head_x,Head_y,Head_z,Nose_x,Nose_y,Nose_z,Eye.L_x,Eye.L_y,Eye.L_z,Eye.R_x,Eye.R_y,Eye.R_z,Ear.L_x,Ear.L_y,Ear.L_z,Ear.R_x,Ear.R_y,Ear.R_z,hip.Center_x,hip.Center_y,hip.Center_z
0,0.5655777,0.049226366,0.13030966,0.19043851,0.08377022,0.3188533,-0.030237602,0.10138367,-0.039212316,-0.012419061,0.36449757,-0.027105523,0.23092978,0.30928698,0.31776223,0.6239246,0.29274848,0.14055501,-0.041737422,-0.035470646,0.08626037,-0.18004222,-0.04166956,-0.1334157,-0.4344165,0.0986381,-0.097632065,-0.40931213,0.39378533,-0.025590232,-0.12357266,0.4409928,-0.03305387,0.012946004,0.3891533,0.17426758,-0.500006,0.25685632,-0.050057806,-0.71460354,0.32667688,-0.06727947,-0.6698568,0.23130591,0.048180144,-0.6882277,0.28772402,0.034397587,-0.7015369,0.23483267,-0.0031922385,-0.63305897,0.35877675,-0.012273822,-0.66237664,0.24735244,-0.10016404,-0.021328331902623177,0.23294061422348022,-0.03315892070531845
