frame,Ankle.R_x,Ankle.R_y,Ankle.R_z,Knee.R_x,Knee.R_y,Knee.R_z,Hip.R_x,Hip.R_y,Hip.R_z,Hip.L_x,Hip.L_y,Hip.L_z,Knee.L_x,Knee.L_y,Knee.L_z,Ankle.L_x,Ankle.L_y,Ankle.L_z,Wrist.R_x,Wrist.R_y,Wrist.R_z,Elbow.R_x,Elbow.R_y,Elbow.R_z,Shoulder.R_x,Shoulder.R_y,Shoulder.R_z,Shoulder.L_x,Shoulder.L_y,Shoulder.L_z,Elbow.L_x,Elbow.L_y,Elbow.L_z,Wrist.L_x,Wrist.L_y,Wrist.L_z,Neck_x,Neck_y,Neck_z,Head_x,Head_y,Head_z,Nose_x,Nose_y,Nose_z,Eye.L_x,Eye.L_y,Eye.L_z,Eye.R_x,Eye.R_y,Eye.R_z,Ear.L_x,Ear.L_y,Ear.L_z,Ear.R_x,Ear.R_y,Ear.R_z,hip.Center_x,hip.Center_y,hip.Center_z
0,0.22266313,0.0023050152,-0.018662501,0.008811925,0.036700495,0.31252214,0.001801377,0.110206,-0.09771607,-0.025789898,0.35606462,0.013411731,0.0015369481,0.2018886,0.3772113,0.23435259,0.18403983,0.05544307,-0.010369304,-0.073197,-0.22309972,-0.25978974,-0.057476014,-0.29471573,-0.43514764,0.029985588,-0.09913853,-0.42354617,0.28014475,-0.0035075527,-0.19048679,0.29567724,-0.13563861,-0.07858305,0.28083992,0.08905417,-0.4819805,0.1330158,-0.034426384,-0.6266396,0.17806856,0.054495975,-0.6285447,0.13933665,-0.0996674,-0.657918,0.13015872,-0.047920443,-0.6181003,0.18274964,-0.06110809,-0.6219573,0.07432622,0.03619416,-0.5385351,0.18881434,0.0064352155,-0.011994260363280773,0.23313531279563904,-0.04215217009186745
