frame,Ankle.R_x,Ankle.R_y,Ankle.R_z,Knee.R_x,Knee.R_y,Knee.R_z,Hip.R_x,Hip.R_y,Hip.R_z,Hip.L_x,Hip.L_y,Hip.L_z,Knee.L_x,Knee.L_y,Knee.L_z,Ankle.L_x,Ankle.L_y,Ankle.L_z,Wrist.R_x,Wrist.R_y,Wrist.R_z,Elbow.R_x,Elbow.R_y,Elbow.R_z,Shoulder.R_x,Shoulder.R_y,Shoulder.R_z,Shoulder.L_x,Shoulder.L_y,Shoulder.L_z,Elbow.L_x,Elbow.L_y,Elbow.L_z,Wrist.L_x,Wrist.L_y,Wrist.L_z,Neck_x,Neck_y,Neck_z,Head_x,Head_y,Head_z,Nose_x,Nose_y,Nose_z,Eye.L_x,Eye.L_y,Eye.L_z,Eye.R_x,Eye.R_y,Eye.R_z,Ear.L_x,Ear.L_y,Ear.L_z,Ear.R_x,Ear.R_y,Ear.R_z,hip.Center_x,hip.Center_y,hip.Center_z
0,0.59547687,0.046437494,0.1211244,0.21240196,0.08104547,0.30442154,-0.02867625,0.10195919,-0.046409063,-0.014194045,0.36517748,-0.01933128,0.23269533,0.29927868,0.3225785,0.6154089,0.28988194,0.1218997,-0.04405604,-0.06558958,0.087640025,-0.18817958,-0.044808276,-0.13068314,-0.43948394,0.101489365,-0.110200055,-0.41503435,0.38964626,-0.011096755,-0.1296044,0.43247196,3.0063915e-05,0.026022056,0.3215831,0.17166783,-0.50277406,0.2544529,-0.050600477,-0.7185202,0.31732315,-0.060774326,-0.66637933,0.22004414,0.050143234,-0.6874726,0.27601194,0.03881797,-0.6994979,0.22395197,-0.00037577003,-0.6367875,0.35130262,-0.0066865385,-0.66337174,0.24145457,-0.098071136,-0.021435147151350975,0.23356834053993225,-0.03287017345428467
