frame,Ankle.R_x,Ankle.R_y,Ankle.R_z,Knee.R_x,Knee.R_y,Knee.R_z,Hip.R_x,Hip.R_y,Hip.R_z,Hip.L_x,Hip.L_y,Hip.L_z,Knee.L_x,Knee.L_y,Knee.L_z,Ankle.L_x,Ankle.L_y,Ankle.L_z,Wrist.R_x,Wrist.R_y,Wrist.R_z,Elbow.R_x,Elbow.R_y,Elbow.R_z,Shoulder.R_x,Shoulder.R_y,Shoulder.R_z,Shoulder.L_x,Shoulder.L_y,Shoulder.L_z,Elbow.L_x,Elbow.L_y,Elbow.L_z,Wrist.L_x,Wrist.L_y,Wrist.L_z,Neck_x,Neck_y,Neck_z,Head_x,Head_y,Head_z,Nose_x,Nose_y,Nose_z,Eye.L_x,Eye.L_y,Eye.L_z,Eye.R_x,Eye.R_y,Eye.R_z,Ear.L_x,Ear.L_y,Ear.L_z,Ear.R_x,Ear.R_y,Ear.R_z,hip.Center_x,hip.Center_y,hip.Center_z
0,0.23447317,-0.007982747,-0.019110614,0.023639586,0.030607576,0.31781664,-0.0014964198,0.10833605,-0.091246195,-0.023103967,0.36056054,0.007601592,0.02393454,0.19958475,0.37585747,0.2478758,0.17999546,0.04206381,-0.019182403,-0.035298754,-0.22998352,-0.27146533,-0.051990055,-0.28280804,-0.44323537,0.041349318,-0.09227823,-0.42487046,0.2874252,0.02475094,-0.17321493,0.2971593,-0.04963127,-0.23900265,0.05794522,0.010468,-0.48471415,0.14058119,-0.026327789,-0.62798285,0.16496986,0.07637548,-0.637681,0.13844782,-0.079156145,-0.6612405,0.12133868,-0.02683787,-0.6294491,0.17969961,-0.037754804,-0.6111355,0.064725414,0.049218103,-0.54661655,0.19070336,0.023708567,-0.012300193309783936,0.23444828391075134,-0.04182230308651924
