frame,Ankle.R_x,Ankle.R_y,Ankle.R_z,Knee.R_x,Knee.R_y,Knee.R_z,Hip.R_x,Hip.R_y,Hip.R_z,Hip.L_x,Hip.L_y,Hip.L_z,Knee.L_x,Knee.L_y,Knee.L_z,Ankle.L_x,Ankle.L_y,Ankle.L_z,Wrist.R_x,Wrist.R_y,Wrist.R_z,Elbow.R_x,Elbow.R_y,Elbow.R_z,Shoulder.R_x,Shoulder.R_y,Shoulder.R_z,Shoulder.L_x,Shoulder.L_y,Shoulder.L_z,Elbow.L_x,Elbow.L_y,Elbow.L_z,Wrist.L_x,Wrist.L_y,Wrist.L_z,Neck_x,Neck_y,Neck_z,Head_x,Head_y,Head_z,Nose_x,Nose_y,Nose_z,Eye.L_x,Eye.L_y,Eye.L_z,Eye.R_x,Eye.R_y,Eye.R_z,Ear.L_x,Ear.L_y,Ear.L_z,Ear.R_x,Ear.R_y,Ear.R_z,hip.Center_x,hip.Center_y,hip.Center_z
0,0.5846877,0.056327205,0.12434555,0.19927643,0.06013204,0.30257297,-0.02474351,0.10332308,-0.053739846,-0.017703211,0.3643056,-0.012763549,0.21716265,0.2842465,0.33209386,0.61982876,0.28427124,0.1717689,-0.025184514,-0.034716103,0.0756122,-0.17838286,-0.04195178,-0.1358062,-0.4352965,0.09430285,-0.113796584,-0.40869716,0.3843782,-0.027556632,-0.12245587,0.42257112,-0.023552662,0.018278318,0.37114954,0.18240827,-0.49996665,0.250701,-0.061332874,-0.71351665,0.32237768,-0.079868555,-0.6705614,0.22271027,0.032654304,-0.68861353,0.2797187,0.020659938,-0.7015244,0.22819754,-0.019019902,-0.6326253,0.352336,-0.022696745,-0.6608453,0.24402714,-0.11498357,-0.021223360672593117,0.2338143289089203,-0.033251695334911346
