frame,Ankle.R_x,Ankle.R_y,Ankle.R_z,Knee.R_x,Knee.R_y,Knee.R_z,Hip.R_x,Hip.R_y,Hip.R_z,Hip.L_x,Hip.L_y,Hip.L_z,Knee.L_x,Knee.L_y,Knee.L_z,Ankle.L_x,Ankle.L_y,Ankle.L_z,Wrist.R_x,Wrist.R_y,Wrist.R_z,Elbow.R_x,Elbow.R_y,Elbow.R_z,Shoulder.R_x,Shoulder.R_y,Shoulder.R_z,Shoulder.L_x,Shoulder.L_y,Shoulder.L_z,Elbow.L_x,Elbow.L_y,Elbow.L_z,Wrist.L_x,Wrist.L_y,Wrist.L_z,Neck_x,Neck_y,Neck_z,Head_x,Head_y,Head_z,Nose_x,Nose_y,Nose_z,Eye.L_x,Eye.L_y,Eye.L_z,Eye.R_x,Eye.R_y,Eye.R_z,Ear.L_x,Ear.L_y,Ear.L_z,Ear.R_x,Ear.R_y,Ear.R_z,hip.Center_x,hip.Center_y,hip.Center_z
0,0.584867,0.05699398,0.1300088,0.19766493,0.0649148,0.30417156,-0.026371226,0.10299477,-0.05234187,-0.016052235,0.3641601,-0.01346163,0.2279178,0.2840646,0.32596317,0.6267505,0.2858688,0.15645565,-0.027823323,-0.028744409,0.08233911,-0.17970935,-0.039846584,-0.12938674,-0.43602005,0.09627588,-0.10651071,-0.41052607,0.38720596,-0.02283264,-0.12556599,0.43201646,-0.020677604,0.016358439,0.3790841,0.18371665,-0.5004778,0.25219417,-0.054207195,-0.71646464,0.31771374,-0.068095,-0.6662786,0.22350924,0.046047326,-0.6864834,0.27950805,0.032789066,-0.69925505,0.22624837,-0.0045473464,-0.6345058,0.3520922,-0.01514541,-0.6627204,0.23978472,-0.10248315,-0.02121173031628132,0.2335774302482605,-0.03290174901485443
