frame,Ankle.R_x,Ankle.R_y,Ankle.R_z,Knee.R_x,Knee.R_y,Knee.R_z,Hip.R_x,Hip.R_y,Hip.R_z,Hip.L_x,Hip.L_y,Hip.L_z,Knee.L_x,Knee.L_y,Knee.L_z,Ankle.L_x,Ankle.L_y,Ankle.L_z,Wrist.R_x,Wrist.R_y,Wrist.R_z,Elbow.R_x,Elbow.R_y,Elbow.R_z,Shoulder.R_x,Shoulder.R_y,Shoulder.R_z,Shoulder.L_x,Shoulder.L_y,Shoulder.L_z,Elbow.L_x,Elbow.L_y,Elbow.L_z,Wrist.L_x,Wrist.L_y,Wrist.L_z,Neck_x,Neck_y,Neck_z,Head_x,Head_y,Head_z,Nose_x,Nose_y,Nose_z,Eye.L_x,Eye.L_y,Eye.L_z,Eye.R_x,Eye.R_y,Eye.R_z,Ear.L_x,Ear.L_y,Ear.L_z,Ear.R_x,Ear.R_y,Ear.R_z,hip.Center_x,hip.Center_y,hip.Center_z
0,0.23493327,-0.0005026902,-0.024431316,0.0016670084,0.011703996,0.30225304,-0.007830592,0.1032779,-0.08735442,-0.01761044,0.3616701,0.0015423128,-0.008258209,0.1887911,0.3566889,0.2893898,0.2125318,0.076211505,-0.035848767,-0.051043805,-0.2353445,-0.29415286,-0.063914254,-0.24683507,-0.4368863,0.03713386,-0.04085634,-0.42843032,0.2887712,0.047079496,-0.17288762,0.29952264,-0.0053467816,-0.25729018,0.059196424,0.004599341,-0.4798799,0.135888,0.0062147607,-0.6550521,0.15707362,0.048868652,-0.5870692,0.13477285,-0.091501385,-0.63447165,0.11767172,-0.05858319,-0.6003231,0.17476347,-0.04978488,-0.6278641,0.056897514,0.029725948,-0.55924726,0.18132043,0.04492685,-0.012720515951514244,0.23247399926185608,-0.042906053364276886
