frame,Ankle.R_x,Ankle.R_y,Ankle.R_z,Knee.R_x,Knee.R_y,Knee.R_z,Hip.R_x,Hip.R_y,Hip.R_z,Hip.L_x,Hip.L_y,Hip.L_z,Knee.L_x,Knee.L_y,Knee.L_z,Ankle.L_x,Ankle.L_y,Ankle.L_z,Wrist.R_x,Wrist.R_y,Wrist.R_z,Elbow.R_x,Elbow.R_y,Elbow.R_z,Shoulder.R_x,Shoulder.R_y,Shoulder.R_z,Shoulder.L_x,Shoulder.L_y,Shoulder.L_z,Elbow.L_x,Elbow.L_y,Elbow.L_z,Wrist.L_x,Wrist.L_y,Wrist.L_z,Neck_x,Neck_y,Neck_z,Head_x,Head_y,Head_z,Nose_x,Nose_y,Nose_z,Eye.L_x,Eye.L_y,Eye.L_z,Eye.R_x,Eye.R_y,Eye.R_z,Ear.L_x,Ear.L_y,Ear.L_z,Ear.R_x,Ear.R_y,Ear.R_z,hip.Center_x,hip.Center_y,hip.Center_z
0,0.39742702,0.19092228,0.087870315,0.09870794,0.1287171,0.35127175,0.0026497466,0.09290818,-0.07112084,-0.043051474,0.35381392,-0.01969398,0.032948356,0.35916492,0.3700941,0.27297541,0.43909967,0.04416306,-0.159894,-0.016078893,-0.07933788,-0.27976125,0.017314114,-0.29848954,-0.39192596,0.043888647,-0.038239844,-0.3649009,0.3117519,0.04972287,-0.19242716,0.42104378,-0.16111511,-0.12205922,0.6369543,-0.06045378,-0.44783732,0.1640522,0.053378835,-0.5870131,0.24048801,0.18454781,-0.62178415,0.19548064,0.038539223,-0.6418001,0.19244078,0.09440601,-0.60010684,0.23956212,0.071096405,-0.59681964,0.13601878,0.17467916,-0.5078984,0.23999563,0.123608276,-0.020200863480567932,0.2233610451221466,-0.045407410711050034
