frame,Ankle.R_x,Ankle.R_y,Ankle.R_z,Knee.R_x,Knee.R_y,Knee.R_z,Hip.R_x,Hip.R_y,Hip.R_z,Hip.L_x,Hip.L_y,Hip.L_z,Knee.L_x,Knee.L_y,Knee.L_z,Ankle.L_x,Ankle.L_y,Ankle.L_z,Wrist.R_x,Wrist.R_y,Wrist.R_z,Elbow.R_x,Elbow.R_y,Elbow.R_z,Shoulder.R_x,Shoulder.R_y,Shoulder.R_z,Shoulder.L_x,Shoulder.L_y,Shoulder.L_z,Elbow.L_x,Elbow.L_y,Elbow.L_z,Wrist.L_x,Wrist.L_y,Wrist.L_z,Neck_x,Neck_y,Neck_z,Head_x,Head_y,Head_z,Nose_x,Nose_y,Nose_z,Eye.L_x,Eye.L_y,Eye.L_z,Eye.R_x,Eye.R_y,Eye.R_z,Ear.L_x,Ear.L_y,Ear.L_z,Ear.R_x,Ear.R_y,Ear.R_z,hip.Center_x,hip.Center_y,hip.Center_z
0,0.47956866,0.2136677,0.20287386,0.09829729,0.18257834,0.36321938,-0.0072863996,0.094149664,-0.014771222,-0.03268089,0.35845396,-0.053926107,0.25590593,0.4108638,0.2662802,0.58699834,0.52184063,0.005808364,-0.14420457,-0.0445801,0.3561147,-0.24261023,-0.12669235,0.124578975,-0.43918407,0.053006433,-0.0038097473,-0.41321415,0.34518436,-0.10158415,-0.185859,0.5250151,-0.09419997,-0.09872388,0.74773633,0.013724117,-0.4958264,0.20987087,-0.060115773,-0.67781436,0.2492499,-0.16898178,-0.69277084,0.24466956,-0.012869082,-0.6949326,0.28138682,-0.062281944,-0.7050869,0.21533668,-0.06441194,-0.6131518,0.31178862,-0.11665914,-0.6343837,0.16796456,-0.1284053,-0.019983645528554916,0.22630181908607483,-0.034348662942647934
