frame,Ankle.R_x,Ankle.R_y,Ankle.R_z,Knee.R_x,Knee.R_y,Knee.R_z,Hip.R_x,Hip.R_y,Hip.R_z,Hip.L_x,Hip.L_y,Hip.L_z,Knee.L_x,Knee.L_y,Knee.L_z,Ankle.L_x,Ankle.L_y,Ankle.L_z,Wrist.R_x,Wrist.R_y,Wrist.R_z,Elbow.R_x,Elbow.R_y,Elbow.R_z,Shoulder.R_x,Shoulder.R_y,Shoulder.R_z,Shoulder.L_x,Shoulder.L_y,Shoulder.L_z,Elbow.L_x,Elbow.L_y,Elbow.L_z,Wrist.L_x,Wrist.L_y,Wrist.L_z,Neck_x,Neck_y,Neck_z,Head_x,Head_y,Head_z,Nose_x,Nose_y,Nose_z,Eye.L_x,Eye.L_y,Eye.L_z,Eye.R_x,Eye.R_y,Eye.R_z,Ear.L_x,Ear.L_y,Ear.L_z,Ear.R_x,Ear.R_y,Ear.R_z,hip.Center_x,hip.Center_y,hip.Center_z
0,0.48162577,0.21411665,0.2127831,0.095418096,0.18278061,0.36340302,-0.007767599,0.09422386,-0.015032838,-0.032529283,0.3583789,-0.05375767,0.25936934,0.4153707,0.2624133,0.5938555,0.52212423,0.0023985198,-0.13888712,-0.046786204,0.34196407,-0.23400106,-0.12978455,0.10936397,-0.43664044,0.04948931,-0.010149094,-0.4135456,0.34483224,-0.09941103,-0.18178308,0.5191401,-0.082082935,-0.08346981,0.73247796,0.035582095,-0.49583432,0.20727216,-0.062285323,-0.6769972,0.24458963,-0.17288442,-0.69492567,0.23590423,-0.017231822,-0.69723606,0.27365768,-0.065814726,-0.7052943,0.20742407,-0.0696826,-0.61526465,0.3078984,-0.11770014,-0.63193303,0.16383168,-0.13322438,-0.020148441195487976,0.226301372051239,-0.0343952551484108
