frame,Ankle.R_x,Ankle.R_y,Ankle.R_z,Knee.R_x,Knee.R_y,Knee.R_z,Hip.R_x,Hip.R_y,Hip.R_z,Hip.L_x,Hip.L_y,Hip.L_z,Knee.L_x,Knee.L_y,Knee.L_z,Ankle.L_x,Ankle.L_y,Ankle.L_z,Wrist.R_x,Wrist.R_y,Wrist.R_z,Elbow.R_x,Elbow.R_y,Elbow.R_z,Shoulder.R_x,Shoulder.R_y,Shoulder.R_z,Shoulder.L_x,Shoulder.L_y,Shoulder.L_z,Elbow.L_x,Elbow.L_y,Elbow.L_z,Wrist.L_x,Wrist.L_y,Wrist.L_z,Neck_x,Neck_y,Neck_z,Head_x,Head_y,Head_z,Nose_x,Nose_y,Nose_z,Eye.L_x,Eye.L_y,Eye.L_z,Eye.R_x,Eye.R_y,Eye.R_z,Ear.L_x,Ear.L_y,Ear.L_z,Ear.R_x,Ear.R_y,Ear.R_z,hip.Center_x,hip.Center_y,hip.Center_z
0,0.42664418,0.27332723,0.25141,0.0387752,0.18922864,0.3664207,-0.008447075,0.09366832,-0.011270533,-0.029364841,0.35748628,-0.05992411,0.26573393,0.41470248,0.25426126,0.6384372,0.5089929,0.040654056,-0.17962472,-0.020471849,0.35857958,-0.24791302,-0.12589729,0.12604223,-0.43703017,0.057323698,-0.01137474,-0.40658802,0.34804013,-0.11655819,-0.17866349,0.52719414,-0.096635886,-0.088468775,0.7433295,0.023233034,-0.49336419,0.21330024,-0.07162746,-0.6900145,0.2455001,-0.16847758,-0.6875612,0.2426396,-0.012084499,-0.69642997,0.2785196,-0.061349016,-0.703887,0.21211055,-0.061741926,-0.622481,0.3115578,-0.12451801,-0.6389579,0.16691093,-0.13259637,-0.01890595816075802,0.22557729482650757,-0.03559732064604759
