frame,Ankle.R_x,Ankle.R_y,Ankle.R_z,Knee.R_x,Knee.R_y,Knee.R_z,Hip.R_x,Hip.R_y,Hip.R_z,Hip.L_x,Hip.L_y,Hip.L_z,Knee.L_x,Knee.L_y,Knee.L_z,Ankle.L_x,Ankle.L_y,Ankle.L_z,Wrist.R_x,Wrist.R_y,Wrist.R_z,Elbow.R_x,Elbow.R_y,Elbow.R_z,Shoulder.R_x,Shoulder.R_y,Shoulder.R_z,Shoulder.L_x,Shoulder.L_y,Shoulder.L_z,Elbow.L_x,Elbow.L_y,Elbow.L_z,Wrist.L_x,Wrist.L_y,Wrist.L_z,Neck_x,Neck_y,Neck_z,Head_x,Head_y,Head_z,Nose_x,Nose_y,Nose_z,Eye.L_x,Eye.L_y,Eye.L_z,Eye.R_x,Eye.R_y,Eye.R_z,Ear.L_x,Ear.L_y,Ear.L_z,Ear.R_x,Ear.R_y,Ear.R_z,hip.Center_x,hip.Center_y,hip.Center_z
0,0.32340866,0.11707618,0.038100116,0.06311578,0.12621076,0.3457941,0.030237861,0.10527393,-0.087593935,-0.061525337,0.3402238,0.0033258814,0.022046788,0.298547,0.39286873,0.27463192,0.39132878,0.08152695,-0.20379162,-0.050211743,-0.16283874,-0.3101442,-0.019345473,-0.39239612,-0.42052525,0.024785593,-0.1399079,-0.39484042,0.24233891,0.015654614,-0.21405748,0.3714799,-0.16154064,-0.1482854,0.5869497,-0.06134088,-0.4662789,0.11669807,-0.028580375,-0.5639624,0.21476647,0.07320378,-0.63430655,0.15620261,-0.05593667,-0.64289534,0.16580203,0.002408892,-0.59994555,0.19963811,-0.03604299,-0.5933264,0.114004195,0.08187094,-0.5025421,0.18978888,-2.3119152e-05,-0.015643738210201263,0.22274886071681976,-0.04213402792811394
