frame,Ankle.R_x,Ankle.R_y,Ankle.R_z,Knee.R_x,Knee.R_y,Knee.R_z,Hip.R_x,Hip.R_y,Hip.R_z,Hip.L_x,Hip.L_y,Hip.L_z,Knee.L_x,Knee.L_y,Knee.L_z,Ankle.L_x,Ankle.L_y,Ankle.L_z,Wrist.R_x,Wrist.R_y,Wrist.R_z,Elbow.R_x,Elbow.R_y,Elbow.R_z,Shoulder.R_x,Shoulder.R_y,Shoulder.R_z,Shoulder.L_x,Shoulder.L_y,Shoulder.L_z,Elbow.L_x,Elbow.L_y,Elbow.L_z,Wrist.L_x,Wrist.L_y,Wrist.L_z,Neck_x,Neck_y,Neck_z,Head_x,Head_y,Head_z,Nose_x,Nose_y,Nose_z,Eye.L_x,Eye.L_y,Eye.L_z,Eye.R_x,Eye.R_y,Eye.R_z,Ear.L_x,Ear.L_y,Ear.L_z,Ear.R_x,Ear.R_y,Ear.R_z,hip.Center_x,hip.Center_y,hip.Center_z
0,0.4463965,0.22411641,0.237719,0.052476153,0.18707426,0.36088598,-0.009833051,0.09375,-0.0137532465,-0.03044806,0.35947254,-0.05641508,0.2687943,0.4159492,0.25264704,0.5952693,0.5275455,-0.0137908785,-0.17625423,-0.02418708,0.39217287,-0.2584397,-0.12065182,0.15859272,-0.4413686,0.058780357,0.008938013,-0.41187984,0.3452055,-0.10640995,-0.18604282,0.5271481,-0.101422824,-0.10214287,0.7556467,-0.0004979186,-0.4965784,0.21220283,-0.057479963,-0.6779061,0.24034972,-0.17258084,-0.697145,0.23678216,-0.016981632,-0.7008889,0.27256858,-0.067120954,-0.7053117,0.20578547,-0.06854251,-0.61981624,0.30904174,-0.11957996,-0.6290877,0.1635615,-0.1297012,-0.020140554755926132,0.22661127150058746,-0.03508416563272476
