frame,Ankle.R_x,Ankle.R_y,Ankle.R_z,Knee.R_x,Knee.R_y,Knee.R_z,Hip.R_x,Hip.R_y,Hip.R_z,Hip.L_x,Hip.L_y,Hip.L_z,Knee.L_x,Knee.L_y,Knee.L_z,Ankle.L_x,Ankle.L_y,Ankle.L_z,Wrist.R_x,Wrist.R_y,Wrist.R_z,Elbow.R_x,Elbow.R_y,Elbow.R_z,Shoulder.R_x,Shoulder.R_y,Shoulder.R_z,Shoulder.L_x,Shoulder.L_y,Shoulder.L_z,Elbow.L_x,Elbow.L_y,Elbow.L_z,Wrist.L_x,Wrist.L_y,Wrist.L_z,Neck_x,Neck_y,Neck_z,Head_x,Head_y,Head_z,Nose_x,Nose_y,Nose_z,Eye.L_x,Eye.L_y,Eye.L_z,Eye.R_x,Eye.R_y,Eye.R_z,Ear.L_x,Ear.L_y,Ear.L_z,Ear.R_x,Ear.R_y,Ear.R_z,hip.Center_x,hip.Center_y,hip.Center_z
0,0.41970912,0.299107,0.27428168,0.031273834,0.19421048,0.37218773,-0.008124365,0.09455632,-0.006990702,-0.027528273,0.3549587,-0.064873435,0.26886308,0.43062088,0.24400891,0.6610317,0.49840957,0.055541534,-0.22844677,0.013210231,0.37655428,-0.27035218,-0.116349846,0.15134543,-0.44125196,0.0603966,-0.013243187,-0.4022371,0.34353697,-0.1319754,-0.17612015,0.5219844,-0.09860433,-0.08265001,0.73622495,0.020750845,-0.49134707,0.21174897,-0.082273774,-0.68648756,0.24294287,-0.17875916,-0.68455875,0.23732315,-0.022532146,-0.69394296,0.27384597,-0.07106449,-0.6997469,0.20731395,-0.07274028,-0.62070316,0.31011844,-0.13377397,-0.6334374,0.16534197,-0.14387622,-0.017826318740844727,0.22475752234458923,-0.03593206778168678
