frame,Ankle.R_x,Ankle.R_y,Ankle.R_z,Knee.R_x,Knee.R_y,Knee.R_z,Hip.R_x,Hip.R_y,Hip.R_z,Hip.L_x,Hip.L_y,Hip.L_z,Knee.L_x,Knee.L_y,Knee.L_z,Ankle.L_x,Ankle.L_y,Ankle.L_z,Wrist.R_x,Wrist.R_y,Wrist.R_z,Elbow.R_x,Elbow.R_y,Elbow.R_z,Shoulder.R_x,Shoulder.R_y,Shoulder.R_z,Shoulder.L_x,Shoulder.L_y,Shoulder.L_z,Elbow.L_x,Elbow.L_y,Elbow.L_z,Wrist.L_x,Wrist.L_y,Wrist.L_z,Neck_x,Neck_y,Neck_z,Head_x,Head_y,Head_z,Nose_x,Nose_y,Nose_z,Eye.L_x,Eye.L_y,Eye.L_z,Eye.R_x,Eye.R_y,Eye.R_z,Ear.L_x,Ear.L_y,Ear.L_z,Ear.R_x,Ear.R_y,Ear.R_z,hip.Center_x,hip.Center_y,hip.Center_z
0,0.3901216,0.17792168,0.090409465,0.077771455,0.10670543,0.337748,0.0081225615,0.09848874,-0.08255651,-0.049802944,0.35130942,-0.006973232,0.07458002,0.34953222,0.3757953,0.3288636,0.43308437,0.05587635,-0.23056868,0.009578535,-0.080493145,-0.3068354,0.017120596,-0.32090393,-0.40246564,0.031266764,-0.055913597,-0.3699961,0.28666478,0.05390762,-0.18336025,0.40820372,-0.13583681,-0.11660673,0.6385195,-0.065193236,-0.4522253,0.14273538,0.045154568,-0.5716541,0.20893878,0.1939656,-0.6262484,0.1857715,0.048616737,-0.6396936,0.1763227,0.10599313,-0.59785146,0.22391653,0.08378428,-0.5897478,0.10805374,0.17277429,-0.500289,0.21218139,0.12365993,-0.02084019035100937,0.2248990833759308,-0.044764868915081024
