frame,Ankle.R_x,Ankle.R_y,Ankle.R_z,Knee.R_x,Knee.R_y,Knee.R_z,Hip.R_x,Hip.R_y,Hip.R_z,Hip.L_x,Hip.L_y,Hip.L_z,Knee.L_x,Knee.L_y,Knee.L_z,Ankle.L_x,Ankle.L_y,Ankle.L_z,Wrist.R_x,Wrist.R_y,Wrist.R_z,Elbow.R_x,Elbow.R_y,Elbow.R_z,Shoulder.R_x,Shoulder.R_y,Shoulder.R_z,Shoulder.L_x,Shoulder.L_y,Shoulder.L_z,Elbow.L_x,Elbow.L_y,Elbow.L_z,Wrist.L_x,Wrist.L_y,Wrist.L_z,Neck_x,Neck_y,Neck_z,Head_x,Head_y,Head_z,Nose_x,Nose_y,Nose_z,Eye.L_x,Eye.L_y,Eye.L_z,Eye.R_x,Eye.R_y,Eye.R_z,Ear.L_x,Ear.L_y,Ear.L_z,Ear.R_x,Ear.R_y,Ear.R_z,hip.Center_x,hip.Center_y,hip.Center_z
0,0.46917444,0.23916183,0.2538206,0.07314727,0.1849596,0.36520234,-0.009926785,0.09466578,-0.0099787265,-0.0301299,0.35722032,-0.05799697,0.28322577,0.42466134,0.23433845,0.6195233,0.531636,-0.02194722,-0.22990958,0.019111589,0.40242577,-0.27811444,-0.110614635,0.17719387,-0.44274023,0.059400387,-0.00023134053,-0.40639037,0.34210747,-0.121518865,-0.1826042,0.523381,-0.09058112,-0.08810234,0.7395989,0.02557657,-0.49411333,0.20976225,-0.07305811,-0.68072,0.23470894,-0.18423158,-0.69190884,0.24225132,-0.028411306,-0.6965761,0.27477738,-0.08033649,-0.70396256,0.20846295,-0.07706957,-0.61734545,0.30395496,-0.13909566,-0.6327605,0.15913312,-0.13879588,-0.020028341561555862,0.22594305872917175,-0.033987849950790405
