frame,Ankle.R_x,Ankle.R_y,Ankle.R_z,Knee.R_x,Knee.R_y,Knee.R_z,Hip.R_x,Hip.R_y,Hip.R_z,Hip.L_x,Hip.L_y,Hip.L_z,Knee.L_x,Knee.L_y,Knee.L_z,Ankle.L_x,Ankle.L_y,Ankle.L_z,Wrist.R_x,Wrist.R_y,Wrist.R_z,Elbow.R_x,Elbow.R_y,Elbow.R_z,Shoulder.R_x,Shoulder.R_y,Shoulder.R_z,Shoulder.L_x,Shoulder.L_y,Shoulder.L_z,Elbow.L_x,Elbow.L_y,Elbow.L_z,Wrist.L_x,Wrist.L_y,Wrist.L_z,Neck_x,Neck_y,Neck_z,Head_x,Head_y,Head_z,Nose_x,Nose_y,Nose_z,Eye.L_x,Eye.L_y,Eye.L_z,Eye.R_x,Eye.R_y,Eye.R_z,Ear.L_x,Ear.L_y,Ear.L_z,Ear.R_x,Ear.R_y,Ear.R_z,hip.Center_x,hip.Center_y,hip.Center_z
0,0.49292806,0.2040524,0.21572673,0.10891633,0.18933325,0.36908904,-0.012894645,0.096985176,-0.002122334,-0.027463993,0.3557936,-0.064091,0.26800135,0.42617866,0.24683976,0.59131926,0.50877035,-0.024772186,-0.27107254,0.041598644,0.4117671,-0.2824733,-0.08748448,0.18160897,-0.445,0.0601394,-0.014652295,-0.4092638,0.34476542,-0.1272817,-0.17768371,0.51135683,-0.08619396,-0.08270072,0.71620345,0.045947976,-0.4975119,0.21225102,-0.08021636,-0.6889374,0.25154087,-0.1786547,-0.6916387,0.24009648,-0.022372812,-0.6985304,0.27865967,-0.06969704,-0.7065729,0.21258396,-0.074254006,-0.6226181,0.3144101,-0.12873885,-0.6393167,0.17078806,-0.14507872,-0.020179320126771927,0.22638937830924988,-0.033106666058301926
