frame,Ankle.R_x,Ankle.R_y,Ankle.R_z,Knee.R_x,Knee.R_y,Knee.R_z,Hip.R_x,Hip.R_y,Hip.R_z,Hip.L_x,Hip.L_y,Hip.L_z,Knee.L_x,Knee.L_y,Knee.L_z,Ankle.L_x,Ankle.L_y,Ankle.L_z,Wrist.R_x,Wrist.R_y,Wrist.R_z,Elbow.R_x,Elbow.R_y,Elbow.R_z,Shoulder.R_x,Shoulder.R_y,Shoulder.R_z,Shoulder.L_x,Shoulder.L_y,Shoulder.L_z,Elbow.L_x,Elbow.L_y,Elbow.L_z,Wrist.L_x,Wrist.L_y,Wrist.L_z,Neck_x,Neck_y,Neck_z,Head_x,Head_y,Head_z,Nose_x,Nose_y,Nose_z,Eye.L_x,Eye.L_y,Eye.L_z,Eye.R_x,Eye.R_y,Eye.R_z,Ear.L_x,Ear.L_y,Ear.L_z,Ear.R_x,Ear.R_y,Ear.R_z,hip.Center_x,hip.Center_y,hip.Center_z
0,0.40713006,0.25949124,0.24044445,0.026211599,0.19090596,0.37373644,-0.013026973,0.095756926,-0.00059026247,-0.023776313,0.35321394,-0.07298173,0.23864385,0.44382527,0.25744647,0.6236238,0.45986342,0.05635724,-0.27801764,0.028033856,0.39448425,-0.2858939,-0.106588505,0.16758507,-0.44244796,0.0584049,-0.020050006,-0.4018903,0.34255987,-0.13044982,-0.16793098,0.505105,-0.08553423,-0.07782616,0.71090955,0.048559804,-0.49278587,0.21137655,-0.08306879,-0.68862766,0.25999334,-0.17253035,-0.6857657,0.22899821,-0.019318372,-0.6951086,0.27278364,-0.06115461,-0.7015761,0.2076414,-0.07380213,-0.6220412,0.31799948,-0.117598705,-0.6362295,0.17713845,-0.1511488,-0.01840164326131344,0.22448542714118958,-0.036785997450351715
