frame,Ankle.R_x,Ankle.R_y,Ankle.R_z,Knee.R_x,Knee.R_y,Knee.R_z,Hip.R_x,Hip.R_y,Hip.R_z,Hip.L_x,Hip.L_y,Hip.L_z,Knee.L_x,Knee.L_y,Knee.L_z,Ankle.L_x,Ankle.L_y,Ankle.L_z,Wrist.R_x,Wrist.R_y,Wrist.R_z,Elbow.R_x,Elbow.R_y,Elbow.R_z,Shoulder.R_x,Shoulder.R_y,Shoulder.R_z,Shoulder.L_x,Shoulder.L_y,Shoulder.L_z,Elbow.L_x,Elbow.L_y,Elbow.L_z,Wrist.L_x,Wrist.L_y,Wrist.L_z,Neck_x,Neck_y,Neck_z,Head_x,Head_y,Head_z,Nose_x,Nose_y,Nose_z,Eye.L_x,Eye.L_y,Eye.L_z,Eye.R_x,Eye.R_y,Eye.R_z,Ear.L_x,Ear.L_y,Ear.L_z,Ear.R_x,Ear.R_y,Ear.R_z,hip.Center_x,hip.Center_y,hip.Center_z
0,0.3871488,0.05143224,0.059684273,0.09042374,0.108283214,0.3411608,0.028175358,0.1023095,-0.07704167,-0.062801324,0.3458697,-0.0022233834,0.05248732,0.29575527,0.38232625,0.2851201,0.3772377,0.0544789,-0.28098413,-0.014390799,-0.15280798,-0.32196602,-0.024556426,-0.4017225,-0.4076541,-0.0059481417,-0.13806343,-0.39245054,0.22847968,0.030441426,-0.13431153,0.363953,0.043406494,-0.11459959,0.58442616,0.15752563,-0.4615255,0.10489555,-0.02866914,-0.6158554,0.20713106,-0.05919963,-0.61791265,0.14604916,0.0868167,-0.6058879,0.19704568,0.053913306,-0.64862204,0.14825475,0.034996565,-0.52944326,0.20910765,-0.009105213,-0.6162073,0.1049166,-0.057437595,-0.01731298305094242,0.2240895926952362,-0.03963252529501915
