frame,Ankle.R_x,Ankle.R_y,Ankle.R_z,Knee.R_x,Knee.R_y,Knee.R_z,Hip.R_x,Hip.R_y,Hip.R_z,Hip.L_x,Hip.L_y,Hip.L_z,Knee.L_x,Knee.L_y,Knee.L_z,Ankle.L_x,Ankle.L_y,Ankle.L_z,Wrist.R_x,Wrist.R_y,Wrist.R_z,Elbow.R_x,Elbow.R_y,Elbow.R_z,Shoulder.R_x,Shoulder.R_y,Shoulder.R_z,Shoulder.L_x,Shoulder.L_y,Shoulder.L_z,Elbow.L_x,Elbow.L_y,Elbow.L_z,Wrist.L_x,Wrist.L_y,Wrist.L_z,Neck_x,Neck_y,Neck_z,Head_x,Head_y,Head_z,Nose_x,Nose_y,Nose_z,Eye.L_x,Eye.L_y,Eye.L_z,Eye.R_x,Eye.R_y,Eye.R_z,Ear.L_x,Ear.L_y,Ear.L_z,Ear.R_x,Ear.R_y,Ear.R_z,hip.Center_x,hip.Center_y,hip.Center_z
0,0.37619364,0.15517001,0.09508125,0.04652768,0.120174125,0.3280695,0.019733416,0.10315158,-0.09138475,-0.059199154,0.34468454,0.0032773877,0.029694827,0.31484774,0.37816936,0.23628204,0.3760606,0.035369463,-0.27167296,-0.0071387817,-0.081357494,-0.30752078,-0.02587332,-0.33010104,-0.40677616,0.014945969,-0.06973959,-0.36936378,0.24967082,0.07079455,-0.17058773,0.3813869,-0.0929749,-0.09090275,0.58980733,0.016772922,-0.44922572,0.1123355,0.04365151,-0.56273293,0.17683361,0.18721043,-0.6241035,0.14555871,0.045525618,-0.63412017,0.1380994,0.104135804,-0.5955132,0.186093,0.077626094,-0.57820064,0.075177535,0.17064372,-0.49629748,0.17986727,0.11235013,-0.019732870161533356,0.22391806542873383,-0.04405368119478226
