frame,Ankle.R_x,Ankle.R_y,Ankle.R_z,Knee.R_x,Knee.R_y,Knee.R_z,Hip.R_x,Hip.R_y,Hip.R_z,Hip.L_x,Hip.L_y,Hip.L_z,Knee.L_x,Knee.L_y,Knee.L_z,Ankle.L_x,Ankle.L_y,Ankle.L_z,Wrist.R_x,Wrist.R_y,Wrist.R_z,Elbow.R_x,Elbow.R_y,Elbow.R_z,Shoulder.R_x,Shoulder.R_y,Shoulder.R_z,Shoulder.L_x,Shoulder.L_y,Shoulder.L_z,Elbow.L_x,Elbow.L_y,Elbow.L_z,Wrist.L_x,Wrist.L_y,Wrist.L_z,Neck_x,Neck_y,Neck_z,Head_x,Head_y,Head_z,Nose_x,Nose_y,Nose_z,Eye.L_x,Eye.L_y,Eye.L_z,Eye.R_x,Eye.R_y,Eye.R_z,Ear.L_x,Ear.L_y,Ear.L_z,Ear.R_x,Ear.R_y,Ear.R_z,hip.Center_x,hip.Center_y,hip.Center_z
0,0.47706014,0.2009134,0.16217113,0.12282175,0.18877137,0.37218222,-0.014422176,0.09748103,-0.0009547733,-0.02618862,0.35639688,-0.067309655,0.24545923,0.4321636,0.26477194,0.54373133,0.47999397,-0.039062932,-0.26916543,0.046027675,0.41544804,-0.29033136,-0.08244306,0.18394747,-0.44168976,0.059239067,-0.026144922,-0.40489504,0.34802875,-0.13105664,-0.17586687,0.5167317,-0.078559,-0.06705521,0.72371703,0.041901574,-0.49513888,0.21234593,-0.08973423,-0.6960661,0.24984674,-0.17946576,-0.68682146,0.24086308,-0.023327215,-0.6968527,0.2787434,-0.070570275,-0.7061393,0.21272297,-0.07338805,-0.6252831,0.3123033,-0.13563965,-0.64492726,0.16887966,-0.14874974,-0.020305398851633072,0.22693896293640137,-0.0341322124004364
