frame,Ankle.R_x,Ankle.R_y,Ankle.R_z,Knee.R_x,Knee.R_y,Knee.R_z,Hip.R_x,Hip.R_y,Hip.R_z,Hip.L_x,Hip.L_y,Hip.L_z,Knee.L_x,Knee.L_y,Knee.L_z,Ankle.L_x,Ankle.L_y,Ankle.L_z,Wrist.R_x,Wrist.R_y,Wrist.R_z,Elbow.R_x,Elbow.R_y,Elbow.R_z,Shoulder.R_x,Shoulder.R_y,Shoulder.R_z,Shoulder.L_x,Shoulder.L_y,Shoulder.L_z,Elbow.L_x,Elbow.L_y,Elbow.L_z,Wrist.L_x,Wrist.L_y,Wrist.L_z,Neck_x,Neck_y,Neck_z,Head_x,Head_y,Head_z,Nose_x,Nose_y,Nose_z,Eye.L_x,Eye.L_y,Eye.L_z,Eye.R_x,Eye.R_y,Eye.R_z,Ear.L_x,Ear.L_y,Ear.L_z,Ear.R_x,Ear.R_y,Ear.R_z,hip.Center_x,hip.Center_y,hip.Center_z
0,0.46518996,0.20524393,0.17849611,0.10546702,0.18260892,0.3757903,-0.012983488,0.0973098,-0.002506089,-0.02623782,0.35628203,-0.06689398,0.23893028,0.4295122,0.27163815,0.549915,0.47827744,-0.019114919,-0.24453087,0.03697345,0.38963243,-0.26676425,-0.091675825,0.1588721,-0.4341871,0.04773149,-0.04020903,-0.40628126,0.3418744,-0.13150163,-0.17857516,0.50706637,-0.064424254,-0.06824072,0.7029592,0.071649835,-0.49297076,0.20213106,-0.09747184,-0.6941637,0.23978499,-0.18648073,-0.68454504,0.22769488,-0.030638231,-0.69452965,0.26647118,-0.077043034,-0.7040658,0.20059128,-0.08109479,-0.62323093,0.30105186,-0.14153497,-0.6432153,0.15811473,-0.15743195,-0.019610654562711716,0.22679591178894043,-0.03470003604888916
