frame,Ankle.R_x,Ankle.R_y,Ankle.R_z,Knee.R_x,Knee.R_y,Knee.R_z,Hip.R_x,Hip.R_y,Hip.R_z,Hip.L_x,Hip.L_y,Hip.L_z,Knee.L_x,Knee.L_y,Knee.L_z,Ankle.L_x,Ankle.L_y,Ankle.L_z,Wrist.R_x,Wrist.R_y,Wrist.R_z,Elbow.R_x,Elbow.R_y,Elbow.R_z,Shoulder.R_x,Shoulder.R_y,Shoulder.R_z,Shoulder.L_x,Shoulder.L_y,Shoulder.L_z,Elbow.L_x,Elbow.L_y,Elbow.L_z,Wrist.L_x,Wrist.L_y,Wrist.L_z,Neck_x,Neck_y,Neck_z,Head_x,Head_y,Head_z,Nose_x,Nose_y,Nose_z,Eye.L_x,Eye.L_y,Eye.L_z,Eye.R_x,Eye.R_y,Eye.R_z,Ear.L_x,Ear.L_y,Ear.L_z,Ear.R_x,Ear.R_y,Ear.R_z,hip.Center_x,hip.Center_y,hip.Center_z
0,0.43527135,0.18881994,0.12914248,0.11303606,0.17873837,0.37566182,-0.016426532,0.09837514,-0.0003444231,-0.023339726,0.35534862,-0.07018906,0.22980388,0.43732303,0.27149704,0.53397614,0.4094318,-0.022509055,-0.20386925,0.011221283,0.3334319,-0.24036983,-0.11503424,0.10660181,-0.43093854,0.04768557,-0.048292488,-0.40380308,0.34667134,-0.116123095,-0.16355985,0.4943991,-0.05107871,-0.05060158,0.68466794,0.08565071,-0.49251488,0.20631285,-0.090558335,-0.69627666,0.25722966,-0.16982177,-0.6841662,0.2176032,-0.019164177,-0.695374,0.2636047,-0.057581425,-0.70420307,0.19952197,-0.073322155,-0.62559736,0.31026947,-0.11585607,-0.644259,0.17254503,-0.15633555,-0.019883129745721817,0.2268618792295456,-0.03526674211025238
