frame,Ankle.R_x,Ankle.R_y,Ankle.R_z,Knee.R_x,Knee.R_y,Knee.R_z,Hip.R_x,Hip.R_y,Hip.R_z,Hip.L_x,Hip.L_y,Hip.L_z,Knee.L_x,Knee.L_y,Knee.L_z,Ankle.L_x,Ankle.L_y,Ankle.L_z,Wrist.R_x,Wrist.R_y,Wrist.R_z,Elbow.R_x,Elbow.R_y,Elbow.R_z,Shoulder.R_x,Shoulder.R_y,Shoulder.R_z,Shoulder.L_x,Shoulder.L_y,Shoulder.L_z,Elbow.L_x,Elbow.L_y,Elbow.L_z,Wrist.L_x,Wrist.L_y,Wrist.L_z,Neck_x,Neck_y,Neck_z,Head_x,Head_y,Head_z,Nose_x,Nose_y,Nose_z,Eye.L_x,Eye.L_y,Eye.L_z,Eye.R_x,Eye.R_y,Eye.R_z,Ear.L_x,Ear.L_y,Ear.L_z,Ear.R_x,Ear.R_y,Ear.R_z,hip.Center_x,hip.Center_y,hip.Center_z
0,0.3771586,0.22017233,0.15834051,0.04619605,0.13374206,0.3713155,-0.010056955,0.09499735,-0.014984779,-0.02560946,0.35739654,-0.064361,0.16858245,0.43105146,0.3084728,0.51524884,0.3927733,0.06553792,-0.20028296,-0.0023809508,0.3291549,-0.22559021,-0.12472994,0.09749496,-0.42355224,0.036596987,-0.05001551,-0.40378076,0.34048092,-0.09280443,-0.15958676,0.48208368,-0.023455543,-0.050664023,0.66286504,0.12981291,-0.4892397,0.19614673,-0.07739726,-0.69413525,0.24354142,-0.15095133,-0.6795231,0.19428666,-0.0034133997,-0.6931245,0.24229361,-0.038554065,-0.6986419,0.17898214,-0.058645662,-0.6260767,0.2966028,-0.09326596,-0.6379956,0.16095938,-0.14330782,-0.017833206802606583,0.22619694471359253,-0.039672888815402985
