frame,Ankle.R_x,Ankle.R_y,Ankle.R_z,Knee.R_x,Knee.R_y,Knee.R_z,Hip.R_x,Hip.R_y,Hip.R_z,Hip.L_x,Hip.L_y,Hip.L_z,Knee.L_x,Knee.L_y,Knee.L_z,Ankle.L_x,Ankle.L_y,Ankle.L_z,Wrist.R_x,Wrist.R_y,Wrist.R_z,Elbow.R_x,Elbow.R_y,Elbow.R_z,Shoulder.R_x,Shoulder.R_y,Shoulder.R_z,Shoulder.L_x,Shoulder.L_y,Shoulder.L_z,Elbow.L_x,Elbow.L_y,Elbow.L_z,Wrist.L_x,Wrist.L_y,Wrist.L_z,Neck_x,Neck_y,Neck_z,Head_x,Head_y,Head_z,Nose_x,Nose_y,Nose_z,Eye.L_x,Eye.L_y,Eye.L_z,Eye.R_x,Eye.R_y,Eye.R_z,Ear.L_x,Ear.L_y,Ear.L_z,Ear.R_x,Ear.R_y,Ear.R_z,hip.Center_x,hip.Center_y,hip.Center_z
0,0.5610254,0.1427233,0.30428606,0.14010917,0.1637759,0.37101382,-0.02455315,0.098909125,-0.01574685,-0.010014711,0.35805142,-0.054796994,0.24272566,0.3818038,0.29365346,0.6848038,0.40741432,0.28472,0.04564176,-0.16828689,-0.14125113,-0.19341397,-0.07082739,-0.20327245,-0.42469302,0.075392075,-0.11861216,-0.42582554,0.37246555,-0.05806357,-0.17375156,0.50883436,-0.028041342,0.0543624,0.57968307,0.07968895,-0.4927381,0.2271658,-0.08038719,-0.6900765,0.28036898,-0.13452849,-0.6703783,0.20792122,0.0039847954,-0.6850599,0.2607138,-0.023269787,-0.69056475,0.20151484,-0.052550487,-0.6210823,0.32481378,-0.07063546,-0.63260734,0.19827664,-0.14006768,-0.017283931374549866,0.2284802794456482,-0.03527192026376724
