frame,Ankle.R_x,Ankle.R_y,Ankle.R_z,Knee.R_x,Knee.R_y,Knee.R_z,Hip.R_x,Hip.R_y,Hip.R_z,Hip.L_x,Hip.L_y,Hip.L_z,Knee.L_x,Knee.L_y,Knee.L_z,Ankle.L_x,Ankle.L_y,Ankle.L_z,Wrist.R_x,Wrist.R_y,Wrist.R_z,Elbow.R_x,Elbow.R_y,Elbow.R_z,Shoulder.R_x,Shoulder.R_y,Shoulder.R_z,Shoulder.L_x,Shoulder.L_y,Shoulder.L_z,Elbow.L_x,Elbow.L_y,Elbow.L_z,Wrist.L_x,Wrist.L_y,Wrist.L_z,Neck_x,Neck_y,Neck_z,Head_x,Head_y,Head_z,Nose_x,Nose_y,Nose_z,Eye.L_x,Eye.L_y,Eye.L_z,Eye.R_x,Eye.R_y,Eye.R_z,Ear.L_x,Ear.L_y,Ear.L_z,Ear.R_x,Ear.R_y,Ear.R_z,hip.Center_x,hip.Center_y,hip.Center_z
0,0.22538081,0.14678928,0.060221862,-0.022012573,0.158388,0.35794228,-0.0055063656,0.090139456,-0.06032452,-0.018640496,0.35976213,-0.030563636,-0.012439418,0.32098693,0.37186638,0.2604479,0.32831398,0.07890846,-0.08061113,-0.08371268,-0.21453942,-0.27487332,0.022369606,-0.34094313,-0.4155625,0.0634198,-0.1005822,-0.41518906,0.32680815,-0.022800691,-0.25312322,0.40360883,-0.23589,-0.056329556,0.48170328,-0.10612193,-0.47099712,0.1754972,-0.024321452,-0.6155247,0.23364486,0.084578246,-0.6389954,0.16086319,-0.053734068,-0.6572138,0.16106555,0.0030865222,-0.6274413,0.21249881,-0.027801193,-0.60120237,0.12835625,0.088015705,-0.53929996,0.2410679,0.020928964,-0.01207343116402626,0.22495079040527344,-0.045444078743457794
