frame,Ankle.R_x,Ankle.R_y,Ankle.R_z,Knee.R_x,Knee.R_y,Knee.R_z,Hip.R_x,Hip.R_y,Hip.R_z,Hip.L_x,Hip.L_y,Hip.L_z,Knee.L_x,Knee.L_y,Knee.L_z,Ankle.L_x,Ankle.L_y,Ankle.L_z,Wrist.R_x,Wrist.R_y,Wrist.R_z,Elbow.R_x,Elbow.R_y,Elbow.R_z,Shoulder.R_x,Shoulder.R_y,Shoulder.R_z,Shoulder.L_x,Shoulder.L_y,Shoulder.L_z,Elbow.L_x,Elbow.L_y,Elbow.L_z,Wrist.L_x,Wrist.L_y,Wrist.L_z,Neck_x,Neck_y,Neck_z,Head_x,Head_y,Head_z,Nose_x,Nose_y,Nose_z,Eye.L_x,Eye.L_y,Eye.L_z,Eye.R_x,Eye.R_y,Eye.R_z,Ear.L_x,Ear.L_y,Ear.L_z,Ear.R_x,Ear.R_y,Ear.R_z,hip.Center_x,hip.Center_y,hip.Center_z
0,0.56309116,0.12987426,0.29775357,0.14341561,0.15608317,0.36957642,-0.025196105,0.09926788,-0.018033557,-0.009073075,0.35868198,-0.053157862,0.2312546,0.37503308,0.30300862,0.67298865,0.3947293,0.32765764,0.041724388,-0.16147695,-0.16617002,-0.1961181,-0.058752645,-0.22358511,-0.42616528,0.08173992,-0.12783168,-0.42367387,0.37592736,-0.055936627,-0.1702576,0.51001835,-0.025851494,0.059634745,0.5799214,0.078744344,-0.49240106,0.23247345,-0.08310678,-0.68815804,0.29278988,-0.13451284,-0.67112195,0.20976426,-0.0016686814,-0.68476766,0.26464763,-0.024982603,-0.6906599,0.20793593,-0.058742583,-0.61937183,0.33142644,-0.06660371,-0.6316823,0.21063289,-0.14557491,-0.017134590074419975,0.22897492349147797,-0.03559570759534836
