frame,Ankle.R_x,Ankle.R_y,Ankle.R_z,Knee.R_x,Knee.R_y,Knee.R_z,Hip.R_x,Hip.R_y,Hip.R_z,Hip.L_x,Hip.L_y,Hip.L_z,Knee.L_x,Knee.L_y,Knee.L_z,Ankle.L_x,Ankle.L_y,Ankle.L_z,Wrist.R_x,Wrist.R_y,Wrist.R_z,Elbow.R_x,Elbow.R_y,Elbow.R_z,Shoulder.R_x,Shoulder.R_y,Shoulder.R_z,Shoulder.L_x,Shoulder.L_y,Shoulder.L_z,Elbow.L_x,Elbow.L_y,Elbow.L_z,Wrist.L_x,Wrist.L_y,Wrist.L_z,Neck_x,Neck_y,Neck_z,Head_x,Head_y,Head_z,Nose_x,Nose_y,Nose_z,Eye.L_x,Eye.L_y,Eye.L_z,Eye.R_x,Eye.R_y,Eye.R_z,Ear.L_x,Ear.L_y,Ear.L_z,Ear.R_x,Ear.R_y,Ear.R_z,hip.Center_x,hip.Center_y,hip.Center_z
0,0.4252313,0.17714095,0.08437114,0.117922835,0.020856308,0.30710286,-0.0031069894,0.10376105,-0.07100643,-0.0356606,0.36156186,-0.0062994566,0.15411028,0.31277406,0.36331773,0.41495275,0.38488865,0.042711347,-0.044906534,-0.08441116,0.14375396,-0.14932801,-0.096596174,-0.0976664,-0.41217858,0.03030581,-0.10271597,-0.43055105,0.32621825,-0.035403103,-0.18806057,0.47909337,0.011843793,-0.07166532,0.6402086,0.1802021,-0.49515152,0.18038633,-0.06943725,-0.67923486,0.22343177,-0.16233133,-0.690513,0.15389977,-0.021711335,-0.70189166,0.20595038,-0.053024724,-0.6969627,0.14558576,-0.08139963,-0.6301632,0.2719093,-0.0839694,-0.6184534,0.14420554,-0.15231451,-0.01938379369676113,0.23266145586967468,-0.038652945309877396
