frame,Ankle.R_x,Ankle.R_y,Ankle.R_z,Knee.R_x,Knee.R_y,Knee.R_z,Hip.R_x,Hip.R_y,Hip.R_z,Hip.L_x,Hip.L_y,Hip.L_z,Knee.L_x,Knee.L_y,Knee.L_z,Ankle.L_x,Ankle.L_y,Ankle.L_z,Wrist.R_x,Wrist.R_y,Wrist.R_z,Elbow.R_x,Elbow.R_y,Elbow.R_z,Shoulder.R_x,Shoulder.R_y,Shoulder.R_z,Shoulder.L_x,Shoulder.L_y,Shoulder.L_z,Elbow.L_x,Elbow.L_y,Elbow.L_z,Wrist.L_x,Wrist.L_y,Wrist.L_z,Neck_x,Neck_y,Neck_z,Head_x,Head_y,Head_z,Nose_x,Nose_y,Nose_z,Eye.L_x,Eye.L_y,Eye.L_z,Eye.R_x,Eye.R_y,Eye.R_z,Ear.L_x,Ear.L_y,Ear.L_z,Ear.R_x,Ear.R_y,Ear.R_z,hip.Center_x,hip.Center_y,hip.Center_z
0,0.42033482,0.18041596,0.07479261,0.12242161,0.019567221,0.30563655,-0.0028517006,0.10377247,-0.071995705,-0.03594532,0.3615539,-0.006541793,0.14479475,0.32647237,0.36486608,0.39295334,0.38010806,0.033278037,-0.050264396,-0.07747037,0.13981372,-0.15366946,-0.092249036,-0.10202565,-0.416269,0.035570048,-0.10326046,-0.42909676,0.3302204,-0.030845419,-0.18353553,0.48149365,0.0041413624,-0.061189253,0.64916426,0.161515,-0.49627787,0.18694526,-0.06545237,-0.6795108,0.24177983,-0.1528238,-0.69167495,0.16763867,-0.014628023,-0.7008934,0.22126368,-0.04379203,-0.6997495,0.16181304,-0.07443972,-0.6265087,0.2846737,-0.07384428,-0.6226539,0.15901439,-0.14709522,-0.019398510456085205,0.23266318440437317,-0.039268750697374344
