frame,Ankle.R_x,Ankle.R_y,Ankle.R_z,Knee.R_x,Knee.R_y,Knee.R_z,Hip.R_x,Hip.R_y,Hip.R_z,Hip.L_x,Hip.L_y,Hip.L_z,Knee.L_x,Knee.L_y,Knee.L_z,Ankle.L_x,Ankle.L_y,Ankle.L_z,Wrist.R_x,Wrist.R_y,Wrist.R_z,Elbow.R_x,Elbow.R_y,Elbow.R_z,Shoulder.R_x,Shoulder.R_y,Shoulder.R_z,Shoulder.L_x,Shoulder.L_y,Shoulder.L_z,Elbow.L_x,Elbow.L_y,Elbow.L_z,Wrist.L_x,Wrist.L_y,Wrist.L_z,Neck_x,Neck_y,Neck_z,Head_x,Head_y,Head_z,Nose_x,Nose_y,Nose_z,Eye.L_x,Eye.L_y,Eye.L_z,Eye.R_x,Eye.R_y,Eye.R_z,Ear.L_x,Ear.L_y,Ear.L_z,Ear.R_x,Ear.R_y,Ear.R_z,hip.Center_x,hip.Center_y,hip.Center_z
0,0.40746686,0.05300779,0.10927436,0.0738748,0.11829339,0.35064054,0.016341861,0.10290319,-0.08403405,-0.040767245,0.34865898,0.0052728183,0.05088452,0.27972245,0.39365995,0.21864212,0.29345843,0.021765951,-0.11344318,-0.13801658,0.013712177,-0.1640088,-0.048828848,-0.22405428,-0.40662482,0.03288454,-0.13437873,-0.42777127,0.22296417,0.07337634,-0.22878508,0.352742,0.22175507,-0.12405844,0.50305635,0.4029274,-0.47323644,0.1195902,-0.021071305,-0.6395149,0.20316812,-0.03515376,-0.6454152,0.0763591,0.0575872,-0.6477603,0.13718927,0.056834374,-0.6630956,0.09817448,0.0041744355,-0.56971806,0.20034051,0.038324535,-0.60090345,0.11841868,-0.077068724,-0.012212691828608513,0.22578108310699463,-0.03938061371445656
