frame,Ankle.R_x,Ankle.R_y,Ankle.R_z,Knee.R_x,Knee.R_y,Knee.R_z,Hip.R_x,Hip.R_y,Hip.R_z,Hip.L_x,Hip.L_y,Hip.L_z,Knee.L_x,Knee.L_y,Knee.L_z,Ankle.L_x,Ankle.L_y,Ankle.L_z,Wrist.R_x,Wrist.R_y,Wrist.R_z,Elbow.R_x,Elbow.R_y,Elbow.R_z,Shoulder.R_x,Shoulder.R_y,Shoulder.R_z,Shoulder.L_x,Shoulder.L_y,Shoulder.L_z,Elbow.L_x,Elbow.L_y,Elbow.L_z,Wrist.L_x,Wrist.L_y,Wrist.L_z,Neck_x,Neck_y,Neck_z,Head_x,Head_y,Head_z,Nose_x,Nose_y,Nose_z,Eye.L_x,Eye.L_y,Eye.L_z,Eye.R_x,Eye.R_y,Eye.R_z,Ear.L_x,Ear.L_y,Ear.L_z,Ear.R_x,Ear.R_y,Ear.R_z,hip.Center_x,hip.Center_y,hip.Center_z
0,0.4773849,0.11470452,-0.007285061,0.15783453,-0.11298525,0.14824326,-0.013335134,0.14813899,-0.12778082,-0.029004319,0.3442148,0.05581878,0.12073046,0.12914172,0.3654525,0.38015136,0.3189765,0.088159144,0.065669194,-0.2423757,-0.12768216,-0.1376843,-0.08926374,-0.21341182,-0.38977888,0.034659974,-0.12893407,-0.443609,0.29454398,0.02167271,-0.23604704,0.4767388,0.115734875,-0.11964904,0.54835695,0.34078047,-0.48632818,0.15985902,-0.05660862,-0.66276205,0.21834788,-0.1500104,-0.6847575,0.119662866,-0.029028133,-0.69392407,0.17841926,-0.04946146,-0.68609047,0.12489569,-0.08997587,-0.6197674,0.2487769,-0.06034874,-0.601439,0.1372526,-0.15359998,-0.02116972580552101,0.24617689847946167,-0.03598102182149887
