frame,Ankle.R_x,Ankle.R_y,Ankle.R_z,Knee.R_x,Knee.R_y,Knee.R_z,Hip.R_x,Hip.R_y,Hip.R_z,Hip.L_x,Hip.L_y,Hip.L_z,Knee.L_x,Knee.L_y,Knee.L_z,Ankle.L_x,Ankle.L_y,Ankle.L_z,Wrist.R_x,Wrist.R_y,Wrist.R_z,Elbow.R_x,Elbow.R_y,Elbow.R_z,Shoulder.R_x,Shoulder.R_y,Shoulder.R_z,Shoulder.L_x,Shoulder.L_y,Shoulder.L_z,Elbow.L_x,Elbow.L_y,Elbow.L_z,Wrist.L_x,Wrist.L_y,Wrist.L_z,Neck_x,Neck_y,Neck_z,Head_x,Head_y,Head_z,Nose_x,Nose_y,Nose_z,Eye.L_x,Eye.L_y,Eye.L_z,Eye.R_x,Eye.R_y,Eye.R_z,Ear.L_x,Ear.L_y,Ear.L_z,Ear.R_x,Ear.R_y,Ear.R_z,hip.Center_x,hip.Center_y,hip.Center_z
0,0.47356492,0.103382334,-0.07008937,0.18515222,-0.103694744,0.15667097,-0.022675853,0.12951678,-0.108293235,-0.023131654,0.35627362,0.03665071,0.18191364,0.19280523,0.3543786,0.44558498,0.32748982,0.045894727,0.08329852,-0.27215847,-0.00032033224,-0.12933674,-0.13210745,-0.09221206,-0.38267383,0.013683217,-0.08041692,-0.453479,0.28287852,0.047411446,-0.29015908,0.41903466,0.23813032,-0.20826012,0.43239135,0.49138007,-0.48449162,0.1422488,-0.023358267,-0.67137617,0.18388234,-0.10466081,-0.67308944,0.09419396,0.02457036,-0.6886234,0.14990923,0.0011669993,-0.68102515,0.09439273,-0.03587403,-0.62183404,0.2242266,-0.022329777,-0.6046879,0.10798992,-0.10891415,-0.02290375344455242,0.2428952008485794,-0.03582126274704933
