frame,Ankle.R_x,Ankle.R_y,Ankle.R_z,Knee.R_x,Knee.R_y,Knee.R_z,Hip.R_x,Hip.R_y,Hip.R_z,Hip.L_x,Hip.L_y,Hip.L_z,Knee.L_x,Knee.L_y,Knee.L_z,Ankle.L_x,Ankle.L_y,Ankle.L_z,Wrist.R_x,Wrist.R_y,Wrist.R_z,Elbow.R_x,Elbow.R_y,Elbow.R_z,Shoulder.R_x,Shoulder.R_y,Shoulder.R_z,Shoulder.L_x,Shoulder.L_y,Shoulder.L_z,Elbow.L_x,Elbow.L_y,Elbow.L_z,Wrist.L_x,Wrist.L_y,Wrist.L_z,Neck_x,Neck_y,Neck_z,Head_x,Head_y,Head_z,Nose_x,Nose_y,Nose_z,Eye.L_x,Eye.L_y,Eye.L_z,Eye.R_x,Eye.R_y,Eye.R_z,Ear.L_x,Ear.L_y,Ear.L_z,Ear.R_x,Ear.R_y,Ear.R_z,hip.Center_x,hip.Center_y,hip.Center_z
0,0.52175784,0.10265432,-0.113834016,0.24943799,-0.05923216,0.16030037,-0.016504448,0.111213595,-0.074436545,-0.037053213,0.3640699,0.013067485,0.23166607,0.27265108,0.31148747,0.4981062,0.36238065,-0.009230902,0.10638519,-0.30113134,0.0010383171,-0.112601854,-0.16768283,-0.07555192,-0.36028796,-0.012500479,-0.07242301,-0.4656221,0.25103125,0.05144278,-0.33631274,0.40702555,0.24941412,-0.25198764,0.38274544,0.49586117,-0.47998098,0.10816845,-0.018016066,-0.6775631,0.15925092,-0.08585823,-0.6685882,0.060715288,0.036461856,-0.68454885,0.11814264,0.018531483,-0.68381476,0.065760106,-0.022837818,-0.6180772,0.19072928,-0.007536635,-0.6159233,0.08151276,-0.10389123,-0.026778830215334892,0.23764175176620483,-0.03068453073501587
