frame,Ankle.R_x,Ankle.R_y,Ankle.R_z,Knee.R_x,Knee.R_y,Knee.R_z,Hip.R_x,Hip.R_y,Hip.R_z,Hip.L_x,Hip.L_y,Hip.L_z,Knee.L_x,Knee.L_y,Knee.L_z,Ankle.L_x,Ankle.L_y,Ankle.L_z,Wrist.R_x,Wrist.R_y,Wrist.R_z,Elbow.R_x,Elbow.R_y,Elbow.R_z,Shoulder.R_x,Shoulder.R_y,Shoulder.R_z,Shoulder.L_x,Shoulder.L_y,Shoulder.L_z,Elbow.L_x,Elbow.L_y,Elbow.L_z,Wrist.L_x,Wrist.L_y,Wrist.L_z,Neck_x,Neck_y,Neck_z,Head_x,Head_y,Head_z,Nose_x,Nose_y,Nose_z,Eye.L_x,Eye.L_y,Eye.L_z,Eye.R_x,Eye.R_y,Eye.R_z,Ear.L_x,Ear.L_y,Ear.L_z,Ear.R_x,Ear.R_y,Ear.R_z,hip.Center_x,hip.Center_y,hip.Center_z
0,0.55710346,0.1658066,-0.10252287,0.2957134,-0.022191996,0.17595547,-0.006003534,0.11486074,-0.079062186,-0.04086051,0.36176655,0.01689242,0.24649237,0.25371963,0.32266584,0.49741852,0.36900276,-0.005799229,0.107323654,-0.29328766,-0.08491197,-0.12290565,-0.16183315,-0.13274431,-0.37755606,-0.022332903,-0.1126217,-0.47296306,0.25090685,-0.007621715,-0.32914627,0.3700418,0.20503607,-0.23146546,0.3700108,0.45284384,-0.48911268,0.107241966,-0.07199814,-0.6767758,0.15999907,-0.15325812,-0.67741454,0.086177394,-0.013541624,-0.68664366,0.14073022,-0.04256588,-0.6925571,0.081159584,-0.07292517,-0.6131613,0.19907328,-0.08229333,-0.62332964,0.07316058,-0.15486804,-0.023432021960616112,0.23831364512443542,-0.031084883958101273
