frame,Ankle.R_x,Ankle.R_y,Ankle.R_z,Knee.R_x,Knee.R_y,Knee.R_z,Hip.R_x,Hip.R_y,Hip.R_z,Hip.L_x,Hip.L_y,Hip.L_z,Knee.L_x,Knee.L_y,Knee.L_z,Ankle.L_x,Ankle.L_y,Ankle.L_z,Wrist.R_x,Wrist.R_y,Wrist.R_z,Elbow.R_x,Elbow.R_y,Elbow.R_z,Shoulder.R_x,Shoulder.R_y,Shoulder.R_z,Shoulder.L_x,Shoulder.L_y,Shoulder.L_z,Elbow.L_x,Elbow.L_y,Elbow.L_z,Wrist.L_x,Wrist.L_y,Wrist.L_z,Neck_x,Neck_y,Neck_z,Head_x,Head_y,Head_z,Nose_x,Nose_y,Nose_z,Eye.L_x,Eye.L_y,Eye.L_z,Eye.R_x,Eye.R_y,Eye.R_z,Ear.L_x,Ear.L_y,Ear.L_z,Ear.R_x,Ear.R_y,Ear.R_z,hip.Center_x,hip.Center_y,hip.Center_z
0,0.31129843,0.15302584,0.05323936,0.047110192,0.01722132,0.31734285,-0.0030503618,0.10481114,-0.08359117,-0.030873898,0.3605953,-0.0042398535,0.070950344,0.32026014,0.3842418,0.31159177,0.32454765,0.04954643,0.04713411,-0.22048768,0.16981831,-0.14976,-0.08548903,0.04493298,-0.36023682,0.0198905,-0.10339735,-0.44708472,0.27425423,0.021538695,-0.3104453,0.38624212,0.2267283,-0.29946786,0.37853357,0.48819968,-0.4681893,0.13692631,-0.042780396,-0.66954505,0.19674088,0.017733214,-0.62861925,0.047976233,0.027777433,-0.6402824,0.098330155,0.059481874,-0.6633429,0.087928936,-0.002478063,-0.5824322,0.18368456,0.064789355,-0.6298487,0.16068226,-0.07020152,-0.01696212962269783,0.23270320892333984,-0.043915510177612305
