frame,Ankle.R_x,Ankle.R_y,Ankle.R_z,Knee.R_x,Knee.R_y,Knee.R_z,Hip.R_x,Hip.R_y,Hip.R_z,Hip.L_x,Hip.L_y,Hip.L_z,Knee.L_x,Knee.L_y,Knee.L_z,Ankle.L_x,Ankle.L_y,Ankle.L_z,Wrist.R_x,Wrist.R_y,Wrist.R_z,Elbow.R_x,Elbow.R_y,Elbow.R_z,Shoulder.R_x,Shoulder.R_y,Shoulder.R_z,Shoulder.L_x,Shoulder.L_y,Shoulder.L_z,Elbow.L_x,Elbow.L_y,Elbow.L_z,Wrist.L_x,Wrist.L_y,Wrist.L_z,Neck_x,Neck_y,Neck_z,Head_x,Head_y,Head_z,Nose_x,Nose_y,Nose_z,Eye.L_x,Eye.L_y,Eye.L_z,Eye.R_x,Eye.R_y,Eye.R_z,Ear.L_x,Ear.L_y,Ear.L_z,Ear.R_x,Ear.R_y,Ear.R_z,hip.Center_x,hip.Center_y,hip.Center_z
0,0.5569774,0.17914778,-0.08063417,0.29505336,0.0026491228,0.20483166,-0.0009849498,0.11149779,-0.07264179,-0.045450155,0.36228052,0.0077637373,0.22961381,0.29181322,0.33263543,0.48790252,0.37354457,0.00031285826,0.1087078,-0.30091515,-0.07734882,-0.11986535,-0.1687362,-0.13105755,-0.37449482,-0.028241074,-0.12104197,-0.47285882,0.2474879,-0.025197625,-0.34174177,0.37252998,0.1916999,-0.26185542,0.37682647,0.4459085,-0.48698488,0.102609366,-0.08616358,-0.6743792,0.15588759,-0.16947031,-0.6757664,0.080908544,-0.030597376,-0.68512547,0.13548024,-0.059291974,-0.6902821,0.07619612,-0.090203375,-0.6117264,0.19485976,-0.09775177,-0.6201843,0.06950165,-0.1714003,-0.02321755141019821,0.23688915371894836,-0.03243902698159218
