frame,Ankle.R_x,Ankle.R_y,Ankle.R_z,Knee.R_x,Knee.R_y,Knee.R_z,Hip.R_x,Hip.R_y,Hip.R_z,Hip.L_x,Hip.L_y,Hip.L_z,Knee.L_x,Knee.L_y,Knee.L_z,Ankle.L_x,Ankle.L_y,Ankle.L_z,Wrist.R_x,Wrist.R_y,Wrist.R_z,Elbow.R_x,Elbow.R_y,Elbow.R_z,Shoulder.R_x,Shoulder.R_y,Shoulder.R_z,Shoulder.L_x,Shoulder.L_y,Shoulder.L_z,Elbow.L_x,Elbow.L_y,Elbow.L_z,Wrist.L_x,Wrist.L_y,Wrist.L_z,Neck_x,Neck_y,Neck_z,Head_x,Head_y,Head_z,Nose_x,Nose_y,Nose_z,Eye.L_x,Eye.L_y,Eye.L_z,Eye.R_x,Eye.R_y,Eye.R_z,Ear.L_x,Ear.L_y,Ear.L_z,Ear.R_x,Ear.R_y,Ear.R_z,hip.Center_x,hip.Center_y,hip.Center_z
0,0.6138144,0.16459058,-0.16761026,0.31275067,-0.028000684,0.07610436,-0.01961515,0.14637427,-0.120894566,-0.029866775,0.32894385,0.07119362,0.32164514,0.17391069,0.26170602,0.5753239,0.35898438,-0.04295857,0.0853496,-0.30485803,-0.019960904,-0.12808055,-0.16051154,-0.09921686,-0.37383163,-0.012333728,-0.1206336,-0.47074455,0.21585172,0.045287855,-0.3359485,0.31515402,0.27293625,-0.24847084,0.2954174,0.52293146,-0.48332658,0.0965936,-0.052998193,-0.67016834,0.14542134,-0.13606991,-0.66867864,0.046828803,-0.0137349665,-0.68426245,0.10420698,-0.03280002,-0.67907465,0.0515385,-0.07388529,-0.61768365,0.17896932,-0.053715207,-0.6045953,0.069113925,-0.14889136,-0.02474096231162548,0.23765906691551208,-0.024850472807884216
