frame,Ankle.R_x,Ankle.R_y,Ankle.R_z,Knee.R_x,Knee.R_y,Knee.R_z,Hip.R_x,Hip.R_y,Hip.R_z,Hip.L_x,Hip.L_y,Hip.L_z,Knee.L_x,Knee.L_y,Knee.L_z,Ankle.L_x,Ankle.L_y,Ankle.L_z,Wrist.R_x,Wrist.R_y,Wrist.R_z,Elbow.R_x,Elbow.R_y,Elbow.R_z,Shoulder.R_x,Shoulder.R_y,Shoulder.R_z,Shoulder.L_x,Shoulder.L_y,Shoulder.L_z,Elbow.L_x,Elbow.L_y,Elbow.L_z,Wrist.L_x,Wrist.L_y,Wrist.L_z,Neck_x,Neck_y,Neck_z,Head_x,Head_y,Head_z,Nose_x,Nose_y,Nose_z,Eye.L_x,Eye.L_y,Eye.L_z,Eye.R_x,Eye.R_y,Eye.R_z,Ear.L_x,Ear.L_y,Ear.L_z,Ear.R_x,Ear.R_y,Ear.R_z,hip.Center_x,hip.Center_y,hip.Center_z
0,0.27095756,0.03339643,0.04190848,0.009245215,0.08745422,0.34035966,0.016468246,0.10387209,-0.08139374,-0.041671973,0.35559866,-0.004539678,-0.0066602305,0.2716484,0.38918665,0.3378732,0.32055598,0.15434057,0.024302803,-0.23312129,0.23625496,-0.14723437,-0.13608088,0.05228929,-0.34494692,-0.030600851,-0.10346836,-0.44215223,0.195543,0.035962135,-0.32854542,0.34965497,0.23024538,-0.3243137,0.27886653,0.47853595,-0.44750613,0.067345105,-0.036670823,-0.63845813,0.1273279,-0.011710312,-0.6110096,-0.022635104,0.0220621,-0.6249825,0.03205595,0.045614712,-0.63657385,0.015195828,-0.018349133,-0.5629486,0.114226244,0.053008486,-0.58689344,0.077887304,-0.08535456,-0.012601863592863083,0.2297353744506836,-0.04296670854091644
