frame,Ankle.R_x,Ankle.R_y,Ankle.R_z,Knee.R_x,Knee.R_y,Knee.R_z,Hip.R_x,Hip.R_y,Hip.R_z,Hip.L_x,Hip.L_y,Hip.L_z,Knee.L_x,Knee.L_y,Knee.L_z,Ankle.L_x,Ankle.L_y,Ankle.L_z,Wrist.R_x,Wrist.R_y,Wrist.R_z,Elbow.R_x,Elbow.R_y,Elbow.R_z,Shoulder.R_x,Shoulder.R_y,Shoulder.R_z,Shoulder.L_x,Shoulder.L_y,Shoulder.L_z,Elbow.L_x,Elbow.L_y,Elbow.L_z,Wrist.L_x,Wrist.L_y,Wrist.L_z,Neck_x,Neck_y,Neck_z,Head_x,Head_y,Head_z,Nose_x,Nose_y,Nose_z,Eye.L_x,Eye.L_y,Eye.L_z,Eye.R_x,Eye.R_y,Eye.R_z,Ear.L_x,Ear.L_y,Ear.L_z,Ear.R_x,Ear.R_y,Ear.R_z,hip.Center_x,hip.Center_y,hip.Center_z
0,0.6271536,0.18071808,-0.15292664,0.31897414,-0.02100301,0.07693532,-0.017074542,0.1471155,-0.12157831,-0.032474782,0.32778174,0.07165469,0.32262638,0.17836656,0.26318184,0.5776785,0.3636726,-0.041851237,0.09073083,-0.30009246,-0.0016537762,-0.1238301,-0.16291888,-0.09175637,-0.37036696,-0.017194752,-0.12503645,-0.47172946,0.21192315,0.03721304,-0.345986,0.3212635,0.26618582,-0.27049842,0.31701624,0.5213622,-0.4818969,0.09148078,-0.06010197,-0.6668669,0.13889389,-0.14745986,-0.668002,0.037810713,-0.027048573,-0.6840183,0.09531829,-0.045565367,-0.67621994,0.043617826,-0.08752701,-0.6180594,0.17191039,-0.06241242,-0.59935796,0.064178064,-0.15928468,-0.024774663150310516,0.23744861781597137,-0.024961810559034348
