frame,Ankle.R_x,Ankle.R_y,Ankle.R_z,Knee.R_x,Knee.R_y,Knee.R_z,Hip.R_x,Hip.R_y,Hip.R_z,Hip.L_x,Hip.L_y,Hip.L_z,Knee.L_x,Knee.L_y,Knee.L_z,Ankle.L_x,Ankle.L_y,Ankle.L_z,Wrist.R_x,Wrist.R_y,Wrist.R_z,Elbow.R_x,Elbow.R_y,Elbow.R_z,Shoulder.R_x,Shoulder.R_y,Shoulder.R_z,Shoulder.L_x,Shoulder.L_y,Shoulder.L_z,Elbow.L_x,Elbow.L_y,Elbow.L_z,Wrist.L_x,Wrist.L_y,Wrist.L_z,Neck_x,Neck_y,Neck_z,Head_x,Head_y,Head_z,Nose_x,Nose_y,Nose_z,Eye.L_x,Eye.L_y,Eye.L_z,Eye.R_x,Eye.R_y,Eye.R_z,Ear.L_x,Ear.L_y,Ear.L_z,Ear.R_x,Ear.R_y,Ear.R_z,hip.Center_x,hip.Center_y,hip.Center_z
0,0.4961839,0.08820668,-0.1814036,0.28181878,-0.031476766,0.15824315,-0.014212856,0.1163121,-0.08695939,-0.030581364,0.35521513,0.031643465,0.29954132,0.20994064,0.26946107,0.5523149,0.35489073,-0.047189236,0.073026106,-0.3248828,0.027186178,-0.11974108,-0.17004667,-0.075718954,-0.3663844,-0.02521209,-0.086401924,-0.47792053,0.20328385,0.06781165,-0.3767652,0.26840404,0.31330436,-0.36396322,0.1161941,0.52485776,-0.4785499,0.07852078,-0.016134746,-0.67958677,0.118295275,-0.051443182,-0.6435658,0.010772808,0.057461586,-0.666337,0.06723515,0.047971897,-0.66782224,0.019082058,0.0020683557,-0.6117673,0.14816064,0.019611923,-0.61491674,0.048176493,-0.08568167,-0.022397110238671303,0.23576360940933228,-0.02765796333551407
