frame,Ankle.R_x,Ankle.R_y,Ankle.R_z,Knee.R_x,Knee.R_y,Knee.R_z,Hip.R_x,Hip.R_y,Hip.R_z,Hip.L_x,Hip.L_y,Hip.L_z,Knee.L_x,Knee.L_y,Knee.L_z,Ankle.L_x,Ankle.L_y,Ankle.L_z,Wrist.R_x,Wrist.R_y,Wrist.R_z,Elbow.R_x,Elbow.R_y,Elbow.R_z,Shoulder.R_x,Shoulder.R_y,Shoulder.R_z,Shoulder.L_x,Shoulder.L_y,Shoulder.L_z,Elbow.L_x,Elbow.L_y,Elbow.L_z,Wrist.L_x,Wrist.L_y,Wrist.L_z,Neck_x,Neck_y,Neck_z,Head_x,Head_y,Head_z,Nose_x,Nose_y,Nose_z,Eye.L_x,Eye.L_y,Eye.L_z,Eye.R_x,Eye.R_y,Eye.R_z,Ear.L_x,Ear.L_y,Ear.L_z,Ear.R_x,Ear.R_y,Ear.R_z,hip.Center_x,hip.Center_y,hip.Center_z
0,0.24783258,-0.018789137,0.02665268,0.024638861,0.10676623,0.33720163,0.012218797,0.102485344,-0.08038628,-0.039420288,0.35483605,-0.0011205093,0.0033237254,0.26417884,0.38145924,0.35034555,0.3048759,0.15098588,-0.007536656,-0.18055743,0.27290633,-0.16114521,-0.10078055,0.06841751,-0.3493554,-0.029825725,-0.10103364,-0.45833015,0.17311928,0.042504683,-0.38959628,0.3039467,0.26360518,-0.39649278,0.10659774,0.42652106,-0.4526088,0.058377203,-0.033197656,-0.6474891,0.10783351,-0.015983962,-0.6058252,-0.034138393,0.033886563,-0.62506986,0.021748804,0.05107857,-0.6352235,-0.0033896714,-0.010148786,-0.57133585,0.108709395,0.04857597,-0.59211975,0.055017013,-0.08436532,-0.013600746169686317,0.2286607027053833,-0.04075339436531067
