frame,Ankle.R_x,Ankle.R_y,Ankle.R_z,Knee.R_x,Knee.R_y,Knee.R_z,Hip.R_x,Hip.R_y,Hip.R_z,Hip.L_x,Hip.L_y,Hip.L_z,Knee.L_x,Knee.L_y,Knee.L_z,Ankle.L_x,Ankle.L_y,Ankle.L_z,Wrist.R_x,Wrist.R_y,Wrist.R_z,Elbow.R_x,Elbow.R_y,Elbow.R_z,Shoulder.R_x,Shoulder.R_y,Shoulder.R_z,Shoulder.L_x,Shoulder.L_y,Shoulder.L_z,Elbow.L_x,Elbow.L_y,Elbow.L_z,Wrist.L_x,Wrist.L_y,Wrist.L_z,Neck_x,Neck_y,Neck_z,Head_x,Head_y,Head_z,Nose_x,Nose_y,Nose_z,Eye.L_x,Eye.L_y,Eye.L_z,Eye.R_x,Eye.R_y,Eye.R_z,Ear.L_x,Ear.L_y,Ear.L_z,Ear.R_x,Ear.R_y,Ear.R_z,hip.Center_x,hip.Center_y,hip.Center_z
0,0.5909365,0.09879631,-0.18418434,0.33578953,0.022348912,0.14058477,-0.004638531,0.11188275,-0.07430474,-0.037676103,0.3495953,0.029345712,0.33962914,0.24892418,0.22229984,0.61685604,0.33393905,-0.09159921,0.10484959,-0.26301894,0.0741619,-0.093447484,-0.16016142,-0.06437837,-0.3472953,-0.044071067,-0.10921748,-0.4768508,0.17510325,0.03240189,-0.36895484,0.24153657,0.2726929,-0.3163093,0.08970301,0.47080514,-0.4678362,0.05416448,-0.05474241,-0.6596228,0.088337995,-0.124295935,-0.63882947,-0.018454786,-0.011657629,-0.6618385,0.03691355,-0.024465296,-0.6540023,-0.010547157,-0.07003054,-0.6065018,0.11948683,-0.04314984,-0.5886804,0.021264102,-0.14666106,-0.021157316863536835,0.230739027261734,-0.02247951179742813
