frame,Ankle.R_x,Ankle.R_y,Ankle.R_z,Knee.R_x,Knee.R_y,Knee.R_z,Hip.R_x,Hip.R_y,Hip.R_z,Hip.L_x,Hip.L_y,Hip.L_z,Knee.L_x,Knee.L_y,Knee.L_z,Ankle.L_x,Ankle.L_y,Ankle.L_z,Wrist.R_x,Wrist.R_y,Wrist.R_z,Elbow.R_x,Elbow.R_y,Elbow.R_z,Shoulder.R_x,Shoulder.R_y,Shoulder.R_z,Shoulder.L_x,Shoulder.L_y,Shoulder.L_z,Elbow.L_x,Elbow.L_y,Elbow.L_z,Wrist.L_x,Wrist.L_y,Wrist.L_z,Neck_x,Neck_y,Neck_z,Head_x,Head_y,Head_z,Nose_x,Nose_y,Nose_z,Eye.L_x,Eye.L_y,Eye.L_z,Eye.R_x,Eye.R_y,Eye.R_z,Ear.L_x,Ear.L_y,Ear.L_z,Ear.R_x,Ear.R_y,Ear.R_z,hip.Center_x,hip.Center_y,hip.Center_z
0,0.49836582,0.02753967,-0.24706131,0.3114594,-0.02420009,0.12880436,-0.011953415,0.120721556,-0.08873439,-0.026758526,0.34601483,0.042512096,0.36083353,0.20297113,0.2056799,0.5862623,0.3551139,-0.13222893,0.11500823,-0.24115571,0.08328382,-0.08831597,-0.14295192,-0.06193325,-0.34833333,-0.039650477,-0.10078554,-0.4782166,0.15405345,0.058836818,-0.39368752,0.09065625,0.3019864,-0.38894516,-0.1320914,0.44275248,-0.46407205,0.044779252,-0.035661753,-0.65753293,0.043684576,-0.08922825,-0.61025894,-0.059152275,0.019919865,-0.64482236,-0.009628352,0.009593081,-0.62879056,-0.05338927,-0.037645765,-0.6084406,0.083611384,-0.0076867566,-0.57456267,-0.005730588,-0.11548714,-0.01935597136616707,0.2333681881427765,-0.023111145943403244
