frame,Ankle.R_x,Ankle.R_y,Ankle.R_z,Knee.R_x,Knee.R_y,Knee.R_z,Hip.R_x,Hip.R_y,Hip.R_z,Hip.L_x,Hip.L_y,Hip.L_z,Knee.L_x,Knee.L_y,Knee.L_z,Ankle.L_x,Ankle.L_y,Ankle.L_z,Wrist.R_x,Wrist.R_y,Wrist.R_z,Elbow.R_x,Elbow.R_y,Elbow.R_z,Shoulder.R_x,Shoulder.R_y,Shoulder.R_z,Shoulder.L_x,Shoulder.L_y,Shoulder.L_z,Elbow.L_x,Elbow.L_y,Elbow.L_z,Wrist.L_x,Wrist.L_y,Wrist.L_z,Neck_x,Neck_y,Neck_z,Head_x,Head_y,Head_z,Nose_x,Nose_y,Nose_z,Eye.L_x,Eye.L_y,Eye.L_z,Eye.R_x,Eye.R_y,Eye.R_z,Ear.L_x,Ear.L_y,Ear.L_z,Ear.R_x,Ear.R_y,Ear.R_z,hip.Center_x,hip.Center_y,hip.Center_z
0,0.13612957,-0.036182404,-0.02188905,0.0009940071,0.08250318,0.34121278,0.005909879,0.101439565,-0.0757087,-0.023539202,0.36041698,-0.008287107,0.024979673,0.26571664,0.39189568,0.38009536,0.33004045,0.15544826,0.0075249127,-0.09139073,0.22374369,-0.14728348,-0.054710068,0.001683741,-0.37507093,-0.004917386,-0.09578957,-0.46945632,0.15381256,0.04186335,-0.4257485,0.05351802,0.2760479,-0.43645573,-0.19684073,0.37519115,-0.4515851,0.06652243,-0.02664571,-0.63585,0.06675378,-0.010478008,-0.5641316,-0.05032066,0.069483586,-0.5973501,0.00072833523,0.074709475,-0.59543276,-0.03626157,0.018401831,-0.566211,0.09856035,0.057763904,-0.56178766,0.018382551,-0.0657655,-0.008814661763608456,0.23092827200889587,-0.04199790582060814
