frame,Ankle.R_x,Ankle.R_y,Ankle.R_z,Knee.R_x,Knee.R_y,Knee.R_z,Hip.R_x,Hip.R_y,Hip.R_z,Hip.L_x,Hip.L_y,Hip.L_z,Knee.L_x,Knee.L_y,Knee.L_z,Ankle.L_x,Ankle.L_y,Ankle.L_z,Wrist.R_x,Wrist.R_y,Wrist.R_z,Elbow.R_x,Elbow.R_y,Elbow.R_z,Shoulder.R_x,Shoulder.R_y,Shoulder.R_z,Shoulder.L_x,Shoulder.L_y,Shoulder.L_z,Elbow.L_x,Elbow.L_y,Elbow.L_z,Wrist.L_x,Wrist.L_y,Wrist.L_z,Neck_x,Neck_y,Neck_z,Head_x,Head_y,Head_z,Nose_x,Nose_y,Nose_z,Eye.L_x,Eye.L_y,Eye.L_z,Eye.R_x,Eye.R_y,Eye.R_z,Ear.L_x,Ear.L_y,Ear.L_z,Ear.R_x,Ear.R_y,Ear.R_z,hip.Center_x,hip.Center_y,hip.Center_z
0,0.3965816,0.025339803,-0.30030194,0.25010225,-0.07613839,0.08346833,-0.024439964,0.15882905,-0.13278954,-0.018993584,0.31888267,0.081688315,0.3140886,0.093900725,0.23760651,0.5387469,0.35452446,-0.031044237,-0.028997427,-0.34493527,0.0039437525,-0.14392428,-0.16049609,-0.15439038,-0.38117325,-0.00848468,-0.11794083,-0.46224314,0.13821624,0.10781424,-0.38535398,0.05940679,0.35753188,-0.400364,-0.18398437,0.463982,-0.46825388,0.05646512,-0.007886868,-0.67460096,0.027675327,0.015099317,-0.57020926,-0.06535464,0.08457567,-0.6125929,-0.022002257,0.0933588,-0.6117817,-0.062264472,0.040275935,-0.60278696,0.076240644,0.06965676,-0.60408515,-0.006276615,-0.05046774,-0.021716773509979248,0.23885586857795715,-0.025550611317157745
