frame,Ankle.R_x,Ankle.R_y,Ankle.R_z,Knee.R_x,Knee.R_y,Knee.R_z,Hip.R_x,Hip.R_y,Hip.R_z,Hip.L_x,Hip.L_y,Hip.L_z,Knee.L_x,Knee.L_y,Knee.L_z,Ankle.L_x,Ankle.L_y,Ankle.L_z,Wrist.R_x,Wrist.R_y,Wrist.R_z,Elbow.R_x,Elbow.R_y,Elbow.R_z,Shoulder.R_x,Shoulder.R_y,Shoulder.R_z,Shoulder.L_x,Shoulder.L_y,Shoulder.L_z,Elbow.L_x,Elbow.L_y,Elbow.L_z,Wrist.L_x,Wrist.L_y,Wrist.L_z,Neck_x,Neck_y,Neck_z,Head_x,Head_y,Head_z,Nose_x,Nose_y,Nose_z,Eye.L_x,Eye.L_y,Eye.L_z,Eye.R_x,Eye.R_y,Eye.R_z,Ear.L_x,Ear.L_y,Ear.L_z,Ear.R_x,Ear.R_y,Ear.R_z,hip.Center_x,hip.Center_y,hip.Center_z
0,0.46972144,-0.009927332,-0.34567147,0.27511445,-0.07427636,0.03256489,-0.03088378,0.16126224,-0.12811238,-0.011807148,0.31576064,0.08520852,0.37551546,0.11827047,0.16276632,0.5957725,0.36143062,-0.13013382,0.11461835,-0.2342246,0.039393876,-0.067849085,-0.11567138,-0.119610965,-0.33932075,-0.02835481,-0.11548206,-0.46200302,0.10609653,0.097492196,-0.39737624,0.0026624745,0.3387261,-0.39931566,-0.24327068,0.44085985,-0.44993278,0.027839154,-0.020408783,-0.65330374,-0.005510371,-0.048528578,-0.5699925,-0.09927506,0.04484714,-0.6140964,-0.0564019,0.042824514,-0.59859174,-0.095465735,-0.0088683795,-0.5991918,0.04270563,0.02481133,-0.56786686,-0.037471034,-0.09298602,-0.021345464512705803,0.23851144313812256,-0.021451927721500397
