frame,Ankle.R_x,Ankle.R_y,Ankle.R_z,Knee.R_x,Knee.R_y,Knee.R_z,Hip.R_x,Hip.R_y,Hip.R_z,Hip.L_x,Hip.L_y,Hip.L_z,Knee.L_x,Knee.L_y,Knee.L_z,Ankle.L_x,Ankle.L_y,Ankle.L_z,Wrist.R_x,Wrist.R_y,Wrist.R_z,Elbow.R_x,Elbow.R_y,Elbow.R_z,Shoulder.R_x,Shoulder.R_y,Shoulder.R_z,Shoulder.L_x,Shoulder.L_y,Shoulder.L_z,Elbow.L_x,Elbow.L_y,Elbow.L_z,Wrist.L_x,Wrist.L_y,Wrist.L_z,Neck_x,Neck_y,Neck_z,Head_x,Head_y,Head_z,Nose_x,Nose_y,Nose_z,Eye.L_x,Eye.L_y,Eye.L_z,Eye.R_x,Eye.R_y,Eye.R_z,Ear.L_x,Ear.L_y,Ear.L_z,Ear.R_x,Ear.R_y,Ear.R_z,hip.Center_x,hip.Center_y,hip.Center_z
0,0.461543,-0.044558056,-0.3429946,0.26542312,-0.081133805,0.03938629,-0.031141702,0.15951657,-0.12709767,-0.011560112,0.31885877,0.08318052,0.37413228,0.119520806,0.16792576,0.5934142,0.35562268,-0.13184428,0.11752765,-0.21555582,0.0689987,-0.06335788,-0.11610562,-0.10551296,-0.33566445,-0.030604165,-0.114455834,-0.46276724,0.10436551,0.094184816,-0.4033757,-0.007207857,0.33288494,-0.41007096,-0.2571358,0.42662704,-0.44810787,0.025893819,-0.023017492,-0.65053964,-0.010159139,-0.05522403,-0.56754243,-0.1035656,0.038837686,-0.61228275,-0.06136001,0.036363587,-0.5951863,-0.09962819,-0.015454624,-0.5985567,0.038308572,0.019662011,-0.5637396,-0.04035739,-0.09839188,-0.021350907161831856,0.23918767273426056,-0.021958574652671814
