frame,Ankle.R_x,Ankle.R_y,Ankle.R_z,Knee.R_x,Knee.R_y,Knee.R_z,Hip.R_x,Hip.R_y,Hip.R_z,Hip.L_x,Hip.L_y,Hip.L_z,Knee.L_x,Knee.L_y,Knee.L_z,Ankle.L_x,Ankle.L_y,Ankle.L_z,Wrist.R_x,Wrist.R_y,Wrist.R_z,Elbow.R_x,Elbow.R_y,Elbow.R_z,Shoulder.R_x,Shoulder.R_y,Shoulder.R_z,Shoulder.L_x,Shoulder.L_y,Shoulder.L_z,Elbow.L_x,Elbow.L_y,Elbow.L_z,Wrist.L_x,Wrist.L_y,Wrist.L_z,Neck_x,Neck_y,Neck_z,Head_x,Head_y,Head_z,Nose_x,Nose_y,Nose_z,Eye.L_x,Eye.L_y,Eye.L_z,Eye.R_x,Eye.R_y,Eye.R_z,Ear.L_x,Ear.L_y,Ear.L_z,Ear.R_x,Ear.R_y,Ear.R_z,hip.Center_x,hip.Center_y,hip.Center_z
0,0.1503687,0.024600782,-0.025599973,0.037627384,0.08409745,0.35505554,0.0066552074,0.10075906,-0.07217041,-0.029351018,0.35870603,-0.012065137,0.07703412,0.3258548,0.39679056,0.40760612,0.37168685,0.119250156,-0.42014965,-0.19277847,0.18330745,-0.21888189,-0.14607653,0.019953556,-0.3913663,0.013033628,-0.111788884,-0.4644562,0.20145643,0.043819755,-0.4005373,0.101679474,0.28661588,-0.41192532,-0.15833713,0.3417726,-0.46129987,0.101021394,-0.035297833,-0.6456418,0.10851753,0.034530383,-0.55693436,-0.0114244595,0.084110186,-0.58348894,0.040399257,0.10068998,-0.6026919,0.0043173805,0.046815194,-0.5567092,0.13775146,0.074292555,-0.59660476,0.059943493,-0.04437585,-0.011347905732691288,0.22973254323005676,-0.04211777076125145
