frame,Ankle.R_x,Ankle.R_y,Ankle.R_z,Knee.R_x,Knee.R_y,Knee.R_z,Hip.R_x,Hip.R_y,Hip.R_z,Hip.L_x,Hip.L_y,Hip.L_z,Knee.L_x,Knee.L_y,Knee.L_z,Ankle.L_x,Ankle.L_y,Ankle.L_z,Wrist.R_x,Wrist.R_y,Wrist.R_z,Elbow.R_x,Elbow.R_y,Elbow.R_z,Shoulder.R_x,Shoulder.R_y,Shoulder.R_z,Shoulder.L_x,Shoulder.L_y,Shoulder.L_z,Elbow.L_x,Elbow.L_y,Elbow.L_z,Wrist.L_x,Wrist.L_y,Wrist.L_z,Neck_x,Neck_y,Neck_z,Head_x,Head_y,Head_z,Nose_x,Nose_y,Nose_z,Eye.L_x,Eye.L_y,Eye.L_z,Eye.R_x,Eye.R_y,Eye.R_z,Ear.L_x,Ear.L_y,Ear.L_z,Ear.R_x,Ear.R_y,Ear.R_z,hip.Center_x,hip.Center_y,hip.Center_z
0,0.37852138,0.017384024,-0.36791095,0.24428925,-0.10042259,0.01953389,-0.035609353,0.16797808,-0.13496733,-0.0075565553,0.31396067,0.08863284,0.32571816,0.05602267,0.19111559,0.54120445,0.33791342,-0.06516828,-0.07407125,-0.3357944,-0.0037188837,-0.13874388,-0.12928392,-0.16371891,-0.38114667,0.01294499,-0.1214907,-0.4544387,0.11118985,0.13043709,-0.35978094,-0.026514327,0.34706157,-0.3492688,-0.28377485,0.4228357,-0.4641546,0.053957496,0.0028346647,-0.6663742,0.014429666,0.040828876,-0.5545075,-0.08238741,0.09215255,-0.59598976,-0.04050289,0.10852195,-0.6003595,-0.07657046,0.052535452,-0.589608,0.059648592,0.091680214,-0.60247225,-0.013494752,-0.034740314,-0.0215829536318779,0.24096937477588654,-0.023167245090007782
