frame,Ankle.R_x,Ankle.R_y,Ankle.R_z,Knee.R_x,Knee.R_y,Knee.R_z,Hip.R_x,Hip.R_y,Hip.R_z,Hip.L_x,Hip.L_y,Hip.L_z,Knee.L_x,Knee.L_y,Knee.L_z,Ankle.L_x,Ankle.L_y,Ankle.L_z,Wrist.R_x,Wrist.R_y,Wrist.R_z,Elbow.R_x,Elbow.R_y,Elbow.R_z,Shoulder.R_x,Shoulder.R_y,Shoulder.R_z,Shoulder.L_x,Shoulder.L_y,Shoulder.L_z,Elbow.L_x,Elbow.L_y,Elbow.L_z,Wrist.L_x,Wrist.L_y,Wrist.L_z,Neck_x,Neck_y,Neck_z,Head_x,Head_y,Head_z,Nose_x,Nose_y,Nose_z,Eye.L_x,Eye.L_y,Eye.L_z,Eye.R_x,Eye.R_y,Eye.R_z,Ear.L_x,Ear.L_y,Ear.L_z,Ear.R_x,Ear.R_y,Ear.R_z,hip.Center_x,hip.Center_y,hip.Center_z
0,0.3465712,-0.048610672,-0.41268194,0.2441858,-0.09381365,0.0024415534,-0.045577988,0.16479985,-0.12790002,0.00076566805,0.3142918,0.088801116,0.37804547,0.092165984,0.1212995,0.57522,0.3669098,-0.16267084,-0.037262276,-0.36377352,0.042314835,-0.1111347,-0.16192724,-0.12130988,-0.35413143,-0.015233571,-0.10549865,-0.4388983,0.0749235,0.14594115,-0.34061533,-0.07956981,0.3460715,-0.33066666,-0.34076628,0.4073197,-0.44499308,0.019103102,0.012633723,-0.6476196,-0.037531238,0.007622812,-0.53969043,-0.13348791,0.06739354,-0.58785754,-0.09768888,0.08036343,-0.5773654,-0.124483034,0.020303572,-0.58705527,0.0044408664,0.08017576,-0.56827354,-0.048766643,-0.05459354,-0.022406160831451416,0.2395458221435547,-0.019549451768398285
