frame,Ankle.R_x,Ankle.R_y,Ankle.R_z,Knee.R_x,Knee.R_y,Knee.R_z,Hip.R_x,Hip.R_y,Hip.R_z,Hip.L_x,Hip.L_y,Hip.L_z,Knee.L_x,Knee.L_y,Knee.L_z,Ankle.L_x,Ankle.L_y,Ankle.L_z,Wrist.R_x,Wrist.R_y,Wrist.R_z,Elbow.R_x,Elbow.R_y,Elbow.R_z,Shoulder.R_x,Shoulder.R_y,Shoulder.R_z,Shoulder.L_x,Shoulder.L_y,Shoulder.L_z,Elbow.L_x,Elbow.L_y,Elbow.L_z,Wrist.L_x,Wrist.L_y,Wrist.L_z,Neck_x,Neck_y,Neck_z,Head_x,Head_y,Head_z,Nose_x,Nose_y,Nose_z,Eye.L_x,Eye.L_y,Eye.L_z,Eye.R_x,Eye.R_y,Eye.R_z,Ear.L_x,Ear.L_y,Ear.L_z,Ear.R_x,Ear.R_y,Ear.R_z,hip.Center_x,hip.Center_y,hip.Center_z
0,0.13043502,-0.0041612503,-0.034371722,-0.0025009294,0.07632664,0.33578643,0.018128745,0.103109404,-0.08051083,-0.034755133,0.3541004,-0.0042523886,0.024116613,0.2650155,0.397065,0.40021563,0.36926848,0.20271447,-0.1828843,-0.25137708,0.17204246,-0.13283525,-0.11407209,-0.04813811,-0.3680709,-0.018876433,-0.10869516,-0.44904378,0.1260492,0.05733788,-0.37206432,-0.024544934,0.2560991,-0.3628413,-0.24885614,0.4051842,-0.4350961,0.04655679,-0.024332765,-0.6071498,0.0501263,0.030284874,-0.52918255,-0.079360485,0.07821354,-0.5561616,-0.028729625,0.09682087,-0.56899047,-0.05823072,0.03758065,-0.5227654,0.06929724,0.08498527,-0.5500814,0.0066726,-0.04510601,-0.008313193917274475,0.22860491275787354,-0.042381610721349716
