frame,Ankle.R_x,Ankle.R_y,Ankle.R_z,Knee.R_x,Knee.R_y,Knee.R_z,Hip.R_x,Hip.R_y,Hip.R_z,Hip.L_x,Hip.L_y,Hip.L_z,Knee.L_x,Knee.L_y,Knee.L_z,Ankle.L_x,Ankle.L_y,Ankle.L_z,Wrist.R_x,Wrist.R_y,Wrist.R_z,Elbow.R_x,Elbow.R_y,Elbow.R_z,Shoulder.R_x,Shoulder.R_y,Shoulder.R_z,Shoulder.L_x,Shoulder.L_y,Shoulder.L_z,Elbow.L_x,Elbow.L_y,Elbow.L_z,Wrist.L_x,Wrist.L_y,Wrist.L_z,Neck_x,Neck_y,Neck_z,Head_x,Head_y,Head_z,Nose_x,Nose_y,Nose_z,Eye.L_x,Eye.L_y,Eye.L_z,Eye.R_x,Eye.R_y,Eye.R_z,Ear.L_x,Ear.L_y,Ear.L_z,Ear.R_x,Ear.R_y,Ear.R_z,hip.Center_x,hip.Center_y,hip.Center_z
0,0.28337315,0.14689618,0.11521038,-0.030663697,0.15968278,0.3575295,-0.006933019,0.090776294,-0.056436367,-0.018297005,0.36247987,-0.03685804,-0.016011488,0.32221293,0.36584178,0.24983041,0.3350487,0.060958397,-0.043213435,-0.08148727,-0.39081776,-0.2657463,0.023658674,-0.3092419,-0.41035604,0.05184702,-0.07148518,-0.421208,0.3223528,-0.016591677,-0.25989056,0.39963558,-0.2289274,-0.0642594,0.49853182,-0.10581392,-0.4723115,0.17053112,-0.0063918787,-0.6188199,0.23990306,0.095825985,-0.63748014,0.16417724,-0.041704,-0.6590454,0.16727662,0.01434277,-0.62476945,0.21628538,-0.016137615,-0.6091372,0.13435179,0.104083866,-0.5383537,0.24180111,0.036450077,-0.012615012004971504,0.22662808001041412,-0.04664720594882965
