frame,Ankle.R_x,Ankle.R_y,Ankle.R_z,Knee.R_x,Knee.R_y,Knee.R_z,Hip.R_x,Hip.R_y,Hip.R_z,Hip.L_x,Hip.L_y,Hip.L_z,Knee.L_x,Knee.L_y,Knee.L_z,Ankle.L_x,Ankle.L_y,Ankle.L_z,Wrist.R_x,Wrist.R_y,Wrist.R_z,Elbow.R_x,Elbow.R_y,Elbow.R_z,Shoulder.R_x,Shoulder.R_y,Shoulder.R_z,Shoulder.L_x,Shoulder.L_y,Shoulder.L_z,Elbow.L_x,Elbow.L_y,Elbow.L_z,Wrist.L_x,Wrist.L_y,Wrist.L_z,Neck_x,Neck_y,Neck_z,Head_x,Head_y,Head_z,Nose_x,Nose_y,Nose_z,Eye.L_x,Eye.L_y,Eye.L_z,Eye.R_x,Eye.R_y,Eye.R_z,Ear.L_x,Ear.L_y,Ear.L_z,Ear.R_x,Ear.R_y,Ear.R_z,hip.Center_x,hip.Center_y,hip.Center_z
0,0.16951206,-0.053153917,-0.04274512,0.016390985,0.06335911,0.3132795,0.01624353,0.11633582,-0.10348991,-0.039255816,0.34711444,0.019010736,0.035739042,0.25299376,0.3995018,0.38445437,0.37308544,0.17471977,-0.22868235,-0.29181874,0.10664112,-0.15520252,-0.13186562,-0.09239664,-0.3757647,-0.0070556384,-0.12705183,-0.43268535,0.08141498,0.0873838,-0.32626355,-0.07130778,0.27148026,-0.2810197,-0.30478364,0.39768136,-0.43065387,0.026864737,-0.015517786,-0.59205854,0.028672475,0.062323194,-0.52002764,-0.111295186,0.08136483,-0.5389615,-0.06163593,0.10989867,-0.56335217,-0.08222699,0.050414316,-0.4997021,0.034280173,0.10462206,-0.55071676,-0.009140022,-0.027292319,-0.011506143026053905,0.23172512650489807,-0.042239587754011154
