frame,Ankle.R_x,Ankle.R_y,Ankle.R_z,Knee.R_x,Knee.R_y,Knee.R_z,Hip.R_x,Hip.R_y,Hip.R_z,Hip.L_x,Hip.L_y,Hip.L_z,Knee.L_x,Knee.L_y,Knee.L_z,Ankle.L_x,Ankle.L_y,Ankle.L_z,Wrist.R_x,Wrist.R_y,Wrist.R_z,Elbow.R_x,Elbow.R_y,Elbow.R_z,Shoulder.R_x,Shoulder.R_y,Shoulder.R_z,Shoulder.L_x,Shoulder.L_y,Shoulder.L_z,Elbow.L_x,Elbow.L_y,Elbow.L_z,Wrist.L_x,Wrist.L_y,Wrist.L_z,Neck_x,Neck_y,Neck_z,Head_x,Head_y,Head_z,Nose_x,Nose_y,Nose_z,Eye.L_x,Eye.L_y,Eye.L_z,Eye.R_x,Eye.R_y,Eye.R_z,Ear.L_x,Ear.L_y,Ear.L_z,Ear.R_x,Ear.R_y,Ear.R_z,hip.Center_x,hip.Center_y,hip.Center_z
0,0.3914406,-0.036656413,-0.5021175,0.2892199,-0.06967597,-0.081846446,-0.052642547,0.1644151,-0.1194163,0.011320962,0.3088298,0.08953936,0.4034272,0.10813655,0.054906037,0.60988104,0.38219064,-0.224519,-0.045699574,-0.3810594,-0.008712461,-0.11460637,-0.14923015,-0.12422718,-0.35341343,-0.0039140685,-0.09272741,-0.42467764,0.061586507,0.16334993,-0.28816846,-0.09884836,0.33185813,-0.24030565,-0.3565007,0.37875396,-0.43655372,0.01607334,0.029741343,-0.6344972,-0.043867182,0.035663452,-0.52272916,-0.1441323,0.07956894,-0.56909263,-0.109424956,0.098957494,-0.5638393,-0.13136405,0.03651567,-0.5683085,-0.0077877045,0.10617685,-0.56014055,-0.05078751,-0.03311576,-0.02066079154610634,0.23662245273590088,-0.014938469976186752
