frame,Ankle.R_x,Ankle.R_y,Ankle.R_z,Knee.R_x,Knee.R_y,Knee.R_z,Hip.R_x,Hip.R_y,Hip.R_z,Hip.L_x,Hip.L_y,Hip.L_z,Knee.L_x,Knee.L_y,Knee.L_z,Ankle.L_x,Ankle.L_y,Ankle.L_z,Wrist.R_x,Wrist.R_y,Wrist.R_z,Elbow.R_x,Elbow.R_y,Elbow.R_z,Shoulder.R_x,Shoulder.R_y,Shoulder.R_z,Shoulder.L_x,Shoulder.L_y,Shoulder.L_z,Elbow.L_x,Elbow.L_y,Elbow.L_z,Wrist.L_x,Wrist.L_y,Wrist.L_z,Neck_x,Neck_y,Neck_z,Head_x,Head_y,Head_z,Nose_x,Nose_y,Nose_z,Eye.L_x,Eye.L_y,Eye.L_z,Eye.R_x,Eye.R_y,Eye.R_z,Ear.L_x,Ear.L_y,Ear.L_z,Ear.R_x,Ear.R_y,Ear.R_z,hip.Center_x,hip.Center_y,hip.Center_z
0,0.36164552,-0.07235044,-0.5172537,0.2798456,-0.07556024,-0.08948438,-0.057473697,0.16415524,-0.11673924,0.016465126,0.30964708,0.08837474,0.40922317,0.11214966,0.03527099,0.60253584,0.38921702,-0.25232622,-0.067650944,-0.3866424,0.01891564,-0.117981024,-0.1566068,-0.110007755,-0.3527817,-0.003934645,-0.08216123,-0.41896975,0.057749555,0.1749633,-0.28040215,-0.109344296,0.33496773,-0.23046383,-0.36923313,0.36917624,-0.43319416,0.0144052645,0.041276056,-0.6311172,-0.044514496,0.051286466,-0.51914614,-0.14714865,0.088831745,-0.5645978,-0.112599,0.11061704,-0.5614146,-0.13267194,0.047388982,-0.5624409,-0.011117667,0.12090877,-0.55883825,-0.05007632,-0.019908845,-0.020504284650087357,0.2369011640548706,-0.014182250946760178
