frame,Ankle.R_x,Ankle.R_y,Ankle.R_z,Knee.R_x,Knee.R_y,Knee.R_z,Hip.R_x,Hip.R_y,Hip.R_z,Hip.L_x,Hip.L_y,Hip.L_z,Knee.L_x,Knee.L_y,Knee.L_z,Ankle.L_x,Ankle.L_y,Ankle.L_z,Wrist.R_x,Wrist.R_y,Wrist.R_z,Elbow.R_x,Elbow.R_y,Elbow.R_z,Shoulder.R_x,Shoulder.R_y,Shoulder.R_z,Shoulder.L_x,Shoulder.L_y,Shoulder.L_z,Elbow.L_x,Elbow.L_y,Elbow.L_z,Wrist.L_x,Wrist.L_y,Wrist.L_z,Neck_x,Neck_y,Neck_z,Head_x,Head_y,Head_z,Nose_x,Nose_y,Nose_z,Eye.L_x,Eye.L_y,Eye.L_z,Eye.R_x,Eye.R_y,Eye.R_z,Ear.L_x,Ear.L_y,Ear.L_z,Ear.R_x,Ear.R_y,Ear.R_z,hip.Center_x,hip.Center_y,hip.Center_z
0,0.39633372,-0.007824731,-0.57165927,0.2992269,-0.04319985,-0.14615713,-0.061598018,0.16472778,-0.11223605,0.025173822,0.30876738,0.08792469,0.41183248,0.1211082,-0.027394779,0.6153042,0.39147398,-0.3159331,-0.039389864,-0.37836224,-0.018272247,-0.107397504,-0.13822803,-0.11738311,-0.34953034,-0.006277307,-0.07231165,-0.41066736,0.02937398,0.18419367,-0.246446,-0.11841841,0.3392989,-0.15116422,-0.36692744,0.3530825,-0.42408457,-0.0026058995,0.05248836,-0.61779404,-0.06028933,0.07380352,-0.5051911,-0.16628546,0.10238537,-0.5482199,-0.13062742,0.12764397,-0.5499403,-0.15005806,0.06400672,-0.54388726,-0.029285826,0.13923916,-0.55009997,-0.06658418,-0.0029684864,-0.018212098628282547,0.23674757778644562,-0.012155681848526001
