frame,Ankle.R_x,Ankle.R_y,Ankle.R_z,Knee.R_x,Knee.R_y,Knee.R_z,Hip.R_x,Hip.R_y,Hip.R_z,Hip.L_x,Hip.L_y,Hip.L_z,Knee.L_x,Knee.L_y,Knee.L_z,Ankle.L_x,Ankle.L_y,Ankle.L_z,Wrist.R_x,Wrist.R_y,Wrist.R_z,Elbow.R_x,Elbow.R_y,Elbow.R_z,Shoulder.R_x,Shoulder.R_y,Shoulder.R_z,Shoulder.L_x,Shoulder.L_y,Shoulder.L_z,Elbow.L_x,Elbow.L_y,Elbow.L_z,Wrist.L_x,Wrist.L_y,Wrist.L_z,Neck_x,Neck_y,Neck_z,Head_x,Head_y,Head_z,Nose_x,Nose_y,Nose_z,Eye.L_x,Eye.L_y,Eye.L_z,Eye.R_x,Eye.R_y,Eye.R_z,Ear.L_x,Ear.L_y,Ear.L_z,Ear.R_x,Ear.R_y,Ear.R_z,hip.Center_x,hip.Center_y,hip.Center_z
0,0.19660075,0.001211301,-0.11141533,0.091241516,-0.031791784,0.27509168,0.002136861,0.11594497,-0.09828706,-0.036023997,0.35378167,0.018364044,0.17519863,0.25370842,0.37555182,0.41661513,0.32439688,0.031067308,-0.22163633,-0.3978886,0.1637222,-0.13715082,-0.21186268,-0.00836893,-0.33527094,-0.041899674,-0.10768594,-0.44089228,0.12269567,0.076086916,-0.31999338,0.00652778,0.28309754,-0.23007005,-0.22955592,0.37151563,-0.4284894,0.032577004,-0.018217567,-0.5815416,0.08304224,0.081597835,-0.53316516,-0.06261523,0.109725565,-0.5347251,-0.0066078454,0.13154145,-0.5776317,-0.030132093,0.08482623,-0.48337752,0.07670337,0.09809536,-0.5726617,0.025958993,-0.0067311823,-0.016943568363785744,0.2348633110523224,-0.03996150940656662
