frame,Ankle.R_x,Ankle.R_y,Ankle.R_z,Knee.R_x,Knee.R_y,Knee.R_z,Hip.R_x,Hip.R_y,Hip.R_z,Hip.L_x,Hip.L_y,Hip.L_z,Knee.L_x,Knee.L_y,Knee.L_z,Ankle.L_x,Ankle.L_y,Ankle.L_z,Wrist.R_x,Wrist.R_y,Wrist.R_z,Elbow.R_x,Elbow.R_y,Elbow.R_z,Shoulder.R_x,Shoulder.R_y,Shoulder.R_z,Shoulder.L_x,Shoulder.L_y,Shoulder.L_z,Elbow.L_x,Elbow.L_y,Elbow.L_z,Wrist.L_x,Wrist.L_y,Wrist.L_z,Neck_x,Neck_y,Neck_z,Head_x,Head_y,Head_z,Nose_x,Nose_y,Nose_z,Eye.L_x,Eye.L_y,Eye.L_z,Eye.R_x,Eye.R_y,Eye.R_z,Ear.L_x,Ear.L_y,Ear.L_z,Ear.R_x,Ear.R_y,Ear.R_z,hip.Center_x,hip.Center_y,hip.Center_z
0,0.4158639,0.010516073,-0.5572463,0.30566195,-0.041297536,-0.13817793,-0.05854383,0.16412526,-0.114654005,0.021281311,0.30728218,0.0887824,0.4089313,0.11334932,3.3010263e-05,0.63408834,0.37705553,-0.27693677,-0.03390753,-0.37563014,-0.031294867,-0.105490044,-0.13482442,-0.12504113,-0.3485961,-0.004786713,-0.08126004,-0.4117455,0.030766003,0.17576003,-0.24524863,-0.11293125,0.33235428,-0.1535413,-0.3614338,0.35613158,-0.4248357,-0.0014185312,0.043220185,-0.6187724,-0.05933528,0.05992029,-0.50660455,-0.16407856,0.09342133,-0.550387,-0.12834051,0.116868645,-0.5502846,-0.14892212,0.053655855,-0.54695225,-0.027038127,0.12668045,-0.54915774,-0.06672389,-0.014656046,-0.018631260842084885,0.2357037216424942,-0.012935802340507507
