frame,Ankle.R_x,Ankle.R_y,Ankle.R_z,Knee.R_x,Knee.R_y,Knee.R_z,Hip.R_x,Hip.R_y,Hip.R_z,Hip.L_x,Hip.L_y,Hip.L_z,Knee.L_x,Knee.L_y,Knee.L_z,Ankle.L_x,Ankle.L_y,Ankle.L_z,Wrist.R_x,Wrist.R_y,Wrist.R_z,Elbow.R_x,Elbow.R_y,Elbow.R_z,Shoulder.R_x,Shoulder.R_y,Shoulder.R_z,Shoulder.L_x,Shoulder.L_y,Shoulder.L_z,Elbow.L_x,Elbow.L_y,Elbow.L_z,Wrist.L_x,Wrist.L_y,Wrist.L_z,Neck_x,Neck_y,Neck_z,Head_x,Head_y,Head_z,Nose_x,Nose_y,Nose_z,Eye.L_x,Eye.L_y,Eye.L_z,Eye.R_x,Eye.R_y,Eye.R_z,Ear.L_x,Ear.L_y,Ear.L_z,Ear.R_x,Ear.R_y,Ear.R_z,hip.Center_x,hip.Center_y,hip.Center_z
0,0.5087586,0.05567824,-0.5298584,0.2924474,-0.039971657,-0.15422247,-0.06074796,0.19252674,-0.131572,0.019156134,0.28529033,0.10373297,0.3565427,0.016594155,0.035802487,0.6377951,0.28221154,-0.18475193,-0.016996326,-0.3212449,-0.020465977,-0.14526463,-0.11283517,-0.13810015,-0.38460803,0.024910908,-0.09943779,-0.42610288,0.06936269,0.16926593,-0.2391646,-0.03718406,0.34132686,-0.11563385,-0.2722144,0.36352772,-0.4538437,0.036301546,0.035360664,-0.65036136,-0.017408676,0.08404318,-0.5276718,-0.105837144,0.12514278,-0.5703214,-0.066386774,0.14500104,-0.5771658,-0.10280713,0.08952522,-0.57324266,0.03330902,0.12830572,-0.590827,-0.04105083,0.0021508336,-0.02079591155052185,0.2389085292816162,-0.013919509947299957
