frame,Ankle.R_x,Ankle.R_y,Ankle.R_z,Knee.R_x,Knee.R_y,Knee.R_z,Hip.R_x,Hip.R_y,Hip.R_z,Hip.L_x,Hip.L_y,Hip.L_z,Knee.L_x,Knee.L_y,Knee.L_z,Ankle.L_x,Ankle.L_y,Ankle.L_z,Wrist.R_x,Wrist.R_y,Wrist.R_z,Elbow.R_x,Elbow.R_y,Elbow.R_z,Shoulder.R_x,Shoulder.R_y,Shoulder.R_z,Shoulder.L_x,Shoulder.L_y,Shoulder.L_z,Elbow.L_x,Elbow.L_y,Elbow.L_z,Wrist.L_x,Wrist.L_y,Wrist.L_z,Neck_x,Neck_y,Neck_z,Head_x,Head_y,Head_z,Nose_x,Nose_y,Nose_z,Eye.L_x,Eye.L_y,Eye.L_z,Eye.R_x,Eye.R_y,Eye.R_z,Ear.L_x,Ear.L_y,Ear.L_z,Ear.R_x,Ear.R_y,Ear.R_z,hip.Center_x,hip.Center_y,hip.Center_z
0,0.5422506,0.11220746,-0.533109,0.30922827,-0.016175713,-0.17465143,-0.060662992,0.18894993,-0.12988587,0.017988237,0.28786877,0.1037288,0.35594425,0.022199063,0.01732645,0.6476939,0.2712077,-0.21369164,-2.4057925e-05,-0.3227442,-0.0016386483,-0.13944605,-0.12501499,-0.1256941,-0.3826041,0.010653432,-0.084233835,-0.42297578,0.08223044,0.18511173,-0.2268451,-0.0077041243,0.35863644,-0.082647264,-0.23098841,0.38570857,-0.45310777,0.03281748,0.051111557,-0.6523389,-0.029644765,0.08360873,-0.5310198,-0.11510499,0.13506702,-0.57713044,-0.077675894,0.15165785,-0.57677764,-0.11229364,0.094400115,-0.5818572,0.023086987,0.13798812,-0.58362675,-0.04809036,0.008314984,-0.02133737877011299,0.23840934038162231,-0.013078533113002777
