frame,Ankle.R_x,Ankle.R_y,Ankle.R_z,Knee.R_x,Knee.R_y,Knee.R_z,Hip.R_x,Hip.R_y,Hip.R_z,Hip.L_x,Hip.L_y,Hip.L_z,Knee.L_x,Knee.L_y,Knee.L_z,Ankle.L_x,Ankle.L_y,Ankle.L_z,Wrist.R_x,Wrist.R_y,Wrist.R_z,Elbow.R_x,Elbow.R_y,Elbow.R_z,Shoulder.R_x,Shoulder.R_y,Shoulder.R_z,Shoulder.L_x,Shoulder.L_y,Shoulder.L_z,Elbow.L_x,Elbow.L_y,Elbow.L_z,Wrist.L_x,Wrist.L_y,Wrist.L_z,Neck_x,Neck_y,Neck_z,Head_x,Head_y,Head_z,Nose_x,Nose_y,Nose_z,Eye.L_x,Eye.L_y,Eye.L_z,Eye.R_x,Eye.R_y,Eye.R_z,Ear.L_x,Ear.L_y,Ear.L_z,Ear.R_x,Ear.R_y,Ear.R_z,hip.Center_x,hip.Center_y,hip.Center_z
0,0.32807955,-0.13538639,-0.0062303087,0.09762286,0.040959734,0.28330946,0.01310956,0.124417916,-0.1119821,-0.045804325,0.34229892,0.032578807,0.08289407,0.21756016,0.37946734,0.35680985,0.101325616,0.0962693,-0.077478826,-0.35072175,0.025578411,-0.037364997,-0.18208797,-0.16897199,-0.2871612,-0.09400475,-0.09856951,-0.35226247,-0.013716914,0.14363633,-0.17769313,-0.08888018,0.3350951,-0.034243513,-0.30139437,0.41064286,-0.34856346,-0.07315579,0.027208101,-0.48856705,-0.06655817,0.12688006,-0.43282667,-0.21369436,0.12379698,-0.43996796,-0.16594258,0.15875852,-0.4766791,-0.17842905,0.10364338,-0.39087066,-0.07452942,0.15300164,-0.46845526,-0.10165993,0.029593922,-0.016347382217645645,0.23335841298103333,-0.03970164805650711
