frame,Ankle.R_x,Ankle.R_y,Ankle.R_z,Knee.R_x,Knee.R_y,Knee.R_z,Hip.R_x,Hip.R_y,Hip.R_z,Hip.L_x,Hip.L_y,Hip.L_z,Knee.L_x,Knee.L_y,Knee.L_z,Ankle.L_x,Ankle.L_y,Ankle.L_z,Wrist.R_x,Wrist.R_y,Wrist.R_z,Elbow.R_x,Elbow.R_y,Elbow.R_z,Shoulder.R_x,Shoulder.R_y,Shoulder.R_z,Shoulder.L_x,Shoulder.L_y,Shoulder.L_z,Elbow.L_x,Elbow.L_y,Elbow.L_z,Wrist.L_x,Wrist.L_y,Wrist.L_z,Neck_x,Neck_y,Neck_z,Head_x,Head_y,Head_z,Nose_x,Nose_y,Nose_z,Eye.L_x,Eye.L_y,Eye.L_z,Eye.R_x,Eye.R_y,Eye.R_z,Ear.L_x,Ear.L_y,Ear.L_z,Ear.R_x,Ear.R_y,Ear.R_z,hip.Center_x,hip.Center_y,hip.Center_z
0,0.27837655,-0.040364932,-0.24041723,0.25340024,-0.061537012,0.17080258,-0.012590446,0.13172896,-0.10977805,-0.02345086,0.34550673,0.05118552,0.28251693,0.09391314,0.2614884,0.46661064,0.2534797,-0.08822369,-0.12405503,-0.46619448,0.13466659,-0.10185156,-0.26012677,-0.032954264,-0.31021252,-0.06969661,-0.075706154,-0.41516358,0.08390283,0.114954084,-0.2368877,0.015888661,0.30786526,-0.08937857,-0.20423362,0.2915938,-0.40044984,-0.0063188095,0.017383892,-0.53737575,0.041499235,0.11674938,-0.49462658,-0.10653184,0.14895807,-0.49262312,-0.04927002,0.16904563,-0.5380914,-0.07227621,0.124228776,-0.4379449,0.031010225,0.1311218,-0.5333657,-0.019566908,0.03078711,-0.01802065223455429,0.23861783742904663,-0.029296264052391052
