frame,Ankle.R_x,Ankle.R_y,Ankle.R_z,Knee.R_x,Knee.R_y,Knee.R_z,Hip.R_x,Hip.R_y,Hip.R_z,Hip.L_x,Hip.L_y,Hip.L_z,Knee.L_x,Knee.L_y,Knee.L_z,Ankle.L_x,Ankle.L_y,Ankle.L_z,Wrist.R_x,Wrist.R_y,Wrist.R_z,Elbow.R_x,Elbow.R_y,Elbow.R_z,Shoulder.R_x,Shoulder.R_y,Shoulder.R_z,Shoulder.L_x,Shoulder.L_y,Shoulder.L_z,Elbow.L_x,Elbow.L_y,Elbow.L_z,Wrist.L_x,Wrist.L_y,Wrist.L_z,Neck_x,Neck_y,Neck_z,Head_x,Head_y,Head_z,Nose_x,Nose_y,Nose_z,Eye.L_x,Eye.L_y,Eye.L_z,Eye.R_x,Eye.R_y,Eye.R_z,Ear.L_x,Ear.L_y,Ear.L_z,Ear.R_x,Ear.R_y,Ear.R_z,hip.Center_x,hip.Center_y,hip.Center_z
0,0.3165524,0.100679554,-0.3007945,0.32982907,-0.04050886,0.08677153,-0.012398825,0.14476427,-0.12055971,-0.022062516,0.33011255,0.070976,0.29551953,0.032285187,0.18188873,0.48841587,0.21613097,-0.15601312,-0.08376122,-0.48270848,0.12294618,-0.08918181,-0.28093335,-0.051195245,-0.30288252,-0.09322567,-0.0655478,-0.39936897,0.049863752,0.12947145,-0.21590994,0.0120630115,0.3268091,-0.069778234,-0.21007884,0.3211996,-0.38297746,-0.038231526,0.030560981,-0.5120992,-0.0045621963,0.13561782,-0.46237016,-0.15323898,0.15743771,-0.46261957,-0.09705035,0.18156229,-0.5073786,-0.11888884,0.13533403,-0.41154042,-0.011715993,0.14909068,-0.50580597,-0.059588954,0.045909405,-0.017230670899152756,0.2374384105205536,-0.024791855365037918
