frame,Ankle.R_x,Ankle.R_y,Ankle.R_z,Knee.R_x,Knee.R_y,Knee.R_z,Hip.R_x,Hip.R_y,Hip.R_z,Hip.L_x,Hip.L_y,Hip.L_z,Knee.L_x,Knee.L_y,Knee.L_z,Ankle.L_x,Ankle.L_y,Ankle.L_z,Wrist.R_x,Wrist.R_y,Wrist.R_z,Elbow.R_x,Elbow.R_y,Elbow.R_z,Shoulder.R_x,Shoulder.R_y,Shoulder.R_z,Shoulder.L_x,Shoulder.L_y,Shoulder.L_z,Elbow.L_x,Elbow.L_y,Elbow.L_z,Wrist.L_x,Wrist.L_y,Wrist.L_z,Neck_x,Neck_y,Neck_z,Head_x,Head_y,Head_z,Nose_x,Nose_y,Nose_z,Eye.L_x,Eye.L_y,Eye.L_z,Eye.R_x,Eye.R_y,Eye.R_z,Ear.L_x,Ear.L_y,Ear.L_z,Ear.R_x,Ear.R_y,Ear.R_z,hip.Center_x,hip.Center_y,hip.Center_z
0,0.503783,0.1849369,-0.63570493,0.3068935,0.055421174,-0.25843704,-0.06697,0.18762234,-0.12264635,0.028283415,0.27844596,0.103995085,0.39786565,0.10311086,-0.06431742,0.6278464,0.4021413,-0.30189362,0.056834295,-0.34368777,-0.082362674,-0.09166097,-0.13441415,-0.16715035,-0.34212452,-0.028322875,-0.080916554,-0.3771418,-0.0036080154,0.18993592,-0.16753896,-0.0955729,0.34910998,-0.0028839963,-0.30424055,0.34565187,-0.40637934,-0.03424344,0.053567596,-0.5954943,-0.10825688,0.070199795,-0.4744203,-0.20320441,0.1051517,-0.52126527,-0.17088258,0.1282838,-0.5188343,-0.19163844,0.06491953,-0.52652645,-0.06938906,0.13806427,-0.5247732,-0.10937729,-0.0039267465,-0.019343290477991104,0.233034148812294,-0.009325630962848663
