frame,Ankle.R_x,Ankle.R_y,Ankle.R_z,Knee.R_x,Knee.R_y,Knee.R_z,Hip.R_x,Hip.R_y,Hip.R_z,Hip.L_x,Hip.L_y,Hip.L_z,Knee.L_x,Knee.L_y,Knee.L_z,Ankle.L_x,Ankle.L_y,Ankle.L_z,Wrist.R_x,Wrist.R_y,Wrist.R_z,Elbow.R_x,Elbow.R_y,Elbow.R_z,Shoulder.R_x,Shoulder.R_y,Shoulder.R_z,Shoulder.L_x,Shoulder.L_y,Shoulder.L_z,Elbow.L_x,Elbow.L_y,Elbow.L_z,Wrist.L_x,Wrist.L_y,Wrist.L_z,Neck_x,Neck_y,Neck_z,Head_x,Head_y,Head_z,Nose_x,Nose_y,Nose_z,Eye.L_x,Eye.L_y,Eye.L_z,Eye.R_x,Eye.R_y,Eye.R_z,Ear.L_x,Ear.L_y,Ear.L_z,Ear.R_x,Ear.R_y,Ear.R_z,hip.Center_x,hip.Center_y,hip.Center_z
0,0.5620521,0.15901408,-0.5369466,0.32517672,0.01168375,-0.18817079,-0.059677485,0.18447143,-0.12868845,0.017897764,0.28943327,0.10284353,0.35802966,0.031177597,0.004548259,0.64654493,0.26984048,-0.24216837,0.006288694,-0.3298336,0.014195219,-0.13118573,-0.13896403,-0.12246004,-0.37661994,-0.0071679903,-0.071808755,-0.41529575,0.07416241,0.19621056,-0.21245733,0.0050327214,0.372718,-0.06641899,-0.2169115,0.39935675,-0.44594812,0.017949753,0.063421406,-0.6451339,-0.04497176,0.090324506,-0.5260904,-0.13182916,0.14597028,-0.5727399,-0.094454624,0.16111843,-0.57022214,-0.12839428,0.103467755,-0.5762179,0.0067903474,0.1485335,-0.5737859,-0.06307813,0.017869687,-0.02088985964655876,0.23695234954357147,-0.012922462075948715
