frame,Ankle.R_x,Ankle.R_y,Ankle.R_z,Knee.R_x,Knee.R_y,Knee.R_z,Hip.R_x,Hip.R_y,Hip.R_z,Hip.L_x,Hip.L_y,Hip.L_z,Knee.L_x,Knee.L_y,Knee.L_z,Ankle.L_x,Ankle.L_y,Ankle.L_z,Wrist.R_x,Wrist.R_y,Wrist.R_z,Elbow.R_x,Elbow.R_y,Elbow.R_z,Shoulder.R_x,Shoulder.R_y,Shoulder.R_z,Shoulder.L_x,Shoulder.L_y,Shoulder.L_z,Elbow.L_x,Elbow.L_y,Elbow.L_z,Wrist.L_x,Wrist.L_y,Wrist.L_z,Neck_x,Neck_y,Neck_z,Head_x,Head_y,Head_z,Nose_x,Nose_y,Nose_z,Eye.L_x,Eye.L_y,Eye.L_z,Eye.R_x,Eye.R_y,Eye.R_z,Ear.L_x,Ear.L_y,Ear.L_z,Ear.R_x,Ear.R_y,Ear.R_z,hip.Center_x,hip.Center_y,hip.Center_z
0,0.46635312,-0.15669765,-0.04654849,0.19690487,0.022281038,0.22418316,-0.009225028,0.13257521,-0.118531704,-0.03297875,0.33394903,0.054902863,0.27808878,0.17025688,0.2853725,0.5503473,0.0813635,-0.026388133,0.0059126713,-0.40425873,0.014077235,-0.014915807,-0.23330444,-0.1836832,-0.24389705,-0.120759144,-0.06676711,-0.28052545,-0.05951395,0.18635438,-0.10601114,-0.07625231,0.40021574,0.028616725,-0.29860902,0.40658996,-0.28711218,-0.11567792,0.06538535,-0.40013358,-0.114535116,0.18314232,-0.36488098,-0.26482314,0.15171702,-0.36128622,-0.22237247,0.1938433,-0.40535626,-0.22191167,0.14316493,-0.30024615,-0.1370247,0.19448712,-0.39623904,-0.1360632,0.08170229,-0.02110188826918602,0.23326212167739868,-0.031814418733119965
