frame,Ankle.R_x,Ankle.R_y,Ankle.R_z,Knee.R_x,Knee.R_y,Knee.R_z,Hip.R_x,Hip.R_y,Hip.R_z,Hip.L_x,Hip.L_y,Hip.L_z,Knee.L_x,Knee.L_y,Knee.L_z,Ankle.L_x,Ankle.L_y,Ankle.L_z,Wrist.R_x,Wrist.R_y,Wrist.R_z,Elbow.R_x,Elbow.R_y,Elbow.R_z,Shoulder.R_x,Shoulder.R_y,Shoulder.R_z,Shoulder.L_x,Shoulder.L_y,Shoulder.L_z,Elbow.L_x,Elbow.L_y,Elbow.L_z,Wrist.L_x,Wrist.L_y,Wrist.L_z,Neck_x,Neck_y,Neck_z,Head_x,Head_y,Head_z,Nose_x,Nose_y,Nose_z,Eye.L_x,Eye.L_y,Eye.L_z,Eye.R_x,Eye.R_y,Eye.R_z,Ear.L_x,Ear.L_y,Ear.L_z,Ear.R_x,Ear.R_y,Ear.R_z,hip.Center_x,hip.Center_y,hip.Center_z
0,0.53916824,0.2219707,-0.626948,0.30842665,0.082494274,-0.27117497,-0.067280866,0.18944517,-0.12343838,0.027133578,0.2726746,0.10573612,0.40932077,0.13712578,-0.06799477,0.62610507,0.44293413,-0.31183055,0.07662352,-0.32507274,-0.07275801,-0.0758654,-0.1284085,-0.17536497,-0.3325664,-0.045396045,-0.07689556,-0.3592227,-0.021303222,0.19778723,-0.14709139,-0.07884313,0.37424985,0.018126924,-0.2852088,0.37140545,-0.39253324,-0.05460239,0.06132846,-0.580565,-0.12750119,0.0747829,-0.46204674,-0.22318703,0.11738099,-0.50949275,-0.18956569,0.13768886,-0.5047429,-0.21236975,0.075036526,-0.5135442,-0.08769777,0.14444675,-0.5069591,-0.13176516,0.0035984665,-0.020073644816875458,0.23105987906455994,-0.008851129561662674
