frame,Ankle.R_x,Ankle.R_y,Ankle.R_z,Knee.R_x,Knee.R_y,Knee.R_z,Hip.R_x,Hip.R_y,Hip.R_z,Hip.L_x,Hip.L_y,Hip.L_z,Knee.L_x,Knee.L_y,Knee.L_z,Ankle.L_x,Ankle.L_y,Ankle.L_z,Wrist.R_x,Wrist.R_y,Wrist.R_z,Elbow.R_x,Elbow.R_y,Elbow.R_z,Shoulder.R_x,Shoulder.R_y,Shoulder.R_z,Shoulder.L_x,Shoulder.L_y,Shoulder.L_z,Elbow.L_x,Elbow.L_y,Elbow.L_z,Wrist.L_x,Wrist.L_y,Wrist.L_z,Neck_x,Neck_y,Neck_z,Head_x,Head_y,Head_z,Nose_x,Nose_y,Nose_z,Eye.L_x,Eye.L_y,Eye.L_z,Eye.R_x,Eye.R_y,Eye.R_z,Ear.L_x,Ear.L_y,Ear.L_z,Ear.R_x,Ear.R_y,Ear.R_z,hip.Center_x,hip.Center_y,hip.Center_z
0,0.39212412,0.37737656,-0.42628643,0.40904695,0.11672399,-0.098657236,-0.03240071,0.19379224,-0.14305109,-0.002832071,0.2716631,0.10875303,0.27349895,-0.031000264,0.037579376,0.4764292,0.1515916,-0.29656848,-0.015322375,-0.49471006,0.08744884,-0.080765784,-0.29972243,-0.085046805,-0.30058074,-0.12660183,-0.071249664,-0.3290712,-0.047145292,0.1676375,-0.15707706,-0.027174983,0.38366106,-0.040553752,-0.26286256,0.37721726,-0.34278572,-0.107492216,0.048770703,-0.45803246,-0.095170826,0.16424488,-0.42710364,-0.250628,0.14317608,-0.42186537,-0.20291482,0.18229464,-0.46758673,-0.20554687,0.13227896,-0.35907423,-0.11953762,0.17463249,-0.4573557,-0.12391911,0.06179239,-0.01761638931930065,0.23272767663002014,-0.017149027436971664
