frame,Ankle.R_x,Ankle.R_y,Ankle.R_z,Knee.R_x,Knee.R_y,Knee.R_z,Hip.R_x,Hip.R_y,Hip.R_z,Hip.L_x,Hip.L_y,Hip.L_z,Knee.L_x,Knee.L_y,Knee.L_z,Ankle.L_x,Ankle.L_y,Ankle.L_z,Wrist.R_x,Wrist.R_y,Wrist.R_z,Elbow.R_x,Elbow.R_y,Elbow.R_z,Shoulder.R_x,Shoulder.R_y,Shoulder.R_z,Shoulder.L_x,Shoulder.L_y,Shoulder.L_z,Elbow.L_x,Elbow.L_y,Elbow.L_z,Wrist.L_x,Wrist.L_y,Wrist.L_z,Neck_x,Neck_y,Neck_z,Head_x,Head_y,Head_z,Nose_x,Nose_y,Nose_z,Eye.L_x,Eye.L_y,Eye.L_z,Eye.R_x,Eye.R_y,Eye.R_z,Ear.L_x,Ear.L_y,Ear.L_z,Ear.R_x,Ear.R_y,Ear.R_z,hip.Center_x,hip.Center_y,hip.Center_z
0,0.55309254,-0.1257349,-0.13801634,0.2618985,0.013705623,0.14750828,-0.027878508,0.14325094,-0.1228327,-0.019516231,0.32013252,0.07382628,0.33502257,0.10841246,0.17102663,0.644693,0.07543697,-0.13451102,0.05860325,-0.41009897,0.030160401,0.009993147,-0.2577211,-0.17745186,-0.21119262,-0.13139349,-0.047538906,-0.23487604,-0.06537466,0.21284753,-0.06851925,-0.054210562,0.4404766,0.05760698,-0.27911553,0.43600428,-0.2493467,-0.1285713,0.08903691,-0.35996237,-0.13400976,0.20812668,-0.3252255,-0.2836652,0.17399625,-0.3207829,-0.24101098,0.21689379,-0.365973,-0.24049576,0.16708836,-0.25964,-0.15549216,0.21720842,-0.35831305,-0.15379997,0.106882274,-0.023697368800640106,0.23169173300266266,-0.024503208696842194
