frame,Ankle.R_x,Ankle.R_y,Ankle.R_z,Knee.R_x,Knee.R_y,Knee.R_z,Hip.R_x,Hip.R_y,Hip.R_z,Hip.L_x,Hip.L_y,Hip.L_z,Knee.L_x,Knee.L_y,Knee.L_z,Ankle.L_x,Ankle.L_y,Ankle.L_z,Wrist.R_x,Wrist.R_y,Wrist.R_z,Elbow.R_x,Elbow.R_y,Elbow.R_z,Shoulder.R_x,Shoulder.R_y,Shoulder.R_z,Shoulder.L_x,Shoulder.L_y,Shoulder.L_z,Elbow.L_x,Elbow.L_y,Elbow.L_z,Wrist.L_x,Wrist.L_y,Wrist.L_z,Neck_x,Neck_y,Neck_z,Head_x,Head_y,Head_z,Nose_x,Nose_y,Nose_z,Eye.L_x,Eye.L_y,Eye.L_z,Eye.R_x,Eye.R_y,Eye.R_z,Ear.L_x,Ear.L_y,Ear.L_z,Ear.R_x,Ear.R_y,Ear.R_z,hip.Center_x,hip.Center_y,hip.Center_z
0,0.5381315,0.3023605,-0.55242574,0.3440643,0.0692007,-0.22646977,-0.053867057,0.18127492,-0.12671493,0.015099536,0.28505862,0.102938004,0.41719645,0.14538456,-0.03199788,0.6069712,0.46102682,-0.29024372,0.08163935,-0.3194592,-0.05882673,-0.071498185,-0.12641223,-0.16686058,-0.33420366,-0.057290822,-0.07656002,-0.36254266,-0.02250494,0.19047426,-0.14778449,-0.06726596,0.36667535,-0.021148106,-0.29921472,0.37636414,-0.3927318,-0.061719164,0.058004808,-0.577767,-0.12017213,0.08543242,-0.46543816,-0.22905168,0.113945544,-0.50789595,-0.19238992,0.1395457,-0.51012397,-0.21229261,0.075650476,-0.502066,-0.09044893,0.15134382,-0.5097616,-0.12792915,0.008413067,-0.019383760169148445,0.23316676914691925,-0.01188846305012703
