frame,Ankle.R_x,Ankle.R_y,Ankle.R_z,Knee.R_x,Knee.R_y,Knee.R_z,Hip.R_x,Hip.R_y,Hip.R_z,Hip.L_x,Hip.L_y,Hip.L_z,Knee.L_x,Knee.L_y,Knee.L_z,Ankle.L_x,Ankle.L_y,Ankle.L_z,Wrist.R_x,Wrist.R_y,Wrist.R_z,Elbow.R_x,Elbow.R_y,Elbow.R_z,Shoulder.R_x,Shoulder.R_y,Shoulder.R_z,Shoulder.L_x,Shoulder.L_y,Shoulder.L_z,Elbow.L_x,Elbow.L_y,Elbow.L_z,Wrist.L_x,Wrist.L_y,Wrist.L_z,Neck_x,Neck_y,Neck_z,Head_x,Head_y,Head_z,Nose_x,Nose_y,Nose_z,Eye.L_x,Eye.L_y,Eye.L_z,Eye.R_x,Eye.R_y,Eye.R_z,Ear.L_x,Ear.L_y,Ear.L_z,Ear.R_x,Ear.R_y,Ear.R_z,hip.Center_x,hip.Center_y,hip.Center_z
0,0.57659537,0.3166694,-0.5482458,0.36573035,0.111469895,-0.21550235,-0.04755131,0.17333037,-0.124686904,0.0130322175,0.28951022,0.099680774,0.4148653,0.15856008,-0.035460815,0.65318,0.4133842,-0.3169733,0.082797326,-0.32229224,-0.03758829,-0.07696609,-0.1362694,-0.14553978,-0.33570102,-0.06752084,-0.060923927,-0.36564434,-0.021206219,0.19407476,-0.14944483,-0.06498317,0.36026427,-0.018000484,-0.29294378,0.3707733,-0.3917352,-0.0654569,0.067708224,-0.5733903,-0.12546393,0.09432262,-0.45983905,-0.2316953,0.1282655,-0.5032119,-0.19484763,0.15187544,-0.50404555,-0.21660104,0.08857679,-0.4995228,-0.09240405,0.16062407,-0.5038737,-0.13479039,0.018772937,-0.017259547486901283,0.23142029345035553,-0.012503065168857574
