frame,Ankle.R_x,Ankle.R_y,Ankle.R_z,Knee.R_x,Knee.R_y,Knee.R_z,Hip.R_x,Hip.R_y,Hip.R_z,Hip.L_x,Hip.L_y,Hip.L_z,Knee.L_x,Knee.L_y,Knee.L_z,Ankle.L_x,Ankle.L_y,Ankle.L_z,Wrist.R_x,Wrist.R_y,Wrist.R_z,Elbow.R_x,Elbow.R_y,Elbow.R_z,Shoulder.R_x,Shoulder.R_y,Shoulder.R_z,Shoulder.L_x,Shoulder.L_y,Shoulder.L_z,Elbow.L_x,Elbow.L_y,Elbow.L_z,Wrist.L_x,Wrist.L_y,Wrist.L_z,Neck_x,Neck_y,Neck_z,Head_x,Head_y,Head_z,Nose_x,Nose_y,Nose_z,Eye.L_x,Eye.L_y,Eye.L_z,Eye.R_x,Eye.R_y,Eye.R_z,Ear.L_x,Ear.L_y,Ear.L_z,Ear.R_x,Ear.R_y,Ear.R_z,hip.Center_x,hip.Center_y,hip.Center_z
0,0.57354367,0.3450887,-0.54449034,0.37176654,0.12721145,-0.21425703,-0.04434508,0.17173696,-0.12486301,0.009910794,0.2893007,0.10011496,0.4186987,0.17719388,-0.033459097,0.6412829,0.4432307,-0.3176724,0.09111205,-0.32037824,-0.03780608,-0.06979301,-0.13724616,-0.14924006,-0.33121645,-0.07301457,-0.068205416,-0.36485618,-0.028229006,0.18841217,-0.15441632,-0.06468775,0.36407325,-0.020508613,-0.29025346,0.38640863,-0.38883176,-0.0728787,0.061218385,-0.5700771,-0.13308616,0.09399194,-0.4557035,-0.24029711,0.12084304,-0.4978847,-0.20381717,0.14700134,-0.5015741,-0.22432429,0.083422035,-0.49334547,-0.101614535,0.15752506,-0.5039664,-0.14117426,0.015362881,-0.01721714437007904,0.23051883280277252,-0.01237402856349945
