frame,Ankle.R_x,Ankle.R_y,Ankle.R_z,Knee.R_x,Knee.R_y,Knee.R_z,Hip.R_x,Hip.R_y,Hip.R_z,Hip.L_x,Hip.L_y,Hip.L_z,Knee.L_x,Knee.L_y,Knee.L_z,Ankle.L_x,Ankle.L_y,Ankle.L_z,Wrist.R_x,Wrist.R_y,Wrist.R_z,Elbow.R_x,Elbow.R_y,Elbow.R_z,Shoulder.R_x,Shoulder.R_y,Shoulder.R_z,Shoulder.L_x,Shoulder.L_y,Shoulder.L_z,Elbow.L_x,Elbow.L_y,Elbow.L_z,Wrist.L_x,Wrist.L_y,Wrist.L_z,Neck_x,Neck_y,Neck_z,Head_x,Head_y,Head_z,Nose_x,Nose_y,Nose_z,Eye.L_x,Eye.L_y,Eye.L_z,Eye.R_x,Eye.R_y,Eye.R_z,Ear.L_x,Ear.L_y,Ear.L_z,Ear.R_x,Ear.R_y,Ear.R_z,hip.Center_x,hip.Center_y,hip.Center_z
0,0.44685468,0.51489484,-0.49705806,0.40261355,0.2147678,-0.18346415,-0.04618043,0.20389706,-0.14087388,0.012785761,0.26021978,0.1113329,0.26184386,-0.03909649,-0.020306023,0.4584017,0.12102324,-0.37758622,0.015871648,-0.5017777,0.08863309,-0.05799865,-0.30778193,-0.085441,-0.28334936,-0.13991413,-0.06717709,-0.3134503,-0.076606266,0.16939248,-0.15735482,-0.061039127,0.39802057,-0.023159247,-0.28929275,0.39198333,-0.32315564,-0.12988783,0.050495155,-0.44004434,-0.1289089,0.16174802,-0.4004573,-0.2824036,0.13516961,-0.39911613,-0.23592849,0.17663842,-0.4424858,-0.23816498,0.12426491,-0.33929923,-0.14908648,0.17596135,-0.43338117,-0.15257964,0.05765736,-0.016697335988283157,0.23205842077732086,-0.014770489186048508
