frame,Ankle.R_x,Ankle.R_y,Ankle.R_z,Knee.R_x,Knee.R_y,Knee.R_z,Hip.R_x,Hip.R_y,Hip.R_z,Hip.L_x,Hip.L_y,Hip.L_z,Knee.L_x,Knee.L_y,Knee.L_z,Ankle.L_x,Ankle.L_y,Ankle.L_z,Wrist.R_x,Wrist.R_y,Wrist.R_z,Elbow.R_x,Elbow.R_y,Elbow.R_z,Shoulder.R_x,Shoulder.R_y,Shoulder.R_z,Shoulder.L_x,Shoulder.L_y,Shoulder.L_z,Elbow.L_x,Elbow.L_y,Elbow.L_z,Wrist.L_x,Wrist.L_y,Wrist.L_z,Neck_x,Neck_y,Neck_z,Head_x,Head_y,Head_z,Nose_x,Nose_y,Nose_z,Eye.L_x,Eye.L_y,Eye.L_z,Eye.R_x,Eye.R_y,Eye.R_z,Ear.L_x,Ear.L_y,Ear.L_z,Ear.R_x,Ear.R_y,Ear.R_z,hip.Center_x,hip.Center_y,hip.Center_z
0,0.7335017,0.009868237,-0.36586103,0.35570595,0.12756982,-0.15320675,-0.065850094,0.16826257,-0.11925292,0.024984859,0.28200042,0.09861753,0.33686823,0.06493522,-0.08743169,0.62917113,0.040756613,-0.4249884,0.13033783,-0.42063946,0.051073182,0.019875273,-0.29300517,-0.15505017,-0.19136536,-0.1418921,-0.029020047,-0.21548066,-0.07734866,0.23222136,-0.06768249,-0.07642201,0.4763798,0.07177105,-0.29628137,0.4713231,-0.231425,-0.14035593,0.10817334,-0.34528404,-0.14565703,0.22527066,-0.31031042,-0.29758406,0.19714895,-0.30603904,-0.25211903,0.23877311,-0.350992,-0.25393897,0.18816715,-0.2441197,-0.16624153,0.23614736,-0.3427929,-0.16820198,0.124093935,-0.020432617515325546,0.22513149678707123,-0.010317694395780563
