frame,Ankle.R_x,Ankle.R_y,Ankle.R_z,Knee.R_x,Knee.R_y,Knee.R_z,Hip.R_x,Hip.R_y,Hip.R_z,Hip.L_x,Hip.L_y,Hip.L_z,Knee.L_x,Knee.L_y,Knee.L_z,Ankle.L_x,Ankle.L_y,Ankle.L_z,Wrist.R_x,Wrist.R_y,Wrist.R_z,Elbow.R_x,Elbow.R_y,Elbow.R_z,Shoulder.R_x,Shoulder.R_y,Shoulder.R_z,Shoulder.L_x,Shoulder.L_y,Shoulder.L_z,Elbow.L_x,Elbow.L_y,Elbow.L_z,Wrist.L_x,Wrist.L_y,Wrist.L_z,Neck_x,Neck_y,Neck_z,Head_x,Head_y,Head_z,Nose_x,Nose_y,Nose_z,Eye.L_x,Eye.L_y,Eye.L_z,Eye.R_x,Eye.R_y,Eye.R_z,Ear.L_x,Ear.L_y,Ear.L_z,Ear.R_x,Ear.R_y,Ear.R_z,hip.Center_x,hip.Center_y,hip.Center_z
0,0.58056486,0.30431256,-0.56588656,0.36202154,0.13543057,-0.21876054,-0.055075474,0.18206684,-0.12633485,0.020233663,0.2785551,0.10300866,0.40185297,0.13847077,-0.0619521,0.66521835,0.3683363,-0.34175324,0.10018117,-0.3379107,-0.022311883,-0.0866534,-0.16689031,-0.11706737,-0.33853328,-0.068061225,-0.05256944,-0.35262325,-0.024373142,0.2065888,-0.13740592,-0.09280436,0.36421633,-0.00246919,-0.32009447,0.3881616,-0.3878468,-0.06590443,0.0790873,-0.5706859,-0.13136414,0.101792246,-0.45577317,-0.23309618,0.14289412,-0.50075704,-0.1964683,0.16382001,-0.49917597,-0.22054793,0.10138151,-0.49976665,-0.09388634,0.16859995,-0.49909186,-0.14142825,0.028196137,-0.017420906573534012,0.23031097650527954,-0.011663094162940979
