frame,Ankle.R_x,Ankle.R_y,Ankle.R_z,Knee.R_x,Knee.R_y,Knee.R_z,Hip.R_x,Hip.R_y,Hip.R_z,Hip.L_x,Hip.L_y,Hip.L_z,Knee.L_x,Knee.L_y,Knee.L_z,Ankle.L_x,Ankle.L_y,Ankle.L_z,Wrist.R_x,Wrist.R_y,Wrist.R_z,Elbow.R_x,Elbow.R_y,Elbow.R_z,Shoulder.R_x,Shoulder.R_y,Shoulder.R_z,Shoulder.L_x,Shoulder.L_y,Shoulder.L_z,Elbow.L_x,Elbow.L_y,Elbow.L_z,Wrist.L_x,Wrist.L_y,Wrist.L_z,Neck_x,Neck_y,Neck_z,Head_x,Head_y,Head_z,Nose_x,Nose_y,Nose_z,Eye.L_x,Eye.L_y,Eye.L_z,Eye.R_x,Eye.R_y,Eye.R_z,Ear.L_x,Ear.L_y,Ear.L_z,Ear.R_x,Ear.R_y,Ear.R_z,hip.Center_x,hip.Center_y,hip.Center_z
0,0.3897651,0.5336916,-0.5481887,0.38008708,0.21425581,-0.24340741,-0.052867748,0.19808355,-0.13572267,0.016252646,0.2643576,0.11165827,0.2567255,-0.030532394,-0.061040416,0.42818198,0.09728044,-0.4478752,0.068462655,-0.51594937,0.09200295,-0.007895844,-0.3306939,-0.09199159,-0.23561941,-0.14898987,-0.061292417,-0.30361423,-0.051795196,0.18350592,-0.1454773,-0.040032983,0.4229156,-0.0063496935,-0.26893917,0.42578667,-0.30541626,-0.12558076,0.06153701,-0.44145852,-0.10756515,0.1587154,-0.39787248,-0.26132536,0.16932118,-0.39949915,-0.20651779,0.19947973,-0.44074526,-0.22232318,0.14736786,-0.34142187,-0.120829955,0.18095425,-0.43005148,-0.15278101,0.06308348,-0.018307551741600037,0.2312205731868744,-0.012032199651002884
