frame,Ankle.R_x,Ankle.R_y,Ankle.R_z,Knee.R_x,Knee.R_y,Knee.R_z,Hip.R_x,Hip.R_y,Hip.R_z,Hip.L_x,Hip.L_y,Hip.L_z,Knee.L_x,Knee.L_y,Knee.L_z,Ankle.L_x,Ankle.L_y,Ankle.L_z,Wrist.R_x,Wrist.R_y,Wrist.R_z,Elbow.R_x,Elbow.R_y,Elbow.R_z,Shoulder.R_x,Shoulder.R_y,Shoulder.R_z,Shoulder.L_x,Shoulder.L_y,Shoulder.L_z,Elbow.L_x,Elbow.L_y,Elbow.L_z,Wrist.L_x,Wrist.L_y,Wrist.L_z,Neck_x,Neck_y,Neck_z,Head_x,Head_y,Head_z,Nose_x,Nose_y,Nose_z,Eye.L_x,Eye.L_y,Eye.L_z,Eye.R_x,Eye.R_y,Eye.R_z,Ear.L_x,Ear.L_y,Ear.L_z,Ear.R_x,Ear.R_y,Ear.R_z,hip.Center_x,hip.Center_y,hip.Center_z
0,0.5366198,0.059070874,-0.5697746,0.3105037,-0.0011364081,-0.18803202,-0.07093909,0.19065012,-0.12275627,0.03549643,0.28561378,0.09913153,0.33809566,0.0149391815,-0.071147196,0.63656545,0.119344816,-0.3923203,-0.010724468,-0.3834041,0.06210194,-0.19426058,-0.20042776,-0.022665204,-0.3940147,-0.0055060154,-0.0065306704,-0.39314684,0.10735294,0.238534,-0.1677401,0.0628976,0.3922331,-0.017214337,-0.15256158,0.43916956,-0.43776673,0.03623017,0.11955235,-0.62567824,-0.032507263,0.16345409,-0.50074935,-0.116614506,0.21135558,-0.54682213,-0.07959761,0.22929467,-0.5479301,-0.11426608,0.17186028,-0.5542597,0.022193477,0.21585067,-0.5587274,-0.05014719,0.08614829,-0.017721328884363174,0.23813194036483765,-0.011812370270490646
