frame,Ankle.R_x,Ankle.R_y,Ankle.R_z,Knee.R_x,Knee.R_y,Knee.R_z,Hip.R_x,Hip.R_y,Hip.R_z,Hip.L_x,Hip.L_y,Hip.L_z,Knee.L_x,Knee.L_y,Knee.L_z,Ankle.L_x,Ankle.L_y,Ankle.L_z,Wrist.R_x,Wrist.R_y,Wrist.R_z,Elbow.R_x,Elbow.R_y,Elbow.R_z,Shoulder.R_x,Shoulder.R_y,Shoulder.R_z,Shoulder.L_x,Shoulder.L_y,Shoulder.L_z,Elbow.L_x,Elbow.L_y,Elbow.L_z,Wrist.L_x,Wrist.L_y,Wrist.L_z,Neck_x,Neck_y,Neck_z,Head_x,Head_y,Head_z,Nose_x,Nose_y,Nose_z,Eye.L_x,Eye.L_y,Eye.L_z,Eye.R_x,Eye.R_y,Eye.R_z,Ear.L_x,Ear.L_y,Ear.L_z,Ear.R_x,Ear.R_y,Ear.R_z,hip.Center_x,hip.Center_y,hip.Center_z
0,0.5640406,0.26274574,-0.5806306,0.34830916,0.1066581,-0.22449806,-0.059221845,0.1937186,-0.12965639,0.022326453,0.2703811,0.10652792,0.37847003,0.088036984,-0.06738136,0.6547405,0.30738363,-0.34404054,0.10871508,-0.3376146,-0.026072184,-0.0964168,-0.18194439,-0.11246565,-0.34375852,-0.076427944,-0.04174701,-0.3441608,-0.019645486,0.214454,-0.12036649,-0.09598479,0.3543556,0.019125957,-0.32323426,0.36765355,-0.38585097,-0.06637624,0.09085071,-0.5659857,-0.13183591,0.12394321,-0.44839248,-0.23145641,0.16172753,-0.4927091,-0.19494982,0.18401912,-0.49362224,-0.2201856,0.12188325,-0.49260768,-0.09208642,0.1868477,-0.49763906,-0.14255863,0.04743609,-0.018447697162628174,0.2320498526096344,-0.011564236134290695
