frame,Ankle.R_x,Ankle.R_y,Ankle.R_z,Knee.R_x,Knee.R_y,Knee.R_z,Hip.R_x,Hip.R_y,Hip.R_z,Hip.L_x,Hip.L_y,Hip.L_z,Knee.L_x,Knee.L_y,Knee.L_z,Ankle.L_x,Ankle.L_y,Ankle.L_z,Wrist.R_x,Wrist.R_y,Wrist.R_z,Elbow.R_x,Elbow.R_y,Elbow.R_z,Shoulder.R_x,Shoulder.R_y,Shoulder.R_z,Shoulder.L_x,Shoulder.L_y,Shoulder.L_z,Elbow.L_x,Elbow.L_y,Elbow.L_z,Wrist.L_x,Wrist.L_y,Wrist.L_z,Neck_x,Neck_y,Neck_z,Head_x,Head_y,Head_z,Nose_x,Nose_y,Nose_z,Eye.L_x,Eye.L_y,Eye.L_z,Eye.R_x,Eye.R_y,Eye.R_z,Ear.L_x,Ear.L_y,Ear.L_z,Ear.R_x,Ear.R_y,Ear.R_z,hip.Center_x,hip.Center_y,hip.Center_z
0,0.5618754,0.2998244,-0.584494,0.3537561,0.12738621,-0.23026103,-0.057222947,0.19390944,-0.13081719,0.020399315,0.26998457,0.107457094,0.3805398,0.098972574,-0.0712557,0.6542161,0.32461247,-0.34714252,0.118907146,-0.34704053,-0.0066129197,-0.084074125,-0.19626486,-0.10775321,-0.33417243,-0.090201475,-0.045292165,-0.3398132,-0.031279694,0.21018465,-0.11804436,-0.102768205,0.3565365,0.026862837,-0.32730293,0.37246734,-0.37829646,-0.079865955,0.08620601,-0.55785936,-0.14584589,0.11856163,-0.4405485,-0.24524473,0.15887018,-0.48503807,-0.2081769,0.18025279,-0.48555696,-0.2344587,0.11841252,-0.48478982,-0.105075456,0.18141142,-0.48886913,-0.15789434,0.04241483,-0.01841181516647339,0.23194700479507446,-0.01168004795908928
