frame,Ankle.R_x,Ankle.R_y,Ankle.R_z,Knee.R_x,Knee.R_y,Knee.R_z,Hip.R_x,Hip.R_y,Hip.R_z,Hip.L_x,Hip.L_y,Hip.L_z,Knee.L_x,Knee.L_y,Knee.L_z,Ankle.L_x,Ankle.L_y,Ankle.L_z,Wrist.R_x,Wrist.R_y,Wrist.R_z,Elbow.R_x,Elbow.R_y,Elbow.R_z,Shoulder.R_x,Shoulder.R_y,Shoulder.R_z,Shoulder.L_x,Shoulder.L_y,Shoulder.L_z,Elbow.L_x,Elbow.L_y,Elbow.L_z,Wrist.L_x,Wrist.L_y,Wrist.L_z,Neck_x,Neck_y,Neck_z,Head_x,Head_y,Head_z,Nose_x,Nose_y,Nose_z,Eye.L_x,Eye.L_y,Eye.L_z,Eye.R_x,Eye.R_y,Eye.R_z,Ear.L_x,Ear.L_y,Ear.L_z,Ear.R_x,Ear.R_y,Ear.R_z,hip.Center_x,hip.Center_y,hip.Center_z
0,0.53377783,0.12250836,0.26062804,0.11717514,0.14323764,0.36352196,-0.020014724,0.09746144,-0.03400498,-0.017962879,0.3642499,-0.042963713,0.20617487,0.3638229,0.32509002,0.64256173,0.39930573,0.24410489,0.05464785,-0.17243223,-0.17773482,-0.1878945,-0.062752314,-0.2079345,-0.42459035,0.07426522,-0.108972535,-0.42697453,0.37224972,-0.029833045,-0.18112738,0.52346677,0.008792027,0.043601282,0.62937963,0.10247099,-0.49767888,0.22801891,-0.062034056,-0.68747246,0.29571283,-0.13057958,-0.6904721,0.2174604,0.0063771233,-0.6978359,0.27250013,-0.020499349,-0.7043506,0.21444297,-0.05258007,-0.62296855,0.33261412,-0.057235353,-0.63597196,0.20915055,-0.13319542,-0.018988801166415215,0.23085567355155945,-0.038484346121549606
