frame,Ankle.R_x,Ankle.R_y,Ankle.R_z,Knee.R_x,Knee.R_y,Knee.R_z,Hip.R_x,Hip.R_y,Hip.R_z,Hip.L_x,Hip.L_y,Hip.L_z,Knee.L_x,Knee.L_y,Knee.L_z,Ankle.L_x,Ankle.L_y,Ankle.L_z,Wrist.R_x,Wrist.R_y,Wrist.R_z,Elbow.R_x,Elbow.R_y,Elbow.R_z,Shoulder.R_x,Shoulder.R_y,Shoulder.R_z,Shoulder.L_x,Shoulder.L_y,Shoulder.L_z,Elbow.L_x,Elbow.L_y,Elbow.L_z,Wrist.L_x,Wrist.L_y,Wrist.L_z,Neck_x,Neck_y,Neck_z,Head_x,Head_y,Head_z,Nose_x,Nose_y,Nose_z,Eye.L_x,Eye.L_y,Eye.L_z,Eye.R_x,Eye.R_y,Eye.R_z,Ear.L_x,Ear.L_y,Ear.L_z,Ear.R_x,Ear.R_y,Ear.R_z,hip.Center_x,hip.Center_y,hip.Center_z
0,0.5267075,0.12335168,0.2596281,0.11183443,0.14265515,0.36539605,-0.01895295,0.097441,-0.0360038,-0.01770233,0.36421174,-0.042512335,0.18541266,0.36209196,0.33523524,0.62532455,0.39826313,0.2829912,0.053129587,-0.16572337,-0.20576097,-0.18764123,-0.05118898,-0.22738782,-0.42407376,0.079763114,-0.12138046,-0.42390537,0.37408286,-0.030346867,-0.17727378,0.52128035,0.015689649,0.046656832,0.6216288,0.11635055,-0.49584323,0.2324081,-0.068473995,-0.6822448,0.30893993,-0.13548353,-0.68980277,0.22283182,-0.0035106763,-0.6952136,0.27950537,-0.027166463,-0.70263904,0.22364542,-0.06270698,-0.6182225,0.3397218,-0.059036452,-0.6329886,0.22133741,-0.14231285,-0.018327640369534492,0.23082637786865234,-0.039258066564798355
