frame,Ankle.R_x,Ankle.R_y,Ankle.R_z,Knee.R_x,Knee.R_y,Knee.R_z,Hip.R_x,Hip.R_y,Hip.R_z,Hip.L_x,Hip.L_y,Hip.L_z,Knee.L_x,Knee.L_y,Knee.L_z,Ankle.L_x,Ankle.L_y,Ankle.L_z,Wrist.R_x,Wrist.R_y,Wrist.R_z,Elbow.R_x,Elbow.R_y,Elbow.R_z,Shoulder.R_x,Shoulder.R_y,Shoulder.R_z,Shoulder.L_x,Shoulder.L_y,Shoulder.L_z,Elbow.L_x,Elbow.L_y,Elbow.L_z,Wrist.L_x,Wrist.L_y,Wrist.L_z,Neck_x,Neck_y,Neck_z,Head_x,Head_y,Head_z,Nose_x,Nose_y,Nose_z,Eye.L_x,Eye.L_y,Eye.L_z,Eye.R_x,Eye.R_y,Eye.R_z,Ear.L_x,Ear.L_y,Ear.L_z,Ear.R_x,Ear.R_y,Ear.R_z,hip.Center_x,hip.Center_y,hip.Center_z
0,0.53290063,0.14339116,0.28088784,0.111811444,0.15303682,0.3648133,-0.016870469,0.09666178,-0.036777,-0.020452674,0.36240217,-0.038079463,0.24338654,0.37057677,0.305512,0.6786675,0.3950222,0.20916687,0.059082083,-0.15462236,-0.18731757,-0.18179661,-0.046127167,-0.22796029,-0.42336673,0.07899821,-0.127366,-0.420779,0.36856017,-0.024678113,-0.17281154,0.5134101,0.022944972,0.0472249,0.62334025,0.121366344,-0.49453217,0.22822803,-0.0680941,-0.6855492,0.2955448,-0.13222751,-0.6872599,0.20827523,-0.0009909458,-0.6960149,0.2646461,-0.02406272,-0.7006327,0.2087767,-0.06002725,-0.6225954,0.329341,-0.056064352,-0.6316755,0.2109949,-0.13984641,-0.01866157166659832,0.22953197360038757,-0.03742823004722595
