frame,Ankle.R_x,Ankle.R_y,Ankle.R_z,Knee.R_x,Knee.R_y,Knee.R_z,Hip.R_x,Hip.R_y,Hip.R_z,Hip.L_x,Hip.L_y,Hip.L_z,Knee.L_x,Knee.L_y,Knee.L_z,Ankle.L_x,Ankle.L_y,Ankle.L_z,Wrist.R_x,Wrist.R_y,Wrist.R_z,Elbow.R_x,Elbow.R_y,Elbow.R_z,Shoulder.R_x,Shoulder.R_y,Shoulder.R_z,Shoulder.L_x,Shoulder.L_y,Shoulder.L_z,Elbow.L_x,Elbow.L_y,Elbow.L_z,Wrist.L_x,Wrist.L_y,Wrist.L_z,Neck_x,Neck_y,Neck_z,Head_x,Head_y,Head_z,Nose_x,Nose_y,Nose_z,Eye.L_x,Eye.L_y,Eye.L_z,Eye.R_x,Eye.R_y,Eye.R_z,Ear.L_x,Ear.L_y,Ear.L_z,Ear.R_x,Ear.R_y,Ear.R_z,hip.Center_x,hip.Center_y,hip.Center_z
0,0.31051022,0.55377215,-0.64602834,0.32653293,0.24402462,-0.31860217,-0.06846028,0.19421758,-0.12545939,0.03534767,0.2639946,0.10811894,0.24462543,-0.007340141,-0.14448033,0.35375673,0.048515826,-0.5778949,0.14297463,-0.51020503,0.07676912,0.022468286,-0.3144533,-0.07516794,-0.20690724,-0.1382148,-0.051871285,-0.2750326,-0.055881057,0.19795735,-0.07357659,-0.07744556,0.405378,0.06928791,-0.3075671,0.39267057,-0.28876793,-0.12529875,0.071580224,-0.4460981,-0.1124474,0.1522849,-0.39458397,-0.26202968,0.1731563,-0.40216154,-0.20608774,0.20066142,-0.4381219,-0.22725157,0.14637038,-0.34694898,-0.11865069,0.18313873,-0.42475185,-0.15919067,0.061266616,-0.016556303948163986,0.2291060984134674,-0.008670225739479065
