frame,Ankle.R_x,Ankle.R_y,Ankle.R_z,Knee.R_x,Knee.R_y,Knee.R_z,Hip.R_x,Hip.R_y,Hip.R_z,Hip.L_x,Hip.L_y,Hip.L_z,Knee.L_x,Knee.L_y,Knee.L_z,Ankle.L_x,Ankle.L_y,Ankle.L_z,Wrist.R_x,Wrist.R_y,Wrist.R_z,Elbow.R_x,Elbow.R_y,Elbow.R_z,Shoulder.R_x,Shoulder.R_y,Shoulder.R_z,Shoulder.L_x,Shoulder.L_y,Shoulder.L_z,Elbow.L_x,Elbow.L_y,Elbow.L_z,Wrist.L_x,Wrist.L_y,Wrist.L_z,Neck_x,Neck_y,Neck_z,Head_x,Head_y,Head_z,Nose_x,Nose_y,Nose_z,Eye.L_x,Eye.L_y,Eye.L_z,Eye.R_x,Eye.R_y,Eye.R_z,Ear.L_x,Ear.L_y,Ear.L_z,Ear.R_x,Ear.R_y,Ear.R_z,hip.Center_x,hip.Center_y,hip.Center_z
0,0.6587068,0.18216002,-0.5486048,0.34369054,0.14854126,-0.22410601,-0.06997891,0.17751695,-0.11881055,0.03522698,0.27163604,0.102116264,0.30406132,0.1000552,-0.18979159,0.46808663,0.022270337,-0.6020881,0.19624579,-0.40142745,0.061878696,0.04035317,-0.28905502,-0.12829995,-0.19452827,-0.14208141,-0.03724327,-0.23008028,-0.069981374,0.22307357,-0.030590834,-0.09599495,0.42702708,0.10084529,-0.32526404,0.41219947,-0.25359255,-0.13611504,0.09871363,-0.3855945,-0.13488705,0.21380153,-0.35049045,-0.28720036,0.19080812,-0.3473596,-0.2403187,0.23145445,-0.39145604,-0.2438545,0.17975467,-0.28475615,-0.15540561,0.22754782,-0.38115102,-0.15943092,0.11405818,-0.017375964671373367,0.22457650303840637,-0.008347142487764359
