frame,Ankle.R_x,Ankle.R_y,Ankle.R_z,Knee.R_x,Knee.R_y,Knee.R_z,Hip.R_x,Hip.R_y,Hip.R_z,Hip.L_x,Hip.L_y,Hip.L_z,Knee.L_x,Knee.L_y,Knee.L_z,Ankle.L_x,Ankle.L_y,Ankle.L_z,Wrist.R_x,Wrist.R_y,Wrist.R_z,Elbow.R_x,Elbow.R_y,Elbow.R_z,Shoulder.R_x,Shoulder.R_y,Shoulder.R_z,Shoulder.L_x,Shoulder.L_y,Shoulder.L_z,Elbow.L_x,Elbow.L_y,Elbow.L_z,Wrist.L_x,Wrist.L_y,Wrist.L_z,Neck_x,Neck_y,Neck_z,Head_x,Head_y,Head_z,Nose_x,Nose_y,Nose_z,Eye.L_x,Eye.L_y,Eye.L_z,Eye.R_x,Eye.R_y,Eye.R_z,Ear.L_x,Ear.L_y,Ear.L_z,Ear.R_x,Ear.R_y,Ear.R_z,hip.Center_x,hip.Center_y,hip.Center_z
0,0.4845664,0.0125264,-0.56969225,0.25697035,-0.056288313,-0.18253827,-0.07637707,0.21446802,-0.1287925,0.039505236,0.27577832,0.10411357,0.27780005,-0.057007547,-0.051762752,0.5766978,0.07706598,-0.3673443,-0.011184199,-0.38895977,0.040400427,-0.20911865,-0.20587626,-0.010329398,-0.40295684,-0.0062177433,0.0058888867,-0.37496004,0.10509997,0.24561605,-0.126515,0.08397023,0.3719082,0.042421244,-0.12060653,0.4200508,-0.43265504,0.03731733,0.13253102,-0.6169223,-0.0052894554,0.19095334,-0.50111544,-0.103802495,0.23677072,-0.5407589,-0.059782982,0.25517684,-0.54995,-0.097186886,0.19969404,-0.5352366,0.041771073,0.23595196,-0.55730474,-0.03628744,0.11058875,-0.018435917794704437,0.24512317776679993,-0.012339461594820023
