frame,Ankle.R_x,Ankle.R_y,Ankle.R_z,Knee.R_x,Knee.R_y,Knee.R_z,Hip.R_x,Hip.R_y,Hip.R_z,Hip.L_x,Hip.L_y,Hip.L_z,Knee.L_x,Knee.L_y,Knee.L_z,Ankle.L_x,Ankle.L_y,Ankle.L_z,Wrist.R_x,Wrist.R_y,Wrist.R_z,Elbow.R_x,Elbow.R_y,Elbow.R_z,Shoulder.R_x,Shoulder.R_y,Shoulder.R_z,Shoulder.L_x,Shoulder.L_y,Shoulder.L_z,Elbow.L_x,Elbow.L_y,Elbow.L_z,Wrist.L_x,Wrist.L_y,Wrist.L_z,Neck_x,Neck_y,Neck_z,Head_x,Head_y,Head_z,Nose_x,Nose_y,Nose_z,Eye.L_x,Eye.L_y,Eye.L_z,Eye.R_x,Eye.R_y,Eye.R_z,Ear.L_x,Ear.L_y,Ear.L_z,Ear.R_x,Ear.R_y,Ear.R_z,hip.Center_x,hip.Center_y,hip.Center_z
0,0.597389,0.24562131,-0.6055734,0.33190805,0.14023744,-0.24919567,-0.07395344,0.18402983,-0.118975654,0.04099405,0.2648386,0.10280793,0.2619755,0.10781819,-0.2349471,0.3637012,0.02297317,-0.67030007,0.20111276,-0.3891419,0.07451602,0.035512526,-0.2846568,-0.11560026,-0.19968684,-0.13247167,-0.041551646,-0.24188623,-0.06027641,0.21570703,-0.019265028,-0.122047424,0.3847153,0.14602755,-0.3354951,0.38064528,-0.26992565,-0.12613225,0.09003268,-0.41291162,-0.12430908,0.20013663,-0.3772231,-0.27657017,0.1783016,-0.3753585,-0.22953801,0.21900299,-0.4186333,-0.23374759,0.16638646,-0.31255546,-0.14485605,0.21594778,-0.4062922,-0.14874598,0.10053395,-0.016479695215821266,0.22443422675132751,-0.008083861321210861
