frame,Ankle.R_x,Ankle.R_y,Ankle.R_z,Knee.R_x,Knee.R_y,Knee.R_z,Hip.R_x,Hip.R_y,Hip.R_z,Hip.L_x,Hip.L_y,Hip.L_z,Knee.L_x,Knee.L_y,Knee.L_z,Ankle.L_x,Ankle.L_y,Ankle.L_z,Wrist.R_x,Wrist.R_y,Wrist.R_z,Elbow.R_x,Elbow.R_y,Elbow.R_z,Shoulder.R_x,Shoulder.R_y,Shoulder.R_z,Shoulder.L_x,Shoulder.L_y,Shoulder.L_z,Elbow.L_x,Elbow.L_y,Elbow.L_z,Wrist.L_x,Wrist.L_y,Wrist.L_z,Neck_x,Neck_y,Neck_z,Head_x,Head_y,Head_z,Nose_x,Nose_y,Nose_z,Eye.L_x,Eye.L_y,Eye.L_z,Eye.R_x,Eye.R_y,Eye.R_z,Ear.L_x,Ear.L_y,Ear.L_z,Ear.R_x,Ear.R_y,Ear.R_z,hip.Center_x,hip.Center_y,hip.Center_z
0,0.4452842,0.15470554,-0.5630652,0.26230237,-0.033440623,-0.19948986,-0.080151096,0.21007457,-0.12613183,0.036418524,0.2804729,0.105761714,0.2633144,-0.053179786,-0.031689398,0.5110083,0.20463598,-0.30139583,0.1384197,-0.3453823,-0.047546092,-0.10217034,-0.21211071,-0.06483258,-0.33721364,-0.06461033,-0.016537052,-0.30959976,0.006022135,0.24975029,-0.052961256,-0.06783178,0.33268803,0.14017123,-0.26149574,0.33559948,-0.3764028,-0.04511126,0.1269772,-0.56569535,-0.074269995,0.1818802,-0.46792087,-0.19646966,0.20787603,-0.50142074,-0.15136528,0.23483501,-0.5138531,-0.175701,0.17303076,-0.479062,-0.050437294,0.23673142,-0.50898045,-0.097161055,0.098578066,-0.021866286173462868,0.24527373909950256,-0.010185059159994125
