frame,Ankle.R_x,Ankle.R_y,Ankle.R_z,Knee.R_x,Knee.R_y,Knee.R_z,Hip.R_x,Hip.R_y,Hip.R_z,Hip.L_x,Hip.L_y,Hip.L_z,Knee.L_x,Knee.L_y,Knee.L_z,Ankle.L_x,Ankle.L_y,Ankle.L_z,Wrist.R_x,Wrist.R_y,Wrist.R_z,Elbow.R_x,Elbow.R_y,Elbow.R_z,Shoulder.R_x,Shoulder.R_y,Shoulder.R_z,Shoulder.L_x,Shoulder.L_y,Shoulder.L_z,Elbow.L_x,Elbow.L_y,Elbow.L_z,Wrist.L_x,Wrist.L_y,Wrist.L_z,Neck_x,Neck_y,Neck_z,Head_x,Head_y,Head_z,Nose_x,Nose_y,Nose_z,Eye.L_x,Eye.L_y,Eye.L_z,Eye.R_x,Eye.R_y,Eye.R_z,Ear.L_x,Ear.L_y,Ear.L_z,Ear.R_x,Ear.R_y,Ear.R_z,hip.Center_x,hip.Center_y,hip.Center_z
0,0.44464108,0.1404827,-0.5646303,0.26106662,-0.036282443,-0.19514555,-0.08136295,0.20850272,-0.1251543,0.037628572,0.28203505,0.10461561,0.27064997,-0.049536992,-0.03013109,0.5188956,0.20419037,-0.30456138,0.13597117,-0.33384904,-0.05985228,-0.10595347,-0.20260811,-0.06866669,-0.34118083,-0.05865376,-0.012048234,-0.30907235,0.009206133,0.25530535,-0.050796695,-0.061251275,0.33751497,0.1394553,-0.2572432,0.3365719,-0.37760162,-0.040805552,0.13306881,-0.566105,-0.074910186,0.19043344,-0.4640699,-0.19397266,0.21432558,-0.49870464,-0.15026142,0.24197756,-0.51101625,-0.17449868,0.18017486,-0.47968045,-0.0487168,0.24456754,-0.50955266,-0.09521711,0.10638504,-0.021867187693715096,0.24526888132095337,-0.010269347578287125
