frame,Ankle.R_x,Ankle.R_y,Ankle.R_z,Knee.R_x,Knee.R_y,Knee.R_z,Hip.R_x,Hip.R_y,Hip.R_z,Hip.L_x,Hip.L_y,Hip.L_z,Knee.L_x,Knee.L_y,Knee.L_z,Ankle.L_x,Ankle.L_y,Ankle.L_z,Wrist.R_x,Wrist.R_y,Wrist.R_z,Elbow.R_x,Elbow.R_y,Elbow.R_z,Shoulder.R_x,Shoulder.R_y,Shoulder.R_z,Shoulder.L_x,Shoulder.L_y,Shoulder.L_z,Elbow.L_x,Elbow.L_y,Elbow.L_z,Wrist.L_x,Wrist.L_y,Wrist.L_z,Neck_x,Neck_y,Neck_z,Head_x,Head_y,Head_z,Nose_x,Nose_y,Nose_z,Eye.L_x,Eye.L_y,Eye.L_z,Eye.R_x,Eye.R_y,Eye.R_z,Ear.L_x,Ear.L_y,Ear.L_z,Ear.R_x,Ear.R_y,Ear.R_z,hip.Center_x,hip.Center_y,hip.Center_z
0,0.2906096,0.55120665,-0.6960112,0.3029552,0.26914725,-0.33730838,-0.07049001,0.18974988,-0.121846564,0.040412575,0.26431453,0.105959974,0.23626299,0.02259674,-0.18743013,0.31705225,0.021605251,-0.6332331,0.17442246,-0.48464432,0.076828316,0.034031224,-0.30286267,-0.07563917,-0.20360826,-0.13874285,-0.04813274,-0.2725762,-0.057753555,0.19864863,-0.044735443,-0.10967004,0.36622506,0.116028845,-0.32921815,0.35770944,-0.28900164,-0.1261491,0.07287223,-0.45627818,-0.12968804,0.14937794,-0.38804257,-0.2717473,0.16984211,-0.4028361,-0.21753645,0.19783822,-0.43464404,-0.2419512,0.14231637,-0.3582325,-0.1240823,0.18246001,-0.4273014,-0.17196031,0.0591452,-0.015038717538118362,0.22703221440315247,-0.007943294942378998
