frame,Ankle.R_x,Ankle.R_y,Ankle.R_z,Knee.R_x,Knee.R_y,Knee.R_z,Hip.R_x,Hip.R_y,Hip.R_z,Hip.L_x,Hip.L_y,Hip.L_z,Knee.L_x,Knee.L_y,Knee.L_z,Ankle.L_x,Ankle.L_y,Ankle.L_z,Wrist.R_x,Wrist.R_y,Wrist.R_z,Elbow.R_x,Elbow.R_y,Elbow.R_z,Shoulder.R_x,Shoulder.R_y,Shoulder.R_z,Shoulder.L_x,Shoulder.L_y,Shoulder.L_z,Elbow.L_x,Elbow.L_y,Elbow.L_z,Wrist.L_x,Wrist.L_y,Wrist.L_z,Neck_x,Neck_y,Neck_z,Head_x,Head_y,Head_z,Nose_x,Nose_y,Nose_z,Eye.L_x,Eye.L_y,Eye.L_z,Eye.R_x,Eye.R_y,Eye.R_z,Ear.L_x,Ear.L_y,Ear.L_z,Ear.R_x,Ear.R_y,Ear.R_z,hip.Center_x,hip.Center_y,hip.Center_z
0,0.40448847,0.030926898,-0.5549016,0.22434463,-0.070931904,-0.16178092,-0.09106775,0.20793986,-0.116983846,0.05318983,0.28374025,0.09653415,0.26884007,-0.048946667,-0.07774379,0.48413244,0.16385119,-0.4057232,0.14638017,-0.3015834,-0.050954945,-0.095117964,-0.17057435,-0.057993863,-0.3361445,-0.04615679,0.01783387,-0.28315246,0.0033539636,0.2784078,-0.014801707,-0.053804617,0.33282882,0.18483455,-0.23543087,0.3156824,-0.3594258,-0.036841743,0.16098264,-0.54131067,-0.06834928,0.22162762,-0.4441373,-0.19294614,0.23735103,-0.47546095,-0.14897521,0.26777965,-0.4908478,-0.17000529,0.20556676,-0.45205742,-0.048001267,0.273853,-0.48834124,-0.088897735,0.13504216,-0.018938958644866943,0.24584005773067474,-0.010224848985671997
