frame,Ankle.R_x,Ankle.R_y,Ankle.R_z,Knee.R_x,Knee.R_y,Knee.R_z,Hip.R_x,Hip.R_y,Hip.R_z,Hip.L_x,Hip.L_y,Hip.L_z,Knee.L_x,Knee.L_y,Knee.L_z,Ankle.L_x,Ankle.L_y,Ankle.L_z,Wrist.R_x,Wrist.R_y,Wrist.R_z,Elbow.R_x,Elbow.R_y,Elbow.R_z,Shoulder.R_x,Shoulder.R_y,Shoulder.R_z,Shoulder.L_x,Shoulder.L_y,Shoulder.L_z,Elbow.L_x,Elbow.L_y,Elbow.L_z,Wrist.L_x,Wrist.L_y,Wrist.L_z,Neck_x,Neck_y,Neck_z,Head_x,Head_y,Head_z,Nose_x,Nose_y,Nose_z,Eye.L_x,Eye.L_y,Eye.L_z,Eye.R_x,Eye.R_y,Eye.R_z,Ear.L_x,Ear.L_y,Ear.L_z,Ear.R_x,Ear.R_y,Ear.R_z,hip.Center_x,hip.Center_y,hip.Center_z
0,0.23978402,0.550856,-0.7592933,0.24996206,0.31972843,-0.36525974,-0.08336128,0.1930159,-0.11287472,0.062273696,0.25841856,0.09740247,0.19425634,0.1559953,-0.30595037,0.22668174,-0.040943835,-0.7097735,0.22237644,-0.39580777,0.0670627,0.034782227,-0.27005818,-0.09758837,-0.21641585,-0.12669514,-0.052788056,-0.2320944,-0.09332746,0.20809567,0.025630658,-0.18830179,0.29703647,0.25269893,-0.33975577,0.26292568,-0.28306797,-0.1335171,0.079811744,-0.45518377,-0.13617513,0.15389036,-0.39351174,-0.28166565,0.16835795,-0.40574926,-0.22778751,0.19897656,-0.43813396,-0.24858285,0.14173183,-0.35685435,-0.13599768,0.18803796,-0.42697066,-0.17501113,0.062500775,-0.010543793439865112,0.225717231631279,-0.007736124098300934
