frame,Ankle.R_x,Ankle.R_y,Ankle.R_z,Knee.R_x,Knee.R_y,Knee.R_z,Hip.R_x,Hip.R_y,Hip.R_z,Hip.L_x,Hip.L_y,Hip.L_z,Knee.L_x,Knee.L_y,Knee.L_z,Ankle.L_x,Ankle.L_y,Ankle.L_z,Wrist.R_x,Wrist.R_y,Wrist.R_z,Elbow.R_x,Elbow.R_y,Elbow.R_z,Shoulder.R_x,Shoulder.R_y,Shoulder.R_z,Shoulder.L_x,Shoulder.L_y,Shoulder.L_z,Elbow.L_x,Elbow.L_y,Elbow.L_z,Wrist.L_x,Wrist.L_y,Wrist.L_z,Neck_x,Neck_y,Neck_z,Head_x,Head_y,Head_z,Nose_x,Nose_y,Nose_z,Eye.L_x,Eye.L_y,Eye.L_z,Eye.R_x,Eye.R_y,Eye.R_z,Ear.L_x,Ear.L_y,Ear.L_z,Ear.R_x,Ear.R_y,Ear.R_z,hip.Center_x,hip.Center_y,hip.Center_z
0,0.30090484,0.0018363543,-0.49914128,0.14833537,-0.13323806,-0.11119152,-0.11435908,0.20337285,-0.09481092,0.07412972,0.30773953,0.072280966,0.29133084,-0.0520114,-0.051159903,0.47117046,0.10882272,-0.43084872,0.13730036,-0.21621238,-0.036094658,-0.080181256,-0.053429686,-0.07335439,-0.32920784,0.05041004,0.036708944,-0.26720878,0.062431656,0.32197356,0.00626741,-0.015613251,0.362297,0.18688765,-0.2114124,0.32841986,-0.3581419,0.035801753,0.1967025,-0.54263407,-0.04974907,0.2810983,-0.4220827,-0.14377287,0.24581856,-0.4535794,-0.117115706,0.29157913,-0.47834983,-0.12726791,0.2297895,-0.4513438,-0.016997188,0.31999913,-0.50863993,-0.03516835,0.18410417,-0.020114678889513016,0.25555619597435,-0.011264976114034653
