frame,Ankle.R_x,Ankle.R_y,Ankle.R_z,Knee.R_x,Knee.R_y,Knee.R_z,Hip.R_x,Hip.R_y,Hip.R_z,Hip.L_x,Hip.L_y,Hip.L_z,Knee.L_x,Knee.L_y,Knee.L_z,Ankle.L_x,Ankle.L_y,Ankle.L_z,Wrist.R_x,Wrist.R_y,Wrist.R_z,Elbow.R_x,Elbow.R_y,Elbow.R_z,Shoulder.R_x,Shoulder.R_y,Shoulder.R_z,Shoulder.L_x,Shoulder.L_y,Shoulder.L_z,Elbow.L_x,Elbow.L_y,Elbow.L_z,Wrist.L_x,Wrist.L_y,Wrist.L_z,Neck_x,Neck_y,Neck_z,Head_x,Head_y,Head_z,Nose_x,Nose_y,Nose_z,Eye.L_x,Eye.L_y,Eye.L_z,Eye.R_x,Eye.R_y,Eye.R_z,Ear.L_x,Ear.L_y,Ear.L_z,Ear.R_x,Ear.R_y,Ear.R_z,hip.Center_x,hip.Center_y,hip.Center_z
0,0.4824875,0.36897832,-0.65252024,0.28316078,0.13420318,-0.31274265,-0.09441274,0.21127996,-0.11157452,0.062140174,0.24397314,0.099750236,0.20145549,0.12316498,-0.29625162,0.26042417,0.036711283,-0.74278015,0.24235891,-0.35387743,0.046293553,0.043659154,-0.21480422,-0.09004434,-0.2162436,-0.08525455,-0.06332637,-0.23373552,-0.0843751,0.19410907,0.007019859,-0.21396989,0.27552292,0.23931473,-0.36045003,0.26753807,-0.28907725,-0.10895397,0.06832786,-0.45817,-0.12653118,0.16911478,-0.40119535,-0.26908463,0.13846985,-0.4078458,-0.22482604,0.18292308,-0.44761944,-0.23058674,0.12737945,-0.35719407,-0.13355182,0.18871757,-0.44397107,-0.14008379,0.06952222,-0.016136281192302704,0.22762654721736908,-0.005912143737077713
