frame,Ankle.R_x,Ankle.R_y,Ankle.R_z,Knee.R_x,Knee.R_y,Knee.R_z,Hip.R_x,Hip.R_y,Hip.R_z,Hip.L_x,Hip.L_y,Hip.L_z,Knee.L_x,Knee.L_y,Knee.L_z,Ankle.L_x,Ankle.L_y,Ankle.L_z,Wrist.R_x,Wrist.R_y,Wrist.R_z,Elbow.R_x,Elbow.R_y,Elbow.R_z,Shoulder.R_x,Shoulder.R_y,Shoulder.R_z,Shoulder.L_x,Shoulder.L_y,Shoulder.L_z,Elbow.L_x,Elbow.L_y,Elbow.L_z,Wrist.L_x,Wrist.L_y,Wrist.L_z,Neck_x,Neck_y,Neck_z,Head_x,Head_y,Head_z,Nose_x,Nose_y,Nose_z,Eye.L_x,Eye.L_y,Eye.L_z,Eye.R_x,Eye.R_y,Eye.R_z,Ear.L_x,Ear.L_y,Ear.L_z,Ear.R_x,Ear.R_y,Ear.R_z,hip.Center_x,hip.Center_y,hip.Center_z
0,0.14849027,-0.002063707,-0.39148748,0.07036698,-0.170942,-0.008962723,-0.131186,0.19496737,-0.06282737,0.09629184,0.33716506,0.024091993,0.27086812,-0.061127022,0.02368187,0.34909013,0.09342408,-0.3830557,0.113172226,-0.17533961,0.007895205,-0.096825406,-0.02231065,-0.07333619,-0.311192,0.09463592,0.09075933,-0.23860449,0.11985341,0.37352854,0.036383606,0.048960492,0.42200994,0.18528426,-0.15572247,0.34013024,-0.3266587,0.086514816,0.24625023,-0.49772906,-0.036549184,0.31230646,-0.35642758,-0.102032065,0.28080696,-0.39551318,-0.08573386,0.3256563,-0.41387016,-0.09551209,0.26135537,-0.41816002,0.011682853,0.36052445,-0.45988965,-0.0081447065,0.21810453,-0.017447076737880707,0.26606622338294983,-0.01936768926680088
