frame,Ankle.R_x,Ankle.R_y,Ankle.R_z,Knee.R_x,Knee.R_y,Knee.R_z,Hip.R_x,Hip.R_y,Hip.R_z,Hip.L_x,Hip.L_y,Hip.L_z,Knee.L_x,Knee.L_y,Knee.L_z,Ankle.L_x,Ankle.L_y,Ankle.L_z,Wrist.R_x,Wrist.R_y,Wrist.R_z,Elbow.R_x,Elbow.R_y,Elbow.R_z,Shoulder.R_x,Shoulder.R_y,Shoulder.R_z,Shoulder.L_x,Shoulder.L_y,Shoulder.L_z,Elbow.L_x,Elbow.L_y,Elbow.L_z,Wrist.L_x,Wrist.L_y,Wrist.L_z,Neck_x,Neck_y,Neck_z,Head_x,Head_y,Head_z,Nose_x,Nose_y,Nose_z,Eye.L_x,Eye.L_y,Eye.L_z,Eye.R_x,Eye.R_y,Eye.R_z,Ear.L_x,Ear.L_y,Ear.L_z,Ear.R_x,Ear.R_y,Ear.R_z,hip.Center_x,hip.Center_y,hip.Center_z
0,0.22375785,-0.027188726,-0.49917644,0.113636196,-0.15980694,-0.09619815,-0.13155556,0.19462489,-0.0595719,0.099752836,0.32787266,0.029495934,0.28180876,-0.0603647,-0.07927024,0.4038595,0.105304,-0.47976676,-0.03240103,-0.26197532,0.032933027,-0.15920469,-0.0377271,-0.038196743,-0.34276077,0.12526724,0.1167856,-0.26751924,0.20273855,0.3961634,0.007541064,0.13734052,0.41332513,0.0525596,-0.10450961,0.32565385,-0.36040735,0.1462245,0.27149916,-0.55322766,0.04305373,0.30646658,-0.41493332,-0.032491446,0.3260408,-0.46385342,-0.008131355,0.35566023,-0.46416122,-0.025913239,0.2903219,-0.4867067,0.09381297,0.37030894,-0.48750246,0.056362316,0.2253277,-0.015901360660791397,0.26124876737594604,-0.01503798272460699
