frame,Ankle.R_x,Ankle.R_y,Ankle.R_z,Knee.R_x,Knee.R_y,Knee.R_z,Hip.R_x,Hip.R_y,Hip.R_z,Hip.L_x,Hip.L_y,Hip.L_z,Knee.L_x,Knee.L_y,Knee.L_z,Ankle.L_x,Ankle.L_y,Ankle.L_z,Wrist.R_x,Wrist.R_y,Wrist.R_z,Elbow.R_x,Elbow.R_y,Elbow.R_z,Shoulder.R_x,Shoulder.R_y,Shoulder.R_z,Shoulder.L_x,Shoulder.L_y,Shoulder.L_z,Elbow.L_x,Elbow.L_y,Elbow.L_z,Wrist.L_x,Wrist.L_y,Wrist.L_z,Neck_x,Neck_y,Neck_z,Head_x,Head_y,Head_z,Nose_x,Nose_y,Nose_z,Eye.L_x,Eye.L_y,Eye.L_z,Eye.R_x,Eye.R_y,Eye.R_z,Ear.L_x,Ear.L_y,Ear.L_z,Ear.R_x,Ear.R_y,Ear.R_z,hip.Center_x,hip.Center_y,hip.Center_z
0,0.23517309,0.5357163,-0.7024245,0.23310776,0.20621233,-0.39407614,-0.09354396,0.20443678,-0.11011305,0.06650501,0.2537385,0.0983564,0.16540237,0.055823963,-0.27268162,0.2198671,0.02421876,-0.72501695,0.23463765,-0.30331495,0.050445978,0.065336354,-0.1973303,-0.13050228,-0.2042476,-0.10900052,-0.04035917,-0.24235603,-0.05428463,0.22390401,0.02233153,-0.1311888,0.3199513,0.16591763,-0.27405626,0.15045363,-0.290206,-0.10773697,0.09249183,-0.48325613,-0.10560842,0.13991374,-0.4153724,-0.23912892,0.19367443,-0.43510166,-0.18144801,0.20970143,-0.45855322,-0.216822,0.15548845,-0.39096516,-0.091390714,0.18363082,-0.4427484,-0.16085128,0.06260263,-0.013519477099180222,0.22908763587474823,-0.005878321826457977
