frame,Ankle.R_x,Ankle.R_y,Ankle.R_z,Knee.R_x,Knee.R_y,Knee.R_z,Hip.R_x,Hip.R_y,Hip.R_z,Hip.L_x,Hip.L_y,Hip.L_z,Knee.L_x,Knee.L_y,Knee.L_z,Ankle.L_x,Ankle.L_y,Ankle.L_z,Wrist.R_x,Wrist.R_y,Wrist.R_z,Elbow.R_x,Elbow.R_y,Elbow.R_z,Shoulder.R_x,Shoulder.R_y,Shoulder.R_z,Shoulder.L_x,Shoulder.L_y,Shoulder.L_z,Elbow.L_x,Elbow.L_y,Elbow.L_z,Wrist.L_x,Wrist.L_y,Wrist.L_z,Neck_x,Neck_y,Neck_z,Head_x,Head_y,Head_z,Nose_x,Nose_y,Nose_z,Eye.L_x,Eye.L_y,Eye.L_z,Eye.R_x,Eye.R_y,Eye.R_z,Ear.L_x,Ear.L_y,Ear.L_z,Ear.R_x,Ear.R_y,Ear.R_z,hip.Center_x,hip.Center_y,hip.Center_z
0,0.35545605,0.49412516,-0.618537,0.22609892,0.1373714,-0.38663313,-0.09111196,0.22758666,-0.113895506,0.062112007,0.23197888,0.103362076,0.13690591,0.045467038,-0.2746542,0.25569808,0.07268318,-0.7099429,0.21719785,-0.17493926,0.048433505,0.024696674,-0.16623639,-0.13541916,-0.25695845,-0.08211544,-0.061296947,-0.326711,0.0075947037,0.19501519,-0.08279139,-0.08728782,0.31661624,0.004667411,-0.2104082,0.10459621,-0.3560275,-0.057285976,0.061268564,-0.5416833,-0.07358228,0.14346236,-0.4699535,-0.21309088,0.12671074,-0.48587415,-0.16869341,0.16790313,-0.5170839,-0.1781312,0.107746735,-0.44412825,-0.07387446,0.17709376,-0.5125694,-0.08974173,0.046738766,-0.014499975368380547,0.22978276014328003,-0.005266714841127396
