frame,Ankle.R_x,Ankle.R_y,Ankle.R_z,Knee.R_x,Knee.R_y,Knee.R_z,Hip.R_x,Hip.R_y,Hip.R_z,Hip.L_x,Hip.L_y,Hip.L_z,Knee.L_x,Knee.L_y,Knee.L_z,Ankle.L_x,Ankle.L_y,Ankle.L_z,Wrist.R_x,Wrist.R_y,Wrist.R_z,Elbow.R_x,Elbow.R_y,Elbow.R_z,Shoulder.R_x,Shoulder.R_y,Shoulder.R_z,Shoulder.L_x,Shoulder.L_y,Shoulder.L_z,Elbow.L_x,Elbow.L_y,Elbow.L_z,Wrist.L_x,Wrist.L_y,Wrist.L_z,Neck_x,Neck_y,Neck_z,Head_x,Head_y,Head_z,Nose_x,Nose_y,Nose_z,Eye.L_x,Eye.L_y,Eye.L_z,Eye.R_x,Eye.R_y,Eye.R_z,Ear.L_x,Ear.L_y,Ear.L_z,Ear.R_x,Ear.R_y,Ear.R_z,hip.Center_x,hip.Center_y,hip.Center_z
0,0.24987677,-0.002165346,-0.56185335,0.08877377,-0.12882541,-0.17749986,-0.13018283,0.21193475,-0.076056495,0.0977326,0.29860994,0.06006597,0.2507646,-0.060164243,-0.12063915,0.435585,0.10442623,-0.492684,-0.00866249,-0.26715437,-0.05603726,-0.18148649,-0.06965313,-0.10443098,-0.3545331,0.0850219,0.07465477,-0.28877765,0.15487972,0.36114168,-0.012189003,0.089311436,0.38541728,0.067000255,-0.1369536,0.2853642,-0.38371164,0.10398086,0.23254026,-0.5880091,0.019873373,0.26607263,-0.45803607,-0.06954177,0.26549375,-0.502807,-0.046406507,0.301245,-0.5080208,-0.053463876,0.23452939,-0.5132384,0.053254664,0.33296508,-0.52628875,0.038906157,0.18600087,-0.016225114464759827,0.2552723288536072,-0.007995262742042542
