frame,Ankle.R_x,Ankle.R_y,Ankle.R_z,Knee.R_x,Knee.R_y,Knee.R_z,Hip.R_x,Hip.R_y,Hip.R_z,Hip.L_x,Hip.L_y,Hip.L_z,Knee.L_x,Knee.L_y,Knee.L_z,Ankle.L_x,Ankle.L_y,Ankle.L_z,Wrist.R_x,Wrist.R_y,Wrist.R_z,Elbow.R_x,Elbow.R_y,Elbow.R_z,Shoulder.R_x,Shoulder.R_y,Shoulder.R_z,Shoulder.L_x,Shoulder.L_y,Shoulder.L_z,Elbow.L_x,Elbow.L_y,Elbow.L_z,Wrist.L_x,Wrist.L_y,Wrist.L_z,Neck_x,Neck_y,Neck_z,Head_x,Head_y,Head_z,Nose_x,Nose_y,Nose_z,Eye.L_x,Eye.L_y,Eye.L_z,Eye.R_x,Eye.R_y,Eye.R_z,Ear.L_x,Ear.L_y,Ear.L_z,Ear.R_x,Ear.R_y,Ear.R_z,hip.Center_x,hip.Center_y,hip.Center_z
0,0.24227828,0.5137266,-0.67905885,0.2230273,0.16290717,-0.4020278,-0.09178078,0.20918241,-0.11221816,0.06452836,0.25457856,0.10040253,0.1417575,0.016777582,-0.2523571,0.2092122,0.037064917,-0.703773,0.2363719,-0.24240394,0.042238306,0.06431582,-0.16865681,-0.14522468,-0.20723797,-0.09619717,-0.0429942,-0.2647122,-0.033706605,0.21852566,-0.015499778,-0.10792955,0.34993356,0.06701152,-0.23102987,0.13794257,-0.29993588,-0.09294218,0.08506741,-0.48877245,-0.10471498,0.14735162,-0.4141535,-0.24291229,0.17203066,-0.43450177,-0.19015767,0.19948392,-0.4599614,-0.21570979,0.14098962,-0.3945297,-0.09490412,0.18840513,-0.45110655,-0.14337151,0.059645146,-0.013626210391521454,0.23188048601150513,-0.0059078149497509
