frame,Ankle.R_x,Ankle.R_y,Ankle.R_z,Knee.R_x,Knee.R_y,Knee.R_z,Hip.R_x,Hip.R_y,Hip.R_z,Hip.L_x,Hip.L_y,Hip.L_z,Knee.L_x,Knee.L_y,Knee.L_z,Ankle.L_x,Ankle.L_y,Ankle.L_z,Wrist.R_x,Wrist.R_y,Wrist.R_z,Elbow.R_x,Elbow.R_y,Elbow.R_z,Shoulder.R_x,Shoulder.R_y,Shoulder.R_z,Shoulder.L_x,Shoulder.L_y,Shoulder.L_z,Elbow.L_x,Elbow.L_y,Elbow.L_z,Wrist.L_x,Wrist.L_y,Wrist.L_z,Neck_x,Neck_y,Neck_z,Head_x,Head_y,Head_z,Nose_x,Nose_y,Nose_z,Eye.L_x,Eye.L_y,Eye.L_z,Eye.R_x,Eye.R_y,Eye.R_z,Ear.L_x,Ear.L_y,Ear.L_z,Ear.R_x,Ear.R_y,Ear.R_z,hip.Center_x,hip.Center_y,hip.Center_z
0,0.145855,0.030724915,-0.44961563,0.065960824,-0.15083311,-0.06951599,-0.14268754,0.2101782,-0.04579085,0.11490716,0.32646817,0.019723551,0.20302601,-0.08305137,-0.06273149,0.32911748,0.13604677,-0.42547125,0.0690136,-0.18301035,-0.032401174,-0.12128336,-0.011104403,-0.112585165,-0.30417934,0.09982556,0.09144445,-0.24608535,0.123922706,0.39138347,0.032254837,0.09413498,0.45070267,0.06808709,-0.11886339,0.3048257,-0.33088183,0.08697447,0.24934709,-0.5222698,-0.03249013,0.26537156,-0.3790038,-0.10330421,0.26009384,-0.4272039,-0.08934042,0.29685733,-0.4304639,-0.09132013,0.22913463,-0.45432597,0.005960062,0.33655304,-0.46155804,0.002542466,0.18626496,-0.013890191912651062,0.2683231830596924,-0.013033649884164333
