frame,Ankle.R_x,Ankle.R_y,Ankle.R_z,Knee.R_x,Knee.R_y,Knee.R_z,Hip.R_x,Hip.R_y,Hip.R_z,Hip.L_x,Hip.L_y,Hip.L_z,Knee.L_x,Knee.L_y,Knee.L_z,Ankle.L_x,Ankle.L_y,Ankle.L_z,Wrist.R_x,Wrist.R_y,Wrist.R_z,Elbow.R_x,Elbow.R_y,Elbow.R_z,Shoulder.R_x,Shoulder.R_y,Shoulder.R_z,Shoulder.L_x,Shoulder.L_y,Shoulder.L_z,Elbow.L_x,Elbow.L_y,Elbow.L_z,Wrist.L_x,Wrist.L_y,Wrist.L_z,Neck_x,Neck_y,Neck_z,Head_x,Head_y,Head_z,Nose_x,Nose_y,Nose_z,Eye.L_x,Eye.L_y,Eye.L_z,Eye.R_x,Eye.R_y,Eye.R_z,Ear.L_x,Ear.L_y,Ear.L_z,Ear.R_x,Ear.R_y,Ear.R_z,hip.Center_x,hip.Center_y,hip.Center_z
0,0.3057751,0.0081898235,-0.581673,0.16224359,-0.10480281,-0.18796597,-0.09211445,0.21727937,-0.115980156,0.060984414,0.2739982,0.096284404,0.18596362,-0.10081389,-0.050785396,0.42065322,0.012596564,-0.40018556,0.07223313,-0.26382625,-0.070540175,-0.12213743,-0.09426906,-0.124153614,-0.3557095,0.003253216,0.005757368,-0.34807038,0.09308492,0.27146658,-0.12196921,0.029400023,0.41730368,-0.030467663,-0.20866594,0.36726403,-0.39980903,0.03167487,0.14655896,-0.590626,-0.027577965,0.18957281,-0.4739974,-0.13156684,0.207556,-0.51528907,-0.097369835,0.23704633,-0.52117854,-0.11554851,0.17281556,-0.51284003,0.0047533438,0.2509352,-0.52827764,-0.031407237,0.1083483,-0.015565017238259315,0.24563878774642944,-0.00984787568449974
