frame,Ankle.R_x,Ankle.R_y,Ankle.R_z,Knee.R_x,Knee.R_y,Knee.R_z,Hip.R_x,Hip.R_y,Hip.R_z,Hip.L_x,Hip.L_y,Hip.L_z,Knee.L_x,Knee.L_y,Knee.L_z,Ankle.L_x,Ankle.L_y,Ankle.L_z,Wrist.R_x,Wrist.R_y,Wrist.R_z,Elbow.R_x,Elbow.R_y,Elbow.R_z,Shoulder.R_x,Shoulder.R_y,Shoulder.R_z,Shoulder.L_x,Shoulder.L_y,Shoulder.L_z,Elbow.L_x,Elbow.L_y,Elbow.L_z,Wrist.L_x,Wrist.L_y,Wrist.L_z,Neck_x,Neck_y,Neck_z,Head_x,Head_y,Head_z,Nose_x,Nose_y,Nose_z,Eye.L_x,Eye.L_y,Eye.L_z,Eye.R_x,Eye.R_y,Eye.R_z,Ear.L_x,Ear.L_y,Ear.L_z,Ear.R_x,Ear.R_y,Ear.R_z,hip.Center_x,hip.Center_y,hip.Center_z
0,0.33159304,-0.013666691,-0.6057408,0.15512067,-0.09725606,-0.21121578,-0.09314829,0.22432777,-0.11565426,0.062287502,0.2638698,0.09858971,0.19785632,-0.09260124,-0.09712831,0.4564091,0.02357654,-0.43600124,-0.009273143,-0.28329825,-0.10806011,-0.17990826,-0.08381847,-0.14465259,-0.388847,0.037836563,0.0048225448,-0.3569558,0.11765207,0.27320468,-0.10580072,0.03984431,0.3645792,-0.024076182,-0.1879695,0.26721555,-0.42253542,0.06404976,0.1475282,-0.6148019,-0.0055798427,0.17553237,-0.49225125,-0.09951408,0.20646074,-0.5384164,-0.06805174,0.23133509,-0.5374332,-0.087935776,0.16733468,-0.5447701,0.034214422,0.24230278,-0.5455594,-0.0060150325,0.10000463,-0.015430394560098648,0.24409878253936768,-0.008532274514436722
