frame,Ankle.R_x,Ankle.R_y,Ankle.R_z,Knee.R_x,Knee.R_y,Knee.R_z,Hip.R_x,Hip.R_y,Hip.R_z,Hip.L_x,Hip.L_y,Hip.L_z,Knee.L_x,Knee.L_y,Knee.L_z,Ankle.L_x,Ankle.L_y,Ankle.L_z,Wrist.R_x,Wrist.R_y,Wrist.R_z,Elbow.R_x,Elbow.R_y,Elbow.R_z,Shoulder.R_x,Shoulder.R_y,Shoulder.R_z,Shoulder.L_x,Shoulder.L_y,Shoulder.L_z,Elbow.L_x,Elbow.L_y,Elbow.L_z,Wrist.L_x,Wrist.L_y,Wrist.L_z,Neck_x,Neck_y,Neck_z,Head_x,Head_y,Head_z,Nose_x,Nose_y,Nose_z,Eye.L_x,Eye.L_y,Eye.L_z,Eye.R_x,Eye.R_y,Eye.R_z,Ear.L_x,Ear.L_y,Ear.L_z,Ear.R_x,Ear.R_y,Ear.R_z,hip.Center_x,hip.Center_y,hip.Center_z
0,0.2996105,0.0013150653,-0.5725139,0.15298818,-0.10921061,-0.18196598,-0.0929696,0.21811843,-0.11479125,0.06256516,0.27212074,0.09539919,0.18355529,-0.10240352,-0.053054422,0.41683844,0.014004985,-0.40008256,0.06341959,-0.25750303,-0.091197535,-0.12733276,-0.08197927,-0.13006957,-0.3563999,0.009589601,0.008287728,-0.34024942,0.08837706,0.2754744,-0.10755794,0.014030812,0.40369278,-0.014087252,-0.21630417,0.3305031,-0.39634526,0.032942493,0.14995079,-0.5865085,-0.031150812,0.18565212,-0.4679555,-0.1325844,0.20409158,-0.5110181,-0.100674644,0.23325872,-0.5142095,-0.11663802,0.16840109,-0.5117122,0.0007390529,0.25074887,-0.5215108,-0.030594222,0.10701007,-0.015202216804027557,0.2451195865869522,-0.009696029126644135
