frame,Ankle.R_x,Ankle.R_y,Ankle.R_z,Knee.R_x,Knee.R_y,Knee.R_z,Hip.R_x,Hip.R_y,Hip.R_z,Hip.L_x,Hip.L_y,Hip.L_z,Knee.L_x,Knee.L_y,Knee.L_z,Ankle.L_x,Ankle.L_y,Ankle.L_z,Wrist.R_x,Wrist.R_y,Wrist.R_z,Elbow.R_x,Elbow.R_y,Elbow.R_z,Shoulder.R_x,Shoulder.R_y,Shoulder.R_z,Shoulder.L_x,Shoulder.L_y,Shoulder.L_z,Elbow.L_x,Elbow.L_y,Elbow.L_z,Wrist.L_x,Wrist.L_y,Wrist.L_z,Neck_x,Neck_y,Neck_z,Head_x,Head_y,Head_z,Nose_x,Nose_y,Nose_z,Eye.L_x,Eye.L_y,Eye.L_z,Eye.R_x,Eye.R_y,Eye.R_z,Ear.L_x,Ear.L_y,Ear.L_z,Ear.R_x,Ear.R_y,Ear.R_z,hip.Center_x,hip.Center_y,hip.Center_z
0,0.36826214,-0.026531039,-0.58434796,0.13106835,-0.10144665,-0.21663623,-0.07076043,0.247462,-0.1313141,0.03892004,0.24556488,0.1126386,0.15084188,-0.116963744,-0.07359663,0.4591704,-0.018920012,-0.37468988,-0.024699757,-0.2780345,-0.14284877,-0.17933626,-0.07160027,-0.21183409,-0.399544,0.045369044,-0.07996246,-0.40134817,0.111932546,0.19326693,-0.18265548,0.029118173,0.33899853,-0.10281105,-0.20699513,0.2607682,-0.44443047,0.061353926,0.062163718,-0.6289126,-0.021597505,0.105017036,-0.49573082,-0.09659207,0.14424711,-0.5433867,-0.06510128,0.16582635,-0.54396665,-0.09693994,0.10657021,-0.5598772,0.03531085,0.15700057,-0.56406945,-0.03095439,0.024236664,-0.01592019386589527,0.24651344120502472,-0.00933774933218956
