frame,Ankle.R_x,Ankle.R_y,Ankle.R_z,Knee.R_x,Knee.R_y,Knee.R_z,Hip.R_x,Hip.R_y,Hip.R_z,Hip.L_x,Hip.L_y,Hip.L_z,Knee.L_x,Knee.L_y,Knee.L_z,Ankle.L_x,Ankle.L_y,Ankle.L_z,Wrist.R_x,Wrist.R_y,Wrist.R_z,Elbow.R_x,Elbow.R_y,Elbow.R_z,Shoulder.R_x,Shoulder.R_y,Shoulder.R_z,Shoulder.L_x,Shoulder.L_y,Shoulder.L_z,Elbow.L_x,Elbow.L_y,Elbow.L_z,Wrist.L_x,Wrist.L_y,Wrist.L_z,Neck_x,Neck_y,Neck_z,Head_x,Head_y,Head_z,Nose_x,Nose_y,Nose_z,Eye.L_x,Eye.L_y,Eye.L_z,Eye.R_x,Eye.R_y,Eye.R_z,Ear.L_x,Ear.L_y,Ear.L_z,Ear.R_x,Ear.R_y,Ear.R_z,hip.Center_x,hip.Center_y,hip.Center_z
0,0.354201,0.0048942035,-0.5484766,0.11065044,-0.11395519,-0.20027706,-0.06990241,0.24580905,-0.1347281,0.036689945,0.2563217,0.11348355,0.124660425,-0.12200671,-0.033239406,0.4419355,-0.030075228,-0.3250173,0.05166376,-0.29092404,-0.10758684,-0.13001984,-0.11207485,-0.19501145,-0.36726642,0.006350546,-0.08581378,-0.39957273,0.09245734,0.18473445,-0.22146001,0.021991424,0.3852488,-0.13140903,-0.22212443,0.34489536,-0.4289898,0.03144559,0.053010747,-0.6236412,-0.02812355,0.09076806,-0.5049046,-0.12258837,0.13563085,-0.5485975,-0.08388259,0.15529889,-0.5511223,-0.11567815,0.09571956,-0.5491973,0.018524826,0.1464087,-0.55737525,-0.047299325,0.012566105,-0.01660623401403427,0.25106537342071533,-0.010622277855873108
