frame,Ankle.R_x,Ankle.R_y,Ankle.R_z,Knee.R_x,Knee.R_y,Knee.R_z,Hip.R_x,Hip.R_y,Hip.R_z,Hip.L_x,Hip.L_y,Hip.L_z,Knee.L_x,Knee.L_y,Knee.L_z,Ankle.L_x,Ankle.L_y,Ankle.L_z,Wrist.R_x,Wrist.R_y,Wrist.R_z,Elbow.R_x,Elbow.R_y,Elbow.R_z,Shoulder.R_x,Shoulder.R_y,Shoulder.R_z,Shoulder.L_x,Shoulder.L_y,Shoulder.L_z,Elbow.L_x,Elbow.L_y,Elbow.L_z,Wrist.L_x,Wrist.L_y,Wrist.L_z,Neck_x,Neck_y,Neck_z,Head_x,Head_y,Head_z,Nose_x,Nose_y,Nose_z,Eye.L_x,Eye.L_y,Eye.L_z,Eye.R_x,Eye.R_y,Eye.R_z,Ear.L_x,Ear.L_y,Ear.L_z,Ear.R_x,Ear.R_y,Ear.R_z,hip.Center_x,hip.Center_y,hip.Center_z
0,0.34065592,0.540662,-0.53059095,0.23317179,0.13925856,-0.3932044,-0.0687721,0.23321271,-0.12441556,0.036949307,0.22348237,0.11399764,0.10282874,0.0041540777,-0.23119105,0.22319439,0.07120647,-0.6521866,0.15485768,-0.033405297,0.007531327,-0.016773827,-0.14419597,-0.15958907,-0.29796615,-0.067112334,-0.091350846,-0.40831012,0.09165299,0.11847683,-0.25706255,-0.0047184387,0.33188528,-0.16081199,-0.16576943,0.15319742,-0.40232843,-0.0027662162,0.005332927,-0.54027563,0.0030990937,0.13507752,-0.5104669,-0.14330289,0.08740847,-0.5029265,-0.10304557,0.13420871,-0.55200595,-0.09800658,0.08684349,-0.44108433,-0.01919046,0.13586594,-0.54595226,-0.006228313,0.03236893,-0.015911396592855453,0.2283475399017334,-0.005208961665630341
