frame,Ankle.R_x,Ankle.R_y,Ankle.R_z,Knee.R_x,Knee.R_y,Knee.R_z,Hip.R_x,Hip.R_y,Hip.R_z,Hip.L_x,Hip.L_y,Hip.L_z,Knee.L_x,Knee.L_y,Knee.L_z,Ankle.L_x,Ankle.L_y,Ankle.L_z,Wrist.R_x,Wrist.R_y,Wrist.R_z,Elbow.R_x,Elbow.R_y,Elbow.R_z,Shoulder.R_x,Shoulder.R_y,Shoulder.R_z,Shoulder.L_x,Shoulder.L_y,Shoulder.L_z,Elbow.L_x,Elbow.L_y,Elbow.L_z,Wrist.L_x,Wrist.L_y,Wrist.L_z,Neck_x,Neck_y,Neck_z,Head_x,Head_y,Head_z,Nose_x,Nose_y,Nose_z,Eye.L_x,Eye.L_y,Eye.L_z,Eye.R_x,Eye.R_y,Eye.R_z,Ear.L_x,Ear.L_y,Ear.L_z,Ear.R_x,Ear.R_y,Ear.R_z,hip.Center_x,hip.Center_y,hip.Center_z
0,0.3467132,0.005980227,-0.54929405,0.11013622,-0.11478052,-0.19840652,-0.07204549,0.24474096,-0.13289216,0.0393099,0.25428608,0.11261631,0.1329649,-0.12164147,-0.04123355,0.4406172,-0.01687132,-0.33762687,0.06010997,-0.26777163,-0.13438533,-0.12713748,-0.08739249,-0.20140406,-0.36661273,0.010490486,-0.080648735,-0.3891964,0.08297497,0.1939089,-0.19211863,0.011234238,0.37553942,-0.09266055,-0.22417647,0.31581432,-0.42358828,0.027590392,0.060955476,-0.6143887,-0.045408618,0.096124925,-0.4890308,-0.1318309,0.13848321,-0.5355207,-0.09747648,0.15919414,-0.5353557,-0.12719807,0.09868155,-0.54392993,0.004584171,0.15381187,-0.54668045,-0.05677984,0.01831088,-0.016367794945836067,0.24951352179050446,-0.010137926787137985
