frame,Ankle.R_x,Ankle.R_y,Ankle.R_z,Knee.R_x,Knee.R_y,Knee.R_z,Hip.R_x,Hip.R_y,Hip.R_z,Hip.L_x,Hip.L_y,Hip.L_z,Knee.L_x,Knee.L_y,Knee.L_z,Ankle.L_x,Ankle.L_y,Ankle.L_z,Wrist.R_x,Wrist.R_y,Wrist.R_z,Elbow.R_x,Elbow.R_y,Elbow.R_z,Shoulder.R_x,Shoulder.R_y,Shoulder.R_z,Shoulder.L_x,Shoulder.L_y,Shoulder.L_z,Elbow.L_x,Elbow.L_y,Elbow.L_z,Wrist.L_x,Wrist.L_y,Wrist.L_z,Neck_x,Neck_y,Neck_z,Head_x,Head_y,Head_z,Nose_x,Nose_y,Nose_z,Eye.L_x,Eye.L_y,Eye.L_z,Eye.R_x,Eye.R_y,Eye.R_z,Ear.L_x,Ear.L_y,Ear.L_z,Ear.R_x,Ear.R_y,Ear.R_z,hip.Center_x,hip.Center_y,hip.Center_z
0,0.37243402,0.0050168405,-0.5090293,0.08197026,-0.11687777,-0.20261568,-0.06350806,0.25345778,-0.13725255,0.029001415,0.25005707,0.11653429,0.11967434,-0.1290463,-0.021057777,0.44997776,-0.02096745,-0.28941396,0.032065306,-0.27581552,-0.16871735,-0.11876933,-0.06401004,-0.23454991,-0.36403477,0.043225106,-0.13260317,-0.41264707,0.089373454,0.14884117,-0.24250126,-0.004972891,0.3484948,-0.17602257,-0.2441061,0.26709068,-0.43531996,0.04638364,0.007718213,-0.62618726,-0.042105485,0.029344086,-0.4959523,-0.11824036,0.076387465,-0.545993,-0.08812679,0.095376655,-0.5406735,-0.11697221,0.03461653,-0.5629857,0.01267913,0.090435445,-0.5542736,-0.04640451,-0.04596152,-0.017253324389457703,0.2517574429512024,-0.010359130799770355
