frame,Ankle.R_x,Ankle.R_y,Ankle.R_z,Knee.R_x,Knee.R_y,Knee.R_z,Hip.R_x,Hip.R_y,Hip.R_z,Hip.L_x,Hip.L_y,Hip.L_z,Knee.L_x,Knee.L_y,Knee.L_z,Ankle.L_x,Ankle.L_y,Ankle.L_z,Wrist.R_x,Wrist.R_y,Wrist.R_z,Elbow.R_x,Elbow.R_y,Elbow.R_z,Shoulder.R_x,Shoulder.R_y,Shoulder.R_z,Shoulder.L_x,Shoulder.L_y,Shoulder.L_z,Elbow.L_x,Elbow.L_y,Elbow.L_z,Wrist.L_x,Wrist.L_y,Wrist.L_z,Neck_x,Neck_y,Neck_z,Head_x,Head_y,Head_z,Nose_x,Nose_y,Nose_z,Eye.L_x,Eye.L_y,Eye.L_z,Eye.R_x,Eye.R_y,Eye.R_z,Ear.L_x,Ear.L_y,Ear.L_z,Ear.R_x,Ear.R_y,Ear.R_z,hip.Center_x,hip.Center_y,hip.Center_z
0,0.24580286,0.49811006,-0.6257165,0.20594917,0.114356264,-0.40072855,-0.08048845,0.23972926,-0.1199476,0.048995,0.22631006,0.11076816,0.0942849,-0.01603485,-0.22439906,0.17770116,0.06322536,-0.6575574,0.16247083,-0.014026971,-0.008825448,0.018640973,-0.1274329,-0.20141558,-0.25927943,-0.084353544,-0.0978912,-0.37903872,0.019872524,0.13290006,-0.22080702,-0.083267234,0.34605587,-0.11486165,-0.26165408,0.18675089,-0.36259925,-0.050879225,0.008249573,-0.4979139,-0.053687073,0.12573521,-0.4496774,-0.20166448,0.09652366,-0.44804242,-0.15521918,0.13826612,-0.4962355,-0.16194616,0.0894223,-0.39571685,-0.06384601,0.13124168,-0.49901062,-0.07614763,0.022806332,-0.015746725723147392,0.2330196499824524,-0.004589717835187912
