frame,Ankle.R_x,Ankle.R_y,Ankle.R_z,Knee.R_x,Knee.R_y,Knee.R_z,Hip.R_x,Hip.R_y,Hip.R_z,Hip.L_x,Hip.L_y,Hip.L_z,Knee.L_x,Knee.L_y,Knee.L_z,Ankle.L_x,Ankle.L_y,Ankle.L_z,Wrist.R_x,Wrist.R_y,Wrist.R_z,Elbow.R_x,Elbow.R_y,Elbow.R_z,Shoulder.R_x,Shoulder.R_y,Shoulder.R_z,Shoulder.L_x,Shoulder.L_y,Shoulder.L_z,Elbow.L_x,Elbow.L_y,Elbow.L_z,Wrist.L_x,Wrist.L_y,Wrist.L_z,Neck_x,Neck_y,Neck_z,Head_x,Head_y,Head_z,Nose_x,Nose_y,Nose_z,Eye.L_x,Eye.L_y,Eye.L_z,Eye.R_x,Eye.R_y,Eye.R_z,Ear.L_x,Ear.L_y,Ear.L_z,Ear.R_x,Ear.R_y,Ear.R_z,hip.Center_x,hip.Center_y,hip.Center_z
0,0.3756094,0.012357394,-0.5047589,0.08242218,-0.11637579,-0.20377995,-0.06107443,0.25432357,-0.13873795,0.026253939,0.2512092,0.11746399,0.10599454,-0.12964165,-0.015094668,0.4438647,-0.027694613,-0.2758464,0.03153639,-0.29519486,-0.15202375,-0.11211509,-0.081839964,-0.23015954,-0.35834265,0.03556482,-0.13918532,-0.41366312,0.09098826,0.14036828,-0.24643086,-0.007119086,0.340577,-0.19637558,-0.2541542,0.27017105,-0.434489,0.044335168,-0.0011375993,-0.62983286,-0.034513086,0.018808462,-0.50469726,-0.11892998,0.065662175,-0.5529833,-0.08597973,0.0847777,-0.5490294,-0.114503294,0.02364156,-0.56382275,0.015993968,0.0809291,-0.5578431,-0.04235138,-0.056306526,-0.017410244792699814,0.25276637077331543,-0.010636977851390839
