frame,Ankle.R_x,Ankle.R_y,Ankle.R_z,Knee.R_x,Knee.R_y,Knee.R_z,Hip.R_x,Hip.R_y,Hip.R_z,Hip.L_x,Hip.L_y,Hip.L_z,Knee.L_x,Knee.L_y,Knee.L_z,Ankle.L_x,Ankle.L_y,Ankle.L_z,Wrist.R_x,Wrist.R_y,Wrist.R_z,Elbow.R_x,Elbow.R_y,Elbow.R_z,Shoulder.R_x,Shoulder.R_y,Shoulder.R_z,Shoulder.L_x,Shoulder.L_y,Shoulder.L_z,Elbow.L_x,Elbow.L_y,Elbow.L_z,Wrist.L_x,Wrist.L_y,Wrist.L_z,Neck_x,Neck_y,Neck_z,Head_x,Head_y,Head_z,Nose_x,Nose_y,Nose_z,Eye.L_x,Eye.L_y,Eye.L_z,Eye.R_x,Eye.R_y,Eye.R_z,Ear.L_x,Ear.L_y,Ear.L_z,Ear.R_x,Ear.R_y,Ear.R_z,hip.Center_x,hip.Center_y,hip.Center_z
0,0.34459493,0.5584554,-0.47903657,0.22685584,0.1455739,-0.40110058,-0.06342846,0.24535848,-0.12584628,0.03149683,0.20951483,0.114119306,0.047965467,0.038195573,-0.25339672,0.19565679,0.07168309,-0.6715647,0.12724186,0.025196176,-0.006074001,-0.006312051,-0.093518846,-0.1970672,-0.2887179,-0.05751738,-0.11255295,-0.42405862,0.1030554,0.08142212,-0.2805268,-0.0024507476,0.29350913,-0.19330153,-0.17142472,0.11508608,-0.40349382,0.0072896793,-0.026608594,-0.530316,0.017383149,0.10977034,-0.4996877,-0.13055976,0.06648901,-0.48902923,-0.08748107,0.11022186,-0.543182,-0.08723593,0.06813094,-0.43166873,-0.0011854693,0.10131562,-0.54679984,0.0020526163,0.007760793,-0.015965815633535385,0.22743666172027588,-0.005863487720489502
