frame,Ankle.R_x,Ankle.R_y,Ankle.R_z,Knee.R_x,Knee.R_y,Knee.R_z,Hip.R_x,Hip.R_y,Hip.R_z,Hip.L_x,Hip.L_y,Hip.L_z,Knee.L_x,Knee.L_y,Knee.L_z,Ankle.L_x,Ankle.L_y,Ankle.L_z,Wrist.R_x,Wrist.R_y,Wrist.R_z,Elbow.R_x,Elbow.R_y,Elbow.R_z,Shoulder.R_x,Shoulder.R_y,Shoulder.R_z,Shoulder.L_x,Shoulder.L_y,Shoulder.L_z,Elbow.L_x,Elbow.L_y,Elbow.L_z,Wrist.L_x,Wrist.L_y,Wrist.L_z,Neck_x,Neck_y,Neck_z,Head_x,Head_y,Head_z,Nose_x,Nose_y,Nose_z,Eye.L_x,Eye.L_y,Eye.L_z,Eye.R_x,Eye.R_y,Eye.R_z,Ear.L_x,Ear.L_y,Ear.L_z,Ear.R_x,Ear.R_y,Ear.R_z,hip.Center_x,hip.Center_y,hip.Center_z
0,0.50194097,0.14061226,0.2437565,0.09852117,0.13883339,0.3710849,-0.018920822,0.09702754,-0.031434372,-0.016335595,0.3624817,-0.044617154,0.23291914,0.37066752,0.31228447,0.6498074,0.39123937,0.16628884,0.060476236,-0.15574697,-0.18139032,-0.18173401,-0.050289474,-0.21237051,-0.42268008,0.07985668,-0.118983865,-0.41921574,0.3739197,-0.03012631,-0.17452228,0.5198022,0.02252909,0.029481692,0.6350347,0.14259833,-0.49303916,0.23239589,-0.067679204,-0.6783,0.31000593,-0.13317366,-0.6874625,0.21667974,-0.0065053925,-0.6934403,0.27426744,-0.02695335,-0.69908893,0.22049928,-0.06578471,-0.61669195,0.3373174,-0.053854953,-0.62787896,0.223804,-0.14328063,-0.017628207802772522,0.22975462675094604,-0.038025762885808945
