frame,Ankle.R_x,Ankle.R_y,Ankle.R_z,Knee.R_x,Knee.R_y,Knee.R_z,Hip.R_x,Hip.R_y,Hip.R_z,Hip.L_x,Hip.L_y,Hip.L_z,Knee.L_x,Knee.L_y,Knee.L_z,Ankle.L_x,Ankle.L_y,Ankle.L_z,Wrist.R_x,Wrist.R_y,Wrist.R_z,Elbow.R_x,Elbow.R_y,Elbow.R_z,Shoulder.R_x,Shoulder.R_y,Shoulder.R_z,Shoulder.L_x,Shoulder.L_y,Shoulder.L_z,Elbow.L_x,Elbow.L_y,Elbow.L_z,Wrist.L_x,Wrist.L_y,Wrist.L_z,Neck_x,Neck_y,Neck_z,Head_x,Head_y,Head_z,Nose_x,Nose_y,Nose_z,Eye.L_x,Eye.L_y,Eye.L_z,Eye.R_x,Eye.R_y,Eye.R_z,Ear.L_x,Ear.L_y,Ear.L_z,Ear.R_x,Ear.R_y,Ear.R_z,hip.Center_x,hip.Center_y,hip.Center_z
0,0.30290034,0.11832043,0.09774787,-0.0023883728,0.14583063,0.35496378,0.004816109,0.09405905,-0.06986409,-0.031846713,0.35873514,-0.021829829,-0.00765391,0.30610132,0.37668583,0.2268092,0.33268154,0.046947144,-0.04609707,-0.08279946,-0.47484952,-0.24230208,0.0010381542,-0.31606042,-0.41860604,0.053311888,-0.104091495,-0.417047,0.30809358,-0.004300181,-0.24007085,0.39469895,-0.19626178,-0.070884846,0.52479625,-0.3455859,-0.47737408,0.1657302,-0.022169301,-0.59501994,0.2602144,0.07050724,-0.6343296,0.19669224,-0.0692071,-0.6549966,0.20586379,-0.01358293,-0.60604537,0.2413994,-0.042473193,-0.61995053,0.15687346,0.07646178,-0.51693547,0.23641616,0.012371123,-0.01351530198007822,0.2263970971107483,-0.045846957713365555
