frame,Ankle.R_x,Ankle.R_y,Ankle.R_z,Knee.R_x,Knee.R_y,Knee.R_z,Hip.R_x,Hip.R_y,Hip.R_z,Hip.L_x,Hip.L_y,Hip.L_z,Knee.L_x,Knee.L_y,Knee.L_z,Ankle.L_x,Ankle.L_y,Ankle.L_z,Wrist.R_x,Wrist.R_y,Wrist.R_z,Elbow.R_x,Elbow.R_y,Elbow.R_z,Shoulder.R_x,Shoulder.R_y,Shoulder.R_z,Shoulder.L_x,Shoulder.L_y,Shoulder.L_z,Elbow.L_x,Elbow.L_y,Elbow.L_z,Wrist.L_x,Wrist.L_y,Wrist.L_z,Neck_x,Neck_y,Neck_z,Head_x,Head_y,Head_z,Nose_x,Nose_y,Nose_z,Eye.L_x,Eye.L_y,Eye.L_z,Eye.R_x,Eye.R_y,Eye.R_z,Ear.L_x,Ear.L_y,Ear.L_z,Ear.R_x,Ear.R_y,Ear.R_z,hip.Center_x,hip.Center_y,hip.Center_z
0,0.53805864,0.12205616,0.2463292,0.13112465,0.14751825,0.37024075,-0.016686112,0.09805786,-0.029364131,-0.017584922,0.36224058,-0.045734257,0.19758093,0.3663736,0.33152294,0.6299877,0.40205303,0.24631682,0.060319114,-0.1671471,-0.20526616,-0.1821877,-0.05724245,-0.2238228,-0.42061287,0.07235781,-0.123517424,-0.42351145,0.3648435,-0.031621262,-0.18489727,0.524363,0.009588826,0.023419762,0.6407731,0.12230451,-0.49218717,0.22300076,-0.06893686,-0.6745104,0.30566356,-0.13133213,-0.6845703,0.21643004,-0.0014116578,-0.687608,0.2737207,-0.023456078,-0.6980222,0.21935594,-0.060458325,-0.6087543,0.331118,-0.055076655,-0.6296365,0.21583888,-0.14096528,-0.017135515809059143,0.23014922440052032,-0.03754919394850731
