frame,Ankle.R_x,Ankle.R_y,Ankle.R_z,Knee.R_x,Knee.R_y,Knee.R_z,Hip.R_x,Hip.R_y,Hip.R_z,Hip.L_x,Hip.L_y,Hip.L_z,Knee.L_x,Knee.L_y,Knee.L_z,Ankle.L_x,Ankle.L_y,Ankle.L_z,Wrist.R_x,Wrist.R_y,Wrist.R_z,Elbow.R_x,Elbow.R_y,Elbow.R_z,Shoulder.R_x,Shoulder.R_y,Shoulder.R_z,Shoulder.L_x,Shoulder.L_y,Shoulder.L_z,Elbow.L_x,Elbow.L_y,Elbow.L_z,Wrist.L_x,Wrist.L_y,Wrist.L_z,Neck_x,Neck_y,Neck_z,Head_x,Head_y,Head_z,Nose_x,Nose_y,Nose_z,Eye.L_x,Eye.L_y,Eye.L_z,Eye.R_x,Eye.R_y,Eye.R_z,Ear.L_x,Ear.L_y,Ear.L_z,Ear.R_x,Ear.R_y,Ear.R_z,hip.Center_x,hip.Center_y,hip.Center_z
0,0.37670428,0.017200524,-0.48455232,0.06891719,-0.117268875,-0.20032398,-0.049851187,0.26706433,-0.14069559,0.019786403,0.23737997,0.11902971,0.090802744,-0.13799113,-0.04371783,0.41366944,0.0236498,-0.2901812,-0.08828682,-0.22083306,-0.19019352,-0.105737425,0.018948466,-0.2917837,-0.36345017,0.06991226,-0.18154094,-0.42478544,0.06919324,0.09503422,-0.27008778,-0.05298027,0.2924135,-0.2805303,-0.2510571,0.12802976,-0.43662176,0.05139817,-0.046469077,-0.62596697,-0.016554644,-0.023866113,-0.505898,-0.11368021,0.013078108,-0.550171,-0.0775255,0.035988323,-0.55159265,-0.10396947,-0.026433028,-0.55297637,0.02482064,0.036394082,-0.5579905,-0.027969226,-0.10342444,-0.015032391995191574,0.2522221505641937,-0.01083293929696083
