frame,Ankle.R_x,Ankle.R_y,Ankle.R_z,Knee.R_x,Knee.R_y,Knee.R_z,Hip.R_x,Hip.R_y,Hip.R_z,Hip.L_x,Hip.L_y,Hip.L_z,Knee.L_x,Knee.L_y,Knee.L_z,Ankle.L_x,Ankle.L_y,Ankle.L_z,Wrist.R_x,Wrist.R_y,Wrist.R_z,Elbow.R_x,Elbow.R_y,Elbow.R_z,Shoulder.R_x,Shoulder.R_y,Shoulder.R_z,Shoulder.L_x,Shoulder.L_y,Shoulder.L_z,Elbow.L_x,Elbow.L_y,Elbow.L_z,Wrist.L_x,Wrist.L_y,Wrist.L_z,Neck_x,Neck_y,Neck_z,Head_x,Head_y,Head_z,Nose_x,Nose_y,Nose_z,Eye.L_x,Eye.L_y,Eye.L_z,Eye.R_x,Eye.R_y,Eye.R_z,Ear.L_x,Ear.L_y,Ear.L_z,Ear.R_x,Ear.R_y,Ear.R_z,hip.Center_x,hip.Center_y,hip.Center_z
0,0.26086232,0.502501,-0.6185493,0.19776206,0.11267353,-0.40891853,-0.07336722,0.25239086,-0.122228086,0.04413147,0.21722504,0.112219915,0.07876691,-0.020780593,-0.23306254,0.21771076,0.08008253,-0.64805305,0.125763,0.055976704,-0.02786441,-0.0056800204,-0.07255522,-0.21984968,-0.2845211,-0.052701604,-0.116348565,-0.40174216,0.030579904,0.117086284,-0.27114162,-0.12944023,0.3119911,-0.12449365,-0.2623483,0.13953477,-0.38457865,-0.022160828,-0.007972643,-0.5219737,-0.004150063,0.09296786,-0.47856587,-0.15715335,0.08945455,-0.4773317,-0.105014555,0.12396443,-0.52248657,-0.1170931,0.07300866,-0.42071462,-0.01781901,0.107061446,-0.51726156,-0.041797414,-0.0052780956,-0.014617877081036568,0.23480795323848724,-0.005004085600376129
