frame,Ankle.R_x,Ankle.R_y,Ankle.R_z,Knee.R_x,Knee.R_y,Knee.R_z,Hip.R_x,Hip.R_y,Hip.R_z,Hip.L_x,Hip.L_y,Hip.L_z,Knee.L_x,Knee.L_y,Knee.L_z,Ankle.L_x,Ankle.L_y,Ankle.L_z,Wrist.R_x,Wrist.R_y,Wrist.R_z,Elbow.R_x,Elbow.R_y,Elbow.R_z,Shoulder.R_x,Shoulder.R_y,Shoulder.R_z,Shoulder.L_x,Shoulder.L_y,Shoulder.L_z,Elbow.L_x,Elbow.L_y,Elbow.L_z,Wrist.L_x,Wrist.L_y,Wrist.L_z,Neck_x,Neck_y,Neck_z,Head_x,Head_y,Head_z,Nose_x,Nose_y,Nose_z,Eye.L_x,Eye.L_y,Eye.L_z,Eye.R_x,Eye.R_y,Eye.R_z,Ear.L_x,Ear.L_y,Ear.L_z,Ear.R_x,Ear.R_y,Ear.R_z,hip.Center_x,hip.Center_y,hip.Center_z
0,0.3899174,0.012584362,-0.46930465,0.06323917,-0.1157258,-0.20628425,-0.04198363,0.26988024,-0.14258856,0.011737305,0.23754454,0.12002552,0.08232433,-0.14271915,-0.025212469,0.42655683,-0.006442371,-0.2566459,-0.05445733,-0.22645631,-0.18900731,-0.090561345,0.009773045,-0.29207543,-0.35159788,0.045129213,-0.18329024,-0.4101633,0.0722557,0.09534873,-0.23648293,0.0027912948,0.30411652,-0.25231844,-0.23278856,0.20280272,-0.4260684,0.03625209,-0.04693769,-0.6171186,-0.030459821,-0.022950891,-0.49790978,-0.1268923,0.017680004,-0.542034,-0.08983634,0.03925108,-0.54333603,-0.11825686,-0.022363305,-0.5443468,0.012579046,0.036241584,-0.5490247,-0.044935882,-0.101632416,-0.015123162418603897,0.25371238589286804,-0.011281516402959824
