frame,Ankle.R_x,Ankle.R_y,Ankle.R_z,Knee.R_x,Knee.R_y,Knee.R_z,Hip.R_x,Hip.R_y,Hip.R_z,Hip.L_x,Hip.L_y,Hip.L_z,Knee.L_x,Knee.L_y,Knee.L_z,Ankle.L_x,Ankle.L_y,Ankle.L_z,Wrist.R_x,Wrist.R_y,Wrist.R_z,Elbow.R_x,Elbow.R_y,Elbow.R_z,Shoulder.R_x,Shoulder.R_y,Shoulder.R_z,Shoulder.L_x,Shoulder.L_y,Shoulder.L_z,Elbow.L_x,Elbow.L_y,Elbow.L_z,Wrist.L_x,Wrist.L_y,Wrist.L_z,Neck_x,Neck_y,Neck_z,Head_x,Head_y,Head_z,Nose_x,Nose_y,Nose_z,Eye.L_x,Eye.L_y,Eye.L_z,Eye.R_x,Eye.R_y,Eye.R_z,Ear.L_x,Ear.L_y,Ear.L_z,Ear.R_x,Ear.R_y,Ear.R_z,hip.Center_x,hip.Center_y,hip.Center_z
0,0.40023947,0.0029645523,-0.42066973,0.04626748,-0.120148025,-0.19390869,-0.022158522,0.28278747,-0.14567003,-0.0051329588,0.22915399,0.12060574,0.017027102,-0.14986873,-0.024573835,0.40565878,-0.054422356,-0.20075773,-0.020228153,-0.17996605,-0.23005126,-0.09226261,0.053617094,-0.32857376,-0.35476047,0.08211036,-0.2233603,-0.41483352,0.08579279,0.05710122,-0.24726664,0.004619821,0.2689909,-0.26364344,-0.2355941,0.17482762,-0.42860827,0.061730776,-0.08780107,-0.6189978,-0.00037496438,-0.07605898,-0.5059579,-0.10293453,-0.030190155,-0.5495975,-0.06433785,-0.010492615,-0.5483591,-0.09173976,-0.07277952,-0.5478627,0.038369037,-0.011858575,-0.54627347,-0.016853854,-0.15151037,-0.01364574022591114,0.25597071647644043,-0.012532144784927368
