frame,Ankle.R_x,Ankle.R_y,Ankle.R_z,Knee.R_x,Knee.R_y,Knee.R_z,Hip.R_x,Hip.R_y,Hip.R_z,Hip.L_x,Hip.L_y,Hip.L_z,Knee.L_x,Knee.L_y,Knee.L_z,Ankle.L_x,Ankle.L_y,Ankle.L_z,Wrist.R_x,Wrist.R_y,Wrist.R_z,Elbow.R_x,Elbow.R_y,Elbow.R_z,Shoulder.R_x,Shoulder.R_y,Shoulder.R_z,Shoulder.L_x,Shoulder.L_y,Shoulder.L_z,Elbow.L_x,Elbow.L_y,Elbow.L_z,Wrist.L_x,Wrist.L_y,Wrist.L_z,Neck_x,Neck_y,Neck_z,Head_x,Head_y,Head_z,Nose_x,Nose_y,Nose_z,Eye.L_x,Eye.L_y,Eye.L_z,Eye.R_x,Eye.R_y,Eye.R_z,Ear.L_x,Ear.L_y,Ear.L_z,Ear.R_x,Ear.R_y,Ear.R_z,hip.Center_x,hip.Center_y,hip.Center_z
0,0.37750658,0.5644219,-0.37420636,0.13928539,0.2118277,-0.44924906,-0.0577768,0.28371167,-0.11448954,0.028935805,0.18173558,0.110832356,0.04393256,0.022536278,-0.26236054,0.19307412,0.058875006,-0.6805562,0.10083863,0.15656124,-0.027545694,-0.04007103,0.085007004,-0.23761578,-0.30282223,-0.011814658,-0.1824431,-0.44495344,0.11311586,0.030085076,-0.29643103,0.05458456,0.25045836,-0.19689582,-0.14732245,0.12372911,-0.41387612,0.03513492,-0.085199624,-0.52651966,0.06476565,0.03922949,-0.5067694,-0.09135896,0.016832381,-0.49247596,-0.043566972,0.054369837,-0.5465831,-0.044774387,0.011180013,-0.4285195,0.03688763,0.034768164,-0.5436826,0.036145568,-0.06146747,-0.01442049816250801,0.23272362351417542,-0.0018285922706127167
