frame,Ankle.R_x,Ankle.R_y,Ankle.R_z,Knee.R_x,Knee.R_y,Knee.R_z,Hip.R_x,Hip.R_y,Hip.R_z,Hip.L_x,Hip.L_y,Hip.L_z,Knee.L_x,Knee.L_y,Knee.L_z,Ankle.L_x,Ankle.L_y,Ankle.L_z,Wrist.R_x,Wrist.R_y,Wrist.R_z,Elbow.R_x,Elbow.R_y,Elbow.R_z,Shoulder.R_x,Shoulder.R_y,Shoulder.R_z,Shoulder.L_x,Shoulder.L_y,Shoulder.L_z,Elbow.L_x,Elbow.L_y,Elbow.L_z,Wrist.L_x,Wrist.L_y,Wrist.L_z,Neck_x,Neck_y,Neck_z,Head_x,Head_y,Head_z,Nose_x,Nose_y,Nose_z,Eye.L_x,Eye.L_y,Eye.L_z,Eye.R_x,Eye.R_y,Eye.R_z,Ear.L_x,Ear.L_y,Ear.L_z,Ear.R_x,Ear.R_y,Ear.R_z,hip.Center_x,hip.Center_y,hip.Center_z
0,0.37821922,0.036404606,-0.44418237,0.050229147,-0.11519229,-0.19812705,-0.031927686,0.2825289,-0.14320362,0.004402929,0.22590005,0.12042606,0.032557543,-0.14630096,-0.038098868,0.38621712,-0.008064027,-0.25233656,-0.058387548,-0.16697794,-0.24424171,-0.09921265,0.08120497,-0.3181803,-0.3632373,0.1019738,-0.219861,-0.42632815,0.070151135,0.05441094,-0.28369492,-0.0719823,0.24883729,-0.31990522,-0.270158,0.08721091,-0.4378283,0.068261154,-0.088003404,-0.630631,0.013359647,-0.078674555,-0.52112347,-0.096238986,-0.042006277,-0.5635044,-0.057655215,-0.01909794,-0.56363416,-0.080315195,-0.08319289,-0.55783457,0.04433395,-0.012408517,-0.5592815,0.0003113672,-0.15581569,-0.013762379065155983,0.25421446561813354,-0.011388778686523438
