frame,Ankle.R_x,Ankle.R_y,Ankle.R_z,Knee.R_x,Knee.R_y,Knee.R_z,Hip.R_x,Hip.R_y,Hip.R_z,Hip.L_x,Hip.L_y,Hip.L_z,Knee.L_x,Knee.L_y,Knee.L_z,Ankle.L_x,Ankle.L_y,Ankle.L_z,Wrist.R_x,Wrist.R_y,Wrist.R_z,Elbow.R_x,Elbow.R_y,Elbow.R_z,Shoulder.R_x,Shoulder.R_y,Shoulder.R_z,Shoulder.L_x,Shoulder.L_y,Shoulder.L_z,Elbow.L_x,Elbow.L_y,Elbow.L_z,Wrist.L_x,Wrist.L_y,Wrist.L_z,Neck_x,Neck_y,Neck_z,Head_x,Head_y,Head_z,Nose_x,Nose_y,Nose_z,Eye.L_x,Eye.L_y,Eye.L_z,Eye.R_x,Eye.R_y,Eye.R_z,Ear.L_x,Ear.L_y,Ear.L_z,Ear.R_x,Ear.R_y,Ear.R_z,hip.Center_x,hip.Center_y,hip.Center_z
0,0.28060234,0.51452655,-0.60774314,0.17366742,0.12303087,-0.4216269,-0.063886404,0.26369205,-0.12444432,0.03495432,0.2064333,0.11499245,0.063921355,-0.0027917703,-0.24601677,0.24108599,0.10067012,-0.6442338,0.10564456,0.12511155,-0.036331795,-0.023570847,0.007377396,-0.2374988,-0.29366714,-0.041790158,-0.1403938,-0.43262777,0.053841624,0.07618822,-0.30562213,-0.0927911,0.27840063,-0.14521393,-0.24412255,0.13231216,-0.4026983,-0.0034463028,-0.0403514,-0.5467354,0.03005036,0.046948798,-0.5024095,-0.122056216,0.0676181,-0.5032927,-0.065299936,0.09436105,-0.5457469,-0.08508961,0.04322034,-0.446573,0.019454345,0.068397954,-0.5366347,-0.021878086,-0.04556495,-0.014466041699051857,0.23506267368793488,-0.00472593680024147
