frame,Ankle.R_x,Ankle.R_y,Ankle.R_z,Knee.R_x,Knee.R_y,Knee.R_z,Hip.R_x,Hip.R_y,Hip.R_z,Hip.L_x,Hip.L_y,Hip.L_z,Knee.L_x,Knee.L_y,Knee.L_z,Ankle.L_x,Ankle.L_y,Ankle.L_z,Wrist.R_x,Wrist.R_y,Wrist.R_z,Elbow.R_x,Elbow.R_y,Elbow.R_z,Shoulder.R_x,Shoulder.R_y,Shoulder.R_z,Shoulder.L_x,Shoulder.L_y,Shoulder.L_z,Elbow.L_x,Elbow.L_y,Elbow.L_z,Wrist.L_x,Wrist.L_y,Wrist.L_z,Neck_x,Neck_y,Neck_z,Head_x,Head_y,Head_z,Nose_x,Nose_y,Nose_z,Eye.L_x,Eye.L_y,Eye.L_z,Eye.R_x,Eye.R_y,Eye.R_z,Ear.L_x,Ear.L_y,Ear.L_z,Ear.R_x,Ear.R_y,Ear.R_z,hip.Center_x,hip.Center_y,hip.Center_z
0,0.37829122,0.5452082,-0.33274835,0.08516335,0.28836143,-0.4509941,-0.0479097,0.30818763,-0.09904531,0.024866315,0.15070091,0.09812673,0.020772891,0.060794502,-0.29309922,0.21257706,0.0632784,-0.68980044,0.102814466,0.21753068,-0.04127819,-0.08713198,0.21812429,-0.22494973,-0.32669693,0.08428575,-0.23461999,-0.46563846,0.109471634,0.0015605558,-0.35486314,0.0042208293,0.2211062,-0.16156523,-0.14066724,0.11685843,-0.43082348,0.08228227,-0.12069373,-0.5428847,0.06994546,0.016133012,-0.50417453,-0.07103209,-0.04637763,-0.49418655,-0.032911364,0.0015266538,-0.55018497,-0.030835979,-0.038405985,-0.44362986,0.057374053,0.0016678274,-0.5635334,0.06490318,-0.08710277,-0.011521692387759686,0.22944426536560059,-0.0004592873156070709
