frame,Ankle.R_x,Ankle.R_y,Ankle.R_z,Knee.R_x,Knee.R_y,Knee.R_z,Hip.R_x,Hip.R_y,Hip.R_z,Hip.L_x,Hip.L_y,Hip.L_z,Knee.L_x,Knee.L_y,Knee.L_z,Ankle.L_x,Ankle.L_y,Ankle.L_z,Wrist.R_x,Wrist.R_y,Wrist.R_z,Elbow.R_x,Elbow.R_y,Elbow.R_z,Shoulder.R_x,Shoulder.R_y,Shoulder.R_z,Shoulder.L_x,Shoulder.L_y,Shoulder.L_z,Elbow.L_x,Elbow.L_y,Elbow.L_z,Wrist.L_x,Wrist.L_y,Wrist.L_z,Neck_x,Neck_y,Neck_z,Head_x,Head_y,Head_z,Nose_x,Nose_y,Nose_z,Eye.L_x,Eye.L_y,Eye.L_z,Eye.R_x,Eye.R_y,Eye.R_z,Ear.L_x,Ear.L_y,Ear.L_z,Ear.R_x,Ear.R_y,Ear.R_z,hip.Center_x,hip.Center_y,hip.Center_z
0,0.4401517,0.02368236,-0.39470538,0.0865834,-0.116051674,-0.18186605,-0.01358309,0.28424856,-0.1460886,-0.017230283,0.22722057,0.119411625,0.02058397,-0.14864095,-0.011226625,0.4114021,-0.06506504,-0.1850379,0.05945589,-0.09398874,-0.2731623,-0.08204654,0.122035995,-0.33712384,-0.35511255,0.13256952,-0.26199728,-0.41905978,0.078401186,0.018151477,-0.25604382,-0.023012536,0.2274015,-0.26247287,-0.27094486,0.15271305,-0.43586767,0.08347523,-0.13050285,-0.63264567,0.027506333,-0.11362629,-0.520599,-0.082190484,-0.088583656,-0.56060463,-0.04411137,-0.06153272,-0.56635237,-0.06603375,-0.12559608,-0.55479586,0.05752422,-0.05388257,-0.5679,0.015859954,-0.1974576,-0.015406686812639236,0.25573456287384033,-0.013338487595319748
