frame,Ankle.R_x,Ankle.R_y,Ankle.R_z,Knee.R_x,Knee.R_y,Knee.R_z,Hip.R_x,Hip.R_y,Hip.R_z,Hip.L_x,Hip.L_y,Hip.L_z,Knee.L_x,Knee.L_y,Knee.L_z,Ankle.L_x,Ankle.L_y,Ankle.L_z,Wrist.R_x,Wrist.R_y,Wrist.R_z,Elbow.R_x,Elbow.R_y,Elbow.R_z,Shoulder.R_x,Shoulder.R_y,Shoulder.R_z,Shoulder.L_x,Shoulder.L_y,Shoulder.L_z,Elbow.L_x,Elbow.L_y,Elbow.L_z,Wrist.L_x,Wrist.L_y,Wrist.L_z,Neck_x,Neck_y,Neck_z,Head_x,Head_y,Head_z,Nose_x,Nose_y,Nose_z,Eye.L_x,Eye.L_y,Eye.L_z,Eye.R_x,Eye.R_y,Eye.R_z,Ear.L_x,Ear.L_y,Ear.L_z,Ear.R_x,Ear.R_y,Ear.R_z,hip.Center_x,hip.Center_y,hip.Center_z
0,0.42326277,0.005885382,-0.40118274,0.069069766,-0.118500404,-0.18132648,-0.01585105,0.28437635,-0.14561994,-0.0134363,0.22712712,0.11969531,0.016528485,-0.14966682,-0.013909001,0.4054485,-0.07184754,-0.19348958,0.059011366,-0.07566975,-0.2695501,-0.08954315,0.13636716,-0.3286692,-0.36181477,0.138896,-0.2508932,-0.41739124,0.08346272,0.030725539,-0.24112456,-0.011180428,0.23295695,-0.2373678,-0.25870895,0.15763046,-0.43957353,0.089472204,-0.11800383,-0.6372164,0.03615135,-0.10198064,-0.5267841,-0.07561876,-0.07956073,-0.5663647,-0.037835345,-0.05163598,-0.5721164,-0.05789146,-0.11624337,-0.5591368,0.06343506,-0.04102017,-0.57232386,0.02584938,-0.18550207,-0.014643674716353416,0.25575172901153564,-0.01296231523156166
