frame,Ankle.R_x,Ankle.R_y,Ankle.R_z,Knee.R_x,Knee.R_y,Knee.R_z,Hip.R_x,Hip.R_y,Hip.R_z,Hip.L_x,Hip.L_y,Hip.L_z,Knee.L_x,Knee.L_y,Knee.L_z,Ankle.L_x,Ankle.L_y,Ankle.L_z,Wrist.R_x,Wrist.R_y,Wrist.R_z,Elbow.R_x,Elbow.R_y,Elbow.R_z,Shoulder.R_x,Shoulder.R_y,Shoulder.R_z,Shoulder.L_x,Shoulder.L_y,Shoulder.L_z,Elbow.L_x,Elbow.L_y,Elbow.L_z,Wrist.L_x,Wrist.L_y,Wrist.L_z,Neck_x,Neck_y,Neck_z,Head_x,Head_y,Head_z,Nose_x,Nose_y,Nose_z,Eye.L_x,Eye.L_y,Eye.L_z,Eye.R_x,Eye.R_y,Eye.R_z,Ear.L_x,Ear.L_y,Ear.L_z,Ear.R_x,Ear.R_y,Ear.R_z,hip.Center_x,hip.Center_y,hip.Center_z
0,0.3737972,0.49963298,-0.31258592,0.0598271,0.2787819,-0.4446856,-0.045035817,0.33091682,-0.079647005,0.023781968,0.12861428,0.08257775,-0.006175067,0.09921949,-0.31830093,0.2669833,0.1604939,-0.6604728,0.10932391,0.29465464,-0.032575767,-0.09958194,0.33133158,-0.19255172,-0.32338494,0.1826407,-0.2619185,-0.46952084,0.0983208,-0.03757088,-0.39955518,-0.062326044,0.17167443,-0.14751208,-0.12863435,0.13170242,-0.42954394,0.12536271,-0.15257563,-0.5634129,0.093140334,-0.03388198,-0.47026855,-0.03200403,-0.06856921,-0.4807356,0.013010822,-0.027158797,-0.52788305,-0.010823622,-0.07127318,-0.4659439,0.11365223,-0.038529515,-0.5676476,0.06815283,-0.13760385,-0.010626924224197865,0.22976554930210114,0.0014653727412223816
