frame,Ankle.R_x,Ankle.R_y,Ankle.R_z,Knee.R_x,Knee.R_y,Knee.R_z,Hip.R_x,Hip.R_y,Hip.R_z,Hip.L_x,Hip.L_y,Hip.L_z,Knee.L_x,Knee.L_y,Knee.L_z,Ankle.L_x,Ankle.L_y,Ankle.L_z,Wrist.R_x,Wrist.R_y,Wrist.R_z,Elbow.R_x,Elbow.R_y,Elbow.R_z,Shoulder.R_x,Shoulder.R_y,Shoulder.R_z,Shoulder.L_x,Shoulder.L_y,Shoulder.L_z,Elbow.L_x,Elbow.L_y,Elbow.L_z,Wrist.L_x,Wrist.L_y,Wrist.L_z,Neck_x,Neck_y,Neck_z,Head_x,Head_y,Head_z,Nose_x,Nose_y,Nose_z,Eye.L_x,Eye.L_y,Eye.L_z,Eye.R_x,Eye.R_y,Eye.R_z,Ear.L_x,Ear.L_y,Ear.L_z,Ear.R_x,Ear.R_y,Ear.R_z,hip.Center_x,hip.Center_y,hip.Center_z
0,0.3334598,0.48367706,-0.58494204,0.16400309,0.1140977,-0.41880724,-0.053153064,0.29917246,-0.113788195,0.032380834,0.1733501,0.10606377,0.027067915,0.0055813976,-0.2822924,0.25835747,0.15330216,-0.6387794,0.09844067,0.26873463,-0.032200977,-0.09064577,0.28211993,-0.21991375,-0.3274157,0.12615858,-0.22401856,-0.46530142,0.076067455,0.002907672,-0.40609884,-0.1388851,0.16986775,-0.15320066,-0.2048049,0.13506024,-0.4237941,0.09194626,-0.107759245,-0.55285144,0.08418576,0.0008365251,-0.46791157,-0.052322276,-0.0013318658,-0.47728473,0.0011749733,0.029623032,-0.5229688,-0.027425988,-0.014035732,-0.45218807,0.098166555,0.0015735924,-0.5495508,0.039758205,-0.09847276,-0.010386114940047264,0.2362612783908844,-0.0038622133433818817
