frame,Ankle.R_x,Ankle.R_y,Ankle.R_z,Knee.R_x,Knee.R_y,Knee.R_z,Hip.R_x,Hip.R_y,Hip.R_z,Hip.L_x,Hip.L_y,Hip.L_z,Knee.L_x,Knee.L_y,Knee.L_z,Ankle.L_x,Ankle.L_y,Ankle.L_z,Wrist.R_x,Wrist.R_y,Wrist.R_z,Elbow.R_x,Elbow.R_y,Elbow.R_z,Shoulder.R_x,Shoulder.R_y,Shoulder.R_z,Shoulder.L_x,Shoulder.L_y,Shoulder.L_z,Elbow.L_x,Elbow.L_y,Elbow.L_z,Wrist.L_x,Wrist.L_y,Wrist.L_z,Neck_x,Neck_y,Neck_z,Head_x,Head_y,Head_z,Nose_x,Nose_y,Nose_z,Eye.L_x,Eye.L_y,Eye.L_z,Eye.R_x,Eye.R_y,Eye.R_z,Ear.L_x,Ear.L_y,Ear.L_z,Ear.R_x,Ear.R_y,Ear.R_z,hip.Center_x,hip.Center_y,hip.Center_z
0,0.44960415,-0.06988525,-0.35191,0.06498578,-0.14361794,-0.1552683,-0.027396843,0.27701303,-0.14720501,0.0043475823,0.23935485,0.12027989,-0.007057594,-0.15050909,-0.007959964,0.37784863,-0.22042865,-0.21673827,0.117046475,0.28455895,-0.22716834,-0.095951706,0.43626696,-0.25843027,-0.33526236,0.27084434,-0.2459077,-0.4288252,0.107724145,-0.0026034163,-0.26392204,0.055356223,0.23155977,-0.12728584,-0.14859755,0.15654181,-0.4347656,0.163465,-0.15141201,-0.63635993,0.104565084,-0.18944283,-0.5246978,-0.007245451,-0.17708485,-0.5694164,0.022639498,-0.1477502,-0.56528604,0.017337441,-0.2150931,-0.56893444,0.11908756,-0.113086544,-0.56017965,0.11432001,-0.26284075,-0.011524630710482597,0.25818395614624023,-0.013462558388710022
