frame,Ankle.R_x,Ankle.R_y,Ankle.R_z,Knee.R_x,Knee.R_y,Knee.R_z,Hip.R_x,Hip.R_y,Hip.R_z,Hip.L_x,Hip.L_y,Hip.L_z,Knee.L_x,Knee.L_y,Knee.L_z,Ankle.L_x,Ankle.L_y,Ankle.L_z,Wrist.R_x,Wrist.R_y,Wrist.R_z,Elbow.R_x,Elbow.R_y,Elbow.R_z,Shoulder.R_x,Shoulder.R_y,Shoulder.R_z,Shoulder.L_x,Shoulder.L_y,Shoulder.L_z,Elbow.L_x,Elbow.L_y,Elbow.L_z,Wrist.L_x,Wrist.L_y,Wrist.L_z,Neck_x,Neck_y,Neck_z,Head_x,Head_y,Head_z,Nose_x,Nose_y,Nose_z,Eye.L_x,Eye.L_y,Eye.L_z,Eye.R_x,Eye.R_y,Eye.R_z,Ear.L_x,Ear.L_y,Ear.L_z,Ear.R_x,Ear.R_y,Ear.R_z,hip.Center_x,hip.Center_y,hip.Center_z
0,0.35182887,0.45202026,-0.30310163,0.012036727,0.25812563,-0.4320523,-0.037815265,0.35186052,-0.057608526,0.015302245,0.111018755,0.064799316,-0.058688067,0.15365823,-0.32665658,0.28966466,0.21018639,-0.59133166,0.122940205,0.37626204,-0.003112443,-0.0668886,0.43841335,-0.17890055,-0.31020954,0.29202577,-0.25706378,-0.45340952,0.09834775,-0.07362864,-0.40084746,-0.109157614,0.11213108,-0.13626379,-0.11721137,0.13598168,-0.42212462,0.18123114,-0.17220232,-0.5496479,0.12652864,-0.052615397,-0.43157864,0.027030751,-0.09394774,-0.44871515,0.070535526,-0.05313441,-0.49219984,0.03176588,-0.09003466,-0.4635802,0.17016236,-0.07113665,-0.5600561,0.09371707,-0.15526423,-0.011256510391831398,0.23143963515758514,0.003595395013689995
