frame,Ankle.R_x,Ankle.R_y,Ankle.R_z,Knee.R_x,Knee.R_y,Knee.R_z,Hip.R_x,Hip.R_y,Hip.R_z,Hip.L_x,Hip.L_y,Hip.L_z,Knee.L_x,Knee.L_y,Knee.L_z,Ankle.L_x,Ankle.L_y,Ankle.L_z,Wrist.R_x,Wrist.R_y,Wrist.R_z,Elbow.R_x,Elbow.R_y,Elbow.R_z,Shoulder.R_x,Shoulder.R_y,Shoulder.R_z,Shoulder.L_x,Shoulder.L_y,Shoulder.L_z,Elbow.L_x,Elbow.L_y,Elbow.L_z,Wrist.L_x,Wrist.L_y,Wrist.L_z,Neck_x,Neck_y,Neck_z,Head_x,Head_y,Head_z,Nose_x,Nose_y,Nose_z,Eye.L_x,Eye.L_y,Eye.L_z,Eye.R_x,Eye.R_y,Eye.R_z,Ear.L_x,Ear.L_y,Ear.L_z,Ear.R_x,Ear.R_y,Ear.R_z,hip.Center_x,hip.Center_y,hip.Center_z
0,0.45740408,-0.07041246,-0.3447681,0.070590034,-0.14374323,-0.15017755,-0.025820808,0.27642676,-0.14837351,0.002175685,0.24124521,0.120538235,-0.006605539,-0.14936176,-0.0039428254,0.37907305,-0.21871299,-0.21290213,0.11991147,0.2938868,-0.22542457,-0.09763236,0.43752348,-0.26577115,-0.33213437,0.2647465,-0.253482,-0.43036503,0.10323127,-0.010177582,-0.27676174,0.055722486,0.2328717,-0.13790938,-0.14836079,0.16156241,-0.4323293,0.15696388,-0.15990214,-0.6322359,0.09834458,-0.20451954,-0.52263355,-0.014331639,-0.18227166,-0.56823003,0.017540857,-0.15630248,-0.5612848,0.0090779215,-0.22315356,-0.56780326,0.115466736,-0.12597087,-0.5526731,0.103832476,-0.2751444,-0.011822561733424664,0.25883597135543823,-0.01391763985157013
