frame,Ankle.R_x,Ankle.R_y,Ankle.R_z,Knee.R_x,Knee.R_y,Knee.R_z,Hip.R_x,Hip.R_y,Hip.R_z,Hip.L_x,Hip.L_y,Hip.L_z,Knee.L_x,Knee.L_y,Knee.L_z,Ankle.L_x,Ankle.L_y,Ankle.L_z,Wrist.R_x,Wrist.R_y,Wrist.R_z,Elbow.R_x,Elbow.R_y,Elbow.R_z,Shoulder.R_x,Shoulder.R_y,Shoulder.R_z,Shoulder.L_x,Shoulder.L_y,Shoulder.L_z,Elbow.L_x,Elbow.L_y,Elbow.L_z,Wrist.L_x,Wrist.L_y,Wrist.L_z,Neck_x,Neck_y,Neck_z,Head_x,Head_y,Head_z,Nose_x,Nose_y,Nose_z,Eye.L_x,Eye.L_y,Eye.L_z,Eye.R_x,Eye.R_y,Eye.R_z,Ear.L_x,Ear.L_y,Ear.L_z,Ear.R_x,Ear.R_y,Ear.R_z,hip.Center_x,hip.Center_y,hip.Center_z
0,0.41246685,-0.045229025,-0.3147039,0.034437947,-0.15515974,-0.14004385,-0.0094097,0.28134784,-0.14746897,-0.0072858264,0.23445825,0.11998926,-0.07705049,-0.14568147,-0.0051522814,0.30679935,-0.22467245,-0.19942944,0.15006103,0.4357296,-0.2207694,-0.1049923,0.5079853,-0.23317158,-0.346734,0.34986138,-0.22977348,-0.41867274,0.1391317,-0.020079372,-0.25846708,0.02635933,0.1981121,-0.06905596,-0.15294534,0.19122969,-0.4342828,0.22349969,-0.15412407,-0.6258936,0.14642489,-0.2185571,-0.49701154,0.0566487,-0.22402175,-0.54692763,0.069255024,-0.19258891,-0.5391807,0.082477,-0.25820994,-0.5663298,0.15267828,-0.13596135,-0.550387,0.18711852,-0.27937567,-0.008347762748599052,0.2579030394554138,-0.013739854097366333
