frame,Ankle.R_x,Ankle.R_y,Ankle.R_z,Knee.R_x,Knee.R_y,Knee.R_z,Hip.R_x,Hip.R_y,Hip.R_z,Hip.L_x,Hip.L_y,Hip.L_z,Knee.L_x,Knee.L_y,Knee.L_z,Ankle.L_x,Ankle.L_y,Ankle.L_z,Wrist.R_x,Wrist.R_y,Wrist.R_z,Elbow.R_x,Elbow.R_y,Elbow.R_z,Shoulder.R_x,Shoulder.R_y,Shoulder.R_z,Shoulder.L_x,Shoulder.L_y,Shoulder.L_z,Elbow.L_x,Elbow.L_y,Elbow.L_z,Wrist.L_x,Wrist.L_y,Wrist.L_z,Neck_x,Neck_y,Neck_z,Head_x,Head_y,Head_z,Nose_x,Nose_y,Nose_z,Eye.L_x,Eye.L_y,Eye.L_z,Eye.R_x,Eye.R_y,Eye.R_z,Ear.L_x,Ear.L_y,Ear.L_z,Ear.R_x,Ear.R_y,Ear.R_z,hip.Center_x,hip.Center_y,hip.Center_z
0,0.40999937,0.4246741,-0.56205225,0.09449315,0.1586593,-0.42094776,-0.040398177,0.33331436,-0.08977097,0.013953169,0.14260584,0.09566724,0.06218547,-0.06674397,-0.2527249,0.23329476,0.16546807,-0.5845407,0.1285966,0.43245763,0.0008677696,-0.059126012,0.49762174,-0.17967321,-0.32430926,0.34810275,-0.20968379,-0.45652807,0.1080343,-0.07197703,-0.40890577,-0.14849076,0.055309247,-0.16016842,-0.16200854,0.1408588,-0.43858,0.21903603,-0.14322498,-0.55251753,0.17119184,-0.005591929,-0.4425634,0.07567412,-0.0663313,-0.45390493,0.120982215,-0.02488777,-0.5010442,0.07751404,-0.049636334,-0.47529563,0.21673831,-0.043505847,-0.58335185,0.13432536,-0.10331306,-0.013222504407167435,0.2379601001739502,0.0029481351375579834
