frame,Ankle.R_x,Ankle.R_y,Ankle.R_z,Knee.R_x,Knee.R_y,Knee.R_z,Hip.R_x,Hip.R_y,Hip.R_z,Hip.L_x,Hip.L_y,Hip.L_z,Knee.L_x,Knee.L_y,Knee.L_z,Ankle.L_x,Ankle.L_y,Ankle.L_z,Wrist.R_x,Wrist.R_y,Wrist.R_z,Elbow.R_x,Elbow.R_y,Elbow.R_z,Shoulder.R_x,Shoulder.R_y,Shoulder.R_z,Shoulder.L_x,Shoulder.L_y,Shoulder.L_z,Elbow.L_x,Elbow.L_y,Elbow.L_z,Wrist.L_x,Wrist.L_y,Wrist.L_z,Neck_x,Neck_y,Neck_z,Head_x,Head_y,Head_z,Nose_x,Nose_y,Nose_z,Eye.L_x,Eye.L_y,Eye.L_z,Eye.R_x,Eye.R_y,Eye.R_z,Ear.L_x,Ear.L_y,Ear.L_z,Ear.R_x,Ear.R_y,Ear.R_z,hip.Center_x,hip.Center_y,hip.Center_z
0,0.38509017,0.43001834,-0.28425786,0.02897128,0.28376055,-0.43094847,-0.020608857,0.3555542,-0.05039125,-0.0011771619,0.104909025,0.06049593,-0.07601324,0.1571475,-0.33086538,0.30843154,0.21960786,-0.5326613,0.14288339,0.4315854,-0.0033866928,-0.045488313,0.4843631,-0.18717958,-0.30296856,0.34687427,-0.24914038,-0.44864166,0.12788682,-0.098529294,-0.39055955,-0.1052241,0.058331087,-0.14200321,-0.09703955,0.14551905,-0.41767693,0.22762042,-0.1782218,-0.5424918,0.16813676,-0.055107065,-0.40845737,0.09200829,-0.09242478,-0.43352312,0.1343517,-0.055240512,-0.46789867,0.083772,-0.08597395,-0.46986067,0.22530875,-0.0818429,-0.54902744,0.12400365,-0.1550358,-0.010893009603023529,0.2302316129207611,0.0050523411482572556
