frame,Ankle.R_x,Ankle.R_y,Ankle.R_z,Knee.R_x,Knee.R_y,Knee.R_z,Hip.R_x,Hip.R_y,Hip.R_z,Hip.L_x,Hip.L_y,Hip.L_z,Knee.L_x,Knee.L_y,Knee.L_z,Ankle.L_x,Ankle.L_y,Ankle.L_z,Wrist.R_x,Wrist.R_y,Wrist.R_z,Elbow.R_x,Elbow.R_y,Elbow.R_z,Shoulder.R_x,Shoulder.R_y,Shoulder.R_z,Shoulder.L_x,Shoulder.L_y,Shoulder.L_z,Elbow.L_x,Elbow.L_y,Elbow.L_z,Wrist.L_x,Wrist.L_y,Wrist.L_z,Neck_x,Neck_y,Neck_z,Head_x,Head_y,Head_z,Nose_x,Nose_y,Nose_z,Eye.L_x,Eye.L_y,Eye.L_z,Eye.R_x,Eye.R_y,Eye.R_z,Ear.L_x,Ear.L_y,Ear.L_z,Ear.R_x,Ear.R_y,Ear.R_z,hip.Center_x,hip.Center_y,hip.Center_z
0,0.44614866,0.37164807,-0.5481397,0.047455024,0.26237482,-0.42623076,-0.01764255,0.34803182,-0.07154733,-0.009515722,0.12489266,0.083610736,0.022838352,-0.044068534,-0.28219828,0.26037508,0.16371979,-0.58597386,0.12392707,0.5209734,0.01486742,-0.061182015,0.56265587,-0.1750978,-0.32213378,0.40991238,-0.19608594,-0.45006776,0.15110323,-0.08752584,-0.37473845,-0.119737305,-0.0081409495,-0.15576217,-0.14457008,0.13919204,-0.43743068,0.2730839,-0.14543028,-0.5550098,0.2020698,-0.013074553,-0.42581517,0.14226104,-0.07790488,-0.44803897,0.17958407,-0.033813924,-0.48242027,0.12775134,-0.062180877,-0.49337092,0.2670311,-0.046271533,-0.5771624,0.16632824,-0.11376575,-0.01357913576066494,0.23646223545074463,0.00603170320391655
