frame,Ankle.R_x,Ankle.R_y,Ankle.R_z,Knee.R_x,Knee.R_y,Knee.R_z,Hip.R_x,Hip.R_y,Hip.R_z,Hip.L_x,Hip.L_y,Hip.L_z,Knee.L_x,Knee.L_y,Knee.L_z,Ankle.L_x,Ankle.L_y,Ankle.L_z,Wrist.R_x,Wrist.R_y,Wrist.R_z,Elbow.R_x,Elbow.R_y,Elbow.R_z,Shoulder.R_x,Shoulder.R_y,Shoulder.R_z,Shoulder.L_x,Shoulder.L_y,Shoulder.L_z,Elbow.L_x,Elbow.L_y,Elbow.L_z,Wrist.L_x,Wrist.L_y,Wrist.L_z,Neck_x,Neck_y,Neck_z,Head_x,Head_y,Head_z,Nose_x,Nose_y,Nose_z,Eye.L_x,Eye.L_y,Eye.L_z,Eye.R_x,Eye.R_y,Eye.R_z,Ear.L_x,Ear.L_y,Ear.L_z,Ear.R_x,Ear.R_y,Ear.R_z,hip.Center_x,hip.Center_y,hip.Center_z
0,0.46909228,0.02700464,-0.2313084,0.0744383,-0.13615657,-0.24352181,0.008527982,0.2954144,-0.13658737,-0.022006622,0.21779853,0.11564835,-0.063521594,-0.14731401,-0.11921286,0.3533077,-0.25023648,-0.21559447,0.16463818,0.6240434,-0.21514502,-0.09532451,0.6422986,-0.16198365,-0.33214152,0.47233963,-0.1780976,-0.38208374,0.20846623,-0.037345517,-0.20485485,0.011348554,0.095297776,-0.004250657,-0.16031678,0.12794459,-0.4122219,0.33020845,-0.13746132,-0.586329,0.2516644,-0.24818873,-0.43955225,0.20889795,-0.27683398,-0.48990276,0.19268477,-0.24982253,-0.48619908,0.23715977,-0.30008993,-0.532065,0.23234652,-0.16425902,-0.52529794,0.33237606,-0.2707538,-0.006739319767802954,0.25660645961761475,-0.010469507426023483
