frame,Ankle.R_x,Ankle.R_y,Ankle.R_z,Knee.R_x,Knee.R_y,Knee.R_z,Hip.R_x,Hip.R_y,Hip.R_z,Hip.L_x,Hip.L_y,Hip.L_z,Knee.L_x,Knee.L_y,Knee.L_z,Ankle.L_x,Ankle.L_y,Ankle.L_z,Wrist.R_x,Wrist.R_y,Wrist.R_z,Elbow.R_x,Elbow.R_y,Elbow.R_z,Shoulder.R_x,Shoulder.R_y,Shoulder.R_z,Shoulder.L_x,Shoulder.L_y,Shoulder.L_z,Elbow.L_x,Elbow.L_y,Elbow.L_z,Wrist.L_x,Wrist.L_y,Wrist.L_z,Neck_x,Neck_y,Neck_z,Head_x,Head_y,Head_z,Nose_x,Nose_y,Nose_z,Eye.L_x,Eye.L_y,Eye.L_z,Eye.R_x,Eye.R_y,Eye.R_z,Ear.L_x,Ear.L_y,Ear.L_z,Ear.R_x,Ear.R_y,Ear.R_z,hip.Center_x,hip.Center_y,hip.Center_z
0,0.4667036,0.02152584,-0.24120405,0.07304969,-0.14536439,-0.22503401,0.008175584,0.29257333,-0.13929833,-0.02114681,0.22215289,0.11635465,-0.0642546,-0.15100119,-0.104922935,0.34779346,-0.25008646,-0.2254101,0.17538856,0.6162461,-0.21544918,-0.085583314,0.64050543,-0.1691017,-0.3244115,0.47323865,-0.18918964,-0.38629305,0.21214274,-0.045564134,-0.22441366,0.009134962,0.09725636,-0.032715734,-0.16982618,0.14387806,-0.40923607,0.33297068,-0.14902592,-0.5808666,0.2565899,-0.26586726,-0.43426013,0.20814359,-0.2858464,-0.48645765,0.19449368,-0.26097476,-0.47879368,0.23721896,-0.3122825,-0.5313419,0.23804352,-0.17855072,-0.5160501,0.33466446,-0.28776383,-0.006485613062977791,0.25736311078071594,-0.011471841484308243
