frame,Ankle.R_x,Ankle.R_y,Ankle.R_z,Knee.R_x,Knee.R_y,Knee.R_z,Hip.R_x,Hip.R_y,Hip.R_z,Hip.L_x,Hip.L_y,Hip.L_z,Knee.L_x,Knee.L_y,Knee.L_z,Ankle.L_x,Ankle.L_y,Ankle.L_z,Wrist.R_x,Wrist.R_y,Wrist.R_z,Elbow.R_x,Elbow.R_y,Elbow.R_z,Shoulder.R_x,Shoulder.R_y,Shoulder.R_z,Shoulder.L_x,Shoulder.L_y,Shoulder.L_z,Elbow.L_x,Elbow.L_y,Elbow.L_z,Wrist.L_x,Wrist.L_y,Wrist.L_z,Neck_x,Neck_y,Neck_z,Head_x,Head_y,Head_z,Nose_x,Nose_y,Nose_z,Eye.L_x,Eye.L_y,Eye.L_z,Eye.R_x,Eye.R_y,Eye.R_z,Ear.L_x,Ear.L_y,Ear.L_z,Ear.R_x,Ear.R_y,Ear.R_z,hip.Center_x,hip.Center_y,hip.Center_z
0,0.48258385,0.2942502,-0.5464006,0.068125665,0.29645842,-0.41500947,0.00832101,0.35744917,-0.05457127,-0.03509105,0.11439988,0.06467876,-0.051407915,0.07442991,-0.32892084,0.29041043,0.13802654,-0.603167,0.17870644,0.59769005,-0.06531967,-0.07745714,0.63176477,-0.12632714,-0.30245796,0.45106894,-0.20074596,-0.44155413,0.19399175,-0.09618457,-0.34522712,-0.07374845,-0.026683483,-0.13521369,-0.115971096,0.12885319,-0.42227215,0.31798273,-0.15299961,-0.5166346,0.2626198,-0.0042497837,-0.41517553,0.17934525,-0.09129718,-0.42115542,0.21974228,-0.044922978,-0.4689456,0.17509396,-0.064365,-0.4524296,0.31454137,-0.051214367,-0.56404394,0.23002109,-0.09834275,-0.013385020196437836,0.23592452704906464,0.0050537437200546265
