frame,Ankle.R_x,Ankle.R_y,Ankle.R_z,Knee.R_x,Knee.R_y,Knee.R_z,Hip.R_x,Hip.R_y,Hip.R_z,Hip.L_x,Hip.L_y,Hip.L_z,Knee.L_x,Knee.L_y,Knee.L_z,Ankle.L_x,Ankle.L_y,Ankle.L_z,Wrist.R_x,Wrist.R_y,Wrist.R_z,Elbow.R_x,Elbow.R_y,Elbow.R_z,Shoulder.R_x,Shoulder.R_y,Shoulder.R_z,Shoulder.L_x,Shoulder.L_y,Shoulder.L_z,Elbow.L_x,Elbow.L_y,Elbow.L_z,Wrist.L_x,Wrist.L_y,Wrist.L_z,Neck_x,Neck_y,Neck_z,Head_x,Head_y,Head_z,Nose_x,Nose_y,Nose_z,Eye.L_x,Eye.L_y,Eye.L_z,Eye.R_x,Eye.R_y,Eye.R_z,Ear.L_x,Ear.L_y,Ear.L_z,Ear.R_x,Ear.R_y,Ear.R_z,hip.Center_x,hip.Center_y,hip.Center_z
0,0.47339582,0.009439732,-0.124991514,0.19652939,0.20366412,-0.37251598,0.0673339,0.33159864,0.05737152,-0.09885816,0.15936387,-0.054226436,0.111807056,0.010374022,-0.39486787,0.36469683,-0.26858464,-0.16666505,0.15531647,0.68095374,-0.18807974,-0.096595965,0.6797951,-0.09962819,-0.33916217,0.5049655,-0.10341491,-0.34319204,0.20450681,-0.086494304,-0.16905649,0.014455621,0.05220929,0.040313974,-0.14749508,0.070515186,-0.3987266,0.34755582,-0.13068695,-0.58639324,0.30201373,-0.24389353,-0.44642478,0.2757003,-0.30739406,-0.49399328,0.24915794,-0.2797712,-0.49546677,0.30892986,-0.31108508,-0.5225515,0.25615296,-0.18159041,-0.5252219,0.38865584,-0.24376737,-0.01576213166117668,0.24548125267028809,0.001572541892528534
