frame,Ankle.R_x,Ankle.R_y,Ankle.R_z,Knee.R_x,Knee.R_y,Knee.R_z,Hip.R_x,Hip.R_y,Hip.R_z,Hip.L_x,Hip.L_y,Hip.L_z,Knee.L_x,Knee.L_y,Knee.L_z,Ankle.L_x,Ankle.L_y,Ankle.L_z,Wrist.R_x,Wrist.R_y,Wrist.R_z,Elbow.R_x,Elbow.R_y,Elbow.R_z,Shoulder.R_x,Shoulder.R_y,Shoulder.R_z,Shoulder.L_x,Shoulder.L_y,Shoulder.L_z,Elbow.L_x,Elbow.L_y,Elbow.L_z,Wrist.L_x,Wrist.L_y,Wrist.L_z,Neck_x,Neck_y,Neck_z,Head_x,Head_y,Head_z,Nose_x,Nose_y,Nose_z,Eye.L_x,Eye.L_y,Eye.L_z,Eye.R_x,Eye.R_y,Eye.R_z,Ear.L_x,Ear.L_y,Ear.L_z,Ear.R_x,Ear.R_y,Ear.R_z,hip.Center_x,hip.Center_y,hip.Center_z
0,0.45764512,-0.00807077,-0.053976174,0.23929584,0.19456172,-0.34940645,0.06419355,0.32684174,0.06634917,-0.098576985,0.16970064,-0.069063336,0.14956763,-0.013356992,-0.36938262,0.36823225,-0.28502378,-0.096930325,0.13462684,0.69623953,-0.1906489,-0.11407994,0.70277214,-0.09035021,-0.3544283,0.523303,-0.08904835,-0.34996533,0.22075999,-0.09567257,-0.17309919,0.024336947,0.03296777,0.043473907,-0.13084175,0.042322524,-0.41079572,0.36597055,-0.12763779,-0.6018475,0.32188892,-0.23788762,-0.46320808,0.30181608,-0.3066201,-0.50965184,0.2731496,-0.2784925,-0.51364535,0.33398724,-0.30742225,-0.5347441,0.27555123,-0.17916636,-0.54291195,0.41025513,-0.23610526,-0.017191719263792038,0.24827119708061218,-0.0013570822775363922
