frame,Ankle.R_x,Ankle.R_y,Ankle.R_z,Knee.R_x,Knee.R_y,Knee.R_z,Hip.R_x,Hip.R_y,Hip.R_z,Hip.L_x,Hip.L_y,Hip.L_z,Knee.L_x,Knee.L_y,Knee.L_z,Ankle.L_x,Ankle.L_y,Ankle.L_z,Wrist.R_x,Wrist.R_y,Wrist.R_z,Elbow.R_x,Elbow.R_y,Elbow.R_z,Shoulder.R_x,Shoulder.R_y,Shoulder.R_z,Shoulder.L_x,Shoulder.L_y,Shoulder.L_z,Elbow.L_x,Elbow.L_y,Elbow.L_z,Wrist.L_x,Wrist.L_y,Wrist.L_z,Neck_x,Neck_y,Neck_z,Head_x,Head_y,Head_z,Nose_x,Nose_y,Nose_z,Eye.L_x,Eye.L_y,Eye.L_z,Eye.R_x,Eye.R_y,Eye.R_z,Ear.L_x,Ear.L_y,Ear.L_z,Ear.R_x,Ear.R_y,Ear.R_z,hip.Center_x,hip.Center_y,hip.Center_z
0,0.48406324,0.25296715,-0.5272654,0.085855655,0.3228842,-0.40416393,0.053693183,0.35125768,0.003659119,-0.07205796,0.11070754,0.014662249,-0.048406307,0.11363675,-0.39832696,0.32119298,0.11588507,-0.61855984,0.18245825,0.6717462,-0.21004106,-0.034044724,0.6755036,-0.05455548,-0.27423605,0.51094234,-0.13641655,-0.39908126,0.22876668,-0.10783967,-0.32879624,-0.040142626,-0.017951949,-0.084399,-0.0777233,0.085425675,-0.38370323,0.3637724,-0.13378936,-0.5076221,0.32006982,-0.022844952,-0.43416,0.20101303,-0.10048172,-0.43099675,0.23885868,-0.05151531,-0.48892754,0.22187428,-0.08553633,-0.41493022,0.33949792,-0.049493015,-0.5411905,0.3161124,-0.1293818,-0.009182389825582504,0.23098260164260864,0.009160684421658516
