frame,Ankle.R_x,Ankle.R_y,Ankle.R_z,Knee.R_x,Knee.R_y,Knee.R_z,Hip.R_x,Hip.R_y,Hip.R_z,Hip.L_x,Hip.L_y,Hip.L_z,Knee.L_x,Knee.L_y,Knee.L_z,Ankle.L_x,Ankle.L_y,Ankle.L_z,Wrist.R_x,Wrist.R_y,Wrist.R_z,Elbow.R_x,Elbow.R_y,Elbow.R_z,Shoulder.R_x,Shoulder.R_y,Shoulder.R_z,Shoulder.L_x,Shoulder.L_y,Shoulder.L_z,Elbow.L_x,Elbow.L_y,Elbow.L_z,Wrist.L_x,Wrist.L_y,Wrist.L_z,Neck_x,Neck_y,Neck_z,Head_x,Head_y,Head_z,Nose_x,Nose_y,Nose_z,Eye.L_x,Eye.L_y,Eye.L_z,Eye.R_x,Eye.R_y,Eye.R_z,Ear.L_x,Ear.L_y,Ear.L_z,Ear.R_x,Ear.R_y,Ear.R_z,hip.Center_x,hip.Center_y,hip.Center_z
0,0.47737074,0.3530223,-0.2843739,0.09974124,0.25732154,-0.41980433,0.03661475,0.35305664,-0.023482855,-0.059945174,0.10786131,0.03936769,-0.06291469,0.11464508,-0.37103793,0.36535236,0.14933029,-0.43630967,0.15073995,0.7187274,-0.24234506,-0.051510893,0.71172225,-0.071897075,-0.26461136,0.5299085,-0.17023782,-0.3843747,0.24828899,-0.16126627,-0.30052555,0.00192019,-0.025502363,-0.043484457,-0.009002281,0.038080063,-0.3667329,0.3841867,-0.18905702,-0.543807,0.332159,-0.1660517,-0.4173006,0.23769692,-0.15259182,-0.4522474,0.27857643,-0.12329236,-0.47119874,0.24025634,-0.17684482,-0.46250364,0.3769356,-0.14114901,-0.50193095,0.30705014,-0.26624417,-0.011665211990475655,0.23045897483825684,0.00794241763651371
