frame,Ankle.R_x,Ankle.R_y,Ankle.R_z,Knee.R_x,Knee.R_y,Knee.R_z,Hip.R_x,Hip.R_y,Hip.R_z,Hip.L_x,Hip.L_y,Hip.L_z,Knee.L_x,Knee.L_y,Knee.L_z,Ankle.L_x,Ankle.L_y,Ankle.L_z,Wrist.R_x,Wrist.R_y,Wrist.R_z,Elbow.R_x,Elbow.R_y,Elbow.R_z,Shoulder.R_x,Shoulder.R_y,Shoulder.R_z,Shoulder.L_x,Shoulder.L_y,Shoulder.L_z,Elbow.L_x,Elbow.L_y,Elbow.L_z,Wrist.L_x,Wrist.L_y,Wrist.L_z,Neck_x,Neck_y,Neck_z,Head_x,Head_y,Head_z,Nose_x,Nose_y,Nose_z,Eye.L_x,Eye.L_y,Eye.L_z,Eye.R_x,Eye.R_y,Eye.R_z,Ear.L_x,Ear.L_y,Ear.L_z,Ear.R_x,Ear.R_y,Ear.R_z,hip.Center_x,hip.Center_y,hip.Center_z
0,0.5204964,0.12925042,0.18634042,0.13739726,0.11135535,0.35881102,-0.017348364,0.09809829,-0.035242833,-0.018406117,0.36281288,-0.0389783,0.20589778,0.36414307,0.33189213,0.58545405,0.38703087,0.12060248,0.05941596,-0.15436278,-0.15709506,-0.18277335,-0.05262484,-0.19980383,-0.42690924,0.07751482,-0.11782575,-0.42461088,0.36912394,-0.028801909,-0.1755383,0.5105798,0.005473786,0.013158545,0.6284452,0.14326274,-0.49696237,0.22845489,-0.065023854,-0.6768166,0.31074312,-0.13275799,-0.6906725,0.21613167,-0.007170394,-0.6950216,0.2739393,-0.02710303,-0.7012985,0.22096625,-0.06677903,-0.61657536,0.33490175,-0.051778078,-0.62866217,0.22305216,-0.14309336,-0.017877239733934402,0.23045557737350464,-0.03711056709289551
