frame,Ankle.R_x,Ankle.R_y,Ankle.R_z,Knee.R_x,Knee.R_y,Knee.R_z,Hip.R_x,Hip.R_y,Hip.R_z,Hip.L_x,Hip.L_y,Hip.L_z,Knee.L_x,Knee.L_y,Knee.L_z,Ankle.L_x,Ankle.L_y,Ankle.L_z,Wrist.R_x,Wrist.R_y,Wrist.R_z,Elbow.R_x,Elbow.R_y,Elbow.R_z,Shoulder.R_x,Shoulder.R_y,Shoulder.R_z,Shoulder.L_x,Shoulder.L_y,Shoulder.L_z,Elbow.L_x,Elbow.L_y,Elbow.L_z,Wrist.L_x,Wrist.L_y,Wrist.L_z,Neck_x,Neck_y,Neck_z,Head_x,Head_y,Head_z,Nose_x,Nose_y,Nose_z,Eye.L_x,Eye.L_y,Eye.L_z,Eye.R_x,Eye.R_y,Eye.R_z,Ear.L_x,Ear.L_y,Ear.L_z,Ear.R_x,Ear.R_y,Ear.R_z,hip.Center_x,hip.Center_y,hip.Center_z
0,0.45100367,-0.051975258,0.044718932,0.2664119,0.09250426,-0.299743,0.06777981,0.3191223,0.060149282,-0.098121986,0.17278501,-0.07559925,0.20720369,-0.020541593,-0.3179226,0.41266948,-0.28988877,-0.039075725,0.12543926,0.7438818,-0.18564975,-0.10627654,0.7305706,-0.062038705,-0.3345636,0.5483766,-0.07900944,-0.34325936,0.25549704,-0.11205551,-0.15819325,0.0632437,0.00697904,0.06065031,-0.07639435,-0.013559191,-0.39506468,0.40836337,-0.13074699,-0.5887579,0.42362708,-0.22971883,-0.4601605,0.42224428,-0.31713554,-0.50809026,0.3893647,-0.29883453,-0.50534743,0.4561943,-0.29830316,-0.5245083,0.3499819,-0.20564225,-0.51886386,0.49323067,-0.20068237,-0.01517108827829361,0.24595366418361664,-0.007724985480308533
