frame,Ankle.R_x,Ankle.R_y,Ankle.R_z,Knee.R_x,Knee.R_y,Knee.R_z,Hip.R_x,Hip.R_y,Hip.R_z,Hip.L_x,Hip.L_y,Hip.L_z,Knee.L_x,Knee.L_y,Knee.L_z,Ankle.L_x,Ankle.L_y,Ankle.L_z,Wrist.R_x,Wrist.R_y,Wrist.R_z,Elbow.R_x,Elbow.R_y,Elbow.R_z,Shoulder.R_x,Shoulder.R_y,Shoulder.R_z,Shoulder.L_x,Shoulder.L_y,Shoulder.L_z,Elbow.L_x,Elbow.L_y,Elbow.L_z,Wrist.L_x,Wrist.L_y,Wrist.L_z,Neck_x,Neck_y,Neck_z,Head_x,Head_y,Head_z,Nose_x,Nose_y,Nose_z,Eye.L_x,Eye.L_y,Eye.L_z,Eye.R_x,Eye.R_y,Eye.R_z,Ear.L_x,Ear.L_y,Ear.L_z,Ear.R_x,Ear.R_y,Ear.R_z,hip.Center_x,hip.Center_y,hip.Center_z
0,0.51706094,0.16541073,-0.5356435,0.118438475,0.28091922,-0.3995799,0.08125422,0.3302701,0.018816363,-0.10203137,0.13528122,-0.0022156734,-0.024518955,0.14442345,-0.41054785,0.33808562,0.06551507,-0.65848815,0.17928673,0.7808703,-0.20845947,-0.013582254,0.7612028,-0.022936922,-0.24330159,0.58794075,-0.09045663,-0.36757463,0.305329,-0.096666396,-0.2573928,0.03937423,-0.022168867,0.0041956333,0.00576716,0.025438834,-0.3535428,0.45862126,-0.11294697,-0.49386328,0.39621842,-0.054184366,-0.51076174,0.39231536,-0.2123905,-0.495911,0.35830492,-0.16248102,-0.5333079,0.41640198,-0.16217558,-0.41024128,0.36292452,-0.10354243,-0.48543283,0.49388352,-0.098994955,-0.010388575494289398,0.23277565836906433,0.008300344459712505
