frame,Ankle.R_x,Ankle.R_y,Ankle.R_z,Knee.R_x,Knee.R_y,Knee.R_z,Hip.R_x,Hip.R_y,Hip.R_z,Hip.L_x,Hip.L_y,Hip.L_z,Knee.L_x,Knee.L_y,Knee.L_z,Ankle.L_x,Ankle.L_y,Ankle.L_z,Wrist.R_x,Wrist.R_y,Wrist.R_z,Elbow.R_x,Elbow.R_y,Elbow.R_z,Shoulder.R_x,Shoulder.R_y,Shoulder.R_z,Shoulder.L_x,Shoulder.L_y,Shoulder.L_z,Elbow.L_x,Elbow.L_y,Elbow.L_z,Wrist.L_x,Wrist.L_y,Wrist.L_z,Neck_x,Neck_y,Neck_z,Head_x,Head_y,Head_z,Nose_x,Nose_y,Nose_z,Eye.L_x,Eye.L_y,Eye.L_z,Eye.R_x,Eye.R_y,Eye.R_z,Ear.L_x,Ear.L_y,Ear.L_z,Ear.R_x,Ear.R_y,Ear.R_z,hip.Center_x,hip.Center_y,hip.Center_z
0,0.44450727,0.019143278,-0.15002997,0.06738694,-0.13763961,-0.27006727,0.011850626,0.28601405,-0.1387247,-0.022944052,0.22595726,0.115459025,-0.04164111,-0.17484142,-0.08635231,0.39065745,-0.25505257,-0.1554686,0.15461975,0.7888678,-0.22572269,-0.07759442,0.7560317,-0.10048826,-0.30513668,0.5784222,-0.13296326,-0.35801548,0.2889766,-0.07612973,-0.13176915,0.09486061,-0.02771315,0.083492815,-0.05377864,-0.070147276,-0.39046,0.44105965,-0.13282084,-0.5777447,0.44718206,-0.2504676,-0.44164976,0.40428624,-0.3128024,-0.4931746,0.38429528,-0.29184198,-0.48326212,0.44661346,-0.31425792,-0.5248033,0.38144118,-0.19293961,-0.5037539,0.5173907,-0.23767576,-0.0055467127822339535,0.25598564743995667,-0.011632837355136871
