frame,Ankle.R_x,Ankle.R_y,Ankle.R_z,Knee.R_x,Knee.R_y,Knee.R_z,Hip.R_x,Hip.R_y,Hip.R_z,Hip.L_x,Hip.L_y,Hip.L_z,Knee.L_x,Knee.L_y,Knee.L_z,Ankle.L_x,Ankle.L_y,Ankle.L_z,Wrist.R_x,Wrist.R_y,Wrist.R_z,Elbow.R_x,Elbow.R_y,Elbow.R_z,Shoulder.R_x,Shoulder.R_y,Shoulder.R_z,Shoulder.L_x,Shoulder.L_y,Shoulder.L_z,Elbow.L_x,Elbow.L_y,Elbow.L_z,Wrist.L_x,Wrist.L_y,Wrist.L_z,Neck_x,Neck_y,Neck_z,Head_x,Head_y,Head_z,Nose_x,Nose_y,Nose_z,Eye.L_x,Eye.L_y,Eye.L_z,Eye.R_x,Eye.R_y,Eye.R_z,Ear.L_x,Ear.L_y,Ear.L_z,Ear.R_x,Ear.R_y,Ear.R_z,hip.Center_x,hip.Center_y,hip.Center_z
0,0.4847511,0.14521615,-0.5391164,0.087659255,0.26615074,-0.42397085,0.06726482,0.34258968,-0.01826799,-0.08161248,0.12617446,0.031273868,-0.030334145,0.111329794,-0.39059454,0.32275176,0.055691093,-0.6654672,0.19520578,0.7557702,-0.21871768,-0.0027447147,0.7576966,-0.037963808,-0.24291635,0.60157824,-0.08631736,-0.37395382,0.32815698,-0.07619374,-0.20594415,0.081575416,-0.05071426,0.055411495,0.062481828,0.0053939475,-0.34932047,0.49497703,-0.10102072,-0.4832729,0.4087789,-0.15469289,-0.5057698,0.5620186,-0.1877625,-0.50014234,0.5055234,-0.21280116,-0.5175961,0.5188691,-0.14896932,-0.41238236,0.44635147,-0.22382891,-0.44775385,0.47235546,-0.08308084,-0.007173832505941391,0.23438206315040588,0.006502939388155937
