frame,Ankle.R_x,Ankle.R_y,Ankle.R_z,Knee.R_x,Knee.R_y,Knee.R_z,Hip.R_x,Hip.R_y,Hip.R_z,Hip.L_x,Hip.L_y,Hip.L_z,Knee.L_x,Knee.L_y,Knee.L_z,Ankle.L_x,Ankle.L_y,Ankle.L_z,Wrist.R_x,Wrist.R_y,Wrist.R_z,Elbow.R_x,Elbow.R_y,Elbow.R_z,Shoulder.R_x,Shoulder.R_y,Shoulder.R_z,Shoulder.L_x,Shoulder.L_y,Shoulder.L_z,Elbow.L_x,Elbow.L_y,Elbow.L_z,Wrist.L_x,Wrist.L_y,Wrist.L_z,Neck_x,Neck_y,Neck_z,Head_x,Head_y,Head_z,Nose_x,Nose_y,Nose_z,Eye.L_x,Eye.L_y,Eye.L_z,Eye.R_x,Eye.R_y,Eye.R_z,Ear.L_x,Ear.L_y,Ear.L_z,Ear.R_x,Ear.R_y,Ear.R_z,hip.Center_x,hip.Center_y,hip.Center_z
0,0.53243595,0.25012437,-0.30477998,0.12328651,0.2249459,-0.4205899,0.05416933,0.34494293,-0.02798124,-0.07993614,0.12380494,0.038095452,-0.07773813,0.14200512,-0.37212074,0.34407783,0.04448242,-0.46575564,0.17749844,0.7844706,-0.19968662,-0.015095447,0.7591713,-0.017287867,-0.25606486,0.5991917,-0.066615105,-0.38556558,0.318002,-0.07158499,-0.20170917,0.08235052,-0.0549893,0.062198915,0.07549518,-0.010069065,-0.368717,0.47469777,-0.10089381,-0.5074401,0.4030167,-0.25311214,-0.35428798,0.3976664,-0.24146307,-0.4045552,0.36756462,-0.23036376,-0.39805555,0.41545853,-0.27698296,-0.4747615,0.39008826,-0.16243571,-0.4661398,0.4995423,-0.25741267,-0.012883404269814491,0.23437392711639404,0.005057105794548988
