frame,Ankle.R_x,Ankle.R_y,Ankle.R_z,Knee.R_x,Knee.R_y,Knee.R_z,Hip.R_x,Hip.R_y,Hip.R_z,Hip.L_x,Hip.L_y,Hip.L_z,Knee.L_x,Knee.L_y,Knee.L_z,Ankle.L_x,Ankle.L_y,Ankle.L_z,Wrist.R_x,Wrist.R_y,Wrist.R_z,Elbow.R_x,Elbow.R_y,Elbow.R_z,Shoulder.R_x,Shoulder.R_y,Shoulder.R_z,Shoulder.L_x,Shoulder.L_y,Shoulder.L_z,Elbow.L_x,Elbow.L_y,Elbow.L_z,Wrist.L_x,Wrist.L_y,Wrist.L_z,Neck_x,Neck_y,Neck_z,Head_x,Head_y,Head_z,Nose_x,Nose_y,Nose_z,Eye.L_x,Eye.L_y,Eye.L_z,Eye.R_x,Eye.R_y,Eye.R_z,Ear.L_x,Ear.L_y,Ear.L_z,Ear.R_x,Ear.R_y,Ear.R_z,hip.Center_x,hip.Center_y,hip.Center_z
0,0.55184096,0.19514997,-0.31433728,0.13319282,0.19468702,-0.40496236,0.08481488,0.32554317,0.0081498725,-0.10958458,0.14274287,0.003027422,-0.0706098,0.17712386,-0.39872673,0.3125178,-0.0045126607,-0.4988009,0.20579983,0.797349,-0.19095558,0.008275071,0.7627651,-0.010882768,-0.24058627,0.6155585,-0.04405322,-0.36128697,0.3383599,-0.07203417,-0.15751411,0.13493618,-0.06405466,0.111635745,0.13627368,-0.034002595,-0.344744,0.49269184,-0.08596098,-0.48622042,0.4284981,-0.23109162,-0.34764045,0.48675787,-0.2640494,-0.3780851,0.43557325,-0.2568868,-0.40561625,0.49526724,-0.27165258,-0.41551754,0.3969565,-0.17076111,-0.4767869,0.5279078,-0.19629574,-0.012384850531816483,0.23414301872253418,0.005588646978139877
