frame,Ankle.R_x,Ankle.R_y,Ankle.R_z,Knee.R_x,Knee.R_y,Knee.R_z,Hip.R_x,Hip.R_y,Hip.R_z,Hip.L_x,Hip.L_y,Hip.L_z,Knee.L_x,Knee.L_y,Knee.L_z,Ankle.L_x,Ankle.L_y,Ankle.L_z,Wrist.R_x,Wrist.R_y,Wrist.R_z,Elbow.R_x,Elbow.R_y,Elbow.R_z,Shoulder.R_x,Shoulder.R_y,Shoulder.R_z,Shoulder.L_x,Shoulder.L_y,Shoulder.L_z,Elbow.L_x,Elbow.L_y,Elbow.L_z,Wrist.L_x,Wrist.L_y,Wrist.L_z,Neck_x,Neck_y,Neck_z,Head_x,Head_y,Head_z,Nose_x,Nose_y,Nose_z,Eye.L_x,Eye.L_y,Eye.L_z,Eye.R_x,Eye.R_y,Eye.R_z,Ear.L_x,Ear.L_y,Ear.L_z,Ear.R_x,Ear.R_y,Ear.R_z,hip.Center_x,hip.Center_y,hip.Center_z
0,0.41987053,-0.031892218,-0.08247631,0.23377624,0.20996466,-0.3705773,0.09223813,0.3248087,0.026935607,-0.123203285,0.17066132,-0.019431036,0.012344463,-0.044930853,-0.36330712,0.2792173,-0.31509355,-0.1416628,0.24059653,0.86010456,-0.16354287,0.017368503,0.7915107,-0.031111227,-0.22891429,0.6362666,-0.06951632,-0.3203113,0.35357255,-0.13352674,-0.1145716,0.13664888,-0.15254305,0.122560106,0.05644004,-0.24517053,-0.33565864,0.52027696,-0.12943053,-0.5298078,0.60039,-0.22185278,-0.41487926,0.5453462,-0.3109779,-0.46962056,0.5329277,-0.28764063,-0.44444573,0.59501576,-0.29548767,-0.4928704,0.51132864,-0.18967164,-0.43879402,0.646808,-0.20076841,-0.015482578426599503,0.24773499369621277,0.0037522856146097183
