frame,Ankle.R_x,Ankle.R_y,Ankle.R_z,Knee.R_x,Knee.R_y,Knee.R_z,Hip.R_x,Hip.R_y,Hip.R_z,Hip.L_x,Hip.L_y,Hip.L_z,Knee.L_x,Knee.L_y,Knee.L_z,Ankle.L_x,Ankle.L_y,Ankle.L_z,Wrist.R_x,Wrist.R_y,Wrist.R_z,Elbow.R_x,Elbow.R_y,Elbow.R_z,Shoulder.R_x,Shoulder.R_y,Shoulder.R_z,Shoulder.L_x,Shoulder.L_y,Shoulder.L_z,Elbow.L_x,Elbow.L_y,Elbow.L_z,Wrist.L_x,Wrist.L_y,Wrist.L_z,Neck_x,Neck_y,Neck_z,Head_x,Head_y,Head_z,Nose_x,Nose_y,Nose_z,Eye.L_x,Eye.L_y,Eye.L_z,Eye.R_x,Eye.R_y,Eye.R_z,Ear.L_x,Ear.L_y,Ear.L_z,Ear.R_x,Ear.R_y,Ear.R_z,hip.Center_x,hip.Center_y,hip.Center_z
0,0.4472216,-0.04647834,-0.15986043,0.17097275,0.16672237,-0.4000157,0.09662375,0.3274924,0.0054951855,-0.120286174,0.17083846,0.001360825,-0.015306741,-0.0651809,-0.3446078,0.29985988,-0.33367994,-0.18720034,0.23724441,0.8485943,-0.19295685,0.018890057,0.78713554,-0.048585672,-0.22966233,0.6325373,-0.071575314,-0.32437295,0.34734482,-0.1172579,-0.11461019,0.1347166,-0.124238595,0.13015397,0.094029576,-0.22305441,-0.33373168,0.5138986,-0.12424924,-0.51954114,0.57340896,-0.24331437,-0.3829776,0.5421152,-0.30997762,-0.43807045,0.52052605,-0.29838657,-0.42203522,0.5857649,-0.2983427,-0.4763332,0.48852813,-0.20765361,-0.44253117,0.6308601,-0.20282039,-0.011831212788820267,0.24916541576385498,0.0034280051477253437
