frame,Ankle.R_x,Ankle.R_y,Ankle.R_z,Knee.R_x,Knee.R_y,Knee.R_z,Hip.R_x,Hip.R_y,Hip.R_z,Hip.L_x,Hip.L_y,Hip.L_z,Knee.L_x,Knee.L_y,Knee.L_z,Ankle.L_x,Ankle.L_y,Ankle.L_z,Wrist.R_x,Wrist.R_y,Wrist.R_z,Elbow.R_x,Elbow.R_y,Elbow.R_z,Shoulder.R_x,Shoulder.R_y,Shoulder.R_z,Shoulder.L_x,Shoulder.L_y,Shoulder.L_z,Elbow.L_x,Elbow.L_y,Elbow.L_z,Wrist.L_x,Wrist.L_y,Wrist.L_z,Neck_x,Neck_y,Neck_z,Head_x,Head_y,Head_z,Nose_x,Nose_y,Nose_z,Eye.L_x,Eye.L_y,Eye.L_z,Eye.R_x,Eye.R_y,Eye.R_z,Ear.L_x,Ear.L_y,Ear.L_z,Ear.R_x,Ear.R_y,Ear.R_z,hip.Center_x,hip.Center_y,hip.Center_z
0,0.44708043,-0.039962914,-0.1580698,0.16613677,0.16342941,-0.39983973,0.0978318,0.32637522,0.0049917423,-0.121175155,0.17190282,0.001511273,-0.015091721,-0.06605954,-0.34313992,0.29718146,-0.33252144,-0.17835271,0.24564937,0.8342717,-0.22123437,0.03203114,0.7831725,-0.066838056,-0.21989425,0.63362104,-0.08457187,-0.31969577,0.35006657,-0.12711222,-0.1181931,0.13028565,-0.13048747,0.12456785,0.07909085,-0.22849701,-0.32485947,0.5154738,-0.13698758,-0.50782365,0.56628644,-0.26276982,-0.36909643,0.5344361,-0.32442,-0.4238547,0.51222116,-0.31283757,-0.40925628,0.577731,-0.31627357,-0.46370614,0.48484907,-0.22132042,-0.432988,0.6280319,-0.2239647,-0.011671677231788635,0.24913901090621948,0.003251507645472884
