frame,Ankle.R_x,Ankle.R_y,Ankle.R_z,Knee.R_x,Knee.R_y,Knee.R_z,Hip.R_x,Hip.R_y,Hip.R_z,Hip.L_x,Hip.L_y,Hip.L_z,Knee.L_x,Knee.L_y,Knee.L_z,Ankle.L_x,Ankle.L_y,Ankle.L_z,Wrist.R_x,Wrist.R_y,Wrist.R_z,Elbow.R_x,Elbow.R_y,Elbow.R_z,Shoulder.R_x,Shoulder.R_y,Shoulder.R_z,Shoulder.L_x,Shoulder.L_y,Shoulder.L_z,Elbow.L_x,Elbow.L_y,Elbow.L_z,Wrist.L_x,Wrist.L_y,Wrist.L_z,Neck_x,Neck_y,Neck_z,Head_x,Head_y,Head_z,Nose_x,Nose_y,Nose_z,Eye.L_x,Eye.L_y,Eye.L_z,Eye.R_x,Eye.R_y,Eye.R_z,Ear.L_x,Ear.L_y,Ear.L_z,Ear.R_x,Ear.R_y,Ear.R_z,hip.Center_x,hip.Center_y,hip.Center_z
0,0.44935438,0.09394271,-0.56311464,0.120299086,0.314539,-0.37846455,0.101842016,0.29866028,0.034867108,-0.12169675,0.16513579,-0.020353772,0.016458308,0.250148,-0.3963353,0.26410976,0.005616308,-0.68150634,0.27018565,0.8364537,-0.1971445,0.08263775,0.7657707,-0.016578404,-0.17939833,0.6404672,-0.049221274,-0.3325031,0.39256555,-0.09450486,-0.11812912,0.20970728,-0.1424067,0.1403564,0.24376476,-0.08167441,-0.2862065,0.56159425,-0.08278325,-0.44262257,0.637667,-0.17512716,-0.3590571,0.7208637,-0.07107215,-0.38068,0.72025764,-0.1282679,-0.405217,0.6832132,-0.07926727,-0.34624207,0.66233444,-0.21068087,-0.4019064,0.58027774,-0.10262774,-0.009927365928888321,0.23189803957939148,0.00725666806101799
