frame,Ankle.R_x,Ankle.R_y,Ankle.R_z,Knee.R_x,Knee.R_y,Knee.R_z,Hip.R_x,Hip.R_y,Hip.R_z,Hip.L_x,Hip.L_y,Hip.L_z,Knee.L_x,Knee.L_y,Knee.L_z,Ankle.L_x,Ankle.L_y,Ankle.L_z,Wrist.R_x,Wrist.R_y,Wrist.R_z,Elbow.R_x,Elbow.R_y,Elbow.R_z,Shoulder.R_x,Shoulder.R_y,Shoulder.R_z,Shoulder.L_x,Shoulder.L_y,Shoulder.L_z,Elbow.L_x,Elbow.L_y,Elbow.L_z,Wrist.L_x,Wrist.L_y,Wrist.L_z,Neck_x,Neck_y,Neck_z,Head_x,Head_y,Head_z,Nose_x,Nose_y,Nose_z,Eye.L_x,Eye.L_y,Eye.L_z,Eye.R_x,Eye.R_y,Eye.R_z,Ear.L_x,Ear.L_y,Ear.L_z,Ear.R_x,Ear.R_y,Ear.R_z,hip.Center_x,hip.Center_y,hip.Center_z
0,0.55854785,0.10232682,-0.35801196,0.15266693,0.22102182,-0.39768684,0.09705976,0.30671525,0.018885657,-0.11910259,0.158244,-0.011062849,0.003910047,0.23077162,-0.39767992,0.24597695,-0.088229366,-0.57526636,0.27360463,0.8212908,-0.17294724,0.081238165,0.75710297,0.0014472203,-0.1758844,0.6296281,-0.031165095,-0.33181942,0.3785249,-0.07606118,-0.104721054,0.21867414,-0.13025945,0.14730516,0.2673221,-0.06212945,-0.28825924,0.5385118,-0.07401016,-0.4036871,0.61127365,-0.23789476,-0.25715965,0.651163,-0.20864789,-0.29145908,0.6191801,-0.2451869,-0.31296283,0.67041445,-0.20863184,-0.34234953,0.5331005,-0.22368853,-0.39117724,0.64201003,-0.14131986,-0.011021416634321213,0.23247963190078735,0.003911403939127922
