frame,Ankle.R_x,Ankle.R_y,Ankle.R_z,Knee.R_x,Knee.R_y,Knee.R_z,Hip.R_x,Hip.R_y,Hip.R_z,Hip.L_x,Hip.L_y,Hip.L_z,Knee.L_x,Knee.L_y,Knee.L_z,Ankle.L_x,Ankle.L_y,Ankle.L_z,Wrist.R_x,Wrist.R_y,Wrist.R_z,Elbow.R_x,Elbow.R_y,Elbow.R_z,Shoulder.R_x,Shoulder.R_y,Shoulder.R_z,Shoulder.L_x,Shoulder.L_y,Shoulder.L_z,Elbow.L_x,Elbow.L_y,Elbow.L_z,Wrist.L_x,Wrist.L_y,Wrist.L_z,Neck_x,Neck_y,Neck_z,Head_x,Head_y,Head_z,Nose_x,Nose_y,Nose_z,Eye.L_x,Eye.L_y,Eye.L_z,Eye.R_x,Eye.R_y,Eye.R_z,Ear.L_x,Ear.L_y,Ear.L_z,Ear.R_x,Ear.R_y,Ear.R_z,hip.Center_x,hip.Center_y,hip.Center_z
0,0.5249895,-0.16620034,-0.27178952,0.276484,0.1833447,-0.33356708,0.09445721,0.30841523,0.0374849,-0.123382956,0.18128909,-0.041815978,0.08115657,-0.0020178675,-0.36943245,0.30074662,-0.38956377,-0.34491372,0.24647751,0.8572583,-0.18496917,0.034448218,0.78372085,-0.03992474,-0.21843903,0.6465667,-0.040555812,-0.31701964,0.38549554,-0.13645117,-0.10287855,0.19578364,-0.18763779,0.14533946,0.22129565,-0.27024567,-0.31192085,0.5456623,-0.11385957,-0.45595074,0.65040696,-0.24485773,-0.30799708,0.62163866,-0.28332588,-0.365017,0.60589254,-0.2934387,-0.3465857,0.66429996,-0.26771697,-0.4278763,0.5526388,-0.230965,-0.39035326,0.6806482,-0.17239322,-0.014462873339653015,0.24485215544700623,-0.002165539190173149
