frame,Ankle.R_x,Ankle.R_y,Ankle.R_z,Knee.R_x,Knee.R_y,Knee.R_z,Hip.R_x,Hip.R_y,Hip.R_z,Hip.L_x,Hip.L_y,Hip.L_z,Knee.L_x,Knee.L_y,Knee.L_z,Ankle.L_x,Ankle.L_y,Ankle.L_z,Wrist.R_x,Wrist.R_y,Wrist.R_z,Elbow.R_x,Elbow.R_y,Elbow.R_z,Shoulder.R_x,Shoulder.R_y,Shoulder.R_z,Shoulder.L_x,Shoulder.L_y,Shoulder.L_z,Elbow.L_x,Elbow.L_y,Elbow.L_z,Wrist.L_x,Wrist.L_y,Wrist.L_z,Neck_x,Neck_y,Neck_z,Head_x,Head_y,Head_z,Nose_x,Nose_y,Nose_z,Eye.L_x,Eye.L_y,Eye.L_z,Eye.R_x,Eye.R_y,Eye.R_z,Ear.L_x,Ear.L_y,Ear.L_z,Ear.R_x,Ear.R_y,Ear.R_z,hip.Center_x,hip.Center_y,hip.Center_z
0,0.44268984,0.07635223,-0.57028913,0.14328362,0.32349122,-0.36630195,0.10035113,0.29634303,0.037150674,-0.12310455,0.1657725,-0.024405126,0.050284423,0.27691978,-0.37722555,0.2271623,-0.004276732,-0.6783385,0.29617894,0.8461462,-0.18938938,0.10415065,0.7534719,-0.026204674,-0.16260943,0.6512041,-0.038030796,-0.33922,0.43345064,-0.084565274,-0.11227183,0.31721058,-0.18194357,0.14417326,0.30475935,-0.09849867,-0.27385652,0.5847119,-0.0666528,-0.38518253,0.7427733,-0.13310021,-0.2409339,0.750132,-0.07418406,-0.27460015,0.7621266,-0.12341994,-0.29954684,0.7542056,-0.062711,-0.31482092,0.6936524,-0.19293213,-0.3701893,0.67639387,-0.059723653,-0.011376708745956421,0.2310577630996704,0.0063727740198373795
