frame,Ankle.R_x,Ankle.R_y,Ankle.R_z,Knee.R_x,Knee.R_y,Knee.R_z,Hip.R_x,Hip.R_y,Hip.R_z,Hip.L_x,Hip.L_y,Hip.L_z,Knee.L_x,Knee.L_y,Knee.L_z,Ankle.L_x,Ankle.L_y,Ankle.L_z,Wrist.R_x,Wrist.R_y,Wrist.R_z,Elbow.R_x,Elbow.R_y,Elbow.R_z,Shoulder.R_x,Shoulder.R_y,Shoulder.R_z,Shoulder.L_x,Shoulder.L_y,Shoulder.L_z,Elbow.L_x,Elbow.L_y,Elbow.L_z,Wrist.L_x,Wrist.L_y,Wrist.L_z,Neck_x,Neck_y,Neck_z,Head_x,Head_y,Head_z,Nose_x,Nose_y,Nose_z,Eye.L_x,Eye.L_y,Eye.L_z,Eye.R_x,Eye.R_y,Eye.R_z,Ear.L_x,Ear.L_y,Ear.L_z,Ear.R_x,Ear.R_y,Ear.R_z,hip.Center_x,hip.Center_y,hip.Center_z
0,0.54903764,0.07273841,-0.39478713,0.15045096,0.2455585,-0.38135162,0.08990656,0.31389418,0.027097898,-0.11867408,0.15600975,-0.018449897,0.0440145,0.23791835,-0.38038063,0.19872802,-0.110869646,-0.6106852,0.29361162,0.82177544,-0.14809245,0.09813315,0.7291466,0.0072899456,-0.16466145,0.6277648,-0.053564403,-0.33265397,0.39228836,-0.11286521,-0.07903735,0.27676165,-0.16149662,0.16648567,0.3192104,-0.07054373,-0.28348553,0.5573957,-0.10256799,-0.30683732,0.7552052,-0.19869637,-0.18665497,0.66246694,-0.17438614,-0.21936601,0.68815887,-0.21736628,-0.21585599,0.7102845,-0.15531966,-0.31647483,0.6638689,-0.24418436,-0.31032985,0.71260166,-0.10943596,-0.01438375934958458,0.23495197296142578,0.004324000328779221
