frame,Ankle.R_x,Ankle.R_y,Ankle.R_z,Knee.R_x,Knee.R_y,Knee.R_z,Hip.R_x,Hip.R_y,Hip.R_z,Hip.L_x,Hip.L_y,Hip.L_z,Knee.L_x,Knee.L_y,Knee.L_z,Ankle.L_x,Ankle.L_y,Ankle.L_z,Wrist.R_x,Wrist.R_y,Wrist.R_z,Elbow.R_x,Elbow.R_y,Elbow.R_z,Shoulder.R_x,Shoulder.R_y,Shoulder.R_z,Shoulder.L_x,Shoulder.L_y,Shoulder.L_z,Elbow.L_x,Elbow.L_y,Elbow.L_z,Wrist.L_x,Wrist.L_y,Wrist.L_z,Neck_x,Neck_y,Neck_z,Head_x,Head_y,Head_z,Nose_x,Nose_y,Nose_z,Eye.L_x,Eye.L_y,Eye.L_z,Eye.R_x,Eye.R_y,Eye.R_z,Ear.L_x,Ear.L_y,Ear.L_z,Ear.R_x,Ear.R_y,Ear.R_z,hip.Center_x,hip.Center_y,hip.Center_z
0,0.49721983,-0.21558882,-0.3978567,0.32933235,0.17666057,-0.2741953,0.0885847,0.29560775,0.06074211,-0.1214084,0.19844338,-0.067402326,0.13726825,0.066469446,-0.3775699,0.26871657,-0.34269983,-0.5214994,0.31341675,0.8874322,-0.119564034,0.1041,0.7822544,0.009973918,-0.16548213,0.6807679,0.0030350778,-0.29696137,0.47664213,-0.16150239,-0.08852852,0.28856573,-0.22403166,0.15361007,0.38095117,-0.2359354,-0.26313674,0.6241023,-0.094816186,-0.31222385,0.82112616,-0.18911842,-0.1830656,0.7351027,-0.20429872,-0.23266955,0.7554561,-0.23317863,-0.20776968,0.7833861,-0.17812285,-0.33133832,0.72343886,-0.22072732,-0.27858353,0.7865088,-0.09970435,-0.016411852091550827,0.24702556431293488,-0.0033301077783107758
