frame,Ankle.R_x,Ankle.R_y,Ankle.R_z,Knee.R_x,Knee.R_y,Knee.R_z,Hip.R_x,Hip.R_y,Hip.R_z,Hip.L_x,Hip.L_y,Hip.L_z,Knee.L_x,Knee.L_y,Knee.L_z,Ankle.L_x,Ankle.L_y,Ankle.L_z,Wrist.R_x,Wrist.R_y,Wrist.R_z,Elbow.R_x,Elbow.R_y,Elbow.R_z,Shoulder.R_x,Shoulder.R_y,Shoulder.R_z,Shoulder.L_x,Shoulder.L_y,Shoulder.L_z,Elbow.L_x,Elbow.L_y,Elbow.L_z,Wrist.L_x,Wrist.L_y,Wrist.L_z,Neck_x,Neck_y,Neck_z,Head_x,Head_y,Head_z,Nose_x,Nose_y,Nose_z,Eye.L_x,Eye.L_y,Eye.L_z,Eye.R_x,Eye.R_y,Eye.R_z,Ear.L_x,Ear.L_y,Ear.L_z,Ear.R_x,Ear.R_y,Ear.R_z,hip.Center_x,hip.Center_y,hip.Center_z
0,0.52368516,-0.22769752,-0.36087874,0.3369362,0.16848972,-0.27180895,0.088089556,0.30206797,0.055468716,-0.12153119,0.19493876,-0.06315413,0.12568186,0.026775915,-0.36717036,0.27128136,-0.38288477,-0.505411,0.3182745,0.8774472,-0.08760244,0.09573438,0.77581424,0.021466317,-0.17503612,0.6776568,-0.006543843,-0.31002384,0.4626444,-0.15452148,-0.10022029,0.27571604,-0.21535961,0.14164223,0.36815667,-0.24057521,-0.27475524,0.6145742,-0.09806111,-0.3358403,0.8068059,-0.18961918,-0.19872236,0.73375183,-0.20737605,-0.25013113,0.7504171,-0.23585562,-0.22814204,0.7785129,-0.17946538,-0.34604,0.7086555,-0.22506663,-0.29887927,0.7718173,-0.10146874,-0.016720816493034363,0.24850335717201233,-0.003842707723379135
