frame,Ankle.R_x,Ankle.R_y,Ankle.R_z,Knee.R_x,Knee.R_y,Knee.R_z,Hip.R_x,Hip.R_y,Hip.R_z,Hip.L_x,Hip.L_y,Hip.L_z,Knee.L_x,Knee.L_y,Knee.L_z,Ankle.L_x,Ankle.L_y,Ankle.L_z,Wrist.R_x,Wrist.R_y,Wrist.R_z,Elbow.R_x,Elbow.R_y,Elbow.R_z,Shoulder.R_x,Shoulder.R_y,Shoulder.R_z,Shoulder.L_x,Shoulder.L_y,Shoulder.L_z,Elbow.L_x,Elbow.L_y,Elbow.L_z,Wrist.L_x,Wrist.L_y,Wrist.L_z,Neck_x,Neck_y,Neck_z,Head_x,Head_y,Head_z,Nose_x,Nose_y,Nose_z,Eye.L_x,Eye.L_y,Eye.L_z,Eye.R_x,Eye.R_y,Eye.R_z,Ear.L_x,Ear.L_y,Ear.L_z,Ear.R_x,Ear.R_y,Ear.R_z,hip.Center_x,hip.Center_y,hip.Center_z
0,0.5276982,0.034557108,-0.4361737,0.1551797,0.25752664,-0.3686354,0.09775292,0.30055466,0.039109495,-0.12553102,0.1722742,-0.031609703,0.07482098,0.23024307,-0.37984088,0.14257704,-0.12490796,-0.64808536,0.34595442,0.84211856,-0.1768819,0.14801502,0.7424772,-0.024659505,-0.1208252,0.64643323,-0.03075283,-0.29765767,0.43678153,-0.1298987,-0.042497795,0.32399505,-0.18205039,0.19397312,0.36101276,-0.07177369,-0.24400167,0.59578276,-0.092826076,-0.23880428,0.8092532,-0.15975752,-0.14203387,0.6904686,-0.16616909,-0.17315099,0.72935045,-0.19982818,-0.15646431,0.74006975,-0.13712531,-0.27538788,0.73009276,-0.213356,-0.24107902,0.755526,-0.077405035,-0.013889048248529434,0.23641443252563477,0.003749895840883255
