frame,Ankle.R_x,Ankle.R_y,Ankle.R_z,Knee.R_x,Knee.R_y,Knee.R_z,Hip.R_x,Hip.R_y,Hip.R_z,Hip.L_x,Hip.L_y,Hip.L_z,Knee.L_x,Knee.L_y,Knee.L_z,Ankle.L_x,Ankle.L_y,Ankle.L_z,Wrist.R_x,Wrist.R_y,Wrist.R_z,Elbow.R_x,Elbow.R_y,Elbow.R_z,Shoulder.R_x,Shoulder.R_y,Shoulder.R_z,Shoulder.L_x,Shoulder.L_y,Shoulder.L_z,Elbow.L_x,Elbow.L_y,Elbow.L_z,Wrist.L_x,Wrist.L_y,Wrist.L_z,Neck_x,Neck_y,Neck_z,Head_x,Head_y,Head_z,Nose_x,Nose_y,Nose_z,Eye.L_x,Eye.L_y,Eye.L_z,Eye.R_x,Eye.R_y,Eye.R_z,Ear.L_x,Ear.L_y,Ear.L_z,Ear.R_x,Ear.R_y,Ear.R_z,hip.Center_x,hip.Center_y,hip.Center_z
0,0.44596526,0.038369045,-0.56100637,0.1759328,0.3205481,-0.34783205,0.103089705,0.28333277,0.051964372,-0.12992112,0.18615676,-0.043671004,0.103405595,0.287486,-0.36627108,0.1816674,-0.018150255,-0.6906493,0.35467243,0.9005553,-0.17741781,0.16425867,0.7907485,-0.015301914,-0.0885011,0.66742086,0.019702397,-0.29564267,0.5022214,-0.09248434,-0.06353463,0.4375184,-0.22997074,0.18218407,0.40371928,-0.1299327,-0.21934444,0.6351726,-0.031636648,-0.23966123,0.85515803,-0.052661773,-0.12134668,0.75840986,-0.07448693,-0.15806462,0.7984347,-0.10223479,-0.14754894,0.7970979,-0.036956985,-0.25837737,0.78492683,-0.12672888,-0.237524,0.7837676,0.015836108,-0.013415709137916565,0.23474475741386414,0.00414668396115303
