frame,Ankle.R_x,Ankle.R_y,Ankle.R_z,Knee.R_x,Knee.R_y,Knee.R_z,Hip.R_x,Hip.R_y,Hip.R_z,Hip.L_x,Hip.L_y,Hip.L_z,Knee.L_x,Knee.L_y,Knee.L_z,Ankle.L_x,Ankle.L_y,Ankle.L_z,Wrist.R_x,Wrist.R_y,Wrist.R_z,Elbow.R_x,Elbow.R_y,Elbow.R_z,Shoulder.R_x,Shoulder.R_y,Shoulder.R_z,Shoulder.L_x,Shoulder.L_y,Shoulder.L_z,Elbow.L_x,Elbow.L_y,Elbow.L_z,Wrist.L_x,Wrist.L_y,Wrist.L_z,Neck_x,Neck_y,Neck_z,Head_x,Head_y,Head_z,Nose_x,Nose_y,Nose_z,Eye.L_x,Eye.L_y,Eye.L_z,Eye.R_x,Eye.R_y,Eye.R_z,Ear.L_x,Ear.L_y,Ear.L_z,Ear.R_x,Ear.R_y,Ear.R_z,hip.Center_x,hip.Center_y,hip.Center_z
0,0.49673393,-0.23181795,-0.3753292,0.34543628,0.17168906,-0.2601979,0.08981824,0.29049078,0.062558785,-0.123630606,0.20449783,-0.07005894,0.13399513,0.083307594,-0.38643527,0.24182585,-0.33866775,-0.5156104,0.32852277,0.9237892,-0.06276074,0.11837725,0.80269074,0.051277515,-0.14585803,0.6915387,0.023652807,-0.2914967,0.50319535,-0.1498139,-0.094140634,0.31759298,-0.24161781,0.15284744,0.39653462,-0.25125405,-0.24680826,0.645614,-0.07630242,-0.28876194,0.85262585,-0.15303306,-0.16122934,0.7654307,-0.17453521,-0.20963654,0.7899059,-0.20219022,-0.18554056,0.81157607,-0.1440155,-0.30942744,0.7589611,-0.1947476,-0.2576876,0.80855864,-0.06722816,-0.01690618321299553,0.24749431014060974,-0.0037500783801078796
