frame,Ankle.R_x,Ankle.R_y,Ankle.R_z,Knee.R_x,Knee.R_y,Knee.R_z,Hip.R_x,Hip.R_y,Hip.R_z,Hip.L_x,Hip.L_y,Hip.L_z,Knee.L_x,Knee.L_y,Knee.L_z,Ankle.L_x,Ankle.L_y,Ankle.L_z,Wrist.R_x,Wrist.R_y,Wrist.R_z,Elbow.R_x,Elbow.R_y,Elbow.R_z,Shoulder.R_x,Shoulder.R_y,Shoulder.R_z,Shoulder.L_x,Shoulder.L_y,Shoulder.L_z,Elbow.L_x,Elbow.L_y,Elbow.L_z,Wrist.L_x,Wrist.L_y,Wrist.L_z,Neck_x,Neck_y,Neck_z,Head_x,Head_y,Head_z,Nose_x,Nose_y,Nose_z,Eye.L_x,Eye.L_y,Eye.L_z,Eye.R_x,Eye.R_y,Eye.R_z,Ear.L_x,Ear.L_y,Ear.L_z,Ear.R_x,Ear.R_y,Ear.R_z,hip.Center_x,hip.Center_y,hip.Center_z
0,0.52583313,-0.0066509782,-0.4669057,0.17798594,0.24986728,-0.35800838,0.10521971,0.28554678,0.045773096,-0.13153976,0.19367528,-0.04139222,0.10563895,0.21051571,-0.37548485,0.114715986,-0.1260779,-0.6814511,0.38877094,0.8822867,-0.16468894,0.19415556,0.7742258,-0.011206217,-0.06619664,0.6647582,-0.021189373,-0.26406747,0.4773413,-0.12258394,-0.017654795,0.34831956,-0.18437342,0.20842093,0.38997078,-0.056919925,-0.19613476,0.630321,-0.08223918,-0.18883696,0.8507618,-0.13567695,-0.0922558,0.7321377,-0.15189888,-0.124024525,0.77385736,-0.18221769,-0.10620764,0.7799047,-0.11905518,-0.2265619,0.7753842,-0.1943591,-0.19022718,0.7911168,-0.05711769,-0.01316002756357193,0.23961102962493896,0.0021904390305280685
