frame,Ankle.R_x,Ankle.R_y,Ankle.R_z,Knee.R_x,Knee.R_y,Knee.R_z,Hip.R_x,Hip.R_y,Hip.R_z,Hip.L_x,Hip.L_y,Hip.L_z,Knee.L_x,Knee.L_y,Knee.L_z,Ankle.L_x,Ankle.L_y,Ankle.L_z,Wrist.R_x,Wrist.R_y,Wrist.R_z,Elbow.R_x,Elbow.R_y,Elbow.R_z,Shoulder.R_x,Shoulder.R_y,Shoulder.R_z,Shoulder.L_x,Shoulder.L_y,Shoulder.L_z,Elbow.L_x,Elbow.L_y,Elbow.L_z,Wrist.L_x,Wrist.L_y,Wrist.L_z,Neck_x,Neck_y,Neck_z,Head_x,Head_y,Head_z,Nose_x,Nose_y,Nose_z,Eye.L_x,Eye.L_y,Eye.L_z,Eye.R_x,Eye.R_y,Eye.R_z,Ear.L_x,Ear.L_y,Ear.L_z,Ear.R_x,Ear.R_y,Ear.R_z,hip.Center_x,hip.Center_y,hip.Center_z
0,0.51902825,-0.048541322,-0.504513,0.18663083,0.21441749,-0.35146242,0.1129048,0.26710093,0.04574863,-0.13358915,0.21730371,-0.04497928,0.11834054,0.17631425,-0.3659075,0.07191874,-0.12176964,-0.7101966,0.43626255,0.8991387,-0.16043498,0.2471256,0.7867977,-0.003452412,-0.01870215,0.6890565,-0.022126371,-0.23179495,0.5168668,-0.11213329,0.003909226,0.37909368,-0.16958275,0.23590174,0.40531382,-0.049299307,-0.14875919,0.6612232,-0.075770214,-0.13964574,0.87919754,-0.1275927,-0.039478138,0.7630788,-0.14449984,-0.0726382,0.8045297,-0.17433316,-0.05461715,0.81060916,-0.111209385,-0.17508405,0.8033987,-0.18603946,-0.13850103,0.81859154,-0.048911814,-0.010342173278331757,0.24220231175422668,0.00038467347621917725
