frame,Ankle.R_x,Ankle.R_y,Ankle.R_z,Knee.R_x,Knee.R_y,Knee.R_z,Hip.R_x,Hip.R_y,Hip.R_z,Hip.L_x,Hip.L_y,Hip.L_z,Knee.L_x,Knee.L_y,Knee.L_z,Ankle.L_x,Ankle.L_y,Ankle.L_z,Wrist.R_x,Wrist.R_y,Wrist.R_z,Elbow.R_x,Elbow.R_y,Elbow.R_z,Shoulder.R_x,Shoulder.R_y,Shoulder.R_z,Shoulder.L_x,Shoulder.L_y,Shoulder.L_z,Elbow.L_x,Elbow.L_y,Elbow.L_z,Wrist.L_x,Wrist.L_y,Wrist.L_z,Neck_x,Neck_y,Neck_z,Head_x,Head_y,Head_z,Nose_x,Nose_y,Nose_z,Eye.L_x,Eye.L_y,Eye.L_z,Eye.R_x,Eye.R_y,Eye.R_z,Ear.L_x,Ear.L_y,Ear.L_z,Ear.R_x,Ear.R_y,Ear.R_z,hip.Center_x,hip.Center_y,hip.Center_z
0,0.48903447,-0.25161883,-0.39778754,0.34088627,0.1476836,-0.2579544,0.095316246,0.28083968,0.062849455,-0.12610306,0.21675202,-0.0710846,0.1220425,0.079589926,-0.38836336,0.20496829,-0.3414025,-0.54250443,0.35959852,0.9388465,-0.059666295,0.1499114,0.81782407,0.056238838,-0.113623865,0.70600075,0.03613247,-0.27156898,0.53471714,-0.14069223,-0.08716339,0.3491518,-0.25408944,0.16278729,0.41678697,-0.24799263,-0.21692765,0.6692619,-0.062073365,-0.25053918,0.88158786,-0.12425831,-0.12611593,0.79148185,-0.15222049,-0.17336199,0.820083,-0.17795084,-0.14892256,0.8361226,-0.11815936,-0.2742938,0.7919389,-0.17326333,-0.22163966,0.83004546,-0.042285267,-0.01539340615272522,0.24879585206508636,-0.004117574542760849
