frame,Ankle.R_x,Ankle.R_y,Ankle.R_z,Knee.R_x,Knee.R_y,Knee.R_z,Hip.R_x,Hip.R_y,Hip.R_z,Hip.L_x,Hip.L_y,Hip.L_z,Knee.L_x,Knee.L_y,Knee.L_z,Ankle.L_x,Ankle.L_y,Ankle.L_z,Wrist.R_x,Wrist.R_y,Wrist.R_z,Elbow.R_x,Elbow.R_y,Elbow.R_z,Shoulder.R_x,Shoulder.R_y,Shoulder.R_z,Shoulder.L_x,Shoulder.L_y,Shoulder.L_z,Elbow.L_x,Elbow.L_y,Elbow.L_z,Wrist.L_x,Wrist.L_y,Wrist.L_z,Neck_x,Neck_y,Neck_z,Head_x,Head_y,Head_z,Nose_x,Nose_y,Nose_z,Eye.L_x,Eye.L_y,Eye.L_z,Eye.R_x,Eye.R_y,Eye.R_z,Ear.L_x,Ear.L_y,Ear.L_z,Ear.R_x,Ear.R_y,Ear.R_z,hip.Center_x,hip.Center_y,hip.Center_z
0,0.46951613,-0.24473345,-0.46211722,0.31453142,0.13253999,-0.27656707,0.100361496,0.27235472,0.061873443,-0.12705748,0.22562766,-0.069408245,0.12457227,0.08289916,-0.3830364,0.17091373,-0.32688433,-0.57585436,0.38081685,0.94022304,-0.10408052,0.18286726,0.8195261,0.029885616,-0.08164126,0.71213675,0.030649235,-0.2503077,0.55262506,-0.13903067,-0.06747783,0.38136166,-0.2735872,0.18731487,0.42770052,-0.25342315,-0.18865162,0.679694,-0.061382197,-0.21831009,0.890468,-0.124883965,-0.104761995,0.7933378,-0.17044644,-0.1545363,0.8236117,-0.18874815,-0.11917516,0.84004754,-0.13463043,-0.25408602,0.80119646,-0.1656675,-0.1779102,0.8399371,-0.046937004,-0.013347990810871124,0.2489911913871765,-0.0037674009799957275
