frame,Ankle.R_x,Ankle.R_y,Ankle.R_z,Knee.R_x,Knee.R_y,Knee.R_z,Hip.R_x,Hip.R_y,Hip.R_z,Hip.L_x,Hip.L_y,Hip.L_z,Knee.L_x,Knee.L_y,Knee.L_z,Ankle.L_x,Ankle.L_y,Ankle.L_z,Wrist.R_x,Wrist.R_y,Wrist.R_z,Elbow.R_x,Elbow.R_y,Elbow.R_z,Shoulder.R_x,Shoulder.R_y,Shoulder.R_z,Shoulder.L_x,Shoulder.L_y,Shoulder.L_z,Elbow.L_x,Elbow.L_y,Elbow.L_z,Wrist.L_x,Wrist.L_y,Wrist.L_z,Neck_x,Neck_y,Neck_z,Head_x,Head_y,Head_z,Nose_x,Nose_y,Nose_z,Eye.L_x,Eye.L_y,Eye.L_z,Eye.R_x,Eye.R_y,Eye.R_z,Ear.L_x,Ear.L_y,Ear.L_z,Ear.R_x,Ear.R_y,Ear.R_z,hip.Center_x,hip.Center_y,hip.Center_z
0,0.44383883,-0.2534535,-0.5073452,0.2867749,0.111189105,-0.29726046,0.10710962,0.2536564,0.059908066,-0.128431,0.24753267,-0.066493444,0.09605292,0.078635715,-0.39074937,0.09882754,-0.3165751,-0.6182365,0.45630878,0.9361607,-0.09388161,0.24652314,0.8277238,0.03708783,-0.017836908,0.72206193,0.045749098,-0.200675,0.5799717,-0.12164957,-0.020592198,0.41466188,-0.26992327,0.23689196,0.4624524,-0.2624925,-0.12835275,0.6997644,-0.04293602,-0.14179541,0.9142818,-0.09610015,-0.052843116,0.807194,-0.16845216,-0.10166975,0.843584,-0.17430034,-0.05336321,0.85368323,-0.12925425,-0.19533108,0.83099234,-0.13007812,-0.09081174,0.8560263,-0.029902402,-0.010660693049430847,0.25059452652931213,-0.003292689099907875
