frame,Ankle.R_x,Ankle.R_y,Ankle.R_z,Knee.R_x,Knee.R_y,Knee.R_z,Hip.R_x,Hip.R_y,Hip.R_z,Hip.L_x,Hip.L_y,Hip.L_z,Knee.L_x,Knee.L_y,Knee.L_z,Ankle.L_x,Ankle.L_y,Ankle.L_z,Wrist.R_x,Wrist.R_y,Wrist.R_z,Elbow.R_x,Elbow.R_y,Elbow.R_z,Shoulder.R_x,Shoulder.R_y,Shoulder.R_z,Shoulder.L_x,Shoulder.L_y,Shoulder.L_z,Elbow.L_x,Elbow.L_y,Elbow.L_z,Wrist.L_x,Wrist.L_y,Wrist.L_z,Neck_x,Neck_y,Neck_z,Head_x,Head_y,Head_z,Nose_x,Nose_y,Nose_z,Eye.L_x,Eye.L_y,Eye.L_z,Eye.R_x,Eye.R_y,Eye.R_z,Ear.L_x,Ear.L_y,Ear.L_z,Ear.R_x,Ear.R_y,Ear.R_z,hip.Center_x,hip.Center_y,hip.Center_z
0,0.4467654,-0.2692263,-0.48502356,0.29322812,0.1049067,-0.29031715,0.10594812,0.25868863,0.0595955,-0.12829784,0.24181496,-0.067145795,0.10005413,0.07355249,-0.389206,0.11654425,-0.33374012,-0.5920879,0.4296709,0.9451147,-0.094095185,0.22467287,0.8300255,0.038328994,-0.038057063,0.72061133,0.047706954,-0.21397279,0.5749087,-0.12343398,-0.034097455,0.40948746,-0.27226678,0.22473308,0.4491877,-0.26907843,-0.14691311,0.69543207,-0.042921923,-0.17315093,0.908038,-0.09697732,-0.07687122,0.80714583,-0.16861519,-0.12807691,0.83997905,-0.17470475,-0.080651335,0.8536152,-0.12967964,-0.22062096,0.8211882,-0.13055424,-0.118327044,0.8537208,-0.03043526,-0.01117485761642456,0.25025179982185364,-0.003775147721171379
