frame,Ankle.R_x,Ankle.R_y,Ankle.R_z,Knee.R_x,Knee.R_y,Knee.R_z,Hip.R_x,Hip.R_y,Hip.R_z,Hip.L_x,Hip.L_y,Hip.L_z,Knee.L_x,Knee.L_y,Knee.L_z,Ankle.L_x,Ankle.L_y,Ankle.L_z,Wrist.R_x,Wrist.R_y,Wrist.R_z,Elbow.R_x,Elbow.R_y,Elbow.R_z,Shoulder.R_x,Shoulder.R_y,Shoulder.R_z,Shoulder.L_x,Shoulder.L_y,Shoulder.L_z,Elbow.L_x,Elbow.L_y,Elbow.L_z,Wrist.L_x,Wrist.L_y,Wrist.L_z,Neck_x,Neck_y,Neck_z,Head_x,Head_y,Head_z,Nose_x,Nose_y,Nose_z,Eye.L_x,Eye.L_y,Eye.L_z,Eye.R_x,Eye.R_y,Eye.R_z,Ear.L_x,Ear.L_y,Ear.L_z,Ear.R_x,Ear.R_y,Ear.R_z,hip.Center_x,hip.Center_y,hip.Center_z
0,0.49217838,-0.2889776,-0.41984725,0.32586426,0.09832183,-0.26049307,0.100417465,0.27053648,0.060346454,-0.12688029,0.23025502,-0.06801146,0.09613631,0.064257525,-0.39388517,0.16553898,-0.354172,-0.56345814,0.39437214,0.9334068,-0.053655513,0.18583903,0.81578624,0.068899296,-0.08093539,0.7107882,0.054672353,-0.2445766,0.5565758,-0.12178419,-0.06900808,0.3777105,-0.2600535,0.18233529,0.4419616,-0.2444424,-0.18339767,0.68108696,-0.04014298,-0.21329327,0.89211273,-0.093042985,-0.090766534,0.804103,-0.13436675,-0.14012796,0.8333622,-0.1550543,-0.11104512,0.8471135,-0.096639015,-0.2404092,0.8045028,-0.14373995,-0.17770542,0.8370619,-0.01561128,-0.013231411576271057,0.2503957450389862,-0.003832504153251648
