frame,Ankle.R_x,Ankle.R_y,Ankle.R_z,Knee.R_x,Knee.R_y,Knee.R_z,Hip.R_x,Hip.R_y,Hip.R_z,Hip.L_x,Hip.L_y,Hip.L_z,Knee.L_x,Knee.L_y,Knee.L_z,Ankle.L_x,Ankle.L_y,Ankle.L_z,Wrist.R_x,Wrist.R_y,Wrist.R_z,Elbow.R_x,Elbow.R_y,Elbow.R_z,Shoulder.R_x,Shoulder.R_y,Shoulder.R_z,Shoulder.L_x,Shoulder.L_y,Shoulder.L_z,Elbow.L_x,Elbow.L_y,Elbow.L_z,Wrist.L_x,Wrist.L_y,Wrist.L_z,Neck_x,Neck_y,Neck_z,Head_x,Head_y,Head_z,Nose_x,Nose_y,Nose_z,Eye.L_x,Eye.L_y,Eye.L_z,Eye.R_x,Eye.R_y,Eye.R_z,Ear.L_x,Ear.L_y,Ear.L_z,Ear.R_x,Ear.R_y,Ear.R_z,hip.Center_x,hip.Center_y,hip.Center_z
0,0.3460341,0.14516163,0.10448326,0.04644935,0.14729749,0.3721408,0.0015375251,0.0946409,-0.06318233,-0.027763011,0.36148903,-0.025846912,0.021464204,0.31373656,0.38376594,0.25078183,0.35718772,0.049876772,-0.062150344,-0.074183226,-0.45809883,-0.25833324,0.0010031183,-0.30855748,-0.41570505,0.051303662,-0.078636736,-0.40700164,0.3198841,-0.004203636,-0.23363243,0.393543,-0.20699483,-0.10252531,0.5327111,-0.053142272,-0.4711362,0.17335734,-0.0031389901,-0.5875304,0.2548368,0.12096666,-0.6374247,0.2088106,-0.021990687,-0.6523291,0.20801054,0.03588192,-0.60964406,0.25185105,0.008148298,-0.6037271,0.15116079,0.11358813,-0.5148579,0.24804226,0.052129693,-0.013112742453813553,0.22806496918201447,-0.044514622539281845
