frame,Ankle.R_x,Ankle.R_y,Ankle.R_z,Knee.R_x,Knee.R_y,Knee.R_z,Hip.R_x,Hip.R_y,Hip.R_z,Hip.L_x,Hip.L_y,Hip.L_z,Knee.L_x,Knee.L_y,Knee.L_z,Ankle.L_x,Ankle.L_y,Ankle.L_z,Wrist.R_x,Wrist.R_y,Wrist.R_z,Elbow.R_x,Elbow.R_y,Elbow.R_z,Shoulder.R_x,Shoulder.R_y,Shoulder.R_z,Shoulder.L_x,Shoulder.L_y,Shoulder.L_z,Elbow.L_x,Elbow.L_y,Elbow.L_z,Wrist.L_x,Wrist.L_y,Wrist.L_z,Neck_x,Neck_y,Neck_z,Head_x,Head_y,Head_z,Nose_x,Nose_y,Nose_z,Eye.L_x,Eye.L_y,Eye.L_z,Eye.R_x,Eye.R_y,Eye.R_z,Ear.L_x,Ear.L_y,Ear.L_z,Ear.R_x,Ear.R_y,Ear.R_z,hip.Center_x,hip.Center_y,hip.Center_z
0,0.53774905,0.1418822,0.12966345,0.16487576,0.027271215,0.30214408,-0.012671903,0.10803332,-0.07881629,-0.026138863,0.35944703,0.0037745936,0.20260091,0.32202804,0.35926875,0.5255564,0.4013639,0.08043677,0.06124549,-0.15614414,-0.12725727,-0.17889136,-0.046588227,-0.176773,-0.43040773,0.08045642,-0.11348011,-0.43308136,0.35970217,0.002818375,-0.18772377,0.50974953,0.030835811,0.011545617,0.637251,0.14836061,-0.50102973,0.22642203,-0.050806686,-0.6708918,0.31136766,-0.13117066,-0.6954298,0.2213996,-0.0041652694,-0.697085,0.27915826,-0.026407018,-0.7022083,0.22458175,-0.06452876,-0.61510897,0.33727014,-0.0472015,-0.62378323,0.22226205,-0.13544537,-0.019405383616685867,0.2337401807308197,-0.03752084821462631
