frame,Ankle.R_x,Ankle.R_y,Ankle.R_z,Knee.R_x,Knee.R_y,Knee.R_z,Hip.R_x,Hip.R_y,Hip.R_z,Hip.L_x,Hip.L_y,Hip.L_z,Knee.L_x,Knee.L_y,Knee.L_z,Ankle.L_x,Ankle.L_y,Ankle.L_z,Wrist.R_x,Wrist.R_y,Wrist.R_z,Elbow.R_x,Elbow.R_y,Elbow.R_z,Shoulder.R_x,Shoulder.R_y,Shoulder.R_z,Shoulder.L_x,Shoulder.L_y,Shoulder.L_z,Elbow.L_x,Elbow.L_y,Elbow.L_z,Wrist.L_x,Wrist.L_y,Wrist.L_z,Neck_x,Neck_y,Neck_z,Head_x,Head_y,Head_z,Nose_x,Nose_y,Nose_z,Eye.L_x,Eye.L_y,Eye.L_z,Eye.R_x,Eye.R_y,Eye.R_z,Ear.L_x,Ear.L_y,Ear.L_z,Ear.R_x,Ear.R_y,Ear.R_z,hip.Center_x,hip.Center_y,hip.Center_z
0,0.5738369,0.13114123,0.13677083,0.1834701,0.017775817,0.27647725,-0.007192415,0.116452836,-0.09486225,-0.03372316,0.35274458,0.0211104,0.1684415,0.27867046,0.37712893,0.49841246,0.41571656,0.13237394,0.053489164,-0.1719551,-0.16913523,-0.18903846,-0.058957282,-0.19109945,-0.43248853,0.07545939,-0.116487324,-0.43214414,0.34335738,0.021451829,-0.19328576,0.50149465,0.05413636,0.002672352,0.6438458,0.15922952,-0.500548,0.21630816,-0.04265015,-0.664873,0.30666274,-0.12516487,-0.6968118,0.21685347,7.928908e-05,-0.6953778,0.27501282,-0.021668248,-0.701862,0.22092107,-0.060412265,-0.6103878,0.3292477,-0.039788216,-0.6217748,0.21548223,-0.12939471,-0.020457787439227104,0.23459871113300323,-0.036875925958156586
