frame,Ankle.R_x,Ankle.R_y,Ankle.R_z,Knee.R_x,Knee.R_y,Knee.R_z,Hip.R_x,Hip.R_y,Hip.R_z,Hip.L_x,Hip.L_y,Hip.L_z,Knee.L_x,Knee.L_y,Knee.L_z,Ankle.L_x,Ankle.L_y,Ankle.L_z,Wrist.R_x,Wrist.R_y,Wrist.R_z,Elbow.R_x,Elbow.R_y,Elbow.R_z,Shoulder.R_x,Shoulder.R_y,Shoulder.R_z,Shoulder.L_x,Shoulder.L_y,Shoulder.L_z,Elbow.L_x,Elbow.L_y,Elbow.L_z,Wrist.L_x,Wrist.L_y,Wrist.L_z,Neck_x,Neck_y,Neck_z,Head_x,Head_y,Head_z,Nose_x,Nose_y,Nose_z,Eye.L_x,Eye.L_y,Eye.L_z,Eye.R_x,Eye.R_y,Eye.R_z,Ear.L_x,Ear.L_y,Ear.L_z,Ear.R_x,Ear.R_y,Ear.R_z,hip.Center_x,hip.Center_y,hip.Center_z
0,0.49851707,-0.10574855,-0.56372815,0.19433379,0.13579987,-0.3449103,0.12355998,0.23268233,0.032941815,-0.13160223,0.25097448,-0.0372364,0.049706206,0.12059334,-0.37362206,0.019470124,-0.1113192,-0.7652364,0.506076,0.9233006,-0.15125631,0.30218914,0.82298875,-0.0036105567,0.045391448,0.7193754,-0.0058644135,-0.1726647,0.58995676,-0.0878806,0.05114631,0.47730795,-0.15242144,0.27980667,0.50229275,-0.01911399,-0.07136035,0.6996481,-0.048497897,-0.051577393,0.90436363,-0.09699577,0.04025379,0.785599,-0.13731892,0.003556639,0.829687,-0.15826663,0.03312458,0.8323529,-0.099449836,-0.098912,0.83211017,-0.15118968,-0.037120357,0.8393476,-0.021831818,-0.004021123051643372,0.24182841181755066,-0.0021472927182912827
