frame,Ankle.R_x,Ankle.R_y,Ankle.R_z,Knee.R_x,Knee.R_y,Knee.R_z,Hip.R_x,Hip.R_y,Hip.R_z,Hip.L_x,Hip.L_y,Hip.L_z,Knee.L_x,Knee.L_y,Knee.L_z,Ankle.L_x,Ankle.L_y,Ankle.L_z,Wrist.R_x,Wrist.R_y,Wrist.R_z,Elbow.R_x,Elbow.R_y,Elbow.R_z,Shoulder.R_x,Shoulder.R_y,Shoulder.R_z,Shoulder.L_x,Shoulder.L_y,Shoulder.L_z,Elbow.L_x,Elbow.L_y,Elbow.L_z,Wrist.L_x,Wrist.L_y,Wrist.L_z,Neck_x,Neck_y,Neck_z,Head_x,Head_y,Head_z,Nose_x,Nose_y,Nose_z,Eye.L_x,Eye.L_y,Eye.L_z,Eye.R_x,Eye.R_y,Eye.R_z,Ear.L_x,Ear.L_y,Ear.L_z,Ear.R_x,Ear.R_y,Ear.R_z,hip.Center_x,hip.Center_y,hip.Center_z
0,0.4119846,-0.27769005,-0.4867233,0.2904169,0.108888604,-0.29843605,0.11114974,0.24665031,0.054329284,-0.13080126,0.24997965,-0.05881469,0.06325552,0.08887331,-0.40506855,0.06377072,-0.33108932,-0.5782099,0.45562524,0.9445255,-0.08457507,0.25182998,0.82777005,0.046286836,-0.010406904,0.7235595,0.06303416,-0.19598655,0.59693485,-0.102527164,-0.016916864,0.46600983,-0.27781674,0.24166808,0.5113137,-0.28473026,-0.12337629,0.7054623,-0.020084703,-0.1516146,0.9182534,-0.06265232,-0.071565956,0.8182682,-0.15254459,-0.12200848,0.8521646,-0.14885503,-0.0672316,0.86368525,-0.11238603,-0.2053931,0.8336915,-0.08992931,-0.087064326,0.86142194,-0.008033536,-0.009825758635997772,0.2483149766921997,-0.00224270299077034
