frame,Ankle.R_x,Ankle.R_y,Ankle.R_z,Knee.R_x,Knee.R_y,Knee.R_z,Hip.R_x,Hip.R_y,Hip.R_z,Hip.L_x,Hip.L_y,Hip.L_z,Knee.L_x,Knee.L_y,Knee.L_z,Ankle.L_x,Ankle.L_y,Ankle.L_z,Wrist.R_x,Wrist.R_y,Wrist.R_z,Elbow.R_x,Elbow.R_y,Elbow.R_z,Shoulder.R_x,Shoulder.R_y,Shoulder.R_z,Shoulder.L_x,Shoulder.L_y,Shoulder.L_z,Elbow.L_x,Elbow.L_y,Elbow.L_z,Wrist.L_x,Wrist.L_y,Wrist.L_z,Neck_x,Neck_y,Neck_z,Head_x,Head_y,Head_z,Nose_x,Nose_y,Nose_z,Eye.L_x,Eye.L_y,Eye.L_z,Eye.R_x,Eye.R_y,Eye.R_z,Ear.L_x,Ear.L_y,Ear.L_z,Ear.R_x,Ear.R_y,Ear.R_z,hip.Center_x,hip.Center_y,hip.Center_z
0,0.40811813,-0.2679502,-0.5032937,0.28660932,0.11278327,-0.3020026,0.11147305,0.24350527,0.05458132,-0.13059019,0.25361753,-0.057800315,0.059325464,0.09554216,-0.40721846,0.047507346,-0.31838778,-0.5955021,0.47033378,0.9455839,-0.07813266,0.2608239,0.83245695,0.047154736,-0.0005554729,0.7254506,0.057824045,-0.18621473,0.5963084,-0.10688313,-0.0099057015,0.45621732,-0.27835095,0.24810204,0.50381607,-0.2903127,-0.11189468,0.7066552,-0.026454855,-0.13103426,0.9197302,-0.07411402,-0.055202954,0.8140267,-0.16125429,-0.10409655,0.8502909,-0.1585971,-0.049012303,0.8601801,-0.12206717,-0.18852733,0.83703566,-0.09969059,-0.069320686,0.86131966,-0.017739639,-0.00955856591463089,0.24856139719486237,-0.0016094967722892761
