frame,Ankle.R_x,Ankle.R_y,Ankle.R_z,Knee.R_x,Knee.R_y,Knee.R_z,Hip.R_x,Hip.R_y,Hip.R_z,Hip.L_x,Hip.L_y,Hip.L_z,Knee.L_x,Knee.L_y,Knee.L_z,Ankle.L_x,Ankle.L_y,Ankle.L_z,Wrist.R_x,Wrist.R_y,Wrist.R_z,Elbow.R_x,Elbow.R_y,Elbow.R_z,Shoulder.R_x,Shoulder.R_y,Shoulder.R_z,Shoulder.L_x,Shoulder.L_y,Shoulder.L_z,Elbow.L_x,Elbow.L_y,Elbow.L_z,Wrist.L_x,Wrist.L_y,Wrist.L_z,Neck_x,Neck_y,Neck_z,Head_x,Head_y,Head_z,Nose_x,Nose_y,Nose_z,Eye.L_x,Eye.L_y,Eye.L_z,Eye.R_x,Eye.R_y,Eye.R_z,Ear.L_x,Ear.L_y,Ear.L_z,Ear.R_x,Ear.R_y,Ear.R_z,hip.Center_x,hip.Center_y,hip.Center_z
0,0.3624258,-0.30316913,-0.43540752,0.22336334,0.11668751,-0.3600075,0.122255936,0.24185188,0.03328379,-0.13608928,0.25149092,-0.035019483,-0.0010343246,0.088703744,-0.41442898,0.017706644,-0.35739863,-0.4984329,0.5079528,0.9144499,-0.03920539,0.30181253,0.796442,0.08778672,0.03184692,0.7220671,0.09259998,-0.16703176,0.62540805,-0.06791424,0.004648864,0.5573007,-0.2743177,0.25240654,0.6275254,-0.33994144,-0.08713236,0.71579486,0.015637994,-0.13864875,0.9230228,-0.013367899,-0.07771432,0.83396924,-0.12629545,-0.12825714,0.8611864,-0.10632208,-0.06658338,0.87989867,-0.08800369,-0.18618652,0.8332133,-0.025685422,-0.052602127,0.87511265,0.017491937,-0.006916671991348267,0.2466714084148407,-0.000867847353219986
