frame,Ankle.R_x,Ankle.R_y,Ankle.R_z,Knee.R_x,Knee.R_y,Knee.R_z,Hip.R_x,Hip.R_y,Hip.R_z,Hip.L_x,Hip.L_y,Hip.L_z,Knee.L_x,Knee.L_y,Knee.L_z,Ankle.L_x,Ankle.L_y,Ankle.L_z,Wrist.R_x,Wrist.R_y,Wrist.R_z,Elbow.R_x,Elbow.R_y,Elbow.R_z,Shoulder.R_x,Shoulder.R_y,Shoulder.R_z,Shoulder.L_x,Shoulder.L_y,Shoulder.L_z,Elbow.L_x,Elbow.L_y,Elbow.L_z,Wrist.L_x,Wrist.L_y,Wrist.L_z,Neck_x,Neck_y,Neck_z,Head_x,Head_y,Head_z,Nose_x,Nose_y,Nose_z,Eye.L_x,Eye.L_y,Eye.L_z,Eye.R_x,Eye.R_y,Eye.R_z,Ear.L_x,Ear.L_y,Ear.L_z,Ear.R_x,Ear.R_y,Ear.R_z,hip.Center_x,hip.Center_y,hip.Center_z
0,0.34896684,-0.29245603,-0.45673463,0.20985246,0.12465736,-0.36890313,0.12337275,0.24041238,0.03165675,-0.13617599,0.25228292,-0.033113282,-0.00051510107,0.09821905,-0.41568372,0.0027719066,-0.344822,-0.5167656,0.5063672,0.9170321,-0.05145952,0.30419552,0.7990762,0.081728265,0.035568148,0.72132164,0.092414066,-0.165447,0.6233556,-0.064936146,0.0050266543,0.5550508,-0.27183703,0.24903932,0.6309949,-0.34437442,-0.08393927,0.7146294,0.017046414,-0.13209555,0.9226165,-0.015163958,-0.07373649,0.8299161,-0.1264506,-0.12359106,0.85850406,-0.1067894,-0.061442316,0.87640095,-0.08932121,-0.18146075,0.8335295,-0.02514179,-0.046768717,0.87372136,0.016148157,-0.006401620805263519,0.24634765088558197,-0.0007282663136720657
