frame,Ankle.R_x,Ankle.R_y,Ankle.R_z,Knee.R_x,Knee.R_y,Knee.R_z,Hip.R_x,Hip.R_y,Hip.R_z,Hip.L_x,Hip.L_y,Hip.L_z,Knee.L_x,Knee.L_y,Knee.L_z,Ankle.L_x,Ankle.L_y,Ankle.L_z,Wrist.R_x,Wrist.R_y,Wrist.R_z,Elbow.R_x,Elbow.R_y,Elbow.R_z,Shoulder.R_x,Shoulder.R_y,Shoulder.R_z,Shoulder.L_x,Shoulder.L_y,Shoulder.L_z,Elbow.L_x,Elbow.L_y,Elbow.L_z,Wrist.L_x,Wrist.L_y,Wrist.L_z,Neck_x,Neck_y,Neck_z,Head_x,Head_y,Head_z,Nose_x,Nose_y,Nose_z,Eye.L_x,Eye.L_y,Eye.L_z,Eye.R_x,Eye.R_y,Eye.R_z,Ear.L_x,Ear.L_y,Ear.L_z,Ear.R_x,Ear.R_y,Ear.R_z,hip.Center_x,hip.Center_y,hip.Center_z
0,0.3808853,-0.3184115,-0.41807556,0.24988925,0.10203912,-0.336424,0.11985822,0.24110103,0.039283425,-0.13467655,0.2529416,-0.04310785,0.0064092437,0.07015282,-0.40937364,0.031299908,-0.37454212,-0.49536502,0.48763323,0.89998156,-0.032994166,0.2862136,0.7980392,0.11264696,0.015707543,0.7225075,0.09515685,-0.17784655,0.6249019,-0.07179995,-0.014219831,0.5723299,-0.2901027,0.24436975,0.61175245,-0.3337515,-0.10198446,0.7131643,0.014322819,-0.16577303,0.91638106,-0.013342794,-0.083063446,0.8386165,-0.12040743,-0.13759854,0.86147606,-0.1068848,-0.08084465,0.88262063,-0.07851216,-0.20479763,0.82446957,-0.037422344,-0.08242862,0.8721862,0.027250327,-0.0074091628193855286,0.24702131748199463,-0.001912211999297142
