frame,Ankle.R_x,Ankle.R_y,Ankle.R_z,Knee.R_x,Knee.R_y,Knee.R_z,Hip.R_x,Hip.R_y,Hip.R_z,Hip.L_x,Hip.L_y,Hip.L_z,Knee.L_x,Knee.L_y,Knee.L_z,Ankle.L_x,Ankle.L_y,Ankle.L_z,Wrist.R_x,Wrist.R_y,Wrist.R_z,Elbow.R_x,Elbow.R_y,Elbow.R_z,Shoulder.R_x,Shoulder.R_y,Shoulder.R_z,Shoulder.L_x,Shoulder.L_y,Shoulder.L_z,Elbow.L_x,Elbow.L_y,Elbow.L_z,Wrist.L_x,Wrist.L_y,Wrist.L_z,Neck_x,Neck_y,Neck_z,Head_x,Head_y,Head_z,Nose_x,Nose_y,Nose_z,Eye.L_x,Eye.L_y,Eye.L_z,Eye.R_x,Eye.R_y,Eye.R_z,Ear.L_x,Ear.L_y,Ear.L_z,Ear.R_x,Ear.R_y,Ear.R_z,hip.Center_x,hip.Center_y,hip.Center_z
0,0.3333812,-0.3105792,-0.40071842,0.21851599,0.11733422,-0.36803654,0.123520315,0.2392382,0.029415246,-0.13701558,0.25211397,-0.032770924,0.010100297,0.09418941,-0.41674393,0.017635714,-0.35519633,-0.43221974,0.5459075,0.8864433,-0.04061216,0.32171708,0.8055997,0.0877488,0.059317876,0.7072191,0.10267565,-0.15199617,0.63595855,-0.049893536,-0.021803597,0.6351468,-0.29629794,0.22311433,0.694007,-0.3879639,-0.06475351,0.7117271,0.03267111,-0.11729324,0.91767204,0.027578931,-0.07399872,0.84282416,-0.10298926,-0.12115,0.8664546,-0.072454944,-0.057440758,0.8847562,-0.06242046,-0.16516012,0.8288667,0.012292035,-0.027335651,0.86895657,0.03923728,-0.006747633218765259,0.24567608535289764,-0.0016778390854597092
