frame,Ankle.R_x,Ankle.R_y,Ankle.R_z,Knee.R_x,Knee.R_y,Knee.R_z,Hip.R_x,Hip.R_y,Hip.R_z,Hip.L_x,Hip.L_y,Hip.L_z,Knee.L_x,Knee.L_y,Knee.L_z,Ankle.L_x,Ankle.L_y,Ankle.L_z,Wrist.R_x,Wrist.R_y,Wrist.R_z,Elbow.R_x,Elbow.R_y,Elbow.R_z,Shoulder.R_x,Shoulder.R_y,Shoulder.R_z,Shoulder.L_x,Shoulder.L_y,Shoulder.L_z,Elbow.L_x,Elbow.L_y,Elbow.L_z,Wrist.L_x,Wrist.L_y,Wrist.L_z,Neck_x,Neck_y,Neck_z,Head_x,Head_y,Head_z,Nose_x,Nose_y,Nose_z,Eye.L_x,Eye.L_y,Eye.L_z,Eye.R_x,Eye.R_y,Eye.R_z,Ear.L_x,Ear.L_y,Ear.L_z,Ear.R_x,Ear.R_y,Ear.R_z,hip.Center_x,hip.Center_y,hip.Center_z
0,0.32222208,-0.30829486,-0.41835618,0.21167392,0.12013955,-0.37219283,0.1240775,0.23688033,0.028406354,-0.13673413,0.25427014,-0.03178454,0.010254597,0.09420998,-0.4157783,0.0012751356,-0.35532576,-0.43886366,0.5514347,0.8870003,-0.043797877,0.32997334,0.8042033,0.08786313,0.06755845,0.7057604,0.10304253,-0.14893836,0.6376805,-0.044283334,-0.029593324,0.6375941,-0.29606813,0.21034777,0.7008383,-0.39704642,-0.057866175,0.7116578,0.035356447,-0.10672734,0.91866016,0.025240403,-0.06924239,0.8380331,-0.10367777,-0.11491461,0.8636538,-0.07255834,-0.05057445,0.8811537,-0.06540477,-0.1565087,0.8303448,0.015078612,-0.017142866,0.86875594,0.035829276,-0.006328314542770386,0.24557523429393768,-0.001689092256128788
