frame,Ankle.R_x,Ankle.R_y,Ankle.R_z,Knee.R_x,Knee.R_y,Knee.R_z,Hip.R_x,Hip.R_y,Hip.R_z,Hip.L_x,Hip.L_y,Hip.L_z,Knee.L_x,Knee.L_y,Knee.L_z,Ankle.L_x,Ankle.L_y,Ankle.L_z,Wrist.R_x,Wrist.R_y,Wrist.R_z,Elbow.R_x,Elbow.R_y,Elbow.R_z,Shoulder.R_x,Shoulder.R_y,Shoulder.R_z,Shoulder.L_x,Shoulder.L_y,Shoulder.L_z,Elbow.L_x,Elbow.L_y,Elbow.L_z,Wrist.L_x,Wrist.L_y,Wrist.L_z,Neck_x,Neck_y,Neck_z,Head_x,Head_y,Head_z,Nose_x,Nose_y,Nose_z,Eye.L_x,Eye.L_y,Eye.L_z,Eye.R_x,Eye.R_y,Eye.R_z,Ear.L_x,Ear.L_y,Ear.L_z,Ear.R_x,Ear.R_y,Ear.R_z,hip.Center_x,hip.Center_y,hip.Center_z
0,0.35747513,-0.32378665,-0.35882595,0.2321044,0.10355,-0.358611,0.12266879,0.24378815,0.031097874,-0.13741262,0.24780367,-0.032984126,-0.009621994,0.097714104,-0.42363468,0.022431921,-0.34993023,-0.41571867,0.523457,0.9036751,-0.0108851595,0.29640412,0.8070286,0.10109269,0.033830106,0.70926654,0.11379948,-0.16480887,0.63439596,-0.049944133,-0.009995219,0.6357433,-0.28085792,0.24334371,0.6777609,-0.35872024,-0.086034365,0.70979095,0.037287325,-0.14767778,0.9126819,0.015810559,-0.077011585,0.8353212,-0.099537775,-0.12990479,0.8576912,-0.079928115,-0.07037294,0.8793885,-0.058499426,-0.18835069,0.8212756,-0.0034583881,-0.060180787,0.8686149,0.047169607,-0.007371917366981506,0.24579590559005737,-0.0009431261569261551
