frame,Ankle.R_x,Ankle.R_y,Ankle.R_z,Knee.R_x,Knee.R_y,Knee.R_z,Hip.R_x,Hip.R_y,Hip.R_z,Hip.L_x,Hip.L_y,Hip.L_z,Knee.L_x,Knee.L_y,Knee.L_z,Ankle.L_x,Ankle.L_y,Ankle.L_z,Wrist.R_x,Wrist.R_y,Wrist.R_z,Elbow.R_x,Elbow.R_y,Elbow.R_z,Shoulder.R_x,Shoulder.R_y,Shoulder.R_z,Shoulder.L_x,Shoulder.L_y,Shoulder.L_z,Elbow.L_x,Elbow.L_y,Elbow.L_z,Wrist.L_x,Wrist.L_y,Wrist.L_z,Neck_x,Neck_y,Neck_z,Head_x,Head_y,Head_z,Nose_x,Nose_y,Nose_z,Eye.L_x,Eye.L_y,Eye.L_z,Eye.R_x,Eye.R_y,Eye.R_z,Ear.L_x,Ear.L_y,Ear.L_z,Ear.R_x,Ear.R_y,Ear.R_z,hip.Center_x,hip.Center_y,hip.Center_z
0,0.3079547,-0.28128985,-0.35004136,0.21251796,0.14827889,-0.3750993,0.124375105,0.23585042,0.029931266,-0.13951376,0.25250182,-0.030726753,0.021138003,0.13146563,-0.422683,0.025388367,-0.30192125,-0.33254257,0.5761307,0.8872686,-0.003287062,0.34817338,0.79479295,0.11139045,0.082927294,0.703791,0.10979418,-0.1345161,0.6591104,-0.049227357,-0.029900212,0.69870806,-0.30274212,0.2055961,0.76882374,-0.41239074,-0.044225715,0.7211401,0.040082287,-0.12084457,0.9159962,0.067395136,-0.07077293,0.87250376,-0.0744551,-0.12033466,0.88299084,-0.03976071,-0.059645884,0.90943587,-0.027391223,-0.15442806,0.82499945,0.037482247,-0.023568533,0.88139564,0.06982995,-0.0075693279504776,0.24417611956596375,-0.00039774365723133087
