frame,Ankle.R_x,Ankle.R_y,Ankle.R_z,Knee.R_x,Knee.R_y,Knee.R_z,Hip.R_x,Hip.R_y,Hip.R_z,Hip.L_x,Hip.L_y,Hip.L_z,Knee.L_x,Knee.L_y,Knee.L_z,Ankle.L_x,Ankle.L_y,Ankle.L_z,Wrist.R_x,Wrist.R_y,Wrist.R_z,Elbow.R_x,Elbow.R_y,Elbow.R_z,Shoulder.R_x,Shoulder.R_y,Shoulder.R_z,Shoulder.L_x,Shoulder.L_y,Shoulder.L_z,Elbow.L_x,Elbow.L_y,Elbow.L_z,Wrist.L_x,Wrist.L_y,Wrist.L_z,Neck_x,Neck_y,Neck_z,Head_x,Head_y,Head_z,Nose_x,Nose_y,Nose_z,Eye.L_x,Eye.L_y,Eye.L_z,Eye.R_x,Eye.R_y,Eye.R_z,Ear.L_x,Ear.L_y,Ear.L_z,Ear.R_x,Ear.R_y,Ear.R_z,hip.Center_x,hip.Center_y,hip.Center_z
0,0.30748624,-0.28058964,-0.35379073,0.2170498,0.15076464,-0.37259242,0.12424344,0.23479147,0.02999698,-0.13946198,0.2533487,-0.03065852,0.022224199,0.12981242,-0.42154768,0.019228455,-0.3036024,-0.3310669,0.57221836,0.8900109,-0.036445655,0.35176805,0.7988076,0.09315258,0.08788423,0.7045218,0.10299415,-0.13596031,0.65974677,-0.046623792,-0.044690404,0.70472413,-0.3036686,0.18546674,0.7800621,-0.4208247,-0.041532632,0.72133666,0.038295634,-0.115914464,0.91668534,0.06719776,-0.07226013,0.8717239,-0.0763294,-0.12026565,0.88279295,-0.0396472,-0.058922514,0.90898156,-0.030076364,-0.1512464,0.82566655,0.039499715,-0.018733986,0.8815485,0.06582664,-0.007609270513057709,0.24407008290290833,-0.0003307703882455826
