frame,Ankle.R_x,Ankle.R_y,Ankle.R_z,Knee.R_x,Knee.R_y,Knee.R_z,Hip.R_x,Hip.R_y,Hip.R_z,Hip.L_x,Hip.L_y,Hip.L_z,Knee.L_x,Knee.L_y,Knee.L_z,Ankle.L_x,Ankle.L_y,Ankle.L_z,Wrist.R_x,Wrist.R_y,Wrist.R_z,Elbow.R_x,Elbow.R_y,Elbow.R_z,Shoulder.R_x,Shoulder.R_y,Shoulder.R_z,Shoulder.L_x,Shoulder.L_y,Shoulder.L_z,Elbow.L_x,Elbow.L_y,Elbow.L_z,Wrist.L_x,Wrist.L_y,Wrist.L_z,Neck_x,Neck_y,Neck_z,Head_x,Head_y,Head_z,Nose_x,Nose_y,Nose_z,Eye.L_x,Eye.L_y,Eye.L_z,Eye.R_x,Eye.R_y,Eye.R_z,Ear.L_x,Ear.L_y,Ear.L_z,Ear.R_x,Ear.R_y,Ear.R_z,hip.Center_x,hip.Center_y,hip.Center_z
0,0.31432796,-0.27832752,-0.30385554,0.22694163,0.1472721,-0.37237826,0.12333839,0.23720133,0.032580893,-0.13946334,0.25089404,-0.032985993,0.00667808,0.13152963,-0.4308349,0.01135513,-0.2993417,-0.33124754,0.55930495,0.8887686,0.015398882,0.32680714,0.7943695,0.119330905,0.06155982,0.7037773,0.13066542,-0.14845894,0.65242165,-0.03567963,-0.01389765,0.67364824,-0.27645996,0.23186627,0.72713614,-0.37069327,-0.063107245,0.7165643,0.056295745,-0.14353591,0.9148686,0.047042932,-0.062527105,0.85263467,-0.070543036,-0.11822774,0.8674845,-0.05076866,-0.061828483,0.8952489,-0.02741523,-0.17217478,0.820794,0.022897907,-0.051326092,0.88048697,0.0779737,-0.008062474429607391,0.24404768645763397,-0.00020254962146282196
