frame,Ankle.R_x,Ankle.R_y,Ankle.R_z,Knee.R_x,Knee.R_y,Knee.R_z,Hip.R_x,Hip.R_y,Hip.R_z,Hip.L_x,Hip.L_y,Hip.L_z,Knee.L_x,Knee.L_y,Knee.L_z,Ankle.L_x,Ankle.L_y,Ankle.L_z,Wrist.R_x,Wrist.R_y,Wrist.R_z,Elbow.R_x,Elbow.R_y,Elbow.R_z,Shoulder.R_x,Shoulder.R_y,Shoulder.R_z,Shoulder.L_x,Shoulder.L_y,Shoulder.L_z,Elbow.L_x,Elbow.L_y,Elbow.L_z,Wrist.L_x,Wrist.L_y,Wrist.L_z,Neck_x,Neck_y,Neck_z,Head_x,Head_y,Head_z,Nose_x,Nose_y,Nose_z,Eye.L_x,Eye.L_y,Eye.L_z,Eye.R_x,Eye.R_y,Eye.R_z,Ear.L_x,Ear.L_y,Ear.L_z,Ear.R_x,Ear.R_y,Ear.R_z,hip.Center_x,hip.Center_y,hip.Center_z
0,0.28925937,-0.26865867,-0.32363814,0.22718982,0.16338298,-0.37129506,0.12332161,0.2350042,0.030486649,-0.14037852,0.25186706,-0.027683739,0.0075707478,0.15534839,-0.42928416,0.06724072,-0.25996843,-0.3023499,0.6061253,0.86482966,0.016704382,0.36921442,0.7759719,0.11572718,0.10415569,0.68952733,0.12053506,-0.12491892,0.6573128,-0.03549832,-0.023371229,0.6981519,-0.28954536,0.20441246,0.7837111,-0.40435106,-0.02953009,0.7174359,0.0574188,-0.1170956,0.906977,0.1044759,-0.06108573,0.8816386,-0.039042577,-0.11214629,0.8856479,-0.0048985262,-0.053520404,0.9144197,0.011701753,-0.1438783,0.8179014,0.06466947,-0.018362336,0.8783328,0.10664248,-0.008528456091880798,0.24343562126159668,0.0014014551416039467
