frame,Ankle.R_x,Ankle.R_y,Ankle.R_z,Knee.R_x,Knee.R_y,Knee.R_z,Hip.R_x,Hip.R_y,Hip.R_z,Hip.L_x,Hip.L_y,Hip.L_z,Knee.L_x,Knee.L_y,Knee.L_z,Ankle.L_x,Ankle.L_y,Ankle.L_z,Wrist.R_x,Wrist.R_y,Wrist.R_z,Elbow.R_x,Elbow.R_y,Elbow.R_z,Shoulder.R_x,Shoulder.R_y,Shoulder.R_z,Shoulder.L_x,Shoulder.L_y,Shoulder.L_z,Elbow.L_x,Elbow.L_y,Elbow.L_z,Wrist.L_x,Wrist.L_y,Wrist.L_z,Neck_x,Neck_y,Neck_z,Head_x,Head_y,Head_z,Nose_x,Nose_y,Nose_z,Eye.L_x,Eye.L_y,Eye.L_z,Eye.R_x,Eye.R_y,Eye.R_z,Ear.L_x,Ear.L_y,Ear.L_z,Ear.R_x,Ear.R_y,Ear.R_z,hip.Center_x,hip.Center_y,hip.Center_z
0,0.43492037,0.039675537,-0.6694234,0.20971413,0.2602079,-0.364317,0.13016212,0.2232015,0.011919148,-0.14197083,0.24454553,-0.009335551,0.0409127,0.1969355,-0.38952896,0.20545892,-0.008778426,-0.7622147,0.6083089,0.84867215,-0.16644327,0.38177517,0.7863196,-0.024762606,0.13387553,0.67815596,-0.019180719,-0.1169104,0.6649809,-0.045668643,0.051604718,0.71842575,-0.24220777,0.27706435,0.7552186,-0.094898455,-9.7137876e-05,0.7041568,-0.015849844,0.046197966,0.8814853,0.029779982,-0.09882134,0.8669452,-0.04032082,-0.06802192,0.8747325,0.012898505,-0.041418646,0.8914876,-0.047621623,-0.013106644,0.80483556,0.06313741,0.05423045,0.837824,-0.06668203,-0.005904354155063629,0.23387351632118225,0.0012917984277009964
