frame,Ankle.R_x,Ankle.R_y,Ankle.R_z,Knee.R_x,Knee.R_y,Knee.R_z,Hip.R_x,Hip.R_y,Hip.R_z,Hip.L_x,Hip.L_y,Hip.L_z,Knee.L_x,Knee.L_y,Knee.L_z,Ankle.L_x,Ankle.L_y,Ankle.L_z,Wrist.R_x,Wrist.R_y,Wrist.R_z,Elbow.R_x,Elbow.R_y,Elbow.R_z,Shoulder.R_x,Shoulder.R_y,Shoulder.R_z,Shoulder.L_x,Shoulder.L_y,Shoulder.L_z,Elbow.L_x,Elbow.L_y,Elbow.L_z,Wrist.L_x,Wrist.L_y,Wrist.L_z,Neck_x,Neck_y,Neck_z,Head_x,Head_y,Head_z,Nose_x,Nose_y,Nose_z,Eye.L_x,Eye.L_y,Eye.L_z,Eye.R_x,Eye.R_y,Eye.R_z,Ear.L_x,Ear.L_y,Ear.L_z,Ear.R_x,Ear.R_y,Ear.R_z,hip.Center_x,hip.Center_y,hip.Center_z
0,0.28873453,-0.26475525,-0.3288217,0.21502867,0.16535372,-0.377291,0.12401429,0.23487182,0.02862606,-0.14046127,0.2526331,-0.02689523,0.012844541,0.14589407,-0.42631856,0.07290894,-0.2666021,-0.29032448,0.6139856,0.85577416,0.009386436,0.376537,0.7735708,0.112385,0.110551104,0.689763,0.11803526,-0.12338306,0.658795,-0.03249293,-0.032928843,0.69899637,-0.29055682,0.1905794,0.78453827,-0.4130098,-0.024225447,0.71839994,0.057232566,-0.1085234,0.91000706,0.10315793,-0.057771035,0.8806338,-0.04162082,-0.10758696,0.88577676,-0.005763161,-0.04825776,0.9146901,0.007959195,-0.1370307,0.8201071,0.066693276,-0.009728782,0.88087976,0.102560066,-0.008223488926887512,0.24375244975090027,0.0008654147386550903
