frame,Ankle.R_x,Ankle.R_y,Ankle.R_z,Knee.R_x,Knee.R_y,Knee.R_z,Hip.R_x,Hip.R_y,Hip.R_z,Hip.L_x,Hip.L_y,Hip.L_z,Knee.L_x,Knee.L_y,Knee.L_z,Ankle.L_x,Ankle.L_y,Ankle.L_z,Wrist.R_x,Wrist.R_y,Wrist.R_z,Elbow.R_x,Elbow.R_y,Elbow.R_z,Shoulder.R_x,Shoulder.R_y,Shoulder.R_z,Shoulder.L_x,Shoulder.L_y,Shoulder.L_z,Elbow.L_x,Elbow.L_y,Elbow.L_z,Wrist.L_x,Wrist.L_y,Wrist.L_z,Neck_x,Neck_y,Neck_z,Head_x,Head_y,Head_z,Nose_x,Nose_y,Nose_z,Eye.L_x,Eye.L_y,Eye.L_z,Eye.R_x,Eye.R_y,Eye.R_z,Ear.L_x,Ear.L_y,Ear.L_z,Ear.R_x,Ear.R_y,Ear.R_z,hip.Center_x,hip.Center_y,hip.Center_z
0,0.26129174,-0.20605029,-0.25371122,0.2891143,0.21804021,-0.32182047,0.11563486,0.22753395,0.050343703,-0.13908945,0.25768864,-0.0419256,0.013835181,0.17655985,-0.437677,0.07233242,-0.234141,-0.30429867,0.61260843,0.8315284,0.06721904,0.36062065,0.76390636,0.1444971,0.098807484,0.673992,0.14195941,-0.11275716,0.6572951,-0.046088833,0.019156756,0.7331198,-0.27557766,0.2579848,0.8040855,-0.3801216,-0.029803177,0.712808,0.06742269,-0.115186185,0.908415,0.12393017,-0.009511545,0.89799356,0.010999452,-0.06904256,0.9078542,0.023526862,-0.019309327,0.9177356,0.06777007,-0.1372023,0.8366897,0.054462936,-0.033684857,0.8570394,0.15405568,-0.011727295815944672,0.24261128902435303,0.0042090509086847305
