frame,Ankle.R_x,Ankle.R_y,Ankle.R_z,Knee.R_x,Knee.R_y,Knee.R_z,Hip.R_x,Hip.R_y,Hip.R_z,Hip.L_x,Hip.L_y,Hip.L_z,Knee.L_x,Knee.L_y,Knee.L_z,Ankle.L_x,Ankle.L_y,Ankle.L_z,Wrist.R_x,Wrist.R_y,Wrist.R_z,Elbow.R_x,Elbow.R_y,Elbow.R_z,Shoulder.R_x,Shoulder.R_y,Shoulder.R_z,Shoulder.L_x,Shoulder.L_y,Shoulder.L_z,Elbow.L_x,Elbow.L_y,Elbow.L_z,Wrist.L_x,Wrist.L_y,Wrist.L_z,Neck_x,Neck_y,Neck_z,Head_x,Head_y,Head_z,Nose_x,Nose_y,Nose_z,Eye.L_x,Eye.L_y,Eye.L_z,Eye.R_x,Eye.R_y,Eye.R_z,Ear.L_x,Ear.L_y,Ear.L_z,Ear.R_x,Ear.R_y,Ear.R_z,hip.Center_x,hip.Center_y,hip.Center_z
0,0.28668708,-0.25590652,-0.32155624,0.27867723,0.17959401,-0.33390316,0.11484525,0.2234367,0.047022235,-0.13791567,0.25950435,-0.04380425,0.04552852,0.16970333,-0.43141127,0.14487953,-0.23793378,-0.31236866,0.61652124,0.83233744,0.049554933,0.37040332,0.7589428,0.13166514,0.10811944,0.67240435,0.15012252,-0.10526667,0.6514374,-0.024566906,0.015997715,0.7047544,-0.2661973,0.2352714,0.7871027,-0.39667132,-0.021448065,0.7071426,0.08049838,-0.12735276,0.8845318,0.13368289,-0.048888117,0.8817864,-0.00078176335,-0.1046865,0.87788904,0.025057694,-0.051810786,0.90845704,0.053736996,-0.14048058,0.799755,0.080795534,-0.028285995,0.8627641,0.14800467,-0.01153520867228508,0.24147051572799683,0.0016089919954538345
