frame,Ankle.R_x,Ankle.R_y,Ankle.R_z,Knee.R_x,Knee.R_y,Knee.R_z,Hip.R_x,Hip.R_y,Hip.R_z,Hip.L_x,Hip.L_y,Hip.L_z,Knee.L_x,Knee.L_y,Knee.L_z,Ankle.L_x,Ankle.L_y,Ankle.L_z,Wrist.R_x,Wrist.R_y,Wrist.R_z,Elbow.R_x,Elbow.R_y,Elbow.R_z,Shoulder.R_x,Shoulder.R_y,Shoulder.R_z,Shoulder.L_x,Shoulder.L_y,Shoulder.L_z,Elbow.L_x,Elbow.L_y,Elbow.L_z,Wrist.L_x,Wrist.L_y,Wrist.L_z,Neck_x,Neck_y,Neck_z,Head_x,Head_y,Head_z,Nose_x,Nose_y,Nose_z,Eye.L_x,Eye.L_y,Eye.L_z,Eye.R_x,Eye.R_y,Eye.R_z,Ear.L_x,Ear.L_y,Ear.L_z,Ear.R_x,Ear.R_y,Ear.R_z,hip.Center_x,hip.Center_y,hip.Center_z
0,0.36221746,0.099772766,-0.72151756,0.18232061,0.2922854,-0.36336786,0.13031708,0.22858685,0.015493263,-0.14224556,0.23544632,-0.009401359,0.029699828,0.19822776,-0.39505965,0.2554067,0.0012545988,-0.7342153,0.610884,0.82987976,-0.19032279,0.39079365,0.7595522,-0.043201804,0.14413336,0.65961796,-0.024496395,-0.105302766,0.6549928,-0.070821345,0.09106747,0.7466717,-0.21687679,0.3000359,0.8078761,-0.0505281,0.0061151795,0.69394994,-0.026466545,0.05107139,0.8644785,0.041432533,-0.09588229,0.8582033,-0.024618268,-0.063182965,0.85727835,0.028136462,-0.039882556,0.8852258,-0.02978079,-0.0051078945,0.78150725,0.0634262,0.056237735,0.83794725,-0.061104402,-0.005964241921901703,0.23201659321784973,0.003045951947569847
