frame,Ankle.R_x,Ankle.R_y,Ankle.R_z,Knee.R_x,Knee.R_y,Knee.R_z,Hip.R_x,Hip.R_y,Hip.R_z,Hip.L_x,Hip.L_y,Hip.L_z,Knee.L_x,Knee.L_y,Knee.L_z,Ankle.L_x,Ankle.L_y,Ankle.L_z,Wrist.R_x,Wrist.R_y,Wrist.R_z,Elbow.R_x,Elbow.R_y,Elbow.R_z,Shoulder.R_x,Shoulder.R_y,Shoulder.R_z,Shoulder.L_x,Shoulder.L_y,Shoulder.L_z,Elbow.L_x,Elbow.L_y,Elbow.L_z,Wrist.L_x,Wrist.L_y,Wrist.L_z,Neck_x,Neck_y,Neck_z,Head_x,Head_y,Head_z,Nose_x,Nose_y,Nose_z,Eye.L_x,Eye.L_y,Eye.L_z,Eye.R_x,Eye.R_y,Eye.R_z,Ear.L_x,Ear.L_y,Ear.L_z,Ear.R_x,Ear.R_y,Ear.R_z,hip.Center_x,hip.Center_y,hip.Center_z
0,0.25362387,-0.26496577,-0.34287107,0.35592768,0.13172163,-0.20799565,0.0732008,0.19670309,0.08914481,-0.10666055,0.28594998,-0.090520866,0.17617464,0.17518264,-0.39304814,0.15982617,-0.26306733,-0.38833734,0.60844594,0.77367365,0.09581067,0.36112565,0.71058863,0.17599243,0.09066857,0.6484686,0.18977664,-0.0779824,0.658695,-0.023590948,0.06673254,0.748727,-0.23528972,0.2860817,0.8244238,-0.3648419,-0.019321067,0.6975705,0.09878229,-0.13096678,0.8710296,0.14698473,-0.012412325,0.8871967,0.048475154,-0.07397196,0.8855311,0.05321808,-0.03246364,0.9013695,0.103899196,-0.13055296,0.80235636,0.073356435,-0.04517393,0.83410025,0.18511096,-0.016729876399040222,0.24132654070854187,-0.0006880275905132294
