frame,Ankle.R_x,Ankle.R_y,Ankle.R_z,Knee.R_x,Knee.R_y,Knee.R_z,Hip.R_x,Hip.R_y,Hip.R_z,Hip.L_x,Hip.L_y,Hip.L_z,Knee.L_x,Knee.L_y,Knee.L_z,Ankle.L_x,Ankle.L_y,Ankle.L_z,Wrist.R_x,Wrist.R_y,Wrist.R_z,Elbow.R_x,Elbow.R_y,Elbow.R_z,Shoulder.R_x,Shoulder.R_y,Shoulder.R_z,Shoulder.L_x,Shoulder.L_y,Shoulder.L_z,Elbow.L_x,Elbow.L_y,Elbow.L_z,Wrist.L_x,Wrist.L_y,Wrist.L_z,Neck_x,Neck_y,Neck_z,Head_x,Head_y,Head_z,Nose_x,Nose_y,Nose_z,Eye.L_x,Eye.L_y,Eye.L_z,Eye.R_x,Eye.R_y,Eye.R_z,Ear.L_x,Ear.L_y,Ear.L_z,Ear.R_x,Ear.R_y,Ear.R_z,hip.Center_x,hip.Center_y,hip.Center_z
0,0.24155246,-0.20700815,-0.3254823,0.33535492,0.203331,-0.24389845,0.087848864,0.20584193,0.08180916,-0.120616935,0.27362874,-0.07977984,0.15892653,0.1997842,-0.39176604,0.20950893,-0.23412628,-0.35595158,0.634748,0.745579,0.12212526,0.3776931,0.69913006,0.18475588,0.10478667,0.64784276,0.18592295,-0.058593642,0.674608,-0.030422363,0.12276294,0.7739462,-0.20573366,0.35220313,0.87137127,-0.3032021,-0.0034774644,0.7037541,0.09956078,-0.10724766,0.86821395,0.18136509,0.015790507,0.900421,0.09241512,-0.045923084,0.9025725,0.095613055,-0.0051878095,0.90109426,0.14925116,-0.10942508,0.8208773,0.09110783,-0.026035845,0.81667006,0.20912568,-0.016384035348892212,0.23973533511161804,0.00101466104388237
