frame,Ankle.R_x,Ankle.R_y,Ankle.R_z,Knee.R_x,Knee.R_y,Knee.R_z,Hip.R_x,Hip.R_y,Hip.R_z,Hip.L_x,Hip.L_y,Hip.L_z,Knee.L_x,Knee.L_y,Knee.L_z,Ankle.L_x,Ankle.L_y,Ankle.L_z,Wrist.R_x,Wrist.R_y,Wrist.R_z,Elbow.R_x,Elbow.R_y,Elbow.R_z,Shoulder.R_x,Shoulder.R_y,Shoulder.R_z,Shoulder.L_x,Shoulder.L_y,Shoulder.L_z,Elbow.L_x,Elbow.L_y,Elbow.L_z,Wrist.L_x,Wrist.L_y,Wrist.L_z,Neck_x,Neck_y,Neck_z,Head_x,Head_y,Head_z,Nose_x,Nose_y,Nose_z,Eye.L_x,Eye.L_y,Eye.L_z,Eye.R_x,Eye.R_y,Eye.R_z,Ear.L_x,Ear.L_y,Ear.L_z,Ear.R_x,Ear.R_y,Ear.R_z,hip.Center_x,hip.Center_y,hip.Center_z
0,0.25008404,-0.2022344,-0.34831133,0.329182,0.20926064,-0.25027654,0.090077125,0.20616493,0.080046505,-0.122198276,0.27358156,-0.077080764,0.14949597,0.19976853,-0.39558107,0.2135957,-0.23363762,-0.36383685,0.64557874,0.7441882,0.11933477,0.3873308,0.6999764,0.17964801,0.11463904,0.6488092,0.17926303,-0.05250132,0.675512,-0.034179974,0.12609379,0.7766268,-0.21059422,0.3525619,0.87393427,-0.31579503,0.0055090077,0.70502806,0.094342306,-0.095715724,0.86977035,0.17808639,0.025557265,0.901802,0.08662391,-0.036082968,0.9041294,0.09114219,0.005792409,0.902362,0.14393674,-0.10009299,0.8226298,0.08773023,-0.014085546,0.8178231,0.204074,-0.01606057584285736,0.2398732453584671,0.0014828704297542572
