frame,Ankle.R_x,Ankle.R_y,Ankle.R_z,Knee.R_x,Knee.R_y,Knee.R_z,Hip.R_x,Hip.R_y,Hip.R_z,Hip.L_x,Hip.L_y,Hip.L_z,Knee.L_x,Knee.L_y,Knee.L_z,Ankle.L_x,Ankle.L_y,Ankle.L_z,Wrist.R_x,Wrist.R_y,Wrist.R_z,Elbow.R_x,Elbow.R_y,Elbow.R_z,Shoulder.R_x,Shoulder.R_y,Shoulder.R_z,Shoulder.L_x,Shoulder.L_y,Shoulder.L_z,Elbow.L_x,Elbow.L_y,Elbow.L_z,Wrist.L_x,Wrist.L_y,Wrist.L_z,Neck_x,Neck_y,Neck_z,Head_x,Head_y,Head_z,Nose_x,Nose_y,Nose_z,Eye.L_x,Eye.L_y,Eye.L_z,Eye.R_x,Eye.R_y,Eye.R_z,Ear.L_x,Ear.L_y,Ear.L_z,Ear.R_x,Ear.R_y,Ear.R_z,hip.Center_x,hip.Center_y,hip.Center_z
0,0.3065437,-0.22885777,-0.31908697,0.32645735,0.20198719,-0.268452,0.09596876,0.21660325,0.07484545,-0.12810342,0.26261535,-0.07332252,0.1353172,0.21145405,-0.4064429,0.20388332,-0.20916826,-0.31315973,0.6358089,0.7119263,0.1584978,0.37144133,0.67691356,0.20343083,0.09559236,0.6387178,0.19927786,-0.07207977,0.6849845,-0.013694462,0.11503617,0.79789674,-0.17487352,0.34652597,0.90745455,-0.25947273,-0.013966773,0.70371705,0.118001714,-0.10285737,0.87056315,0.21672152,0.010000929,0.8985957,0.11372429,-0.050756484,0.9031294,0.12441108,-0.0041798875,0.8995081,0.17284156,-0.11761503,0.82454324,0.12675756,-0.021037377,0.8151958,0.23436697,-0.016067329794168472,0.23960930109024048,0.0007614642381668091
