frame,Ankle.R_x,Ankle.R_y,Ankle.R_z,Knee.R_x,Knee.R_y,Knee.R_z,Hip.R_x,Hip.R_y,Hip.R_z,Hip.L_x,Hip.L_y,Hip.L_z,Knee.L_x,Knee.L_y,Knee.L_z,Ankle.L_x,Ankle.L_y,Ankle.L_z,Wrist.R_x,Wrist.R_y,Wrist.R_z,Elbow.R_x,Elbow.R_y,Elbow.R_z,Shoulder.R_x,Shoulder.R_y,Shoulder.R_z,Shoulder.L_x,Shoulder.L_y,Shoulder.L_z,Elbow.L_x,Elbow.L_y,Elbow.L_z,Wrist.L_x,Wrist.L_y,Wrist.L_z,Neck_x,Neck_y,Neck_z,Head_x,Head_y,Head_z,Nose_x,Nose_y,Nose_z,Eye.L_x,Eye.L_y,Eye.L_z,Eye.R_x,Eye.R_y,Eye.R_z,Ear.L_x,Ear.L_y,Ear.L_z,Ear.R_x,Ear.R_y,Ear.R_z,hip.Center_x,hip.Center_y,hip.Center_z
0,0.22123799,-0.20908438,-0.2851424,0.31395876,0.20696893,-0.27941972,0.09575562,0.21350119,0.07552014,-0.12758575,0.26372162,-0.07231963,0.14144981,0.24092036,-0.3964831,0.20332143,-0.1780144,-0.30601627,0.64550674,0.701811,0.15579124,0.382686,0.66509825,0.19883983,0.10926288,0.630577,0.19255029,-0.05600169,0.6826952,-0.020334842,0.14160262,0.78816295,-0.17113617,0.38060507,0.89790875,-0.2256395,0.00021298043,0.70009184,0.114316635,-0.084626414,0.85786885,0.23015246,0.020945534,0.89697474,0.12312354,-0.039202876,0.8994616,0.13781163,0.010613255,0.892925,0.18264714,-0.104074866,0.8195703,0.13761774,-0.0013553277,0.8033182,0.2379212,-0.01591506600379944,0.2386114001274109,0.0016002580523490906
