frame,Ankle.R_x,Ankle.R_y,Ankle.R_z,Knee.R_x,Knee.R_y,Knee.R_z,Hip.R_x,Hip.R_y,Hip.R_z,Hip.L_x,Hip.L_y,Hip.L_z,Knee.L_x,Knee.L_y,Knee.L_z,Ankle.L_x,Ankle.L_y,Ankle.L_z,Wrist.R_x,Wrist.R_y,Wrist.R_z,Elbow.R_x,Elbow.R_y,Elbow.R_z,Shoulder.R_x,Shoulder.R_y,Shoulder.R_z,Shoulder.L_x,Shoulder.L_y,Shoulder.L_z,Elbow.L_x,Elbow.L_y,Elbow.L_z,Wrist.L_x,Wrist.L_y,Wrist.L_z,Neck_x,Neck_y,Neck_z,Head_x,Head_y,Head_z,Nose_x,Nose_y,Nose_z,Eye.L_x,Eye.L_y,Eye.L_z,Eye.R_x,Eye.R_y,Eye.R_z,Ear.L_x,Ear.L_y,Ear.L_z,Ear.R_x,Ear.R_y,Ear.R_z,hip.Center_x,hip.Center_y,hip.Center_z
0,0.37501943,0.13142969,0.109319404,0.066039115,0.1446455,0.36752155,0.001134071,0.094650924,-0.06436275,-0.03159837,0.35938436,-0.023174306,0.03685741,0.3222046,0.38244522,0.2687143,0.3730022,0.047457866,-0.025234068,-0.079261184,-0.35281476,-0.2621417,0.0017401214,-0.31432375,-0.40848792,0.04622125,-0.07649753,-0.399349,0.31712627,-0.002876087,-0.22178742,0.39496726,-0.2055403,-0.11806333,0.55074,-0.05193393,-0.46851385,0.17007017,-0.00095696095,-0.5950041,0.25102115,0.122991204,-0.6364236,0.21102825,-0.02372349,-0.6552137,0.20843329,0.032672957,-0.6104088,0.25284213,0.009232283,-0.6115298,0.14884491,0.11116985,-0.51781195,0.24643129,0.058727942,-0.015232149511575699,0.22701764106750488,-0.04376852884888649
