frame,Ankle.R_x,Ankle.R_y,Ankle.R_z,Knee.R_x,Knee.R_y,Knee.R_z,Hip.R_x,Hip.R_y,Hip.R_z,Hip.L_x,Hip.L_y,Hip.L_z,Knee.L_x,Knee.L_y,Knee.L_z,Ankle.L_x,Ankle.L_y,Ankle.L_z,Wrist.R_x,Wrist.R_y,Wrist.R_z,Elbow.R_x,Elbow.R_y,Elbow.R_z,Shoulder.R_x,Shoulder.R_y,Shoulder.R_z,Shoulder.L_x,Shoulder.L_y,Shoulder.L_z,Elbow.L_x,Elbow.L_y,Elbow.L_z,Wrist.L_x,Wrist.L_y,Wrist.L_z,Neck_x,Neck_y,Neck_z,Head_x,Head_y,Head_z,Nose_x,Nose_y,Nose_z,Eye.L_x,Eye.L_y,Eye.L_z,Eye.R_x,Eye.R_y,Eye.R_z,Ear.L_x,Ear.L_y,Ear.L_z,Ear.R_x,Ear.R_y,Ear.R_z,hip.Center_x,hip.Center_y,hip.Center_z
0,0.5989149,0.1256501,0.09106797,0.221254,0.0057043885,0.25333884,-0.014290518,0.10922359,-0.080407105,-0.032003723,0.3583138,0.008712783,0.18906197,0.3200122,0.35507244,0.49897626,0.438428,0.08038136,0.05170915,-0.15925238,-0.109121464,-0.18201506,-0.05138336,-0.18044776,-0.43033716,0.07950029,-0.1107486,-0.43525517,0.35384175,0.016480483,-0.19936933,0.51658183,0.04645998,-0.012282925,0.66053295,0.16123658,-0.5034381,0.22280717,-0.042604752,-0.6722776,0.30859828,-0.12732604,-0.7034317,0.21579024,-0.0042514578,-0.7039485,0.27410847,-0.02495256,-0.70743513,0.22074741,-0.06487096,-0.6204797,0.33173183,-0.040320717,-0.62591565,0.21915652,-0.13212307,-0.02314712107181549,0.23376870155334473,-0.03584716096520424
