frame,Ankle.R_x,Ankle.R_y,Ankle.R_z,Knee.R_x,Knee.R_y,Knee.R_z,Hip.R_x,Hip.R_y,Hip.R_z,Hip.L_x,Hip.L_y,Hip.L_z,Knee.L_x,Knee.L_y,Knee.L_z,Ankle.L_x,Ankle.L_y,Ankle.L_z,Wrist.R_x,Wrist.R_y,Wrist.R_z,Elbow.R_x,Elbow.R_y,Elbow.R_z,Shoulder.R_x,Shoulder.R_y,Shoulder.R_z,Shoulder.L_x,Shoulder.L_y,Shoulder.L_z,Elbow.L_x,Elbow.L_y,Elbow.L_z,Wrist.L_x,Wrist.L_y,Wrist.L_z,Neck_x,Neck_y,Neck_z,Head_x,Head_y,Head_z,Nose_x,Nose_y,Nose_z,Eye.L_x,Eye.L_y,Eye.L_z,Eye.R_x,Eye.R_y,Eye.R_z,Ear.L_x,Ear.L_y,Ear.L_z,Ear.R_x,Ear.R_y,Ear.R_z,hip.Center_x,hip.Center_y,hip.Center_z
0,0.20550206,-0.033989765,-0.25971708,0.121749215,0.36830065,-0.2895576,0.08852443,0.21269065,0.08885963,-0.11465091,0.25101966,-0.096410364,0.27791852,0.3319219,-0.12603149,0.31708857,-0.040525384,-0.342684,0.59056145,0.6858161,-0.055576593,0.37326428,0.668676,0.110172756,0.09180643,0.6449682,0.1000198,-0.04797694,0.65803236,-0.1292956,0.15808028,0.81155366,-0.17038843,0.3702677,0.88426113,-0.022489138,-0.002425355,0.6868897,-0.0065221004,-0.1236329,0.8435222,-0.002762503,0.029309005,0.87857354,0.004994124,-0.023141965,0.88484013,-0.029431425,-0.021395996,0.87288374,0.03704027,-0.070617065,0.81039613,-0.083182305,-0.07286972,0.78233135,0.059710473,-0.013063240796327591,0.23185515403747559,-0.003775365650653839
