frame,Ankle.R_x,Ankle.R_y,Ankle.R_z,Knee.R_x,Knee.R_y,Knee.R_z,Hip.R_x,Hip.R_y,Hip.R_z,Hip.L_x,Hip.L_y,Hip.L_z,Knee.L_x,Knee.L_y,Knee.L_z,Ankle.L_x,Ankle.L_y,Ankle.L_z,Wrist.R_x,Wrist.R_y,Wrist.R_z,Elbow.R_x,Elbow.R_y,Elbow.R_z,Shoulder.R_x,Shoulder.R_y,Shoulder.R_z,Shoulder.L_x,Shoulder.L_y,Shoulder.L_z,Elbow.L_x,Elbow.L_y,Elbow.L_z,Wrist.L_x,Wrist.L_y,Wrist.L_z,Neck_x,Neck_y,Neck_z,Head_x,Head_y,Head_z,Nose_x,Nose_y,Nose_z,Eye.L_x,Eye.L_y,Eye.L_z,Eye.R_x,Eye.R_y,Eye.R_z,Ear.L_x,Ear.L_y,Ear.L_z,Ear.R_x,Ear.R_y,Ear.R_z,hip.Center_x,hip.Center_y,hip.Center_z
0,0.31916207,-0.22632892,-0.310241,0.31119445,0.20481926,-0.29720083,0.10572034,0.22576916,0.06223509,-0.1338607,0.24956933,-0.061216168,0.10209869,0.17661029,-0.4194549,0.205201,-0.22776087,-0.29730156,0.6252189,0.68498564,0.15474406,0.36567125,0.6456166,0.2158683,0.090681314,0.6204901,0.2109412,-0.060259987,0.6936457,0.006367863,0.13752362,0.8151457,-0.13118072,0.38469857,0.8977202,-0.19562283,-0.0081368275,0.6970613,0.13342893,-0.09355495,0.8542575,0.23745528,0.015241712,0.8927381,0.13310064,-0.045053393,0.89321685,0.14522552,0.0026675314,0.8911046,0.19238539,-0.10697301,0.8109793,0.14638905,-0.007681474,0.80351937,0.25125575,-0.014070183038711548,0.23766924440860748,0.0005094613879919052
