frame,Ankle.R_x,Ankle.R_y,Ankle.R_z,Knee.R_x,Knee.R_y,Knee.R_z,Hip.R_x,Hip.R_y,Hip.R_z,Hip.L_x,Hip.L_y,Hip.L_z,Knee.L_x,Knee.L_y,Knee.L_z,Ankle.L_x,Ankle.L_y,Ankle.L_z,Wrist.R_x,Wrist.R_y,Wrist.R_z,Elbow.R_x,Elbow.R_y,Elbow.R_z,Shoulder.R_x,Shoulder.R_y,Shoulder.R_z,Shoulder.L_x,Shoulder.L_y,Shoulder.L_z,Elbow.L_x,Elbow.L_y,Elbow.L_z,Wrist.L_x,Wrist.L_y,Wrist.L_z,Neck_x,Neck_y,Neck_z,Head_x,Head_y,Head_z,Nose_x,Nose_y,Nose_z,Eye.L_x,Eye.L_y,Eye.L_z,Eye.R_x,Eye.R_y,Eye.R_z,Ear.L_x,Ear.L_y,Ear.L_z,Ear.R_x,Ear.R_y,Ear.R_z,hip.Center_x,hip.Center_y,hip.Center_z
0,0.24668874,-0.22995123,-0.25764164,0.29642645,0.1915107,-0.31845957,0.108599424,0.22540596,0.058800183,-0.13531405,0.25116095,-0.05633704,0.09666604,0.20807892,-0.42117032,0.20182255,-0.18803069,-0.27859333,0.6423,0.6677208,0.1755914,0.37721816,0.6281956,0.21627325,0.100408316,0.61987823,0.20922741,-0.05316338,0.6963667,0.0072918665,0.16023357,0.8147261,-0.10801455,0.41339517,0.90884376,-0.11936653,-0.0018730783,0.69917357,0.13641936,-0.07597108,0.84605527,0.26430172,0.014463864,0.89679426,0.14777456,-0.043515332,0.8942839,0.16925484,0.011223443,0.8900872,0.20810287,-0.102197,0.8099105,0.17234509,0.011824504,0.7974758,0.26059368,-0.013357311487197876,0.2382834553718567,0.0012315716594457626
