frame,Ankle.R_x,Ankle.R_y,Ankle.R_z,Knee.R_x,Knee.R_y,Knee.R_z,Hip.R_x,Hip.R_y,Hip.R_z,Hip.L_x,Hip.L_y,Hip.L_z,Knee.L_x,Knee.L_y,Knee.L_z,Ankle.L_x,Ankle.L_y,Ankle.L_z,Wrist.R_x,Wrist.R_y,Wrist.R_z,Elbow.R_x,Elbow.R_y,Elbow.R_z,Shoulder.R_x,Shoulder.R_y,Shoulder.R_z,Shoulder.L_x,Shoulder.L_y,Shoulder.L_z,Elbow.L_x,Elbow.L_y,Elbow.L_z,Wrist.L_x,Wrist.L_y,Wrist.L_z,Neck_x,Neck_y,Neck_z,Head_x,Head_y,Head_z,Nose_x,Nose_y,Nose_z,Eye.L_x,Eye.L_y,Eye.L_z,Eye.R_x,Eye.R_y,Eye.R_z,Ear.L_x,Ear.L_y,Ear.L_z,Ear.R_x,Ear.R_y,Ear.R_z,hip.Center_x,hip.Center_y,hip.Center_z
0,0.31835073,-0.22624665,-0.24871394,0.28665587,0.19724819,-0.32316566,0.11005922,0.22904946,0.0564927,-0.1380307,0.25058207,-0.052188776,0.082010835,0.23136777,-0.4182945,0.21748726,-0.1541222,-0.2814772,0.65840596,0.6257701,0.19879906,0.39496243,0.5806155,0.2460139,0.1183157,0.5964754,0.22323972,-0.025103081,0.7088369,0.024421364,0.18784249,0.83429265,-0.08880085,0.44311145,0.9123057,-0.048935283,0.022985084,0.69221926,0.15424411,-0.06602416,0.8182565,0.28866997,0.02042082,0.8919785,0.18065941,-0.03744577,0.8786699,0.19903477,0.016024068,0.88001287,0.24032487,-0.08235572,0.786132,0.19313031,0.030351475,0.78404665,0.28638244,-0.013985738158226013,0.23981577157974243,0.0021519623696804047
