frame,Ankle.R_x,Ankle.R_y,Ankle.R_z,Knee.R_x,Knee.R_y,Knee.R_z,Hip.R_x,Hip.R_y,Hip.R_z,Hip.L_x,Hip.L_y,Hip.L_z,Knee.L_x,Knee.L_y,Knee.L_z,Ankle.L_x,Ankle.L_y,Ankle.L_z,Wrist.R_x,Wrist.R_y,Wrist.R_z,Elbow.R_x,Elbow.R_y,Elbow.R_z,Shoulder.R_x,Shoulder.R_y,Shoulder.R_z,Shoulder.L_x,Shoulder.L_y,Shoulder.L_z,Elbow.L_x,Elbow.L_y,Elbow.L_z,Wrist.L_x,Wrist.L_y,Wrist.L_z,Neck_x,Neck_y,Neck_z,Head_x,Head_y,Head_z,Nose_x,Nose_y,Nose_z,Eye.L_x,Eye.L_y,Eye.L_z,Eye.R_x,Eye.R_y,Eye.R_z,Ear.L_x,Ear.L_y,Ear.L_z,Ear.R_x,Ear.R_y,Ear.R_z,hip.Center_x,hip.Center_y,hip.Center_z
0,0.24416605,0.14734279,-0.09229458,0.035808083,0.48260766,-0.11835493,-0.0026620403,0.23322308,0.121145085,-0.032981686,0.2226425,-0.15706238,0.29737645,0.27758217,0.12609331,0.28885335,0.019154519,-0.19013232,0.5365596,0.6407346,-0.0119753415,0.30707052,0.6014775,0.1314992,0.023633644,0.60267794,0.13248526,-0.06555688,0.6648465,-0.123463646,0.1371698,0.8129918,-0.21426256,0.34404492,0.8748778,-0.055994984,-0.048744634,0.67130274,0.014670802,-0.17763904,0.82335305,-0.013690434,-0.02980265,0.8683236,0.017251823,-0.07454865,0.8653698,-0.028543059,-0.08625546,0.8658042,0.03905371,-0.109393924,0.77986157,-0.07291748,-0.13916463,0.7770245,0.06960734,-0.017821863293647766,0.22793278098106384,-0.01795864850282669
