frame,Ankle.R_x,Ankle.R_y,Ankle.R_z,Knee.R_x,Knee.R_y,Knee.R_z,Hip.R_x,Hip.R_y,Hip.R_z,Hip.L_x,Hip.L_y,Hip.L_z,Knee.L_x,Knee.L_y,Knee.L_z,Ankle.L_x,Ankle.L_y,Ankle.L_z,Wrist.R_x,Wrist.R_y,Wrist.R_z,Elbow.R_x,Elbow.R_y,Elbow.R_z,Shoulder.R_x,Shoulder.R_y,Shoulder.R_z,Shoulder.L_x,Shoulder.L_y,Shoulder.L_z,Elbow.L_x,Elbow.L_y,Elbow.L_z,Wrist.L_x,Wrist.L_y,Wrist.L_z,Neck_x,Neck_y,Neck_z,Head_x,Head_y,Head_z,Nose_x,Nose_y,Nose_z,Eye.L_x,Eye.L_y,Eye.L_z,Eye.R_x,Eye.R_y,Eye.R_z,Ear.L_x,Ear.L_y,Ear.L_z,Ear.R_x,Ear.R_y,Ear.R_z,hip.Center_x,hip.Center_y,hip.Center_z
0,0.29945385,0.1077153,-0.3136605,0.10859582,0.4482012,-0.18862322,0.068408266,0.20174341,0.10222402,-0.10440905,0.24332593,-0.11343514,0.10768604,0.44697168,0.059692327,0.27497062,0.21064538,-0.22921771,0.60184836,0.61467284,-0.02891109,0.36629343,0.5774069,0.09691667,0.09439046,0.5799109,0.119889356,-0.0077263545,0.6468866,-0.11778593,0.18761927,0.8033898,-0.092784904,0.40566963,0.8647978,0.050081998,0.011283877,0.6539677,0.015443277,-0.105642445,0.80427724,0.08611656,0.03373778,0.8481691,0.033211857,-0.027726293,0.85243475,0.02228126,0.0019271672,0.839607,0.082031,-0.08839841,0.7777399,-0.009628966,-0.031790584,0.746462,0.120097294,-0.018000390380620956,0.2225346714258194,-0.005605559796094894
