frame,Ankle.R_x,Ankle.R_y,Ankle.R_z,Knee.R_x,Knee.R_y,Knee.R_z,Hip.R_x,Hip.R_y,Hip.R_z,Hip.L_x,Hip.L_y,Hip.L_z,Knee.L_x,Knee.L_y,Knee.L_z,Ankle.L_x,Ankle.L_y,Ankle.L_z,Wrist.R_x,Wrist.R_y,Wrist.R_z,Elbow.R_x,Elbow.R_y,Elbow.R_z,Shoulder.R_x,Shoulder.R_y,Shoulder.R_z,Shoulder.L_x,Shoulder.L_y,Shoulder.L_z,Elbow.L_x,Elbow.L_y,Elbow.L_z,Wrist.L_x,Wrist.L_y,Wrist.L_z,Neck_x,Neck_y,Neck_z,Head_x,Head_y,Head_z,Nose_x,Nose_y,Nose_z,Eye.L_x,Eye.L_y,Eye.L_z,Eye.R_x,Eye.R_y,Eye.R_z,Ear.L_x,Ear.L_y,Ear.L_z,Ear.R_x,Ear.R_y,Ear.R_z,hip.Center_x,hip.Center_y,hip.Center_z
0,0.33781695,-0.22716749,-0.28577688,0.34574404,0.20454147,-0.2483431,0.09226505,0.2085146,0.075651065,-0.1282582,0.26890194,-0.07213886,0.15136376,0.27701297,-0.38925317,0.23977666,-0.14499405,-0.33481148,0.6616413,0.55586797,0.22477457,0.39711937,0.51985145,0.27655342,0.12126103,0.5709003,0.25283793,-0.0012889239,0.70453596,0.053302452,0.22527477,0.8327699,-0.022158379,0.48653883,0.87816775,0.029670542,0.03272228,0.67649436,0.18344647,-0.07540962,0.79115236,0.3121906,0.022522032,0.8741652,0.2222907,-0.03705789,0.85859585,0.23175141,0.010720834,0.857329,0.2797543,-0.07874538,0.7663721,0.21317604,0.02109997,0.7582154,0.32032824,-0.01799657568335533,0.2387082725763321,0.0017561018466949463
