frame,Ankle.R_x,Ankle.R_y,Ankle.R_z,Knee.R_x,Knee.R_y,Knee.R_z,Hip.R_x,Hip.R_y,Hip.R_z,Hip.L_x,Hip.L_y,Hip.L_z,Knee.L_x,Knee.L_y,Knee.L_z,Ankle.L_x,Ankle.L_y,Ankle.L_z,Wrist.R_x,Wrist.R_y,Wrist.R_z,Elbow.R_x,Elbow.R_y,Elbow.R_z,Shoulder.R_x,Shoulder.R_y,Shoulder.R_z,Shoulder.L_x,Shoulder.L_y,Shoulder.L_z,Elbow.L_x,Elbow.L_y,Elbow.L_z,Wrist.L_x,Wrist.L_y,Wrist.L_z,Neck_x,Neck_y,Neck_z,Head_x,Head_y,Head_z,Nose_x,Nose_y,Nose_z,Eye.L_x,Eye.L_y,Eye.L_z,Eye.R_x,Eye.R_y,Eye.R_z,Ear.L_x,Ear.L_y,Ear.L_z,Ear.R_x,Ear.R_y,Ear.R_z,hip.Center_x,hip.Center_y,hip.Center_z
0,0.2036823,0.2010111,0.0062675606,-0.0366927,0.5168454,0.064987354,-0.09576276,0.22675402,0.08461003,0.059002705,0.22938113,-0.15230477,0.24045372,0.28330657,0.23961149,0.2650973,0.056953505,-0.10074612,0.49299031,0.57858247,-0.0063644345,0.25892302,0.56049037,0.13829623,-0.023225399,0.5801405,0.15930389,-0.057237715,0.6849812,-0.10025151,0.13379233,0.8183153,-0.24617456,0.33104718,0.84440666,-0.06756802,-0.0753515,0.6729216,0.04023949,-0.21737556,0.8224946,0.007730523,-0.06807566,0.8668221,0.024606697,-0.11538121,0.85734034,-0.018451735,-0.124162644,0.8698325,0.04896996,-0.15279625,0.76587373,-0.044255912,-0.17761889,0.79021543,0.09796251,-0.018380027264356613,0.2280675768852234,-0.033847369253635406
