frame,Ankle.R_x,Ankle.R_y,Ankle.R_z,Knee.R_x,Knee.R_y,Knee.R_z,Hip.R_x,Hip.R_y,Hip.R_z,Hip.L_x,Hip.L_y,Hip.L_z,Knee.L_x,Knee.L_y,Knee.L_z,Ankle.L_x,Ankle.L_y,Ankle.L_z,Wrist.R_x,Wrist.R_y,Wrist.R_z,Elbow.R_x,Elbow.R_y,Elbow.R_z,Shoulder.R_x,Shoulder.R_y,Shoulder.R_z,Shoulder.L_x,Shoulder.L_y,Shoulder.L_z,Elbow.L_x,Elbow.L_y,Elbow.L_z,Wrist.L_x,Wrist.L_y,Wrist.L_z,Neck_x,Neck_y,Neck_z,Head_x,Head_y,Head_z,Nose_x,Nose_y,Nose_z,Eye.L_x,Eye.L_y,Eye.L_z,Eye.R_x,Eye.R_y,Eye.R_z,Ear.L_x,Ear.L_y,Ear.L_z,Ear.R_x,Ear.R_y,Ear.R_z,hip.Center_x,hip.Center_y,hip.Center_z
0,0.30971587,-0.17510918,-0.35823977,0.34475195,0.24086767,-0.24688712,0.09231308,0.20656961,0.0763237,-0.12847544,0.26625103,-0.07261398,0.16333377,0.29827493,-0.38006166,0.18596469,-0.13001284,-0.32964042,0.63602406,0.5563719,0.21939598,0.3755516,0.51777947,0.28511646,0.099918574,0.5749446,0.25344175,-0.01791337,0.6978067,0.04293198,0.20559157,0.82010204,-0.056375373,0.46859348,0.86702776,-0.021900851,0.013292877,0.6770587,0.17633879,-0.09640416,0.80444,0.29353184,0.01361087,0.87614954,0.20830658,-0.04746461,0.8658937,0.21399438,-0.0031149238,0.8621145,0.26502365,-0.09561692,0.77688223,0.19514911,-0.0039318055,0.76412433,0.30853233,-0.0180811807513237,0.23641031980514526,0.00185486301779747
