frame,Ankle.R_x,Ankle.R_y,Ankle.R_z,Knee.R_x,Knee.R_y,Knee.R_z,Hip.R_x,Hip.R_y,Hip.R_z,Hip.L_x,Hip.L_y,Hip.L_z,Knee.L_x,Knee.L_y,Knee.L_z,Ankle.L_x,Ankle.L_y,Ankle.L_z,Wrist.R_x,Wrist.R_y,Wrist.R_z,Elbow.R_x,Elbow.R_y,Elbow.R_z,Shoulder.R_x,Shoulder.R_y,Shoulder.R_z,Shoulder.L_x,Shoulder.L_y,Shoulder.L_z,Elbow.L_x,Elbow.L_y,Elbow.L_z,Wrist.L_x,Wrist.L_y,Wrist.L_z,Neck_x,Neck_y,Neck_z,Head_x,Head_y,Head_z,Nose_x,Nose_y,Nose_z,Eye.L_x,Eye.L_y,Eye.L_z,Eye.R_x,Eye.R_y,Eye.R_z,Ear.L_x,Ear.L_y,Ear.L_z,Ear.R_x,Ear.R_y,Ear.R_z,hip.Center_x,hip.Center_y,hip.Center_z
0,0.33495143,-0.08526693,-0.485982,0.36096346,0.22271733,-0.18579811,0.07238489,0.1819143,0.08495671,-0.11459686,0.29046863,-0.08113316,0.2028056,0.32747644,-0.33419198,0.28199095,-0.078543834,-0.47247422,0.6708351,0.50798595,0.23504281,0.40931574,0.4727497,0.2918937,0.1354067,0.5355961,0.2755989,0.020320782,0.68724483,0.08027767,0.2560153,0.8066748,0.0238286,0.5050446,0.8373522,0.118740164,0.050667882,0.6495788,0.21030787,-0.053722143,0.7641751,0.34455147,0.04924716,0.8455448,0.25893342,-0.011299282,0.8331437,0.26702532,0.03632471,0.8263048,0.31488895,-0.05908364,0.7450057,0.24421427,0.04062894,0.7249192,0.35078824,-0.021105986088514328,0.23619146645069122,0.0019117780029773712
