frame,Ankle.R_x,Ankle.R_y,Ankle.R_z,Knee.R_x,Knee.R_y,Knee.R_z,Hip.R_x,Hip.R_y,Hip.R_z,Hip.L_x,Hip.L_y,Hip.L_z,Knee.L_x,Knee.L_y,Knee.L_z,Ankle.L_x,Ankle.L_y,Ankle.L_z,Wrist.R_x,Wrist.R_y,Wrist.R_z,Elbow.R_x,Elbow.R_y,Elbow.R_z,Shoulder.R_x,Shoulder.R_y,Shoulder.R_z,Shoulder.L_x,Shoulder.L_y,Shoulder.L_z,Elbow.L_x,Elbow.L_y,Elbow.L_z,Wrist.L_x,Wrist.L_y,Wrist.L_z,Neck_x,Neck_y,Neck_z,Head_x,Head_y,Head_z,Nose_x,Nose_y,Nose_z,Eye.L_x,Eye.L_y,Eye.L_z,Eye.R_x,Eye.R_y,Eye.R_z,Ear.L_x,Ear.L_y,Ear.L_z,Ear.R_x,Ear.R_y,Ear.R_z,hip.Center_x,hip.Center_y,hip.Center_z
0,0.33850968,-0.13891584,-0.43340802,0.37689286,0.1936758,-0.16854718,0.06832477,0.18739933,0.08958548,-0.11317073,0.2838948,-0.08872359,0.20638753,0.33067375,-0.33558568,0.26470077,-0.08264109,-0.44442567,0.62973815,0.50409865,0.24511817,0.3682421,0.4785644,0.3010348,0.09477652,0.5452345,0.27695265,-0.010950249,0.6866097,0.07052649,0.21869898,0.80336773,-0.0210679,0.47812933,0.83008635,0.03404447,0.013724415,0.65462345,0.20319928,-0.09963432,0.77598214,0.31968576,0.022166982,0.8493328,0.25392634,-0.039504215,0.8428242,0.252328,-0.00080016255,0.8298762,0.3062055,-0.09162706,0.7605093,0.21864212,-0.011506841,0.7280466,0.33733836,-0.02242298051714897,0.2356470674276352,0.0004309453070163727
