frame,Ankle.R_x,Ankle.R_y,Ankle.R_z,Knee.R_x,Knee.R_y,Knee.R_z,Hip.R_x,Hip.R_y,Hip.R_z,Hip.L_x,Hip.L_y,Hip.L_z,Knee.L_x,Knee.L_y,Knee.L_z,Ankle.L_x,Ankle.L_y,Ankle.L_z,Wrist.R_x,Wrist.R_y,Wrist.R_z,Elbow.R_x,Elbow.R_y,Elbow.R_z,Shoulder.R_x,Shoulder.R_y,Shoulder.R_z,Shoulder.L_x,Shoulder.L_y,Shoulder.L_z,Elbow.L_x,Elbow.L_y,Elbow.L_z,Wrist.L_x,Wrist.L_y,Wrist.L_z,Neck_x,Neck_y,Neck_z,Head_x,Head_y,Head_z,Nose_x,Nose_y,Nose_z,Eye.L_x,Eye.L_y,Eye.L_z,Eye.R_x,Eye.R_y,Eye.R_z,Ear.L_x,Ear.L_y,Ear.L_z,Ear.R_x,Ear.R_y,Ear.R_z,hip.Center_x,hip.Center_y,hip.Center_z
0,0.35199744,-0.21263242,-0.32304534,0.3909674,0.1662745,-0.12826528,0.061079405,0.1908975,0.09371577,-0.108109914,0.28602228,-0.096010864,0.23320033,0.30363452,-0.3198885,0.29865307,-0.11291005,-0.42124525,0.65253764,0.51154137,0.22892621,0.39221168,0.4725337,0.2866395,0.11867094,0.537164,0.271944,0.008561175,0.69056726,0.07600263,0.24571651,0.8045646,0.01247127,0.5014769,0.83124644,0.08608305,0.03575638,0.65197664,0.20768498,-0.07317958,0.7668835,0.33867627,0.037950918,0.8464801,0.26211604,-0.023275241,0.83633703,0.2660981,0.020626038,0.8262979,0.31663448,-0.07248849,0.75074816,0.23773019,0.018704474,0.7239821,0.34978235,-0.023515254259109497,0.23845988512039185,-0.001147545874118805
