frame,Ankle.R_x,Ankle.R_y,Ankle.R_z,Knee.R_x,Knee.R_y,Knee.R_z,Hip.R_x,Hip.R_y,Hip.R_z,Hip.L_x,Hip.L_y,Hip.L_z,Knee.L_x,Knee.L_y,Knee.L_z,Ankle.L_x,Ankle.L_y,Ankle.L_z,Wrist.R_x,Wrist.R_y,Wrist.R_z,Elbow.R_x,Elbow.R_y,Elbow.R_z,Shoulder.R_x,Shoulder.R_y,Shoulder.R_z,Shoulder.L_x,Shoulder.L_y,Shoulder.L_z,Elbow.L_x,Elbow.L_y,Elbow.L_z,Wrist.L_x,Wrist.L_y,Wrist.L_z,Neck_x,Neck_y,Neck_z,Head_x,Head_y,Head_z,Nose_x,Nose_y,Nose_z,Eye.L_x,Eye.L_y,Eye.L_z,Eye.R_x,Eye.R_y,Eye.R_z,Ear.L_x,Ear.L_y,Ear.L_z,Ear.R_x,Ear.R_y,Ear.R_z,hip.Center_x,hip.Center_y,hip.Center_z
0,0.2167014,0.13770075,0.07585481,-0.02355968,0.29681104,0.35236377,-0.12874739,0.20053124,0.023702988,0.11103035,0.25849143,-0.10313752,-0.107726626,0.3364434,0.19735695,0.18369892,0.17017998,-0.0059681246,0.52792966,0.5431203,0.070482746,0.28123814,0.5099945,0.1829425,0.0038266089,0.56374663,0.21692273,-0.054906674,0.68584025,-0.012288405,0.14932042,0.8019591,-0.14153041,0.35947365,0.8231497,0.022254324,-0.056635495,0.65621656,0.116435125,-0.19553626,0.7943952,0.10440889,-0.04690206,0.8441299,0.09566453,-0.09795019,0.83263814,0.0615312,-0.096845925,0.84600675,0.12896407,-0.13819961,0.74078214,0.042096436,-0.14013804,0.765051,0.18737218,-0.008858520537614822,0.2295113354921341,-0.03971726819872856
