frame,Ankle.R_x,Ankle.R_y,Ankle.R_z,Knee.R_x,Knee.R_y,Knee.R_z,Hip.R_x,Hip.R_y,Hip.R_z,Hip.L_x,Hip.L_y,Hip.L_z,Knee.L_x,Knee.L_y,Knee.L_z,Ankle.L_x,Ankle.L_y,Ankle.L_z,Wrist.R_x,Wrist.R_y,Wrist.R_z,Elbow.R_x,Elbow.R_y,Elbow.R_z,Shoulder.R_x,Shoulder.R_y,Shoulder.R_z,Shoulder.L_x,Shoulder.L_y,Shoulder.L_z,Elbow.L_x,Elbow.L_y,Elbow.L_z,Wrist.L_x,Wrist.L_y,Wrist.L_z,Neck_x,Neck_y,Neck_z,Head_x,Head_y,Head_z,Nose_x,Nose_y,Nose_z,Eye.L_x,Eye.L_y,Eye.L_z,Eye.R_x,Eye.R_y,Eye.R_z,Ear.L_x,Ear.L_y,Ear.L_z,Ear.R_x,Ear.R_y,Ear.R_z,hip.Center_x,hip.Center_y,hip.Center_z
0,0.1624651,0.08848306,0.08424552,-0.08350679,0.23083566,0.3715282,-0.13367942,0.20804155,0.0013702144,0.1266172,0.2547168,-0.080204755,-0.15414523,0.3000611,0.19618627,0.15648651,0.11643857,0.037427556,0.5014683,0.47922873,0.11001295,0.24526964,0.45184645,0.1935768,-0.02622923,0.53013253,0.24413997,-0.08190414,0.6814799,0.035155937,0.12518829,0.7628758,-0.11277641,0.32811236,0.76944315,0.054730892,-0.084928416,0.6361694,0.15794252,-0.2197868,0.77555007,0.15497896,-0.07085739,0.8174722,0.12400808,-0.1251601,0.8031033,0.0976519,-0.11663079,0.82630056,0.16183454,-0.17075175,0.7115308,0.096763104,-0.15546969,0.7554554,0.23656161,-0.0035311132669448853,0.2313791811466217,-0.03941727057099342
