frame,Ankle.R_x,Ankle.R_y,Ankle.R_z,Knee.R_x,Knee.R_y,Knee.R_z,Hip.R_x,Hip.R_y,Hip.R_z,Hip.L_x,Hip.L_y,Hip.L_z,Knee.L_x,Knee.L_y,Knee.L_z,Ankle.L_x,Ankle.L_y,Ankle.L_z,Wrist.R_x,Wrist.R_y,Wrist.R_z,Elbow.R_x,Elbow.R_y,Elbow.R_z,Shoulder.R_x,Shoulder.R_y,Shoulder.R_z,Shoulder.L_x,Shoulder.L_y,Shoulder.L_z,Elbow.L_x,Elbow.L_y,Elbow.L_z,Wrist.L_x,Wrist.L_y,Wrist.L_z,Neck_x,Neck_y,Neck_z,Head_x,Head_y,Head_z,Nose_x,Nose_y,Nose_z,Eye.L_x,Eye.L_y,Eye.L_z,Eye.R_x,Eye.R_y,Eye.R_z,Ear.L_x,Ear.L_y,Ear.L_z,Ear.R_x,Ear.R_y,Ear.R_z,hip.Center_x,hip.Center_y,hip.Center_z
0,0.33783588,-0.08665382,-0.3932914,0.39993495,0.1816422,-0.066673115,0.03753076,0.16732058,0.09642862,-0.08999736,0.30684996,-0.101910174,0.29046687,0.3380637,-0.24593896,0.28753474,-0.029260062,-0.4829857,0.6187718,0.43212712,0.26966417,0.3528738,0.41910857,0.31848225,0.08227728,0.5129316,0.3070897,-0.0053314073,0.6750996,0.09448914,0.23380171,0.774178,-0.00061056647,0.4902561,0.7916006,0.07286112,0.006292627,0.6358006,0.23611309,-0.12224518,0.75926095,0.35101584,0.015701503,0.82264423,0.31570882,-0.045493677,0.8246759,0.30372402,-0.018093705,0.8005173,0.3607322,-0.09886995,0.7537052,0.25124785,-0.045332775,0.698333,0.3758436,-0.02623329870402813,0.2370852679014206,-0.0027407780289649963
