frame,Ankle.R_x,Ankle.R_y,Ankle.R_z,Knee.R_x,Knee.R_y,Knee.R_z,Hip.R_x,Hip.R_y,Hip.R_z,Hip.L_x,Hip.L_y,Hip.L_z,Knee.L_x,Knee.L_y,Knee.L_z,Ankle.L_x,Ankle.L_y,Ankle.L_z,Wrist.R_x,Wrist.R_y,Wrist.R_z,Elbow.R_x,Elbow.R_y,Elbow.R_z,Shoulder.R_x,Shoulder.R_y,Shoulder.R_z,Shoulder.L_x,Shoulder.L_y,Shoulder.L_z,Elbow.L_x,Elbow.L_y,Elbow.L_z,Wrist.L_x,Wrist.L_y,Wrist.L_z,Neck_x,Neck_y,Neck_z,Head_x,Head_y,Head_z,Nose_x,Nose_y,Nose_z,Eye.L_x,Eye.L_y,Eye.L_z,Eye.R_x,Eye.R_y,Eye.R_z,Ear.L_x,Ear.L_y,Ear.L_z,Ear.R_x,Ear.R_y,Ear.R_z,hip.Center_x,hip.Center_y,hip.Center_z
0,0.4373613,-0.08826624,-0.3576876,0.37778345,0.13851577,0.00020361345,-0.003502457,0.14878711,0.093217865,-0.050803773,0.33073023,-0.10737015,0.35261026,0.2696767,-0.13000455,0.30590758,0.013461272,-0.47504663,0.6329248,0.3978784,0.26480353,0.37020972,0.36153215,0.3119146,0.102182545,0.45617008,0.32958707,0.044044953,0.64804494,0.1397232,0.29617718,0.7213844,0.055769008,0.5519239,0.7178197,0.1292828,0.04240015,0.5922183,0.27661276,-0.07919779,0.70331794,0.4092523,0.06352264,0.7623218,0.38987052,0.0033418685,0.7713592,0.3767235,0.027093902,0.7347427,0.42875698,-0.052981615,0.7152408,0.31090662,-0.0073043704,0.6336174,0.4236312,-0.02715311571955681,0.2397586703300476,-0.007076144218444824
