frame,Ankle.R_x,Ankle.R_y,Ankle.R_z,Knee.R_x,Knee.R_y,Knee.R_z,Hip.R_x,Hip.R_y,Hip.R_z,Hip.L_x,Hip.L_y,Hip.L_z,Knee.L_x,Knee.L_y,Knee.L_z,Ankle.L_x,Ankle.L_y,Ankle.L_z,Wrist.R_x,Wrist.R_y,Wrist.R_z,Elbow.R_x,Elbow.R_y,Elbow.R_z,Shoulder.R_x,Shoulder.R_y,Shoulder.R_z,Shoulder.L_x,Shoulder.L_y,Shoulder.L_z,Elbow.L_x,Elbow.L_y,Elbow.L_z,Wrist.L_x,Wrist.L_y,Wrist.L_z,Neck_x,Neck_y,Neck_z,Head_x,Head_y,Head_z,Nose_x,Nose_y,Nose_z,Eye.L_x,Eye.L_y,Eye.L_z,Eye.R_x,Eye.R_y,Eye.R_z,Ear.L_x,Ear.L_y,Ear.L_z,Ear.R_x,Ear.R_y,Ear.R_z,hip.Center_x,hip.Center_y,hip.Center_z
0,0.48712376,-0.10374975,-0.18377222,0.35422567,0.14444894,0.1365454,-0.030178878,0.1498335,0.08939439,-0.032945752,0.32635328,-0.12097432,0.37344903,0.2901194,-0.052646182,0.37838894,0.004478868,-0.37528047,0.57794106,0.36865693,0.26812974,0.31521738,0.32397026,0.31283614,0.048716635,0.42796773,0.34022996,0.0032445323,0.6372762,0.16674146,0.25437582,0.6962655,0.060978275,0.5171768,0.6854363,0.099246085,-0.0043979883,0.56722033,0.298829,-0.12209618,0.66631365,0.44168586,0.026065141,0.7148653,0.43613058,-0.032247484,0.73099875,0.42301762,-0.014062315,0.68432784,0.46866402,-0.090488985,0.69215435,0.3469692,-0.056463227,0.5892546,0.44570494,-0.03156231343746185,0.23809339106082916,-0.01578996330499649
