frame,Ankle.R_x,Ankle.R_y,Ankle.R_z,Knee.R_x,Knee.R_y,Knee.R_z,Hip.R_x,Hip.R_y,Hip.R_z,Hip.L_x,Hip.L_y,Hip.L_z,Knee.L_x,Knee.L_y,Knee.L_z,Ankle.L_x,Ankle.L_y,Ankle.L_z,Wrist.R_x,Wrist.R_y,Wrist.R_z,Elbow.R_x,Elbow.R_y,Elbow.R_z,Shoulder.R_x,Shoulder.R_y,Shoulder.R_z,Shoulder.L_x,Shoulder.L_y,Shoulder.L_z,Elbow.L_x,Elbow.L_y,Elbow.L_z,Wrist.L_x,Wrist.L_y,Wrist.L_z,Neck_x,Neck_y,Neck_z,Head_x,Head_y,Head_z,Nose_x,Nose_y,Nose_z,Eye.L_x,Eye.L_y,Eye.L_z,Eye.R_x,Eye.R_y,Eye.R_z,Ear.L_x,Ear.L_y,Ear.L_z,Ear.R_x,Ear.R_y,Ear.R_z,hip.Center_x,hip.Center_y,hip.Center_z
0,0.11350611,0.07167463,0.05239012,-0.13494314,0.18633817,0.34528282,-0.13494763,0.20637953,-0.013197505,0.13033295,0.26495895,-0.067619935,-0.10807696,0.3235826,0.21350875,0.102111675,0.07011318,-0.004593385,0.4216848,0.38683268,0.131358,0.1620293,0.3296925,0.18030375,-0.07405913,0.4171911,0.30190808,-0.10193342,0.64074063,0.14272907,0.09638032,0.65441287,-0.034566432,0.3276304,0.63346547,0.08892257,-0.117753126,0.5653355,0.24741253,-0.2358371,0.7217784,0.21932028,-0.08935951,0.703786,0.16445023,-0.14940284,0.69466376,0.15159702,-0.1244215,0.7413423,0.19560613,-0.21227685,0.6306638,0.19826688,-0.16264321,0.72469556,0.30040723,-0.0023073405027389526,0.23566924035549164,-0.04040871933102608
