frame,Ankle.R_x,Ankle.R_y,Ankle.R_z,Knee.R_x,Knee.R_y,Knee.R_z,Hip.R_x,Hip.R_y,Hip.R_z,Hip.L_x,Hip.L_y,Hip.L_z,Knee.L_x,Knee.L_y,Knee.L_z,Ankle.L_x,Ankle.L_y,Ankle.L_z,Wrist.R_x,Wrist.R_y,Wrist.R_z,Elbow.R_x,Elbow.R_y,Elbow.R_z,Shoulder.R_x,Shoulder.R_y,Shoulder.R_z,Shoulder.L_x,Shoulder.L_y,Shoulder.L_z,Elbow.L_x,Elbow.L_y,Elbow.L_z,Wrist.L_x,Wrist.L_y,Wrist.L_z,Neck_x,Neck_y,Neck_z,Head_x,Head_y,Head_z,Nose_x,Nose_y,Nose_z,Eye.L_x,Eye.L_y,Eye.L_z,Eye.R_x,Eye.R_y,Eye.R_z,Ear.L_x,Ear.L_y,Ear.L_z,Ear.R_x,Ear.R_y,Ear.R_z,hip.Center_x,hip.Center_y,hip.Center_z
0,0.5586133,-0.08968528,-0.12770726,0.35148516,0.1576634,0.15170738,-0.037506446,0.14127058,0.0814471,-0.027050471,0.32722685,-0.11640111,0.3730334,0.33075356,-0.018723072,0.4697126,0.10603495,-0.37364703,0.4747279,0.35202459,0.28271824,0.21400484,0.30044806,0.32080534,-0.056724533,0.39645618,0.33919093,-0.07354493,0.6187613,0.17450958,0.18642668,0.6742748,0.07919205,0.44688886,0.6452613,0.10854451,-0.105213195,0.5410703,0.3031031,-0.23467836,0.63990295,0.45019776,-0.083282806,0.6718832,0.4560205,-0.13839516,0.69513166,0.44158044,-0.12810785,0.64355344,0.48356128,-0.1954638,0.6696049,0.36010927,-0.1783838,0.5566752,0.4503973,-0.03227845951914787,0.23424871265888214,-0.01747700572013855
