frame,Ankle.R_x,Ankle.R_y,Ankle.R_z,Knee.R_x,Knee.R_y,Knee.R_z,Hip.R_x,Hip.R_y,Hip.R_z,Hip.L_x,Hip.L_y,Hip.L_z,Knee.L_x,Knee.L_y,Knee.L_z,Ankle.L_x,Ankle.L_y,Ankle.L_z,Wrist.R_x,Wrist.R_y,Wrist.R_z,Elbow.R_x,Elbow.R_y,Elbow.R_z,Shoulder.R_x,Shoulder.R_y,Shoulder.R_z,Shoulder.L_x,Shoulder.L_y,Shoulder.L_z,Elbow.L_x,Elbow.L_y,Elbow.L_z,Wrist.L_x,Wrist.L_y,Wrist.L_z,Neck_x,Neck_y,Neck_z,Head_x,Head_y,Head_z,Nose_x,Nose_y,Nose_z,Eye.L_x,Eye.L_y,Eye.L_z,Eye.R_x,Eye.R_y,Eye.R_z,Ear.L_x,Ear.L_y,Ear.L_z,Ear.R_x,Ear.R_y,Ear.R_z,hip.Center_x,hip.Center_y,hip.Center_z
0,0.49283582,-0.17755005,0.029515052,0.2871639,0.13083498,0.23960873,-0.061035734,0.14999974,0.07553971,-0.0045824954,0.32580304,-0.12331463,0.36665314,0.3115817,0.049929988,0.4988557,0.0693754,-0.27905604,0.49201342,0.3499455,0.24634892,0.23151213,0.29221222,0.28193685,-0.038792342,0.38406453,0.32464686,-0.058235668,0.6179764,0.17898287,0.20158896,0.6594545,0.0756247,0.46230692,0.6236481,0.0977633,-0.08631456,0.5321113,0.3042724,-0.20262314,0.6319769,0.46556628,-0.049852416,0.6569723,0.4589945,-0.10480334,0.6826532,0.44893733,-0.09368184,0.6304783,0.49009126,-0.16954142,0.65989035,0.37277016,-0.1506302,0.5456393,0.46161073,-0.03280911594629288,0.23790138959884644,-0.023887459188699722
