frame,Ankle.R_x,Ankle.R_y,Ankle.R_z,Knee.R_x,Knee.R_y,Knee.R_z,Hip.R_x,Hip.R_y,Hip.R_z,Hip.L_x,Hip.L_y,Hip.L_z,Knee.L_x,Knee.L_y,Knee.L_z,Ankle.L_x,Ankle.L_y,Ankle.L_z,Wrist.R_x,Wrist.R_y,Wrist.R_z,Elbow.R_x,Elbow.R_y,Elbow.R_z,Shoulder.R_x,Shoulder.R_y,Shoulder.R_z,Shoulder.L_x,Shoulder.L_y,Shoulder.L_z,Elbow.L_x,Elbow.L_y,Elbow.L_z,Wrist.L_x,Wrist.L_y,Wrist.L_z,Neck_x,Neck_y,Neck_z,Head_x,Head_y,Head_z,Nose_x,Nose_y,Nose_z,Eye.L_x,Eye.L_y,Eye.L_z,Eye.R_x,Eye.R_y,Eye.R_z,Ear.L_x,Ear.L_y,Ear.L_z,Ear.R_x,Ear.R_y,Ear.R_z,hip.Center_x,hip.Center_y,hip.Center_z
0,0.09927618,0.066512085,0.021328736,-0.13936713,0.16136682,0.32263184,-0.13060248,0.17887875,-0.025162516,0.11931737,0.29687324,-0.056607306,-0.1116935,0.31316346,0.20906037,0.168427,0.14993772,-0.0077471165,0.37583447,0.32822892,0.078009635,0.12727772,0.2818924,0.17164092,-0.10772537,0.34341985,0.30853713,-0.110872306,0.59473276,0.182239,0.09293924,0.60148156,0.0049230005,0.32429415,0.5751479,0.120175526,-0.14487812,0.50710255,0.2791364,-0.26574576,0.66365296,0.25221744,-0.1249709,0.62850213,0.19367519,-0.18562497,0.6224061,0.18521634,-0.1552235,0.67238617,0.22061446,-0.24915773,0.57028604,0.24385187,-0.18777016,0.6728622,0.32839042,-0.00564255565404892,0.23787599802017212,-0.04088491201400757
