frame,Ankle.R_x,Ankle.R_y,Ankle.R_z,Knee.R_x,Knee.R_y,Knee.R_z,Hip.R_x,Hip.R_y,Hip.R_z,Hip.L_x,Hip.L_y,Hip.L_z,Knee.L_x,Knee.L_y,Knee.L_z,Ankle.L_x,Ankle.L_y,Ankle.L_z,Wrist.R_x,Wrist.R_y,Wrist.R_z,Elbow.R_x,Elbow.R_y,Elbow.R_z,Shoulder.R_x,Shoulder.R_y,Shoulder.R_z,Shoulder.L_x,Shoulder.L_y,Shoulder.L_z,Elbow.L_x,Elbow.L_y,Elbow.L_z,Wrist.L_x,Wrist.L_y,Wrist.L_z,Neck_x,Neck_y,Neck_z,Head_x,Head_y,Head_z,Nose_x,Nose_y,Nose_z,Eye.L_x,Eye.L_y,Eye.L_z,Eye.R_x,Eye.R_y,Eye.R_z,Ear.L_x,Ear.L_y,Ear.L_z,Ear.R_x,Ear.R_y,Ear.R_z,hip.Center_x,hip.Center_y,hip.Center_z
0,0.08092314,0.14302495,0.029491926,-0.16326629,0.23119718,0.32934472,-0.12801957,0.17624012,0.0019155508,0.104402825,0.2908351,-0.099433444,0.08537094,0.36635438,0.2651625,0.20780875,0.15693745,-0.056861818,0.3698248,0.3944292,0.041812934,0.11485349,0.3514229,0.12445184,-0.11388308,0.4017716,0.26597926,-0.10468224,0.64364654,0.12380935,0.08674884,0.6581817,-0.070966534,0.31201556,0.6267255,0.05869008,-0.14121124,0.5646168,0.22502007,-0.27259853,0.7149904,0.20686649,-0.13707219,0.69182134,0.1296916,-0.19861153,0.6796105,0.12970892,-0.167875,0.7331623,0.16092913,-0.24827394,0.6225114,0.1969633,-0.18557674,0.73208743,0.27298665,-0.011808373034000397,0.23353761434555054,-0.04875894635915756
