frame,Ankle.R_x,Ankle.R_y,Ankle.R_z,Knee.R_x,Knee.R_y,Knee.R_z,Hip.R_x,Hip.R_y,Hip.R_z,Hip.L_x,Hip.L_y,Hip.L_z,Knee.L_x,Knee.L_y,Knee.L_z,Ankle.L_x,Ankle.L_y,Ankle.L_z,Wrist.R_x,Wrist.R_y,Wrist.R_z,Elbow.R_x,Elbow.R_y,Elbow.R_z,Shoulder.R_x,Shoulder.R_y,Shoulder.R_z,Shoulder.L_x,Shoulder.L_y,Shoulder.L_z,Elbow.L_x,Elbow.L_y,Elbow.L_z,Wrist.L_x,Wrist.L_y,Wrist.L_z,Neck_x,Neck_y,Neck_z,Head_x,Head_y,Head_z,Nose_x,Nose_y,Nose_z,Eye.L_x,Eye.L_y,Eye.L_z,Eye.R_x,Eye.R_y,Eye.R_z,Ear.L_x,Ear.L_y,Ear.L_z,Ear.R_x,Ear.R_y,Ear.R_z,hip.Center_x,hip.Center_y,hip.Center_z
0,0.5154357,-0.087053254,-0.056226652,0.31158113,0.16692108,0.21985175,-0.054364093,0.13365965,0.066475384,-0.012966891,0.33647418,-0.11373427,0.34335083,0.37143385,0.0770459,0.44338822,0.1802702,-0.29201856,0.4102241,0.31331998,0.27509263,0.14719476,0.2520179,0.30313572,-0.12653741,0.34386736,0.3310288,-0.12310767,0.59437,0.1906758,0.1434459,0.6226143,0.085256316,0.40441266,0.5749211,0.10475437,-0.17028677,0.49892682,0.31353617,-0.2834013,0.5827441,0.49702206,-0.13370158,0.6134064,0.4706365,-0.1899811,0.63781905,0.47040957,-0.17185162,0.58331215,0.50527734,-0.26376498,0.61893284,0.4023637,-0.23044726,0.49868107,0.47837368,-0.0336654931306839,0.23506692051887512,-0.02362944185733795
