frame,Ankle.R_x,Ankle.R_y,Ankle.R_z,Knee.R_x,Knee.R_y,Knee.R_z,Hip.R_x,Hip.R_y,Hip.R_z,Hip.L_x,Hip.L_y,Hip.L_z,Knee.L_x,Knee.L_y,Knee.L_z,Ankle.L_x,Ankle.L_y,Ankle.L_z,Wrist.R_x,Wrist.R_y,Wrist.R_z,Elbow.R_x,Elbow.R_y,Elbow.R_z,Shoulder.R_x,Shoulder.R_y,Shoulder.R_z,Shoulder.L_x,Shoulder.L_y,Shoulder.L_z,Elbow.L_x,Elbow.L_y,Elbow.L_z,Wrist.L_x,Wrist.L_y,Wrist.L_z,Neck_x,Neck_y,Neck_z,Head_x,Head_y,Head_z,Nose_x,Nose_y,Nose_z,Eye.L_x,Eye.L_y,Eye.L_z,Eye.R_x,Eye.R_y,Eye.R_z,Ear.L_x,Ear.L_y,Ear.L_z,Ear.R_x,Ear.R_y,Ear.R_z,hip.Center_x,hip.Center_y,hip.Center_z
0,0.098740526,0.14814913,0.0064009954,-0.114213005,0.22682732,0.32422295,-0.109740295,0.14425391,0.010913046,0.074059285,0.32087797,-0.10227245,0.061023038,0.3868199,0.24647386,0.19741274,0.19409814,-0.07272678,0.32620966,0.35549578,0.017843485,0.07805879,0.30235225,0.107997224,-0.13922684,0.32490218,0.27346528,-0.13618273,0.59464157,0.17151302,0.059058923,0.6075253,-0.022457696,0.3029527,0.56713396,0.05540783,-0.17324607,0.50043935,0.2686499,-0.30459455,0.65156144,0.24627718,-0.17063048,0.6041268,0.18186364,-0.23259369,0.59757173,0.18063933,-0.19843191,0.65261793,0.20328677,-0.28866017,0.5581901,0.25481623,-0.21933609,0.6740111,0.31190902,-0.01784050464630127,0.23256593942642212,-0.04567970335483551
