frame,Ankle.R_x,Ankle.R_y,Ankle.R_z,Knee.R_x,Knee.R_y,Knee.R_z,Hip.R_x,Hip.R_y,Hip.R_z,Hip.L_x,Hip.L_y,Hip.L_z,Knee.L_x,Knee.L_y,Knee.L_z,Ankle.L_x,Ankle.L_y,Ankle.L_z,Wrist.R_x,Wrist.R_y,Wrist.R_z,Elbow.R_x,Elbow.R_y,Elbow.R_z,Shoulder.R_x,Shoulder.R_y,Shoulder.R_z,Shoulder.L_x,Shoulder.L_y,Shoulder.L_z,Elbow.L_x,Elbow.L_y,Elbow.L_z,Wrist.L_x,Wrist.L_y,Wrist.L_z,Neck_x,Neck_y,Neck_z,Head_x,Head_y,Head_z,Nose_x,Nose_y,Nose_z,Eye.L_x,Eye.L_y,Eye.L_z,Eye.R_x,Eye.R_y,Eye.R_z,Ear.L_x,Ear.L_y,Ear.L_z,Ear.R_x,Ear.R_y,Ear.R_z,hip.Center_x,hip.Center_y,hip.Center_z
0,0.46882078,-0.056578938,-0.007959649,0.23755276,0.1546985,0.2782847,-0.06463137,0.12047014,0.04200489,-0.005027565,0.3513486,-0.09820399,0.29532012,0.3957156,0.14818817,0.39703366,0.26054963,-0.23924372,0.37224692,0.28433043,0.27921498,0.109063536,0.21084832,0.2800588,-0.17048156,0.28280786,0.32187584,-0.16513985,0.55547935,0.20967159,0.0982427,0.5713708,0.08599857,0.35795996,0.5082734,0.09912448,-0.22016634,0.44502014,0.32468244,-0.34618375,0.5129694,0.5145355,-0.19773851,0.55308884,0.48976383,-0.25574017,0.5744328,0.49020788,-0.23445371,0.51936805,0.522941,-0.3280764,0.5546275,0.42140648,-0.28868064,0.4318745,0.4918723,-0.03482946753501892,0.2359093725681305,-0.02809954807162285
