frame,Ankle.R_x,Ankle.R_y,Ankle.R_z,Knee.R_x,Knee.R_y,Knee.R_z,Hip.R_x,Hip.R_y,Hip.R_z,Hip.L_x,Hip.L_y,Hip.L_z,Knee.L_x,Knee.L_y,Knee.L_z,Ankle.L_x,Ankle.L_y,Ankle.L_z,Wrist.R_x,Wrist.R_y,Wrist.R_z,Elbow.R_x,Elbow.R_y,Elbow.R_z,Shoulder.R_x,Shoulder.R_y,Shoulder.R_z,Shoulder.L_x,Shoulder.L_y,Shoulder.L_z,Elbow.L_x,Elbow.L_y,Elbow.L_z,Wrist.L_x,Wrist.L_y,Wrist.L_z,Neck_x,Neck_y,Neck_z,Head_x,Head_y,Head_z,Nose_x,Nose_y,Nose_z,Eye.L_x,Eye.L_y,Eye.L_z,Eye.R_x,Eye.R_y,Eye.R_z,Ear.L_x,Ear.L_y,Ear.L_z,Ear.R_x,Ear.R_y,Ear.R_z,hip.Center_x,hip.Center_y,hip.Center_z
0,0.049895693,-0.0012623108,-0.049343836,-0.05919235,0.13109094,0.3083568,-0.07607595,0.10372609,-0.031868942,0.03297299,0.36106116,-0.053188175,-0.043102045,0.3178458,0.2674245,0.23052359,0.3214635,-0.025708752,0.25701407,0.19376001,0.048201412,0.0016623465,0.14296599,0.12111338,-0.20970422,0.1612174,0.2858213,-0.18376368,0.44541264,0.2721752,0.009380758,0.44421092,0.08160289,0.2482799,0.3917935,-0.019035444,-0.23464258,0.3315187,0.32965466,-0.38156095,0.46126905,0.3315923,-0.24992856,0.42981827,0.2540517,-0.30982503,0.41820985,0.25747734,-0.2792467,0.47445318,0.27973056,-0.3557895,0.37056446,0.33345905,-0.29224044,0.48855963,0.39043915,-0.021551478654146194,0.23239362239837646,-0.042528558522462845
