frame,Ankle.R_x,Ankle.R_y,Ankle.R_z,Knee.R_x,Knee.R_y,Knee.R_z,Hip.R_x,Hip.R_y,Hip.R_z,Hip.L_x,Hip.L_y,Hip.L_z,Knee.L_x,Knee.L_y,Knee.L_z,Ankle.L_x,Ankle.L_y,Ankle.L_z,Wrist.R_x,Wrist.R_y,Wrist.R_z,Elbow.R_x,Elbow.R_y,Elbow.R_z,Shoulder.R_x,Shoulder.R_y,Shoulder.R_z,Shoulder.L_x,Shoulder.L_y,Shoulder.L_z,Elbow.L_x,Elbow.L_y,Elbow.L_z,Wrist.L_x,Wrist.L_y,Wrist.L_z,Neck_x,Neck_y,Neck_z,Head_x,Head_y,Head_z,Nose_x,Nose_y,Nose_z,Eye.L_x,Eye.L_y,Eye.L_z,Eye.R_x,Eye.R_y,Eye.R_z,Ear.L_x,Ear.L_y,Ear.L_z,Ear.R_x,Ear.R_y,Ear.R_z,hip.Center_x,hip.Center_y,hip.Center_z
0,0.37911698,-0.09045511,0.09110621,0.12068558,0.1405806,0.32952952,-0.08952125,0.12462288,0.015824847,0.026170311,0.35285544,-0.08852413,0.22250244,0.37000722,0.23575257,0.38051385,0.26398394,-0.13698116,0.36533827,0.23901752,0.26174444,0.0984717,0.17845571,0.2583453,-0.1776949,0.26407924,0.29934144,-0.14971852,0.5419589,0.21404241,0.101388074,0.54592884,0.06384447,0.36247972,0.4913867,0.06666809,-0.21623734,0.42488968,0.3189413,-0.3435085,0.46567324,0.5163783,-0.19233978,0.499582,0.5008348,-0.24854186,0.52416086,0.5055753,-0.23154402,0.46238437,0.52627456,-0.320991,0.5238511,0.43370867,-0.29140067,0.3874124,0.4783674,-0.031675469130277634,0.23873916268348694,-0.036349643021821976
