frame,Ankle.R_x,Ankle.R_y,Ankle.R_z,Knee.R_x,Knee.R_y,Knee.R_z,Hip.R_x,Hip.R_y,Hip.R_z,Hip.L_x,Hip.L_y,Hip.L_z,Knee.L_x,Knee.L_y,Knee.L_z,Ankle.L_x,Ankle.L_y,Ankle.L_z,Wrist.R_x,Wrist.R_y,Wrist.R_z,Elbow.R_x,Elbow.R_y,Elbow.R_z,Shoulder.R_x,Shoulder.R_y,Shoulder.R_z,Shoulder.L_x,Shoulder.L_y,Shoulder.L_z,Elbow.L_x,Elbow.L_y,Elbow.L_z,Wrist.L_x,Wrist.L_y,Wrist.L_z,Neck_x,Neck_y,Neck_z,Head_x,Head_y,Head_z,Nose_x,Nose_y,Nose_z,Eye.L_x,Eye.L_y,Eye.L_z,Eye.R_x,Eye.R_y,Eye.R_z,Ear.L_x,Ear.L_y,Ear.L_z,Ear.R_x,Ear.R_y,Ear.R_z,hip.Center_x,hip.Center_y,hip.Center_z
0,0.57908463,0.14019413,0.094166175,0.21201697,0.050361186,0.29070637,-0.015734497,0.10160549,-0.05858852,-0.029674701,0.36145017,-0.009549478,0.2362401,0.36164173,0.3192336,0.54403675,0.4104172,0.019293623,0.02308127,-0.13638574,0.006389107,-0.18076986,-0.054083977,-0.14306119,-0.43578476,0.07324771,-0.09538577,-0.43518776,0.3675661,-0.02488754,-0.19264525,0.5216554,0.0040837964,-0.03289629,0.67427087,0.14525785,-0.50658625,0.22930333,-0.056745194,-0.683523,0.30313563,-0.14497703,-0.7012674,0.23536304,-0.0043926015,-0.7039523,0.28878784,-0.03541559,-0.7116002,0.22913608,-0.06420688,-0.62296355,0.34088108,-0.06952698,-0.6378404,0.21347384,-0.13809136,-0.022704599425196648,0.23152783513069153,-0.0340689979493618
