frame,Ankle.R_x,Ankle.R_y,Ankle.R_z,Knee.R_x,Knee.R_y,Knee.R_z,Hip.R_x,Hip.R_y,Hip.R_z,Hip.L_x,Hip.L_y,Hip.L_z,Knee.L_x,Knee.L_y,Knee.L_z,Ankle.L_x,Ankle.L_y,Ankle.L_z,Wrist.R_x,Wrist.R_y,Wrist.R_z,Elbow.R_x,Elbow.R_y,Elbow.R_z,Shoulder.R_x,Shoulder.R_y,Shoulder.R_z,Shoulder.L_x,Shoulder.L_y,Shoulder.L_z,Elbow.L_x,Elbow.L_y,Elbow.L_z,Wrist.L_x,Wrist.L_y,Wrist.L_z,Neck_x,Neck_y,Neck_z,Head_x,Head_y,Head_z,Nose_x,Nose_y,Nose_z,Eye.L_x,Eye.L_y,Eye.L_z,Eye.R_x,Eye.R_y,Eye.R_z,Ear.L_x,Ear.L_y,Ear.L_z,Ear.R_x,Ear.R_y,Ear.R_z,hip.Center_x,hip.Center_y,hip.Center_z
0,0.59258807,0.12807462,0.092550345,0.22071822,0.06857895,0.29379892,-0.011251397,0.101346046,-0.05973562,-0.033389114,0.36098066,-0.009941609,0.20634657,0.36485812,0.33421278,0.51936716,0.41688296,0.04336582,0.020053225,-0.14831266,-0.03976833,-0.18432134,-0.0525887,-0.17956463,-0.43502158,0.070506595,-0.106312595,-0.43761522,0.35613644,-0.008558766,-0.20334731,0.52287525,0.019480791,-0.049737588,0.6839201,0.15774563,-0.50623614,0.22062421,-0.051312137,-0.67542887,0.30508912,-0.13631809,-0.7038192,0.22272788,-0.0051613078,-0.7035557,0.2791208,-0.030185454,-0.71027493,0.2231578,-0.06583473,-0.61940396,0.33292562,-0.05324623,-0.6320009,0.21382156,-0.13620792,-0.022320255637168884,0.23116335272789001,-0.034838613122701645
