frame,Ankle.R_x,Ankle.R_y,Ankle.R_z,Knee.R_x,Knee.R_y,Knee.R_z,Hip.R_x,Hip.R_y,Hip.R_z,Hip.L_x,Hip.L_y,Hip.L_z,Knee.L_x,Knee.L_y,Knee.L_z,Ankle.L_x,Ankle.L_y,Ankle.L_z,Wrist.R_x,Wrist.R_y,Wrist.R_z,Elbow.R_x,Elbow.R_y,Elbow.R_z,Shoulder.R_x,Shoulder.R_y,Shoulder.R_z,Shoulder.L_x,Shoulder.L_y,Shoulder.L_z,Elbow.L_x,Elbow.L_y,Elbow.L_z,Wrist.L_x,Wrist.L_y,Wrist.L_z,Neck_x,Neck_y,Neck_z,Head_x,Head_y,Head_z,Nose_x,Nose_y,Nose_z,Eye.L_x,Eye.L_y,Eye.L_z,Eye.R_x,Eye.R_y,Eye.R_z,Ear.L_x,Ear.L_y,Ear.L_z,Ear.R_x,Ear.R_y,Ear.R_z,hip.Center_x,hip.Center_y,hip.Center_z
0,0.5941549,0.12761714,0.09216619,0.22144371,0.0635903,0.29157194,-0.013640749,0.101371884,-0.058036417,-0.031503122,0.36175072,-0.010778334,0.21619736,0.3631959,0.329179,0.52904093,0.41552603,0.03670498,0.021204684,-0.14552012,-0.010960278,-0.18466476,-0.056375958,-0.15383466,-0.43693596,0.071215026,-0.09561377,-0.43753144,0.36279148,-0.0160202,-0.20036161,0.52557653,0.009784297,-0.04150608,0.6862402,0.14335254,-0.50736934,0.22506733,-0.051087305,-0.67910606,0.300812,-0.14163007,-0.7041575,0.23126143,-0.0025921091,-0.7046833,0.2851726,-0.0329504,-0.7119048,0.22598132,-0.06294742,-0.6213491,0.33663997,-0.06288044,-0.63511276,0.21010123,-0.13388857,-0.02257193624973297,0.2315613031387329,-0.03440737724304199
