frame,Ankle.R_x,Ankle.R_y,Ankle.R_z,Knee.R_x,Knee.R_y,Knee.R_z,Hip.R_x,Hip.R_y,Hip.R_z,Hip.L_x,Hip.L_y,Hip.L_z,Knee.L_x,Knee.L_y,Knee.L_z,Ankle.L_x,Ankle.L_y,Ankle.L_z,Wrist.R_x,Wrist.R_y,Wrist.R_z,Elbow.R_x,Elbow.R_y,Elbow.R_z,Shoulder.R_x,Shoulder.R_y,Shoulder.R_z,Shoulder.L_x,Shoulder.L_y,Shoulder.L_z,Elbow.L_x,Elbow.L_y,Elbow.L_z,Wrist.L_x,Wrist.L_y,Wrist.L_z,Neck_x,Neck_y,Neck_z,Head_x,Head_y,Head_z,Nose_x,Nose_y,Nose_z,Eye.L_x,Eye.L_y,Eye.L_z,Eye.R_x,Eye.R_y,Eye.R_z,Ear.L_x,Ear.L_y,Ear.L_z,Ear.R_x,Ear.R_y,Ear.R_z,hip.Center_x,hip.Center_y,hip.Center_z
0,0.36645395,-0.04676368,0.112620994,0.038817525,0.1257415,0.31311393,-0.087380864,0.11546722,-0.011951322,0.023900542,0.36501583,-0.056039337,0.21220788,0.33293474,0.25962043,0.37943852,0.34697556,-0.12629755,0.3041388,0.23562247,0.29050937,0.0655239,0.11359536,0.24068387,-0.20756277,0.20730929,0.3056388,-0.18911211,0.49611032,0.23336619,0.045568008,0.4955307,0.05486312,0.30359495,0.42604053,0.055630736,-0.25677162,0.37135318,0.3321415,-0.41579407,0.38640872,0.5067495,-0.27439678,0.45324337,0.5171089,-0.33507955,0.46513307,0.5120943,-0.30837405,0.40773556,0.5361757,-0.3917244,0.4512012,0.42904425,-0.34167245,0.32234782,0.47894678,-0.031740158796310425,0.24024152755737305,-0.03399533033370972
