frame,Ankle.R_x,Ankle.R_y,Ankle.R_z,Knee.R_x,Knee.R_y,Knee.R_z,Hip.R_x,Hip.R_y,Hip.R_z,Hip.L_x,Hip.L_y,Hip.L_z,Knee.L_x,Knee.L_y,Knee.L_z,Ankle.L_x,Ankle.L_y,Ankle.L_z,Wrist.R_x,Wrist.R_y,Wrist.R_z,Elbow.R_x,Elbow.R_y,Elbow.R_z,Shoulder.R_x,Shoulder.R_y,Shoulder.R_z,Shoulder.L_x,Shoulder.L_y,Shoulder.L_z,Elbow.L_x,Elbow.L_y,Elbow.L_z,Wrist.L_x,Wrist.L_y,Wrist.L_z,Neck_x,Neck_y,Neck_z,Head_x,Head_y,Head_z,Nose_x,Nose_y,Nose_z,Eye.L_x,Eye.L_y,Eye.L_z,Eye.R_x,Eye.R_y,Eye.R_z,Ear.L_x,Ear.L_y,Ear.L_z,Ear.R_x,Ear.R_y,Ear.R_z,hip.Center_x,hip.Center_y,hip.Center_z
0,0.1225822,0.08153499,-0.055834066,-0.09622453,0.046541575,0.25975636,-0.068774894,0.11030362,-0.066345006,0.03272266,0.36599538,-0.012948775,-0.04558387,0.1974931,0.28037032,0.15018585,0.23586641,-0.049640123,0.24178836,0.111128196,-0.06548299,0.024950359,0.07055193,0.085222445,-0.22694561,0.06217104,0.21079431,-0.23995164,0.3445445,0.26375732,-0.029364483,0.34269404,0.07785081,0.2004405,0.270674,-0.027478226,-0.27905828,0.20442481,0.31008953,-0.38661018,0.34667274,0.39925313,-0.31505066,0.28028607,0.28223705,-0.36917064,0.2937944,0.30597728,-0.31284988,0.32677954,0.317257,-0.40606296,0.25305074,0.38970417,-0.28713232,0.32388732,0.4237855,-0.018026117235422134,0.238149493932724,-0.03964689001441002
