frame,Ankle.R_x,Ankle.R_y,Ankle.R_z,Knee.R_x,Knee.R_y,Knee.R_z,Hip.R_x,Hip.R_y,Hip.R_z,Hip.L_x,Hip.L_y,Hip.L_z,Knee.L_x,Knee.L_y,Knee.L_z,Ankle.L_x,Ankle.L_y,Ankle.L_z,Wrist.R_x,Wrist.R_y,Wrist.R_z,Elbow.R_x,Elbow.R_y,Elbow.R_z,Shoulder.R_x,Shoulder.R_y,Shoulder.R_z,Shoulder.L_x,Shoulder.L_y,Shoulder.L_z,Elbow.L_x,Elbow.L_y,Elbow.L_z,Wrist.L_x,Wrist.L_y,Wrist.L_z,Neck_x,Neck_y,Neck_z,Head_x,Head_y,Head_z,Nose_x,Nose_y,Nose_z,Eye.L_x,Eye.L_y,Eye.L_z,Eye.R_x,Eye.R_y,Eye.R_z,Ear.L_x,Ear.L_y,Ear.L_z,Ear.R_x,Ear.R_y,Ear.R_z,hip.Center_x,hip.Center_y,hip.Center_z
0,0.41567057,0.027996082,0.05076639,0.10202959,0.13256915,0.3121181,-0.06680643,0.10511043,-0.00668535,0.0020738505,0.36733767,-0.05737705,0.28500724,0.33501986,0.22080365,0.44097194,0.35914475,-0.17703232,0.20119388,0.21568038,0.28074837,0.006999415,0.042422745,0.21570592,-0.23970596,0.18710013,0.30682516,-0.23150449,0.47982845,0.2173725,0.011717191,0.47861332,0.050525885,0.2697085,0.41010892,0.047601543,-0.289795,0.35545075,0.3242628,-0.45294672,0.3647779,0.48480463,-0.30928057,0.4194988,0.5202353,-0.36814278,0.43626052,0.51154196,-0.34747618,0.3739013,0.5276052,-0.41651207,0.44081768,0.42143065,-0.37927514,0.30208263,0.4538643,-0.03236629068851471,0.23622405529022217,-0.03203120082616806
