frame,Ankle.R_x,Ankle.R_y,Ankle.R_z,Knee.R_x,Knee.R_y,Knee.R_z,Hip.R_x,Hip.R_y,Hip.R_z,Hip.L_x,Hip.L_y,Hip.L_z,Knee.L_x,Knee.L_y,Knee.L_z,Ankle.L_x,Ankle.L_y,Ankle.L_z,Wrist.R_x,Wrist.R_y,Wrist.R_z,Elbow.R_x,Elbow.R_y,Elbow.R_z,Shoulder.R_x,Shoulder.R_y,Shoulder.R_z,Shoulder.L_x,Shoulder.L_y,Shoulder.L_z,Elbow.L_x,Elbow.L_y,Elbow.L_z,Wrist.L_x,Wrist.L_y,Wrist.L_z,Neck_x,Neck_y,Neck_z,Head_x,Head_y,Head_z,Nose_x,Nose_y,Nose_z,Eye.L_x,Eye.L_y,Eye.L_z,Eye.R_x,Eye.R_y,Eye.R_z,Ear.L_x,Ear.L_y,Ear.L_z,Ear.R_x,Ear.R_y,Ear.R_z,hip.Center_x,hip.Center_y,hip.Center_z
0,0.40530762,0.020786697,0.14420159,0.028709278,0.1092394,0.31590876,-0.06957364,0.10869071,-0.026393456,0.011995119,0.3676478,-0.042968858,0.26273048,0.27954307,0.2650063,0.4678513,0.32395434,-0.10796493,0.22141239,0.18315439,0.29207706,-2.5288864e-05,0.03284714,0.2504216,-0.263261,0.16096108,0.2918691,-0.26302785,0.45206672,0.20654526,-0.011649987,0.44073695,0.060218804,0.24267176,0.36272928,0.028549304,-0.31830496,0.32109606,0.30881035,-0.47179717,0.2966937,0.47745395,-0.3325314,0.36417383,0.5065134,-0.39306712,0.37465104,0.5040647,-0.36479008,0.3139591,0.5121464,-0.4495873,0.38115025,0.41928077,-0.39551032,0.24633114,0.4347877,-0.028789261355996132,0.23816925287246704,-0.034681156277656555
