frame,Ankle.R_x,Ankle.R_y,Ankle.R_z,Knee.R_x,Knee.R_y,Knee.R_z,Hip.R_x,Hip.R_y,Hip.R_z,Hip.L_x,Hip.L_y,Hip.L_z,Knee.L_x,Knee.L_y,Knee.L_z,Ankle.L_x,Ankle.L_y,Ankle.L_z,Wrist.R_x,Wrist.R_y,Wrist.R_z,Elbow.R_x,Elbow.R_y,Elbow.R_z,Shoulder.R_x,Shoulder.R_y,Shoulder.R_z,Shoulder.L_x,Shoulder.L_y,Shoulder.L_z,Elbow.L_x,Elbow.L_y,Elbow.L_z,Wrist.L_x,Wrist.L_y,Wrist.L_z,Neck_x,Neck_y,Neck_z,Head_x,Head_y,Head_z,Nose_x,Nose_y,Nose_z,Eye.L_x,Eye.L_y,Eye.L_z,Eye.R_x,Eye.R_y,Eye.R_z,Ear.L_x,Ear.L_y,Ear.L_z,Ear.R_x,Ear.R_y,Ear.R_z,hip.Center_x,hip.Center_y,hip.Center_z
0,0.41657352,0.019618751,0.1348421,0.039984107,0.09013295,0.30225748,-0.06005555,0.10516961,-0.035105705,0.0010852051,0.370099,-0.030198792,0.28073496,0.28255394,0.25117472,0.55403227,0.3248009,-0.080170535,0.25308797,0.13388644,0.22262248,0.0038807737,0.031808924,0.20589705,-0.2743307,0.11818374,0.25759828,-0.28571856,0.41578642,0.20926538,-0.04167134,0.4191258,0.049403273,0.21124956,0.3395833,0.04650206,-0.34442934,0.2746352,0.29394266,-0.5205859,0.26211908,0.45644006,-0.37846947,0.3215056,0.48724216,-0.4381768,0.3360328,0.47985905,-0.41545016,0.27461138,0.496033,-0.48874164,0.33739674,0.3923804,-0.44667238,0.20062932,0.42388362,-0.029485171660780907,0.2376343011856079,-0.032652247697114944
