frame,Ankle.R_x,Ankle.R_y,Ankle.R_z,Knee.R_x,Knee.R_y,Knee.R_z,Hip.R_x,Hip.R_y,Hip.R_z,Hip.L_x,Hip.L_y,Hip.L_z,Knee.L_x,Knee.L_y,Knee.L_z,Ankle.L_x,Ankle.L_y,Ankle.L_z,Wrist.R_x,Wrist.R_y,Wrist.R_z,Elbow.R_x,Elbow.R_y,Elbow.R_z,Shoulder.R_x,Shoulder.R_y,Shoulder.R_z,Shoulder.L_x,Shoulder.L_y,Shoulder.L_z,Elbow.L_x,Elbow.L_y,Elbow.L_z,Wrist.L_x,Wrist.L_y,Wrist.L_z,Neck_x,Neck_y,Neck_z,Head_x,Head_y,Head_z,Nose_x,Nose_y,Nose_z,Eye.L_x,Eye.L_y,Eye.L_z,Eye.R_x,Eye.R_y,Eye.R_z,Ear.L_x,Ear.L_y,Ear.L_z,Ear.R_x,Ear.R_y,Ear.R_z,hip.Center_x,hip.Center_y,hip.Center_z
0,0.408203,0.011817922,0.13555169,0.026559148,0.07736313,0.30366808,-0.05596635,0.106098056,-0.049784865,9.627124e-05,0.3730246,-0.023364618,0.24775605,0.2652579,0.28651586,0.5447857,0.2879407,-0.02747079,0.26187587,0.09693241,0.1880581,0.0012808066,0.018859766,0.17112099,-0.28310853,0.08438688,0.22639942,-0.29325506,0.38416085,0.21316847,-0.044816077,0.3799742,0.059617247,0.20465192,0.285107,0.047070444,-0.355153,0.2348621,0.27751443,-0.53293735,0.19636199,0.42804542,-0.39609793,0.25934285,0.47423404,-0.45622236,0.27137432,0.46466872,-0.4304474,0.20983493,0.47522727,-0.5024521,0.2809682,0.3745789,-0.45308316,0.14382549,0.3931272,-0.02793503925204277,0.23956133425235748,-0.03657474368810654
