frame,Ankle.R_x,Ankle.R_y,Ankle.R_z,Knee.R_x,Knee.R_y,Knee.R_z,Hip.R_x,Hip.R_y,Hip.R_z,Hip.L_x,Hip.L_y,Hip.L_z,Knee.L_x,Knee.L_y,Knee.L_z,Ankle.L_x,Ankle.L_y,Ankle.L_z,Wrist.R_x,Wrist.R_y,Wrist.R_z,Elbow.R_x,Elbow.R_y,Elbow.R_z,Shoulder.R_x,Shoulder.R_y,Shoulder.R_z,Shoulder.L_x,Shoulder.L_y,Shoulder.L_z,Elbow.L_x,Elbow.L_y,Elbow.L_z,Wrist.L_x,Wrist.L_y,Wrist.L_z,Neck_x,Neck_y,Neck_z,Head_x,Head_y,Head_z,Nose_x,Nose_y,Nose_z,Eye.L_x,Eye.L_y,Eye.L_z,Eye.R_x,Eye.R_y,Eye.R_z,Ear.L_x,Ear.L_y,Ear.L_z,Ear.R_x,Ear.R_y,Ear.R_z,hip.Center_x,hip.Center_y,hip.Center_z
0,0.40237492,0.023139197,0.15460514,0.009261415,0.068729594,0.29971895,-0.053972274,0.10638969,-0.054998048,-0.00039083973,0.3728284,-0.020324012,0.22438619,0.25575233,0.30110574,0.54008746,0.2882587,0.007690893,0.26110536,0.08415488,0.18683657,-0.0009595048,0.013550435,0.16289738,-0.2862722,0.07679902,0.21502253,-0.29642773,0.37593606,0.20862456,-0.045040354,0.37143648,0.060550407,0.20585823,0.28034493,0.051441476,-0.35948056,0.22582348,0.26862535,-0.53953344,0.18682551,0.41651616,-0.40287697,0.24859278,0.46473566,-0.46271878,0.26115572,0.45436844,-0.4375813,0.19939522,0.46518493,-0.50763947,0.27118984,0.36375952,-0.4596151,0.13366824,0.38267672,-0.027181556448340416,0.239609032869339,-0.037661030888557434
