frame,Ankle.R_x,Ankle.R_y,Ankle.R_z,Knee.R_x,Knee.R_y,Knee.R_z,Hip.R_x,Hip.R_y,Hip.R_z,Hip.L_x,Hip.L_y,Hip.L_z,Knee.L_x,Knee.L_y,Knee.L_z,Ankle.L_x,Ankle.L_y,Ankle.L_z,Wrist.R_x,Wrist.R_y,Wrist.R_z,Elbow.R_x,Elbow.R_y,Elbow.R_z,Shoulder.R_x,Shoulder.R_y,Shoulder.R_z,Shoulder.L_x,Shoulder.L_y,Shoulder.L_z,Elbow.L_x,Elbow.L_y,Elbow.L_z,Wrist.L_x,Wrist.L_y,Wrist.L_z,Neck_x,Neck_y,Neck_z,Head_x,Head_y,Head_z,Nose_x,Nose_y,Nose_z,Eye.L_x,Eye.L_y,Eye.L_z,Eye.R_x,Eye.R_y,Eye.R_z,Ear.L_x,Ear.L_y,Ear.L_z,Ear.R_x,Ear.R_y,Ear.R_z,hip.Center_x,hip.Center_y,hip.Center_z
0,0.42515147,0.019063644,0.06314568,0.0733042,0.05850721,0.29113764,-0.062465727,0.104855634,-0.040244292,-0.00013039765,0.37515223,-0.030820847,0.21716079,0.30442595,0.28087816,0.4904564,0.30174756,-0.04789059,0.26614326,0.1492867,0.21745896,0.019358918,0.038345106,0.19310726,-0.26512536,0.10936919,0.25460026,-0.27513692,0.4082086,0.22161475,-0.032082576,0.41705275,0.057007477,0.22230329,0.336696,0.048857987,-0.3356726,0.26573053,0.2987498,-0.51799405,0.26011923,0.44752502,-0.37230593,0.2900592,0.4996122,-0.42816043,0.31528795,0.48985025,-0.4162382,0.2491307,0.4973202,-0.46859434,0.33987668,0.39905298,-0.44972944,0.1938113,0.4110577,-0.031298063695430756,0.24000392854213715,-0.035532571375370026
