frame,Ankle.R_x,Ankle.R_y,Ankle.R_z,Knee.R_x,Knee.R_y,Knee.R_z,Hip.R_x,Hip.R_y,Hip.R_z,Hip.L_x,Hip.L_y,Hip.L_z,Knee.L_x,Knee.L_y,Knee.L_z,Ankle.L_x,Ankle.L_y,Ankle.L_z,Wrist.R_x,Wrist.R_y,Wrist.R_z,Elbow.R_x,Elbow.R_y,Elbow.R_z,Shoulder.R_x,Shoulder.R_y,Shoulder.R_z,Shoulder.L_x,Shoulder.L_y,Shoulder.L_z,Elbow.L_x,Elbow.L_y,Elbow.L_z,Wrist.L_x,Wrist.L_y,Wrist.L_z,Neck_x,Neck_y,Neck_z,Head_x,Head_y,Head_z,Nose_x,Nose_y,Nose_z,Eye.L_x,Eye.L_y,Eye.L_z,Eye.R_x,Eye.R_y,Eye.R_z,Ear.L_x,Ear.L_y,Ear.L_z,Ear.R_x,Ear.R_y,Ear.R_z,hip.Center_x,hip.Center_y,hip.Center_z
0,0.21790282,0.20255417,0.0008488627,-0.037417114,0.048828315,0.26078692,-0.036348917,0.11366121,-0.10447032,-0.0048338305,0.3593988,0.020714292,-0.037970573,0.1687802,0.30668542,0.19078803,0.2676056,-0.00083259726,0.23146884,0.008766559,0.025724186,-0.019140447,-0.025386797,0.1105027,-0.2894541,-0.0021751556,0.18982781,-0.2767013,0.27760687,0.23917411,-0.06903512,0.24263135,0.07957712,0.16620503,0.17270578,0.16970523,-0.3302425,0.12387567,0.2601863,-0.43859124,0.2016375,0.3866109,-0.4471516,0.043786936,0.37490726,-0.43515527,0.090711705,0.41418576,-0.46964663,0.09541492,0.355934,-0.34972823,0.15281303,0.41798168,-0.42476183,0.1649425,0.29286695,-0.0205913744866848,0.23653000593185425,-0.04187801480293274
