frame,Ankle.R_x,Ankle.R_y,Ankle.R_z,Knee.R_x,Knee.R_y,Knee.R_z,Hip.R_x,Hip.R_y,Hip.R_z,Hip.L_x,Hip.L_y,Hip.L_z,Knee.L_x,Knee.L_y,Knee.L_z,Ankle.L_x,Ankle.L_y,Ankle.L_z,Wrist.R_x,Wrist.R_y,Wrist.R_z,Elbow.R_x,Elbow.R_y,Elbow.R_z,Shoulder.R_x,Shoulder.R_y,Shoulder.R_z,Shoulder.L_x,Shoulder.L_y,Shoulder.L_z,Elbow.L_x,Elbow.L_y,Elbow.L_z,Wrist.L_x,Wrist.L_y,Wrist.L_z,Neck_x,Neck_y,Neck_z,Head_x,Head_y,Head_z,Nose_x,Nose_y,Nose_z,Eye.L_x,Eye.L_y,Eye.L_z,Eye.R_x,Eye.R_y,Eye.R_z,Ear.L_x,Ear.L_y,Ear.L_z,Ear.R_x,Ear.R_y,Ear.R_z,hip.Center_x,hip.Center_y,hip.Center_z
0,0.3885186,-0.008580138,0.13646854,-0.004490789,0.050750803,0.2860312,-0.06227278,0.11108889,-0.062117785,0.0061382344,0.37541947,-0.01533207,0.20906049,0.25528288,0.30690193,0.5233537,0.24450883,0.0080668125,0.26024824,0.05808629,0.17462574,-0.004202345,-0.00047233936,0.13887636,-0.28976536,0.06654103,0.19958356,-0.29064888,0.365059,0.22214387,-0.03628113,0.35944542,0.07861387,0.21451244,0.26564068,0.08094761,-0.36172643,0.21358499,0.2659965,-0.5579105,0.17851824,0.38856244,-0.42087537,0.20382676,0.46291625,-0.47659093,0.22838478,0.45019674,-0.46214867,0.16227046,0.44858924,-0.50718343,0.2663938,0.35998532,-0.48239595,0.121271506,0.35093722,-0.028067272156476974,0.2432541847229004,-0.038724929094314575
