frame,Ankle.R_x,Ankle.R_y,Ankle.R_z,Knee.R_x,Knee.R_y,Knee.R_z,Hip.R_x,Hip.R_y,Hip.R_z,Hip.L_x,Hip.L_y,Hip.L_z,Knee.L_x,Knee.L_y,Knee.L_z,Ankle.L_x,Ankle.L_y,Ankle.L_z,Wrist.R_x,Wrist.R_y,Wrist.R_z,Elbow.R_x,Elbow.R_y,Elbow.R_z,Shoulder.R_x,Shoulder.R_y,Shoulder.R_z,Shoulder.L_x,Shoulder.L_y,Shoulder.L_z,Elbow.L_x,Elbow.L_y,Elbow.L_z,Wrist.L_x,Wrist.L_y,Wrist.L_z,Neck_x,Neck_y,Neck_z,Head_x,Head_y,Head_z,Nose_x,Nose_y,Nose_z,Eye.L_x,Eye.L_y,Eye.L_z,Eye.R_x,Eye.R_y,Eye.R_z,Ear.L_x,Ear.L_y,Ear.L_z,Ear.R_x,Ear.R_y,Ear.R_z,hip.Center_x,hip.Center_y,hip.Center_z
0,0.37230194,0.00049500226,0.15381053,-0.02809722,0.053525273,0.2811788,-0.05945704,0.111938745,-0.068121545,0.0054743737,0.3760225,-0.012077624,0.1733737,0.24290174,0.32102644,0.50437385,0.24619713,0.043188766,0.26325113,0.059711356,0.15866557,-0.0006123053,-0.0019897243,0.124414384,-0.28704822,0.056301575,0.18955548,-0.29176265,0.35350806,0.22055162,-0.04015391,0.34633848,0.0731241,0.2104387,0.2521003,0.070245996,-0.36115244,0.20025611,0.26057315,-0.55521923,0.15937127,0.38628495,-0.41697735,0.18698479,0.45775968,-0.47334176,0.21055177,0.44641158,-0.4576303,0.14471196,0.44413388,-0.5069458,0.2483006,0.3571183,-0.47937596,0.10364029,0.34665957,-0.026991333812475204,0.24398061633110046,-0.04009958356618881
