frame,Ankle.R_x,Ankle.R_y,Ankle.R_z,Knee.R_x,Knee.R_y,Knee.R_z,Hip.R_x,Hip.R_y,Hip.R_z,Hip.L_x,Hip.L_y,Hip.L_z,Knee.L_x,Knee.L_y,Knee.L_z,Ankle.L_x,Ankle.L_y,Ankle.L_z,Wrist.R_x,Wrist.R_y,Wrist.R_z,Elbow.R_x,Elbow.R_y,Elbow.R_z,Shoulder.R_x,Shoulder.R_y,Shoulder.R_z,Shoulder.L_x,Shoulder.L_y,Shoulder.L_z,Elbow.L_x,Elbow.L_y,Elbow.L_z,Wrist.L_x,Wrist.L_y,Wrist.L_z,Neck_x,Neck_y,Neck_z,Head_x,Head_y,Head_z,Nose_x,Nose_y,Nose_z,Eye.L_x,Eye.L_y,Eye.L_z,Eye.R_x,Eye.R_y,Eye.R_z,Ear.L_x,Ear.L_y,Ear.L_z,Ear.R_x,Ear.R_y,Ear.R_z,hip.Center_x,hip.Center_y,hip.Center_z
0,0.42965356,-0.04873617,0.1578362,0.028425155,0.029792678,0.28922486,-0.050397843,0.11267746,-0.07220265,-0.0002537409,0.37486193,-0.009437288,0.19081238,0.23474288,0.3260834,0.52928317,0.18847239,0.0566387,0.2458172,0.019071132,0.15261737,-0.013940579,-0.02454737,0.078830995,-0.2988007,0.034421615,0.15219958,-0.300309,0.32651305,0.21805923,-0.04428775,0.32215253,0.0801464,0.19432238,0.2048126,0.096629575,-0.37266934,0.17138825,0.23709854,-0.58028346,0.14777638,0.34243178,-0.44745004,0.13625194,0.4261483,-0.49638128,0.1720045,0.4142784,-0.4941448,0.105365224,0.4037754,-0.51253027,0.22726136,0.32962596,-0.51393116,0.08228163,0.30071887,-0.025325791910290718,0.24376969039440155,-0.04081996902823448
