frame,Ankle.R_x,Ankle.R_y,Ankle.R_z,Knee.R_x,Knee.R_y,Knee.R_z,Hip.R_x,Hip.R_y,Hip.R_z,Hip.L_x,Hip.L_y,Hip.L_z,Knee.L_x,Knee.L_y,Knee.L_z,Ankle.L_x,Ankle.L_y,Ankle.L_z,Wrist.R_x,Wrist.R_y,Wrist.R_z,Elbow.R_x,Elbow.R_y,Elbow.R_z,Shoulder.R_x,Shoulder.R_y,Shoulder.R_z,Shoulder.L_x,Shoulder.L_y,Shoulder.L_z,Elbow.L_x,Elbow.L_y,Elbow.L_z,Wrist.L_x,Wrist.L_y,Wrist.L_z,Neck_x,Neck_y,Neck_z,Head_x,Head_y,Head_z,Nose_x,Nose_y,Nose_z,Eye.L_x,Eye.L_y,Eye.L_z,Eye.R_x,Eye.R_y,Eye.R_z,Ear.L_x,Ear.L_y,Ear.L_z,Ear.R_x,Ear.R_y,Ear.R_z,hip.Center_x,hip.Center_y,hip.Center_z
0,0.20395921,0.18359384,0.0033510348,-0.06620788,0.097708404,0.2792452,-0.05033054,0.10623233,-0.08878197,0.009315838,0.3691528,-0.0045814496,-0.028142247,0.21293795,0.31114137,0.16798319,0.24965392,-0.033372633,0.23013291,0.04304597,0.04719188,-0.017127637,0.023253243,0.15734698,-0.28553042,0.055920362,0.22172788,-0.2550135,0.33370328,0.25753346,-0.053076953,0.27715907,0.09136617,0.16828239,0.21239296,-0.049743153,-0.3257246,0.16659194,0.2695962,-0.49398446,0.16164196,0.35174337,-0.44093657,0.1260882,0.20719454,-0.47851175,0.106167994,0.25055048,-0.45467207,0.16920877,0.2452079,-0.44937664,0.06119565,0.34698096,-0.40304744,0.19994816,0.3317004,-0.02050735056400299,0.23769256472587585,-0.046681709587574005
