frame,Ankle.R_x,Ankle.R_y,Ankle.R_z,Knee.R_x,Knee.R_y,Knee.R_z,Hip.R_x,Hip.R_y,Hip.R_z,Hip.L_x,Hip.L_y,Hip.L_z,Knee.L_x,Knee.L_y,Knee.L_z,Ankle.L_x,Ankle.L_y,Ankle.L_z,Wrist.R_x,Wrist.R_y,Wrist.R_z,Elbow.R_x,Elbow.R_y,Elbow.R_z,Shoulder.R_x,Shoulder.R_y,Shoulder.R_z,Shoulder.L_x,Shoulder.L_y,Shoulder.L_z,Elbow.L_x,Elbow.L_y,Elbow.L_z,Wrist.L_x,Wrist.L_y,Wrist.L_z,Neck_x,Neck_y,Neck_z,Head_x,Head_y,Head_z,Nose_x,Nose_y,Nose_z,Eye.L_x,Eye.L_y,Eye.L_z,Eye.R_x,Eye.R_y,Eye.R_z,Ear.L_x,Ear.L_y,Ear.L_z,Ear.R_x,Ear.R_y,Ear.R_z,hip.Center_x,hip.Center_y,hip.Center_z
0,0.22101997,0.21662346,0.012568929,-0.02823294,0.051430542,0.26868275,-0.018521551,0.109769195,-0.10275744,-0.022283986,0.3599723,0.016258147,-0.005337089,0.1740367,0.3263428,0.20022114,0.26678434,0.0004159567,0.23861563,-0.008467177,0.028913649,-0.012433294,-0.032579616,0.1203767,-0.28727937,-0.019974856,0.18044421,-0.28397793,0.26096,0.22538702,-0.056940023,0.22623238,0.09863621,0.1683245,0.15776607,0.21418233,-0.33482605,0.10427986,0.24509649,-0.45453116,0.16401792,0.37979642,-0.45191914,0.009099618,0.34891006,-0.4441495,0.05105154,0.39367425,-0.47726172,0.06148176,0.33546114,-0.36324143,0.11844584,0.40753555,-0.43634948,0.140609,0.28267694,-0.02040276862680912,0.23487074673175812,-0.043249644339084625
