frame,Ankle.R_x,Ankle.R_y,Ankle.R_z,Knee.R_x,Knee.R_y,Knee.R_z,Hip.R_x,Hip.R_y,Hip.R_z,Hip.L_x,Hip.L_y,Hip.L_z,Knee.L_x,Knee.L_y,Knee.L_z,Ankle.L_x,Ankle.L_y,Ankle.L_z,Wrist.R_x,Wrist.R_y,Wrist.R_z,Elbow.R_x,Elbow.R_y,Elbow.R_z,Shoulder.R_x,Shoulder.R_y,Shoulder.R_z,Shoulder.L_x,Shoulder.L_y,Shoulder.L_z,Elbow.L_x,Elbow.L_y,Elbow.L_z,Wrist.L_x,Wrist.L_y,Wrist.L_z,Neck_x,Neck_y,Neck_z,Head_x,Head_y,Head_z,Nose_x,Nose_y,Nose_z,Eye.L_x,Eye.L_y,Eye.L_z,Eye.R_x,Eye.R_y,Eye.R_z,Ear.L_x,Ear.L_y,Ear.L_z,Ear.R_x,Ear.R_y,Ear.R_z,hip.Center_x,hip.Center_y,hip.Center_z
0,0.43761823,-0.05845955,0.12995628,0.045133226,0.020435285,0.285794,-0.053644635,0.11259474,-0.069029376,0.0012768836,0.37455958,-0.01049663,0.21941303,0.24178942,0.3137055,0.54091835,0.18959254,0.023984129,0.24716881,0.028399343,0.16104212,-0.01259248,-0.020053968,0.08976085,-0.29773903,0.039895654,0.16125473,-0.29966167,0.33322448,0.2231405,-0.042263463,0.33620915,0.08674842,0.20060125,0.22736037,0.10202838,-0.37166148,0.17805485,0.2437662,-0.58072805,0.15620182,0.34450364,-0.45051253,0.14441298,0.4321112,-0.49901426,0.18031275,0.41868562,-0.4967575,0.11365296,0.40848896,-0.5122278,0.23536173,0.3333919,-0.51350343,0.09037059,0.3050604,-0.026183875277638435,0.24357715249061584,-0.03976300358772278
