frame,Ankle.R_x,Ankle.R_y,Ankle.R_z,Knee.R_x,Knee.R_y,Knee.R_z,Hip.R_x,Hip.R_y,Hip.R_z,Hip.L_x,Hip.L_y,Hip.L_z,Knee.L_x,Knee.L_y,Knee.L_z,Ankle.L_x,Ankle.L_y,Ankle.L_z,Wrist.R_x,Wrist.R_y,Wrist.R_z,Elbow.R_x,Elbow.R_y,Elbow.R_z,Shoulder.R_x,Shoulder.R_y,Shoulder.R_z,Shoulder.L_x,Shoulder.L_y,Shoulder.L_z,Elbow.L_x,Elbow.L_y,Elbow.L_z,Wrist.L_x,Wrist.L_y,Wrist.L_z,Neck_x,Neck_y,Neck_z,Head_x,Head_y,Head_z,Nose_x,Nose_y,Nose_z,Eye.L_x,Eye.L_y,Eye.L_z,Eye.R_x,Eye.R_y,Eye.R_z,Ear.L_x,Ear.L_y,Ear.L_z,Ear.R_x,Ear.R_y,Ear.R_z,hip.Center_x,hip.Center_y,hip.Center_z
0,0.47561133,-0.111452274,0.010128869,0.09210545,-0.073788404,0.20729129,-0.07416854,0.12783392,-0.080075726,0.019596595,0.3726066,0.007700919,0.23851837,0.17172675,0.28972757,0.5439613,0.14625692,-0.02093947,0.250105,0.06636833,0.1980513,-0.0047174967,0.01508825,0.1132913,-0.29001117,0.069867395,0.19719213,-0.2751813,0.36441183,0.23956731,-0.03708238,0.3552837,0.06629454,0.21215564,0.25974536,0.047849894,-0.35496926,0.21420355,0.27449924,-0.562442,0.20298016,0.3801476,-0.4328807,0.16939928,0.4626451,-0.47814685,0.2106909,0.45514187,-0.4815026,0.14595532,0.43606544,-0.48766333,0.27867803,0.3777936,-0.5008511,0.13802052,0.33071482,-0.027285972610116005,0.25022026896476746,-0.03618740290403366
