frame,Ankle.R_x,Ankle.R_y,Ankle.R_z,Knee.R_x,Knee.R_y,Knee.R_z,Hip.R_x,Hip.R_y,Hip.R_z,Hip.L_x,Hip.L_y,Hip.L_z,Knee.L_x,Knee.L_y,Knee.L_z,Ankle.L_x,Ankle.L_y,Ankle.L_z,Wrist.R_x,Wrist.R_y,Wrist.R_z,Elbow.R_x,Elbow.R_y,Elbow.R_z,Shoulder.R_x,Shoulder.R_y,Shoulder.R_z,Shoulder.L_x,Shoulder.L_y,Shoulder.L_z,Elbow.L_x,Elbow.L_y,Elbow.L_z,Wrist.L_x,Wrist.L_y,Wrist.L_z,Neck_x,Neck_y,Neck_z,Head_x,Head_y,Head_z,Nose_x,Nose_y,Nose_z,Eye.L_x,Eye.L_y,Eye.L_z,Eye.R_x,Eye.R_y,Eye.R_z,Ear.L_x,Ear.L_y,Ear.L_z,Ear.R_x,Ear.R_y,Ear.R_z,hip.Center_x,hip.Center_y,hip.Center_z
0,0.47229013,-0.09856039,0.11381362,0.074682385,-0.019229313,0.26476133,-0.05532948,0.1190458,-0.07695926,0.004754173,0.37280187,-0.0003367638,0.23600242,0.2035645,0.30827636,0.56220466,0.15245317,0.020592006,0.23352881,-0.006271981,0.15177712,-0.026253533,-0.022988807,0.066875726,-0.31240147,0.03719524,0.13226126,-0.3060487,0.3214234,0.2228939,-0.03568736,0.3181105,0.11528098,0.20829819,0.20650488,0.12040177,-0.3833912,0.16841646,0.22426665,-0.59091306,0.14734927,0.32608134,-0.46068472,0.108175844,0.4045856,-0.50553083,0.14993478,0.39979875,-0.5099187,0.08656097,0.37745345,-0.5159685,0.22126566,0.32669714,-0.53088766,0.08475744,0.27245998,-0.025287652388215065,0.24592383205890656,-0.03864801302552223
