frame,Ankle.R_x,Ankle.R_y,Ankle.R_z,Knee.R_x,Knee.R_y,Knee.R_z,Hip.R_x,Hip.R_y,Hip.R_z,Hip.L_x,Hip.L_y,Hip.L_z,Knee.L_x,Knee.L_y,Knee.L_z,Ankle.L_x,Ankle.L_y,Ankle.L_z,Wrist.R_x,Wrist.R_y,Wrist.R_z,Elbow.R_x,Elbow.R_y,Elbow.R_z,Shoulder.R_x,Shoulder.R_y,Shoulder.R_z,Shoulder.L_x,Shoulder.L_y,Shoulder.L_z,Elbow.L_x,Elbow.L_y,Elbow.L_z,Wrist.L_x,Wrist.L_y,Wrist.L_z,Neck_x,Neck_y,Neck_z,Head_x,Head_y,Head_z,Nose_x,Nose_y,Nose_z,Eye.L_x,Eye.L_y,Eye.L_z,Eye.R_x,Eye.R_y,Eye.R_z,Ear.L_x,Ear.L_y,Ear.L_z,Ear.R_x,Ear.R_y,Ear.R_z,hip.Center_x,hip.Center_y,hip.Center_z
0,0.47416484,-0.10299815,0.12853126,0.071191095,-0.01927368,0.26352346,-0.05191062,0.11891307,-0.08016707,0.0017814897,0.37217167,0.0021506948,0.22543454,0.20263262,0.31436265,0.5647572,0.14992838,0.04239937,0.23281123,-0.017987356,0.13602161,-0.028107649,-0.03396585,0.055710547,-0.3139251,0.026549842,0.1206766,-0.3092412,0.30819604,0.21756536,-0.039644808,0.30124596,0.11057769,0.20126736,0.18403023,0.11659635,-0.3860266,0.15534012,0.21471362,-0.593738,0.1330774,0.31525397,-0.46423817,0.08786987,0.3914128,-0.50826967,0.1305007,0.38880286,-0.5138096,0.06842321,0.36341843,-0.51761824,0.20551758,0.31931013,-0.5348785,0.07215463,0.2586571,-0.025064565241336823,0.24554237723350525,-0.039008188992738724
