frame,Ankle.R_x,Ankle.R_y,Ankle.R_z,Knee.R_x,Knee.R_y,Knee.R_z,Hip.R_x,Hip.R_y,Hip.R_z,Hip.L_x,Hip.L_y,Hip.L_z,Knee.L_x,Knee.L_y,Knee.L_z,Ankle.L_x,Ankle.L_y,Ankle.L_z,Wrist.R_x,Wrist.R_y,Wrist.R_z,Elbow.R_x,Elbow.R_y,Elbow.R_z,Shoulder.R_x,Shoulder.R_y,Shoulder.R_z,Shoulder.L_x,Shoulder.L_y,Shoulder.L_z,Elbow.L_x,Elbow.L_y,Elbow.L_z,Wrist.L_x,Wrist.L_y,Wrist.L_z,Neck_x,Neck_y,Neck_z,Head_x,Head_y,Head_z,Nose_x,Nose_y,Nose_z,Eye.L_x,Eye.L_y,Eye.L_z,Eye.R_x,Eye.R_y,Eye.R_z,Ear.L_x,Ear.L_y,Ear.L_z,Ear.R_x,Ear.R_y,Ear.R_z,hip.Center_x,hip.Center_y,hip.Center_z
0,0.46388307,-0.14517522,0.1058952,0.05605405,-0.052973945,0.22624692,-0.05891972,0.13122994,-0.095087305,0.009449796,0.36860704,0.020926304,0.22356775,0.14047913,0.29984564,0.5709565,0.09095035,0.034415092,0.23179826,-0.028360227,0.13044679,-0.0281538,-0.040419165,0.045233186,-0.3144035,0.020931069,0.11127407,-0.30340326,0.29560518,0.227831,-0.033379868,0.29001346,0.11905517,0.20184341,0.16174707,0.12253296,-0.38642335,0.1458054,0.2124221,-0.6023365,0.12230623,0.2977531,-0.47884554,0.07641144,0.38269538,-0.5227947,0.119195655,0.37707275,-0.5264971,0.05713559,0.35091898,-0.5265825,0.19465053,0.30755052,-0.53990424,0.06119378,0.2446829,-0.024734962731599808,0.24991849064826965,-0.03708050027489662
