frame,Ankle.R_x,Ankle.R_y,Ankle.R_z,Knee.R_x,Knee.R_y,Knee.R_z,Hip.R_x,Hip.R_y,Hip.R_z,Hip.L_x,Hip.L_y,Hip.L_z,Knee.L_x,Knee.L_y,Knee.L_z,Ankle.L_x,Ankle.L_y,Ankle.L_z,Wrist.R_x,Wrist.R_y,Wrist.R_z,Elbow.R_x,Elbow.R_y,Elbow.R_z,Shoulder.R_x,Shoulder.R_y,Shoulder.R_z,Shoulder.L_x,Shoulder.L_y,Shoulder.L_z,Elbow.L_x,Elbow.L_y,Elbow.L_z,Wrist.L_x,Wrist.L_y,Wrist.L_z,Neck_x,Neck_y,Neck_z,Head_x,Head_y,Head_z,Nose_x,Nose_y,Nose_z,Eye.L_x,Eye.L_y,Eye.L_z,Eye.R_x,Eye.R_y,Eye.R_z,Ear.L_x,Ear.L_y,Ear.L_z,Ear.R_x,Ear.R_y,Ear.R_z,hip.Center_x,hip.Center_y,hip.Center_z
0,0.49172926,-0.21069205,-0.039218415,0.1032478,-0.116150446,0.13924484,-0.08025542,0.14108244,-0.09073505,0.02809238,0.36503968,0.026371315,0.23944047,0.10705804,0.26496768,0.5661549,0.05364874,-0.022046337,0.24865255,0.02855073,0.15808351,-0.016160816,0.005572412,0.09287667,-0.30142766,0.05924414,0.16978891,-0.27189785,0.34156376,0.25949675,-0.023390984,0.3351113,0.106137455,0.20745939,0.20695928,0.06293854,-0.36260617,0.19470802,0.26540548,-0.5782584,0.1973841,0.3512612,-0.46581125,0.12499244,0.4329058,-0.5033469,0.17386909,0.43181175,-0.51427394,0.11672958,0.39785954,-0.49332482,0.2579653,0.37219656,-0.52252215,0.13537052,0.29310477,-0.026081519201397896,0.25306105613708496,-0.032181866466999054
