frame,Ankle.R_x,Ankle.R_y,Ankle.R_z,Knee.R_x,Knee.R_y,Knee.R_z,Hip.R_x,Hip.R_y,Hip.R_z,Hip.L_x,Hip.L_y,Hip.L_z,Knee.L_x,Knee.L_y,Knee.L_z,Ankle.L_x,Ankle.L_y,Ankle.L_z,Wrist.R_x,Wrist.R_y,Wrist.R_z,Elbow.R_x,Elbow.R_y,Elbow.R_z,Shoulder.R_x,Shoulder.R_y,Shoulder.R_z,Shoulder.L_x,Shoulder.L_y,Shoulder.L_z,Elbow.L_x,Elbow.L_y,Elbow.L_z,Wrist.L_x,Wrist.L_y,Wrist.L_z,Neck_x,Neck_y,Neck_z,Head_x,Head_y,Head_z,Nose_x,Nose_y,Nose_z,Eye.L_x,Eye.L_y,Eye.L_z,Eye.R_x,Eye.R_y,Eye.R_z,Ear.L_x,Ear.L_y,Ear.L_z,Ear.R_x,Ear.R_y,Ear.R_z,hip.Center_x,hip.Center_y,hip.Center_z
0,0.45834303,-0.18438807,0.06392953,0.053792793,-0.07963313,0.18149194,-0.06875102,0.14110377,-0.10204606,0.01787903,0.3618323,0.03514803,0.23271859,0.09716547,0.26801756,0.58151925,0.049964737,0.0052066543,0.22791354,-0.046129964,0.11908293,-0.031956896,-0.05111372,0.03789614,-0.31194782,0.019320492,0.115923546,-0.28705555,0.2837742,0.25326702,-0.017426386,0.29159465,0.14323735,0.21168542,0.15563454,0.13158947,-0.37727472,0.13997221,0.22646663,-0.59699965,0.12717588,0.3015211,-0.48271173,0.06324823,0.38689202,-0.52293265,0.109742396,0.38371107,-0.5299276,0.051074333,0.3513161,-0.51663065,0.19171846,0.32206023,-0.53710145,0.066517346,0.24569732,-0.025435995310544968,0.2514680325984955,-0.03344901651144028
