frame,Ankle.R_x,Ankle.R_y,Ankle.R_z,Knee.R_x,Knee.R_y,Knee.R_z,Hip.R_x,Hip.R_y,Hip.R_z,Hip.L_x,Hip.L_y,Hip.L_z,Knee.L_x,Knee.L_y,Knee.L_z,Ankle.L_x,Ankle.L_y,Ankle.L_z,Wrist.R_x,Wrist.R_y,Wrist.R_z,Elbow.R_x,Elbow.R_y,Elbow.R_z,Shoulder.R_x,Shoulder.R_y,Shoulder.R_z,Shoulder.L_x,Shoulder.L_y,Shoulder.L_z,Elbow.L_x,Elbow.L_y,Elbow.L_z,Wrist.L_x,Wrist.L_y,Wrist.L_z,Neck_x,Neck_y,Neck_z,Head_x,Head_y,Head_z,Nose_x,Nose_y,Nose_z,Eye.L_x,Eye.L_y,Eye.L_z,Eye.R_x,Eye.R_y,Eye.R_z,Ear.L_x,Ear.L_y,Ear.L_z,Ear.R_x,Ear.R_y,Ear.R_z,hip.Center_x,hip.Center_y,hip.Center_z
0,0.21490687,0.17675993,-0.008377291,-0.028624132,0.056566283,0.2777969,-0.013544751,0.10851945,-0.10109441,-0.021147775,0.3624125,0.010490738,-0.009187084,0.19324926,0.33693174,0.21488494,0.20822437,0.012574401,0.25339723,-0.07613764,0.03452086,-0.010543672,-0.074512,0.08933291,-0.28166562,-0.042921916,0.15652266,-0.28285253,0.2267046,0.23567817,-0.046304695,0.17979477,0.14181444,0.18847899,0.09448359,0.23233446,-0.3273317,0.07711854,0.23079655,-0.4488183,0.1441045,0.34114227,-0.39472327,0.0015570074,0.38687545,-0.39514756,0.061596714,0.40200722,-0.43909487,0.030381247,0.35984552,-0.34493867,0.1414797,0.35648796,-0.43939686,0.07534385,0.2651188,-0.01734626293182373,0.23546597361564636,-0.04530183598399162
