frame,Ankle.R_x,Ankle.R_y,Ankle.R_z,Knee.R_x,Knee.R_y,Knee.R_z,Hip.R_x,Hip.R_y,Hip.R_z,Hip.L_x,Hip.L_y,Hip.L_z,Knee.L_x,Knee.L_y,Knee.L_z,Ankle.L_x,Ankle.L_y,Ankle.L_z,Wrist.R_x,Wrist.R_y,Wrist.R_z,Elbow.R_x,Elbow.R_y,Elbow.R_z,Shoulder.R_x,Shoulder.R_y,Shoulder.R_z,Shoulder.L_x,Shoulder.L_y,Shoulder.L_z,Elbow.L_x,Elbow.L_y,Elbow.L_z,Wrist.L_x,Wrist.L_y,Wrist.L_z,Neck_x,Neck_y,Neck_z,Head_x,Head_y,Head_z,Nose_x,Nose_y,Nose_z,Eye.L_x,Eye.L_y,Eye.L_z,Eye.R_x,Eye.R_y,Eye.R_z,Ear.L_x,Ear.L_y,Ear.L_z,Ear.R_x,Ear.R_y,Ear.R_z,hip.Center_x,hip.Center_y,hip.Center_z
0,0.44812408,-0.18544208,0.073018365,0.040911894,-0.08031358,0.17970788,-0.066176936,0.14219344,-0.105223745,0.015679697,0.3615671,0.037266333,0.22031456,0.09368558,0.27385676,0.5759067,0.046409793,0.02026638,0.23765697,-0.04467889,0.11626245,-0.022387432,-0.05644752,0.0356818,-0.30479044,0.0076863253,0.11121167,-0.2859162,0.2706988,0.2496742,-0.017885126,0.27563208,0.13688074,0.21017894,0.13788652,0.121431485,-0.37351665,0.12599586,0.22177875,-0.5932695,0.11164793,0.29609627,-0.47931966,0.045789078,0.38039476,-0.519392,0.092446186,0.37802935,-0.5264848,0.034391,0.34450227,-0.5128145,0.17555279,0.31791377,-0.5334857,0.051832587,0.23921013,-0.02524862065911293,0.2518802881240845,-0.03397870808839798
