frame,Ankle.R_x,Ankle.R_y,Ankle.R_z,Knee.R_x,Knee.R_y,Knee.R_z,Hip.R_x,Hip.R_y,Hip.R_z,Hip.L_x,Hip.L_y,Hip.L_z,Knee.L_x,Knee.L_y,Knee.L_z,Ankle.L_x,Ankle.L_y,Ankle.L_z,Wrist.R_x,Wrist.R_y,Wrist.R_z,Elbow.R_x,Elbow.R_y,Elbow.R_z,Shoulder.R_x,Shoulder.R_y,Shoulder.R_z,Shoulder.L_x,Shoulder.L_y,Shoulder.L_z,Elbow.L_x,Elbow.L_y,Elbow.L_z,Wrist.L_x,Wrist.L_y,Wrist.L_z,Neck_x,Neck_y,Neck_z,Head_x,Head_y,Head_z,Nose_x,Nose_y,Nose_z,Eye.L_x,Eye.L_y,Eye.L_z,Eye.R_x,Eye.R_y,Eye.R_z,Ear.L_x,Ear.L_y,Ear.L_z,Ear.R_x,Ear.R_y,Ear.R_z,hip.Center_x,hip.Center_y,hip.Center_z
0,0.45743483,-0.2285157,0.06254133,0.06111645,-0.092612505,0.17446741,-0.06322768,0.14072178,-0.10236754,0.015262156,0.36075333,0.03418338,0.21460977,0.101879016,0.28449714,0.56162053,-0.0017702173,0.03884844,0.20823789,-0.08736619,0.08743618,-0.05398276,-0.07352539,0.015746016,-0.32423973,0.02237495,0.09177583,-0.2806018,0.26904124,0.25300035,-0.0077672526,0.2676555,0.1550022,0.21242249,0.123029344,0.12325752,-0.37803158,0.13388616,0.21419488,-0.5939505,0.12469603,0.29565105,-0.48178965,0.041946374,0.36624032,-0.51875675,0.09037273,0.371591,-0.5306541,0.038169138,0.33125213,-0.508819,0.18000841,0.32282904,-0.5402693,0.06972479,0.23018876,-0.023982763290405273,0.2507375478744507,-0.03409208357334137
