frame,Ankle.R_x,Ankle.R_y,Ankle.R_z,Knee.R_x,Knee.R_y,Knee.R_z,Hip.R_x,Hip.R_y,Hip.R_z,Hip.L_x,Hip.L_y,Hip.L_z,Knee.L_x,Knee.L_y,Knee.L_z,Ankle.L_x,Ankle.L_y,Ankle.L_z,Wrist.R_x,Wrist.R_y,Wrist.R_z,Elbow.R_x,Elbow.R_y,Elbow.R_z,Shoulder.R_x,Shoulder.R_y,Shoulder.R_z,Shoulder.L_x,Shoulder.L_y,Shoulder.L_z,Elbow.L_x,Elbow.L_y,Elbow.L_z,Wrist.L_x,Wrist.L_y,Wrist.L_z,Neck_x,Neck_y,Neck_z,Head_x,Head_y,Head_z,Nose_x,Nose_y,Nose_z,Eye.L_x,Eye.L_y,Eye.L_z,Eye.R_x,Eye.R_y,Eye.R_z,Ear.L_x,Ear.L_y,Ear.L_z,Ear.R_x,Ear.R_y,Ear.R_z,hip.Center_x,hip.Center_y,hip.Center_z
0,0.4705021,-0.21213366,-0.05656324,0.083432935,-0.12608689,0.124769084,-0.08313233,0.14685297,-0.095124796,0.031923495,0.36180118,0.03210833,0.2405327,0.0922648,0.25760815,0.5712255,0.020546421,-0.021485949,0.2375937,-0.01240907,0.13096566,-0.030100314,-0.009489333,0.073075645,-0.31154323,0.05905571,0.14981556,-0.26950014,0.3297229,0.2676144,-0.012393275,0.32926697,0.12860736,0.21269551,0.1956321,0.07192693,-0.3672645,0.18871891,0.25782305,-0.5823072,0.19544193,0.34932902,-0.46864003,0.118633926,0.42455435,-0.5047334,0.16852391,0.42584944,-0.5188652,0.1122842,0.39169282,-0.4950935,0.25288385,0.36722803,-0.5313631,0.13296002,0.28747785,-0.02560441568493843,0.25432705879211426,-0.03150823339819908
