frame,Ankle.R_x,Ankle.R_y,Ankle.R_z,Knee.R_x,Knee.R_y,Knee.R_z,Hip.R_x,Hip.R_y,Hip.R_z,Hip.L_x,Hip.L_y,Hip.L_z,Knee.L_x,Knee.L_y,Knee.L_z,Ankle.L_x,Ankle.L_y,Ankle.L_z,Wrist.R_x,Wrist.R_y,Wrist.R_z,Elbow.R_x,Elbow.R_y,Elbow.R_z,Shoulder.R_x,Shoulder.R_y,Shoulder.R_z,Shoulder.L_x,Shoulder.L_y,Shoulder.L_z,Elbow.L_x,Elbow.L_y,Elbow.L_z,Wrist.L_x,Wrist.L_y,Wrist.L_z,Neck_x,Neck_y,Neck_z,Head_x,Head_y,Head_z,Nose_x,Nose_y,Nose_z,Eye.L_x,Eye.L_y,Eye.L_z,Eye.R_x,Eye.R_y,Eye.R_z,Ear.L_x,Ear.L_y,Ear.L_z,Ear.R_x,Ear.R_y,Ear.R_z,hip.Center_x,hip.Center_y,hip.Center_z
0,0.46693188,-0.22146675,0.05196642,0.07014326,-0.09525156,0.17174053,-0.06533812,0.1403073,-0.10048485,0.017183742,0.36021775,0.0336601,0.22520474,0.09887477,0.27705958,0.5690841,0.005719585,0.022899771,0.20889446,-0.076090924,0.09511365,-0.0527175,-0.0625251,0.021207036,-0.32448792,0.028832901,0.097108796,-0.27819765,0.27466333,0.25817057,-0.0041770306,0.2709879,0.16302626,0.21337786,0.121479884,0.13546322,-0.3771692,0.14081,0.21956043,-0.5932024,0.13137817,0.30151728,-0.4793465,0.053649545,0.3749466,-0.5171289,0.10165202,0.3784291,-0.5283051,0.047578253,0.34041792,-0.50899243,0.18911746,0.32592648,-0.5388987,0.074634634,0.23810609,-0.024077188223600388,0.2502625286579132,-0.033412374556064606
