frame,Ankle.R_x,Ankle.R_y,Ankle.R_z,Knee.R_x,Knee.R_y,Knee.R_z,Hip.R_x,Hip.R_y,Hip.R_z,Hip.L_x,Hip.L_y,Hip.L_z,Knee.L_x,Knee.L_y,Knee.L_z,Ankle.L_x,Ankle.L_y,Ankle.L_z,Wrist.R_x,Wrist.R_y,Wrist.R_z,Elbow.R_x,Elbow.R_y,Elbow.R_z,Shoulder.R_x,Shoulder.R_y,Shoulder.R_z,Shoulder.L_x,Shoulder.L_y,Shoulder.L_z,Elbow.L_x,Elbow.L_y,Elbow.L_z,Wrist.L_x,Wrist.L_y,Wrist.L_z,Neck_x,Neck_y,Neck_z,Head_x,Head_y,Head_z,Nose_x,Nose_y,Nose_z,Eye.L_x,Eye.L_y,Eye.L_z,Eye.R_x,Eye.R_y,Eye.R_z,Ear.L_x,Ear.L_y,Ear.L_z,Ear.R_x,Ear.R_y,Ear.R_z,hip.Center_x,hip.Center_y,hip.Center_z
0,0.20903343,0.1690771,-0.01125573,-0.024805129,0.0531126,0.28729314,-0.012908598,0.10582505,-0.096615195,-0.018295497,0.3661495,0.002046786,-0.014467776,0.19374171,0.336986,0.20890501,0.19924012,0.012085284,0.25146022,-0.085837126,0.03276271,-0.019188082,-0.07746493,0.05622245,-0.2781181,-0.040642284,0.15928897,-0.2933928,0.22173399,0.24499759,-0.048510015,0.1834154,0.16082956,0.19745022,0.08019754,0.20837075,-0.3256101,0.07467649,0.2297991,-0.43818033,0.14513525,0.32807082,-0.3783997,0.010583088,0.3899697,-0.37958515,0.07210565,0.39695948,-0.42430332,0.03447658,0.3607257,-0.33318746,0.14692578,0.33946547,-0.42912963,0.06684603,0.2603721,-0.015602047555148602,0.23598727583885193,-0.04728420451283455
