frame,Ankle.R_x,Ankle.R_y,Ankle.R_z,Knee.R_x,Knee.R_y,Knee.R_z,Hip.R_x,Hip.R_y,Hip.R_z,Hip.L_x,Hip.L_y,Hip.L_z,Knee.L_x,Knee.L_y,Knee.L_z,Ankle.L_x,Ankle.L_y,Ankle.L_z,Wrist.R_x,Wrist.R_y,Wrist.R_z,Elbow.R_x,Elbow.R_y,Elbow.R_z,Shoulder.R_x,Shoulder.R_y,Shoulder.R_z,Shoulder.L_x,Shoulder.L_y,Shoulder.L_z,Elbow.L_x,Elbow.L_y,Elbow.L_z,Wrist.L_x,Wrist.L_y,Wrist.L_z,Neck_x,Neck_y,Neck_z,Head_x,Head_y,Head_z,Nose_x,Nose_y,Nose_z,Eye.L_x,Eye.L_y,Eye.L_z,Eye.R_x,Eye.R_y,Eye.R_z,Ear.L_x,Ear.L_y,Ear.L_z,Ear.R_x,Ear.R_y,Ear.R_z,hip.Center_x,hip.Center_y,hip.Center_z
0,0.17994718,-0.0041226884,-0.014038795,-0.049690224,0.10038987,0.2983236,-0.03125853,0.11784564,-0.10925433,0.003974061,0.36560175,0.018222332,-0.095259406,0.14456363,0.2955577,0.15643317,0.19667897,-0.0027812643,0.2416559,-0.058220793,0.05381334,-0.029703734,-0.053700265,0.08255273,-0.30856177,-0.00866857,0.11526825,-0.297977,0.25602627,0.21138984,-0.065916546,0.20693408,0.09386437,0.18495911,0.1061598,0.060223922,-0.35447314,0.106926456,0.18990597,-0.47316328,0.16332544,0.3123509,-0.43238533,0.010160405,0.33106998,-0.42631626,0.06637623,0.3564617,-0.4737811,0.04732442,0.31029066,-0.3690921,0.14937271,0.32447916,-0.470626,0.10855156,0.22338705,-0.013642234727740288,0.2417236864566803,-0.0455159991979599
