frame,Ankle.R_x,Ankle.R_y,Ankle.R_z,Knee.R_x,Knee.R_y,Knee.R_z,Hip.R_x,Hip.R_y,Hip.R_z,Hip.L_x,Hip.L_y,Hip.L_z,Knee.L_x,Knee.L_y,Knee.L_z,Ankle.L_x,Ankle.L_y,Ankle.L_z,Wrist.R_x,Wrist.R_y,Wrist.R_z,Elbow.R_x,Elbow.R_y,Elbow.R_z,Shoulder.R_x,Shoulder.R_y,Shoulder.R_z,Shoulder.L_x,Shoulder.L_y,Shoulder.L_z,Elbow.L_x,Elbow.L_y,Elbow.L_z,Wrist.L_x,Wrist.L_y,Wrist.L_z,Neck_x,Neck_y,Neck_z,Head_x,Head_y,Head_z,Nose_x,Nose_y,Nose_z,Eye.L_x,Eye.L_y,Eye.L_z,Eye.R_x,Eye.R_y,Eye.R_z,Ear.L_x,Ear.L_y,Ear.L_z,Ear.R_x,Ear.R_y,Ear.R_z,hip.Center_x,hip.Center_y,hip.Center_z
0,0.30471906,0.23298794,0.17559898,-0.0486658,0.22593698,0.33344036,-0.037385445,0.07405843,-0.013828814,0.010402706,0.32361385,-0.06158168,-0.014243522,0.39322737,0.29432517,0.22754285,0.4693989,0.008757972,-0.17837285,-0.1328003,0.23432685,-0.32769474,0.022563202,0.09183142,-0.43425024,0.20835297,-0.045450397,-0.37438685,0.44999582,-0.03795085,-0.2894448,0.64389235,0.0965365,-0.24950829,0.8056561,0.29197815,-0.433567,0.3390143,-0.023315214,-0.5768889,0.44128603,0.055261437,-0.55420667,0.29059893,0.073631965,-0.5598675,0.3411913,0.102596685,-0.5830224,0.3317063,0.04272168,-0.49437404,0.41628253,0.10392133,-0.5442125,0.39763728,-0.023552828,-0.013491369783878326,0.19883614778518677,-0.03770524635910988
