frame,Ankle.R_x,Ankle.R_y,Ankle.R_z,Knee.R_x,Knee.R_y,Knee.R_z,Hip.R_x,Hip.R_y,Hip.R_z,Hip.L_x,Hip.L_y,Hip.L_z,Knee.L_x,Knee.L_y,Knee.L_z,Ankle.L_x,Ankle.L_y,Ankle.L_z,Wrist.R_x,Wrist.R_y,Wrist.R_z,Elbow.R_x,Elbow.R_y,Elbow.R_z,Shoulder.R_x,Shoulder.R_y,Shoulder.R_z,Shoulder.L_x,Shoulder.L_y,Shoulder.L_z,Elbow.L_x,Elbow.L_y,Elbow.L_z,Wrist.L_x,Wrist.L_y,Wrist.L_z,Neck_x,Neck_y,Neck_z,Head_x,Head_y,Head_z,Nose_x,Nose_y,Nose_z,Eye.L_x,Eye.L_y,Eye.L_z,Eye.R_x,Eye.R_y,Eye.R_z,Ear.L_x,Ear.L_y,Ear.L_z,Ear.R_x,Ear.R_y,Ear.R_z,hip.Center_x,hip.Center_y,hip.Center_z
0,0.28140882,0.12172042,0.1450121,-0.05242814,0.17331755,0.34391326,-0.03470726,0.07450789,-0.032230806,0.009014687,0.32798153,-0.04574602,-0.033090256,0.35356414,0.32037294,0.23348051,0.50399846,0.06487634,-0.45715573,-0.2011001,0.25452974,-0.47794318,-0.03044391,0.06241328,-0.44100463,0.20827349,-0.048916377,-0.36810827,0.4391904,-0.027804831,-0.35463312,0.69079953,0.039697513,-0.46416545,0.8129474,0.23223647,-0.42358375,0.33106425,-0.014100686,-0.5237065,0.4491003,0.09521575,-0.52511513,0.29733932,0.12053217,-0.51074505,0.349147,0.1446025,-0.55498475,0.34221745,0.09661369,-0.43721804,0.4092037,0.11614302,-0.52983034,0.39693543,0.013154417,-0.012846286408603191,0.20124471187591553,-0.03898841142654419
