frame,Ankle.R_x,Ankle.R_y,Ankle.R_z,Knee.R_x,Knee.R_y,Knee.R_z,Hip.R_x,Hip.R_y,Hip.R_z,Hip.L_x,Hip.L_y,Hip.L_z,Knee.L_x,Knee.L_y,Knee.L_z,Ankle.L_x,Ankle.L_y,Ankle.L_z,Wrist.R_x,Wrist.R_y,Wrist.R_z,Elbow.R_x,Elbow.R_y,Elbow.R_z,Shoulder.R_x,Shoulder.R_y,Shoulder.R_z,Shoulder.L_x,Shoulder.L_y,Shoulder.L_z,Elbow.L_x,Elbow.L_y,Elbow.L_z,Wrist.L_x,Wrist.L_y,Wrist.L_z,Neck_x,Neck_y,Neck_z,Head_x,Head_y,Head_z,Nose_x,Nose_y,Nose_z,Eye.L_x,Eye.L_y,Eye.L_z,Eye.R_x,Eye.R_y,Eye.R_z,Ear.L_x,Ear.L_y,Ear.L_z,Ear.R_x,Ear.R_y,Ear.R_z,hip.Center_x,hip.Center_y,hip.Center_z
0,0.4870027,0.10933089,0.53620726,0.14085104,0.08623913,0.29735473,-0.029462457,0.08165793,-0.014542047,-0.010374476,0.33046937,-0.016332239,0.3237966,0.296853,-0.24104582,0.52954227,0.3432974,-0.6305703,-0.210578,-0.42614168,0.10242104,-0.2939932,-0.18571572,0.07717161,-0.3821916,0.07319336,0.10307234,-0.35271052,0.3521109,0.12198279,-0.17165866,0.55749863,0.104609296,-0.03937571,0.7555053,0.17494929,-0.41824657,0.21586393,0.1419891,-0.60009396,0.2867175,0.16234273,-0.5670093,0.16471311,0.2494987,-0.5834695,0.22248733,0.2518106,-0.59559166,0.18264306,0.20142068,-0.52442646,0.29846781,0.22626583,-0.552662,0.21943879,0.118755236,-0.019918465986847878,0.2060636579990387,-0.015437142923474312
