frame,Ankle.R_x,Ankle.R_y,Ankle.R_z,Knee.R_x,Knee.R_y,Knee.R_z,Hip.R_x,Hip.R_y,Hip.R_z,Hip.L_x,Hip.L_y,Hip.L_z,Knee.L_x,Knee.L_y,Knee.L_z,Ankle.L_x,Ankle.L_y,Ankle.L_z,Wrist.R_x,Wrist.R_y,Wrist.R_z,Elbow.R_x,Elbow.R_y,Elbow.R_z,Shoulder.R_x,Shoulder.R_y,Shoulder.R_z,Shoulder.L_x,Shoulder.L_y,Shoulder.L_z,Elbow.L_x,Elbow.L_y,Elbow.L_z,Wrist.L_x,Wrist.L_y,Wrist.L_z,Neck_x,Neck_y,Neck_z,Head_x,Head_y,Head_z,Nose_x,Nose_y,Nose_z,Eye.L_x,Eye.L_y,Eye.L_z,Eye.R_x,Eye.R_y,Eye.R_z,Ear.L_x,Ear.L_y,Ear.L_z,Ear.R_x,Ear.R_y,Ear.R_z,hip.Center_x,hip.Center_y,hip.Center_z
0,0.48619786,0.10959136,0.5246239,0.13221239,0.088265024,0.29733583,-0.033463605,0.08182943,-0.01610716,-0.0051958626,0.33130312,-0.014627878,0.33614197,0.28065145,-0.23339045,0.5158671,0.33771732,-0.6341806,-0.21671557,-0.42699304,0.096941575,-0.2856651,-0.18249601,0.07250896,-0.3782114,0.074351326,0.1037406,-0.3541178,0.3526101,0.13173412,-0.17416409,0.558286,0.106342874,-0.046798933,0.75863147,0.17672813,-0.41775283,0.21487342,0.14670525,-0.5979027,0.28600648,0.15876414,-0.57457197,0.15588407,0.23719755,-0.591163,0.21354625,0.24326542,-0.5977812,0.17860416,0.18835214,-0.52942896,0.2913069,0.23142822,-0.5460136,0.2224532,0.11487254,-0.019329734146595,0.20656627416610718,-0.015367519110441208
