frame,Ankle.R_x,Ankle.R_y,Ankle.R_z,Knee.R_x,Knee.R_y,Knee.R_z,Hip.R_x,Hip.R_y,Hip.R_z,Hip.L_x,Hip.L_y,Hip.L_z,Knee.L_x,Knee.L_y,Knee.L_z,Ankle.L_x,Ankle.L_y,Ankle.L_z,Wrist.R_x,Wrist.R_y,Wrist.R_z,Elbow.R_x,Elbow.R_y,Elbow.R_z,Shoulder.R_x,Shoulder.R_y,Shoulder.R_z,Shoulder.L_x,Shoulder.L_y,Shoulder.L_z,Elbow.L_x,Elbow.L_y,Elbow.L_z,Wrist.L_x,Wrist.L_y,Wrist.L_z,Neck_x,Neck_y,Neck_z,Head_x,Head_y,Head_z,Nose_x,Nose_y,Nose_z,Eye.L_x,Eye.L_y,Eye.L_z,Eye.R_x,Eye.R_y,Eye.R_z,Ear.L_x,Ear.L_y,Ear.L_z,Ear.R_x,Ear.R_y,Ear.R_z,hip.Center_x,hip.Center_y,hip.Center_z
0,0.47478786,0.09679831,0.51131684,0.11466572,0.078830786,0.2962116,-0.03558381,0.082776316,-0.022897014,5.1565294e-05,0.3310017,-0.0071356054,0.32737908,0.2626678,-0.2427979,0.5200242,0.3180749,-0.63752234,-0.20899022,-0.4267227,0.10306638,-0.27406305,-0.1820632,0.07292545,-0.37752813,0.0713686,0.09948798,-0.3600378,0.348984,0.13083132,-0.18722545,0.5593131,0.10367332,-0.066929735,0.76791537,0.15945303,-0.4204634,0.21051252,0.14317273,-0.5995629,0.28278577,0.15431973,-0.57966584,0.14901543,0.22739641,-0.5957053,0.20667902,0.23566742,-0.60135823,0.17425618,0.17907843,-0.5329395,0.28416204,0.22865786,-0.54745364,0.22060585,0.108888045,-0.01776612177491188,0.20688900351524353,-0.015016309916973114
