frame,Ankle.R_x,Ankle.R_y,Ankle.R_z,Knee.R_x,Knee.R_y,Knee.R_z,Hip.R_x,Hip.R_y,Hip.R_z,Hip.L_x,Hip.L_y,Hip.L_z,Knee.L_x,Knee.L_y,Knee.L_z,Ankle.L_x,Ankle.L_y,Ankle.L_z,Wrist.R_x,Wrist.R_y,Wrist.R_z,Elbow.R_x,Elbow.R_y,Elbow.R_z,Shoulder.R_x,Shoulder.R_y,Shoulder.R_z,Shoulder.L_x,Shoulder.L_y,Shoulder.L_z,Elbow.L_x,Elbow.L_y,Elbow.L_z,Wrist.L_x,Wrist.L_y,Wrist.L_z,Neck_x,Neck_y,Neck_z,Head_x,Head_y,Head_z,Nose_x,Nose_y,Nose_z,Eye.L_x,Eye.L_y,Eye.L_z,Eye.R_x,Eye.R_y,Eye.R_z,Ear.L_x,Ear.L_y,Ear.L_z,Ear.R_x,Ear.R_y,Ear.R_z,hip.Center_x,hip.Center_y,hip.Center_z
0,0.2842887,0.10317992,0.16123797,-0.058661256,0.15933926,0.3444644,-0.03279047,0.07490331,-0.03807901,0.010377811,0.32793608,-0.04084779,-0.032763977,0.33468089,0.33233732,0.23790212,0.5213134,0.10194654,-0.5225148,-0.23155811,0.21565145,-0.44503164,-0.046432618,0.056414578,-0.4334819,0.19608286,-0.042804904,-0.3750357,0.4268061,-0.009494752,-0.34486532,0.6700211,0.074391216,-0.45555228,0.81176865,0.2509497,-0.42498964,0.3195701,-0.004282857,-0.5204676,0.45490015,0.062346037,-0.5388048,0.31717572,0.13021429,-0.52110547,0.37315792,0.13971889,-0.562284,0.3552072,0.09167501,-0.44001424,0.4169399,0.10261655,-0.5259008,0.3803949,-0.0008017719,-0.011206329800188541,0.20141969621181488,-0.03946340084075928
