frame,Ankle.R_x,Ankle.R_y,Ankle.R_z,Knee.R_x,Knee.R_y,Knee.R_z,Hip.R_x,Hip.R_y,Hip.R_z,Hip.L_x,Hip.L_y,Hip.L_z,Knee.L_x,Knee.L_y,Knee.L_z,Ankle.L_x,Ankle.L_y,Ankle.L_z,Wrist.R_x,Wrist.R_y,Wrist.R_z,Elbow.R_x,Elbow.R_y,Elbow.R_z,Shoulder.R_x,Shoulder.R_y,Shoulder.R_z,Shoulder.L_x,Shoulder.L_y,Shoulder.L_z,Elbow.L_x,Elbow.L_y,Elbow.L_z,Wrist.L_x,Wrist.L_y,Wrist.L_z,Neck_x,Neck_y,Neck_z,Head_x,Head_y,Head_z,Nose_x,Nose_y,Nose_z,Eye.L_x,Eye.L_y,Eye.L_z,Eye.R_x,Eye.R_y,Eye.R_z,Ear.L_x,Ear.L_y,Ear.L_z,Ear.R_x,Ear.R_y,Ear.R_z,hip.Center_x,hip.Center_y,hip.Center_z
0,0.28407788,0.10249978,0.14878412,-0.04985781,0.15137425,0.3466166,-0.032913957,0.07542342,-0.040661775,0.01035992,0.32854316,-0.03868987,-0.035192452,0.3257068,0.3344411,0.23839882,0.5212375,0.11366029,-0.5165608,-0.24621153,0.2003606,-0.43526724,-0.04966125,0.05835341,-0.43038028,0.1932731,-0.040938586,-0.3689818,0.42823297,-0.004310649,-0.3235752,0.66720307,0.085005514,-0.4422843,0.829703,0.23522078,-0.42357665,0.31973243,-0.0016333135,-0.5148974,0.46062267,0.057974786,-0.54894125,0.32499397,0.12355585,-0.5284337,0.37965035,0.13480154,-0.5662644,0.36439377,0.08319718,-0.44124463,0.41744518,0.105141625,-0.51997757,0.38655588,-0.005399945,-0.01127701811492443,0.2019832879304886,-0.03967582434415817
