frame,Ankle.R_x,Ankle.R_y,Ankle.R_z,Knee.R_x,Knee.R_y,Knee.R_z,Hip.R_x,Hip.R_y,Hip.R_z,Hip.L_x,Hip.L_y,Hip.L_z,Knee.L_x,Knee.L_y,Knee.L_z,Ankle.L_x,Ankle.L_y,Ankle.L_z,Wrist.R_x,Wrist.R_y,Wrist.R_z,Elbow.R_x,Elbow.R_y,Elbow.R_z,Shoulder.R_x,Shoulder.R_y,Shoulder.R_z,Shoulder.L_x,Shoulder.L_y,Shoulder.L_z,Elbow.L_x,Elbow.L_y,Elbow.L_z,Wrist.L_x,Wrist.L_y,Wrist.L_z,Neck_x,Neck_y,Neck_z,Head_x,Head_y,Head_z,Nose_x,Nose_y,Nose_z,Eye.L_x,Eye.L_y,Eye.L_z,Eye.R_x,Eye.R_y,Eye.R_z,Ear.L_x,Ear.L_y,Ear.L_z,Ear.R_x,Ear.R_y,Ear.R_z,hip.Center_x,hip.Center_y,hip.Center_z
0,0.21059535,0.07369988,0.059247445,-0.0490618,0.12726079,0.33264884,-0.02947808,0.078230955,-0.05417832,0.0041339244,0.33127928,-0.024760045,-0.020837417,0.30785906,0.344788,0.2448531,0.48809823,0.11010631,-0.4853874,-0.30863366,-0.043529112,-0.45360446,-0.057370547,-0.06605816,-0.4361728,0.2011342,-0.07683922,-0.37401095,0.41828638,0.006710159,-0.3298898,0.6532768,0.100372866,-0.39602518,0.85656786,0.23544124,-0.42919868,0.3182652,-0.009412933,-0.48267478,0.4620884,0.08431113,-0.5561025,0.33139378,0.119277194,-0.5205845,0.37353906,0.1411155,-0.56049454,0.38250378,0.08968927,-0.42629188,0.39046723,0.11591669,-0.50816554,0.40957615,0.005510144,-0.012672077864408493,0.20475511252880096,-0.03946918249130249
