frame,Ankle.R_x,Ankle.R_y,Ankle.R_z,Knee.R_x,Knee.R_y,Knee.R_z,Hip.R_x,Hip.R_y,Hip.R_z,Hip.L_x,Hip.L_y,Hip.L_z,Knee.L_x,Knee.L_y,Knee.L_z,Ankle.L_x,Ankle.L_y,Ankle.L_z,Wrist.R_x,Wrist.R_y,Wrist.R_z,Elbow.R_x,Elbow.R_y,Elbow.R_z,Shoulder.R_x,Shoulder.R_y,Shoulder.R_z,Shoulder.L_x,Shoulder.L_y,Shoulder.L_z,Elbow.L_x,Elbow.L_y,Elbow.L_z,Wrist.L_x,Wrist.L_y,Wrist.L_z,Neck_x,Neck_y,Neck_z,Head_x,Head_y,Head_z,Nose_x,Nose_y,Nose_z,Eye.L_x,Eye.L_y,Eye.L_z,Eye.R_x,Eye.R_y,Eye.R_z,Ear.L_x,Ear.L_y,Ear.L_z,Ear.R_x,Ear.R_y,Ear.R_z,hip.Center_x,hip.Center_y,hip.Center_z
0,0.188716,0.049072493,0.050452903,-0.057870198,0.11363951,0.33088082,-0.03948241,0.08057235,-0.0549186,0.014466527,0.33120695,-0.025039602,-0.009366917,0.29931027,0.34706765,0.27640998,0.48020178,0.14679968,-0.4482555,-0.25192264,-0.2626483,-0.45102143,-0.02263336,-0.15789892,-0.4355852,0.2253147,-0.06734112,-0.35910076,0.44052312,0.020924333,-0.29242256,0.6750062,0.111012265,-0.32947284,0.8779475,0.2568881,-0.4205639,0.3427727,0.0043666856,-0.47467208,0.493771,0.07857541,-0.5312481,0.36703968,0.14692801,-0.4958439,0.4143681,0.15518355,-0.5442483,0.41197515,0.11073238,-0.40894514,0.43125486,0.11223374,-0.5080075,0.4269476,0.015504494,-0.012507941573858261,0.20588964223861694,-0.03997910022735596
