frame,Ankle.R_x,Ankle.R_y,Ankle.R_z,Knee.R_x,Knee.R_y,Knee.R_z,Hip.R_x,Hip.R_y,Hip.R_z,Hip.L_x,Hip.L_y,Hip.L_z,Knee.L_x,Knee.L_y,Knee.L_z,Ankle.L_x,Ankle.L_y,Ankle.L_z,Wrist.R_x,Wrist.R_y,Wrist.R_z,Elbow.R_x,Elbow.R_y,Elbow.R_z,Shoulder.R_x,Shoulder.R_y,Shoulder.R_z,Shoulder.L_x,Shoulder.L_y,Shoulder.L_z,Elbow.L_x,Elbow.L_y,Elbow.L_z,Wrist.L_x,Wrist.L_y,Wrist.L_z,Neck_x,Neck_y,Neck_z,Head_x,Head_y,Head_z,Nose_x,Nose_y,Nose_z,Eye.L_x,Eye.L_y,Eye.L_z,Eye.R_x,Eye.R_y,Eye.R_z,Ear.L_x,Ear.L_y,Ear.L_z,Ear.R_x,Ear.R_y,Ear.R_z,hip.Center_x,hip.Center_y,hip.Center_z
0,0.1957124,0.025841337,0.064144306,-0.0740185,0.10791915,0.32187212,-0.044706803,0.08342969,-0.059535183,0.019106371,0.33139417,-0.021848409,-0.0036170885,0.29749215,0.34716928,0.27435747,0.46227765,0.13593249,-0.41571328,-0.23149797,-0.29101658,-0.4438186,-0.008345979,-0.17645405,-0.4377936,0.23394167,-0.067259505,-0.35477114,0.45008516,0.01715259,-0.27536476,0.6800723,0.10794346,-0.30016136,0.90743434,0.21576482,-0.4210225,0.34959856,0.0037766835,-0.46967414,0.4976166,0.07086379,-0.5478904,0.37667602,0.12885542,-0.5116954,0.42161226,0.14340864,-0.550305,0.42113817,0.090198345,-0.41582245,0.43063775,0.11873817,-0.4943668,0.43096197,0.0045932177,-0.012800215743482113,0.20741192996501923,-0.0406917966902256
