frame,Ankle.R_x,Ankle.R_y,Ankle.R_z,Knee.R_x,Knee.R_y,Knee.R_z,Hip.R_x,Hip.R_y,Hip.R_z,Hip.L_x,Hip.L_y,Hip.L_z,Knee.L_x,Knee.L_y,Knee.L_z,Ankle.L_x,Ankle.L_y,Ankle.L_z,Wrist.R_x,Wrist.R_y,Wrist.R_z,Elbow.R_x,Elbow.R_y,Elbow.R_z,Shoulder.R_x,Shoulder.R_y,Shoulder.R_z,Shoulder.L_x,Shoulder.L_y,Shoulder.L_z,Elbow.L_x,Elbow.L_y,Elbow.L_z,Wrist.L_x,Wrist.L_y,Wrist.L_z,Neck_x,Neck_y,Neck_z,Head_x,Head_y,Head_z,Nose_x,Nose_y,Nose_z,Eye.L_x,Eye.L_y,Eye.L_z,Eye.R_x,Eye.R_y,Eye.R_z,Ear.L_x,Ear.L_y,Ear.L_z,Ear.R_x,Ear.R_y,Ear.R_z,hip.Center_x,hip.Center_y,hip.Center_z
0,0.22288802,0.025324373,0.09020157,-0.07680387,0.10405969,0.3191592,-0.042358197,0.08472516,-0.06397428,0.016931556,0.33163282,-0.018302822,-0.013453496,0.29019237,0.34826994,0.2725333,0.4528444,0.13555339,-0.38883564,-0.22582138,-0.3080899,-0.43565235,-0.0065332227,-0.19145237,-0.43517238,0.2313284,-0.070767306,-0.35629913,0.44734102,0.023672968,-0.271454,0.6784646,0.11169036,-0.27106065,0.91373694,0.20436037,-0.42489478,0.34454882,0.0030190665,-0.4661066,0.48836207,0.07126979,-0.5786008,0.38187835,0.07707138,-0.54673475,0.4194619,0.1101859,-0.55715674,0.427133,0.04595157,-0.44813415,0.4111589,0.13115774,-0.46848568,0.42889273,-0.004816275,-0.012713320553302765,0.20817899703979492,-0.041138552129268646
