frame,Ankle.R_x,Ankle.R_y,Ankle.R_z,Knee.R_x,Knee.R_y,Knee.R_z,Hip.R_x,Hip.R_y,Hip.R_z,Hip.L_x,Hip.L_y,Hip.L_z,Knee.L_x,Knee.L_y,Knee.L_z,Ankle.L_x,Ankle.L_y,Ankle.L_z,Wrist.R_x,Wrist.R_y,Wrist.R_z,Elbow.R_x,Elbow.R_y,Elbow.R_z,Shoulder.R_x,Shoulder.R_y,Shoulder.R_z,Shoulder.L_x,Shoulder.L_y,Shoulder.L_z,Elbow.L_x,Elbow.L_y,Elbow.L_z,Wrist.L_x,Wrist.L_y,Wrist.L_z,Neck_x,Neck_y,Neck_z,Head_x,Head_y,Head_z,Nose_x,Nose_y,Nose_z,Eye.L_x,Eye.L_y,Eye.L_z,Eye.R_x,Eye.R_y,Eye.R_z,Ear.L_x,Ear.L_y,Ear.L_z,Ear.R_x,Ear.R_y,Ear.R_z,hip.Center_x,hip.Center_y,hip.Center_z
0,0.18018134,0.0010721777,0.06293639,-0.08361325,0.11497548,0.3114031,-0.042659417,0.08465013,-0.06875987,0.01449371,0.33064356,-0.015081855,-0.017189156,0.30227154,0.34550932,0.28958124,0.45536786,0.1491733,-0.38343534,-0.2158416,-0.3077929,-0.43211493,0.0046197097,-0.19497702,-0.42718434,0.24665156,-0.08370881,-0.3437552,0.4531652,0.031073783,-0.25489342,0.6737168,0.14061451,-0.22470313,0.89421636,0.2590655,-0.42058095,0.35349065,-0.005442583,-0.47681433,0.4800134,0.091616094,-0.57324076,0.40853098,-0.0041131303,-0.5683799,0.42887786,0.05058936,-0.5333758,0.45111632,0.00021216646,-0.5062803,0.38997194,0.1234006,-0.43416476,0.4390266,0.016451586,-0.014082852751016617,0.20764684677124023,-0.04192086309194565
