frame,Ankle.R_x,Ankle.R_y,Ankle.R_z,Knee.R_x,Knee.R_y,Knee.R_z,Hip.R_x,Hip.R_y,Hip.R_z,Hip.L_x,Hip.L_y,Hip.L_z,Knee.L_x,Knee.L_y,Knee.L_z,Ankle.L_x,Ankle.L_y,Ankle.L_z,Wrist.R_x,Wrist.R_y,Wrist.R_z,Elbow.R_x,Elbow.R_y,Elbow.R_z,Shoulder.R_x,Shoulder.R_y,Shoulder.R_z,Shoulder.L_x,Shoulder.L_y,Shoulder.L_z,Elbow.L_x,Elbow.L_y,Elbow.L_z,Wrist.L_x,Wrist.L_y,Wrist.L_z,Neck_x,Neck_y,Neck_z,Head_x,Head_y,Head_z,Nose_x,Nose_y,Nose_z,Eye.L_x,Eye.L_y,Eye.L_z,Eye.R_x,Eye.R_y,Eye.R_z,Ear.L_x,Ear.L_y,Ear.L_z,Ear.R_x,Ear.R_y,Ear.R_z,hip.Center_x,hip.Center_y,hip.Center_z
0,0.28536752,0.21136494,0.15964589,-0.060643137,0.21357098,0.33523664,-0.03723739,0.07347514,-0.015631026,0.011789052,0.32356676,-0.060893707,-0.03408705,0.38618335,0.294606,0.23708415,0.50359416,0.043257434,-0.24107368,-0.1680414,0.23917855,-0.3557679,-0.003385773,0.07756073,-0.43642437,0.21022473,-0.046924666,-0.37499553,0.45010296,-0.04188274,-0.3107004,0.67269754,0.06617472,-0.32722723,0.82141805,0.27354228,-0.43115795,0.3400713,-0.02362841,-0.56909615,0.4393791,0.06443003,-0.53330576,0.292822,0.0946878,-0.53787315,0.34625491,0.11879421,-0.5692225,0.32855862,0.064692624,-0.47867125,0.4238724,0.10184232,-0.5460081,0.38884497,-0.013625957,-0.01272416952997446,0.1985209584236145,-0.038262367248535156
