frame,Ankle.R_x,Ankle.R_y,Ankle.R_z,Knee.R_x,Knee.R_y,Knee.R_z,Hip.R_x,Hip.R_y,Hip.R_z,Hip.L_x,Hip.L_y,Hip.L_z,Knee.L_x,Knee.L_y,Knee.L_z,Ankle.L_x,Ankle.L_y,Ankle.L_z,Wrist.R_x,Wrist.R_y,Wrist.R_z,Elbow.R_x,Elbow.R_y,Elbow.R_z,Shoulder.R_x,Shoulder.R_y,Shoulder.R_z,Shoulder.L_x,Shoulder.L_y,Shoulder.L_z,Elbow.L_x,Elbow.L_y,Elbow.L_z,Wrist.L_x,Wrist.L_y,Wrist.L_z,Neck_x,Neck_y,Neck_z,Head_x,Head_y,Head_z,Nose_x,Nose_y,Nose_z,Eye.L_x,Eye.L_y,Eye.L_z,Eye.R_x,Eye.R_y,Eye.R_z,Ear.L_x,Ear.L_y,Ear.L_z,Ear.R_x,Ear.R_y,Ear.R_z,hip.Center_x,hip.Center_y,hip.Center_z
0,0.20781486,-0.003957298,0.09127655,-0.0630082,0.12780568,0.32888654,-0.03934474,0.083383806,-0.06538738,0.012181564,0.330896,-0.017333886,-0.009253024,0.30273765,0.3555671,0.2991077,0.48337084,0.1772948,-0.3507866,-0.19915035,-0.34699085,-0.42136827,0.013201101,-0.22849803,-0.42828935,0.25023824,-0.10351975,-0.3407899,0.45123497,0.02635237,-0.22658846,0.6587118,0.1430899,-0.15651251,0.8642316,0.27239186,-0.41911894,0.3567735,-0.017315857,-0.4624351,0.48777187,0.08135959,-0.5783304,0.4107055,0.015796348,-0.55889034,0.43174702,0.06712176,-0.5410235,0.4555556,0.008966155,-0.47779012,0.39723432,0.1190349,-0.44056296,0.44855565,-0.0036412328,-0.013581587001681328,0.20713989436626434,-0.04136063531041145
