frame,Ankle.R_x,Ankle.R_y,Ankle.R_z,Knee.R_x,Knee.R_y,Knee.R_z,Hip.R_x,Hip.R_y,Hip.R_z,Hip.L_x,Hip.L_y,Hip.L_z,Knee.L_x,Knee.L_y,Knee.L_z,Ankle.L_x,Ankle.L_y,Ankle.L_z,Wrist.R_x,Wrist.R_y,Wrist.R_z,Elbow.R_x,Elbow.R_y,Elbow.R_z,Shoulder.R_x,Shoulder.R_y,Shoulder.R_z,Shoulder.L_x,Shoulder.L_y,Shoulder.L_z,Elbow.L_x,Elbow.L_y,Elbow.L_z,Wrist.L_x,Wrist.L_y,Wrist.L_z,Neck_x,Neck_y,Neck_z,Head_x,Head_y,Head_z,Nose_x,Nose_y,Nose_z,Eye.L_x,Eye.L_y,Eye.L_z,Eye.R_x,Eye.R_y,Eye.R_z,Ear.L_x,Ear.L_y,Ear.L_z,Ear.R_x,Ear.R_y,Ear.R_z,hip.Center_x,hip.Center_y,hip.Center_z
0,0.24360274,0.019935338,0.116647676,-0.056385305,0.14152661,0.33275303,-0.03520185,0.07675989,-0.04737501,0.009877161,0.33134243,-0.031345244,-0.0106303,0.32846826,0.33899975,0.3094042,0.50459903,0.184525,-0.37990835,-0.20992818,-0.32991993,-0.43465745,0.014094852,-0.22258489,-0.44595402,0.24566725,-0.092732936,-0.36005554,0.44748014,0.0098432815,-0.24571818,0.6546756,0.120816745,-0.19246992,0.8554034,0.267079,-0.42873105,0.35926613,-0.017088618,-0.47802302,0.5125209,-0.0068162796,-0.5397249,0.42782748,0.10925244,-0.5020534,0.47337484,0.09679985,-0.55161124,0.4547975,0.05779735,-0.41508058,0.4649509,0.051910598,-0.51601535,0.42706177,-0.034961026,-0.012662345543503761,0.2040511667728424,-0.039360128343105316
