frame,Ankle.R_x,Ankle.R_y,Ankle.R_z,Knee.R_x,Knee.R_y,Knee.R_z,Hip.R_x,Hip.R_y,Hip.R_z,Hip.L_x,Hip.L_y,Hip.L_z,Knee.L_x,Knee.L_y,Knee.L_z,Ankle.L_x,Ankle.L_y,Ankle.L_z,Wrist.R_x,Wrist.R_y,Wrist.R_z,Elbow.R_x,Elbow.R_y,Elbow.R_z,Shoulder.R_x,Shoulder.R_y,Shoulder.R_z,Shoulder.L_x,Shoulder.L_y,Shoulder.L_z,Elbow.L_x,Elbow.L_y,Elbow.L_z,Wrist.L_x,Wrist.L_y,Wrist.L_z,Neck_x,Neck_y,Neck_z,Head_x,Head_y,Head_z,Nose_x,Nose_y,Nose_z,Eye.L_x,Eye.L_y,Eye.L_z,Eye.R_x,Eye.R_y,Eye.R_z,Ear.L_x,Ear.L_y,Ear.L_z,Ear.R_x,Ear.R_y,Ear.R_z,hip.Center_x,hip.Center_y,hip.Center_z
0,0.2656146,0.004659886,0.16017117,-0.04502187,0.15414903,0.34819406,-0.041447297,0.07707935,-0.037067663,0.015919095,0.3284212,-0.042124446,-0.0060611903,0.34810352,0.33343863,0.2958515,0.53574157,0.14297737,-0.43062535,-0.2276946,-0.3077849,-0.4559649,0.003551456,-0.20445535,-0.43369716,0.2440573,-0.09387809,-0.3493269,0.46308076,-0.008899392,-0.2956689,0.69317865,0.10084319,-0.29763255,0.8900163,0.26339975,-0.41830945,0.36866963,-0.030488335,-0.51204395,0.5164158,-0.02931079,-0.5378464,0.42752412,0.09550689,-0.51512027,0.47998148,0.07731442,-0.56121075,0.4467318,0.04458719,-0.43443817,0.49123508,0.02361055,-0.5288105,0.4232737,-0.05028703,-0.012764100916683674,0.2027502804994583,-0.03959605470299721
