frame,Ankle.R_x,Ankle.R_y,Ankle.R_z,Knee.R_x,Knee.R_y,Knee.R_z,Hip.R_x,Hip.R_y,Hip.R_z,Hip.L_x,Hip.L_y,Hip.L_z,Knee.L_x,Knee.L_y,Knee.L_z,Ankle.L_x,Ankle.L_y,Ankle.L_z,Wrist.R_x,Wrist.R_y,Wrist.R_z,Elbow.R_x,Elbow.R_y,Elbow.R_z,Shoulder.R_x,Shoulder.R_y,Shoulder.R_z,Shoulder.L_x,Shoulder.L_y,Shoulder.L_z,Elbow.L_x,Elbow.L_y,Elbow.L_z,Wrist.L_x,Wrist.L_y,Wrist.L_z,Neck_x,Neck_y,Neck_z,Head_x,Head_y,Head_z,Nose_x,Nose_y,Nose_z,Eye.L_x,Eye.L_y,Eye.L_z,Eye.R_x,Eye.R_y,Eye.R_z,Ear.L_x,Ear.L_y,Ear.L_z,Ear.R_x,Ear.R_y,Ear.R_z,hip.Center_x,hip.Center_y,hip.Center_z
0,0.3204205,0.015079193,0.23042321,-0.03039422,0.17256947,0.35441208,-0.042849228,0.07626186,-0.02863982,0.0144707775,0.32698634,-0.05091232,0.0025953366,0.36610305,0.32643837,0.31049952,0.56754714,0.14029405,-0.49338305,-0.25212693,-0.2680785,-0.47988844,-0.0139895985,-0.17899546,-0.4325999,0.22918727,-0.0745586,-0.35633743,0.45769912,-0.011398485,-0.33475733,0.7137591,0.044237047,-0.36974186,0.90686464,0.20635924,-0.42055,0.35865963,-0.02031476,-0.5258622,0.49660122,-0.0286172,-0.54471344,0.4167628,0.103477165,-0.526645,0.4695018,0.08078707,-0.56927764,0.4293732,0.051117837,-0.44606435,0.4831717,0.02664056,-0.5338199,0.4009924,-0.04128988,-0.014189224690198898,0.2016240954399109,-0.03977607190608978
