frame,Ankle.R_x,Ankle.R_y,Ankle.R_z,Knee.R_x,Knee.R_y,Knee.R_z,Hip.R_x,Hip.R_y,Hip.R_z,Hip.L_x,Hip.L_y,Hip.L_z,Knee.L_x,Knee.L_y,Knee.L_z,Ankle.L_x,Ankle.L_y,Ankle.L_z,Wrist.R_x,Wrist.R_y,Wrist.R_z,Elbow.R_x,Elbow.R_y,Elbow.R_z,Shoulder.R_x,Shoulder.R_y,Shoulder.R_z,Shoulder.L_x,Shoulder.L_y,Shoulder.L_z,Elbow.L_x,Elbow.L_y,Elbow.L_z,Wrist.L_x,Wrist.L_y,Wrist.L_z,Neck_x,Neck_y,Neck_z,Head_x,Head_y,Head_z,Nose_x,Nose_y,Nose_z,Eye.L_x,Eye.L_y,Eye.L_z,Eye.R_x,Eye.R_y,Eye.R_z,Ear.L_x,Ear.L_y,Ear.L_z,Ear.R_x,Ear.R_y,Ear.R_z,hip.Center_x,hip.Center_y,hip.Center_z
0,0.37462994,0.03697729,0.32748222,-0.008477745,0.19054757,0.35706043,-0.03775686,0.07362462,-0.019696295,0.008314287,0.32248834,-0.057911426,0.0026468278,0.4009053,0.3076358,0.26633057,0.68090284,0.13989359,-0.51230407,-0.26824963,-0.22644153,-0.4688241,-0.030195849,-0.148197,-0.4320859,0.22119114,-0.065335914,-0.35266092,0.45455444,-0.017133415,-0.34166682,0.70533174,0.046906702,-0.40283668,0.946411,0.09605259,-0.4207523,0.35491627,-0.020314373,-0.54852784,0.47115064,-0.04574263,-0.5437243,0.42086458,0.10094742,-0.53697056,0.4692519,0.06642251,-0.5740897,0.41773182,0.05059971,-0.46396607,0.4825205,0.0025383085,-0.5410599,0.37562388,-0.037810467,-0.014721286483108997,0.19805647432804108,-0.038803860545158386
