frame,Ankle.R_x,Ankle.R_y,Ankle.R_z,Knee.R_x,Knee.R_y,Knee.R_z,Hip.R_x,Hip.R_y,Hip.R_z,Hip.L_x,Hip.L_y,Hip.L_z,Knee.L_x,Knee.L_y,Knee.L_z,Ankle.L_x,Ankle.L_y,Ankle.L_z,Wrist.R_x,Wrist.R_y,Wrist.R_z,Elbow.R_x,Elbow.R_y,Elbow.R_z,Shoulder.R_x,Shoulder.R_y,Shoulder.R_z,Shoulder.L_x,Shoulder.L_y,Shoulder.L_z,Elbow.L_x,Elbow.L_y,Elbow.L_z,Wrist.L_x,Wrist.L_y,Wrist.L_z,Neck_x,Neck_y,Neck_z,Head_x,Head_y,Head_z,Nose_x,Nose_y,Nose_z,Eye.L_x,Eye.L_y,Eye.L_z,Eye.R_x,Eye.R_y,Eye.R_z,Ear.L_x,Ear.L_y,Ear.L_z,Ear.R_x,Ear.R_y,Ear.R_z,hip.Center_x,hip.Center_y,hip.Center_z
0,0.41675285,0.078122,0.33925813,0.025498562,0.20522706,0.35754794,-0.03966228,0.07362747,-0.014202409,0.004749608,0.31872502,-0.06161309,0.009576311,0.4450368,0.27883968,0.22834319,0.71692824,0.05535887,-0.45181516,-0.29311314,-0.13991418,-0.44504783,-0.0401805,-0.11104137,-0.42339075,0.22435144,-0.07179527,-0.337172,0.46506792,-0.032969736,-0.32381082,0.72170293,-0.0011173916,-0.41482717,0.95654845,0.015332152,-0.41428524,0.36365098,-0.030406628,-0.5666549,0.4729312,-0.039897658,-0.5547594,0.38697985,0.08773507,-0.55829185,0.4428903,0.06776594,-0.58152217,0.39168313,0.03513646,-0.48796734,0.4892304,0.01682866,-0.5373459,0.3838386,-0.056913633,-0.017456335946917534,0.19617624580860138,-0.03790774941444397
