frame,Ankle.R_x,Ankle.R_y,Ankle.R_z,Knee.R_x,Knee.R_y,Knee.R_z,Hip.R_x,Hip.R_y,Hip.R_z,Hip.L_x,Hip.L_y,Hip.L_z,Knee.L_x,Knee.L_y,Knee.L_z,Ankle.L_x,Ankle.L_y,Ankle.L_z,Wrist.R_x,Wrist.R_y,Wrist.R_z,Elbow.R_x,Elbow.R_y,Elbow.R_z,Shoulder.R_x,Shoulder.R_y,Shoulder.R_z,Shoulder.L_x,Shoulder.L_y,Shoulder.L_z,Elbow.L_x,Elbow.L_y,Elbow.L_z,Wrist.L_x,Wrist.L_y,Wrist.L_z,Neck_x,Neck_y,Neck_z,Head_x,Head_y,Head_z,Nose_x,Nose_y,Nose_z,Eye.L_x,Eye.L_y,Eye.L_z,Eye.R_x,Eye.R_y,Eye.R_z,Ear.L_x,Ear.L_y,Ear.L_z,Ear.R_x,Ear.R_y,Ear.R_z,hip.Center_x,hip.Center_y,hip.Center_z
0,0.46248755,0.14933588,0.40164712,0.055079855,0.22472732,0.36520144,-0.0366552,0.087998785,0.04038888,-0.008534836,0.2872473,-0.10248499,0.06054259,0.590289,-0.03953792,0.31115165,0.7958565,-0.3124724,-0.13627902,-0.18129137,-0.1406965,-0.30392164,-0.002004547,-0.06853042,-0.4246258,0.231337,-0.0017868476,-0.33685613,0.47319984,-0.044443157,-0.2761008,0.7243084,-0.10644548,-0.37819856,0.908041,-0.24110045,-0.4200639,0.38026,0.0017816355,-0.57733595,0.4622225,-0.039870683,-0.5627224,0.41444573,0.10680643,-0.57527554,0.46184143,0.07191485,-0.5847493,0.40070608,0.052537,-0.50896424,0.5090483,0.015816167,-0.5308916,0.38142973,-0.031238034,-0.02259501814842224,0.1876230388879776,-0.031048057600855827
