frame,Ankle.R_x,Ankle.R_y,Ankle.R_z,Knee.R_x,Knee.R_y,Knee.R_z,Hip.R_x,Hip.R_y,Hip.R_z,Hip.L_x,Hip.L_y,Hip.L_z,Knee.L_x,Knee.L_y,Knee.L_z,Ankle.L_x,Ankle.L_y,Ankle.L_z,Wrist.R_x,Wrist.R_y,Wrist.R_z,Elbow.R_x,Elbow.R_y,Elbow.R_z,Shoulder.R_x,Shoulder.R_y,Shoulder.R_z,Shoulder.L_x,Shoulder.L_y,Shoulder.L_z,Elbow.L_x,Elbow.L_y,Elbow.L_z,Wrist.L_x,Wrist.L_y,Wrist.L_z,Neck_x,Neck_y,Neck_z,Head_x,Head_y,Head_z,Nose_x,Nose_y,Nose_z,Eye.L_x,Eye.L_y,Eye.L_z,Eye.R_x,Eye.R_y,Eye.R_z,Ear.L_x,Ear.L_y,Ear.L_z,Ear.R_x,Ear.R_y,Ear.R_z,hip.Center_x,hip.Center_y,hip.Center_z
0,0.28796965,0.18761599,0.15552197,-0.05178462,0.20774588,0.3420192,-0.037873697,0.0743668,-0.01986331,0.013026809,0.32481617,-0.05598941,-0.017529448,0.37786517,0.30970663,0.23142426,0.49877667,0.03992719,-0.29876536,-0.18284641,0.24857199,-0.40029433,-0.015702313,0.08205321,-0.43947297,0.21232706,-0.044161677,-0.37522155,0.44665134,-0.0376334,-0.3254093,0.69181556,0.029640071,-0.3665166,0.8154794,0.24574348,-0.42760068,0.33751565,-0.017727599,-0.5394163,0.4509874,0.08020368,-0.5258567,0.30048138,0.113358825,-0.5185901,0.35462934,0.13546756,-0.55849457,0.3410064,0.08545034,-0.4499923,0.42100483,0.10884555,-0.53423727,0.39460406,0.0016659126,-0.012423443607985973,0.1995914876461029,-0.037926360964775085
