frame,Ankle.R_x,Ankle.R_y,Ankle.R_z,Knee.R_x,Knee.R_y,Knee.R_z,Hip.R_x,Hip.R_y,Hip.R_z,Hip.L_x,Hip.L_y,Hip.L_z,Knee.L_x,Knee.L_y,Knee.L_z,Ankle.L_x,Ankle.L_y,Ankle.L_z,Wrist.R_x,Wrist.R_y,Wrist.R_z,Elbow.R_x,Elbow.R_y,Elbow.R_z,Shoulder.R_x,Shoulder.R_y,Shoulder.R_z,Shoulder.L_x,Shoulder.L_y,Shoulder.L_z,Elbow.L_x,Elbow.L_y,Elbow.L_z,Wrist.L_x,Wrist.L_y,Wrist.L_z,Neck_x,Neck_y,Neck_z,Head_x,Head_y,Head_z,Nose_x,Nose_y,Nose_z,Eye.L_x,Eye.L_y,Eye.L_z,Eye.R_x,Eye.R_y,Eye.R_z,Ear.L_x,Ear.L_y,Ear.L_z,Ear.R_x,Ear.R_y,Ear.R_z,hip.Center_x,hip.Center_y,hip.Center_z
0,0.29800358,0.59238344,0.40678272,0.089210525,0.26792476,0.34172076,0.030028265,0.10701713,0.06468845,-0.057826065,0.25539088,-0.10325054,0.14128576,0.5408567,-0.21938734,0.4119854,0.72781134,-0.46458054,-0.08580146,0.32340622,-0.15824345,-0.2409653,0.15790808,-0.0861519,-0.40483296,0.22712491,0.09654632,-0.3720939,0.3302734,0.0005581388,-0.27985126,0.2799316,-0.24072276,-0.21394172,0.4717123,-0.3630637,-0.41483906,0.29458204,0.091814525,-0.5096381,0.34962824,0.00991008,-0.56084627,0.37568742,0.15524857,-0.542211,0.40221924,0.10491425,-0.5692834,0.34278783,0.10693011,-0.44949168,0.40050387,0.070476085,-0.50219095,0.27421904,0.06979531,-0.013898899778723717,0.18120400607585907,-0.019281044602394104
