frame,Ankle.R_x,Ankle.R_y,Ankle.R_z,Knee.R_x,Knee.R_y,Knee.R_z,Hip.R_x,Hip.R_y,Hip.R_z,Hip.L_x,Hip.L_y,Hip.L_z,Knee.L_x,Knee.L_y,Knee.L_z,Ankle.L_x,Ankle.L_y,Ankle.L_z,Wrist.R_x,Wrist.R_y,Wrist.R_z,Elbow.R_x,Elbow.R_y,Elbow.R_z,Shoulder.R_x,Shoulder.R_y,Shoulder.R_z,Shoulder.L_x,Shoulder.L_y,Shoulder.L_z,Elbow.L_x,Elbow.L_y,Elbow.L_z,Wrist.L_x,Wrist.L_y,Wrist.L_z,Neck_x,Neck_y,Neck_z,Head_x,Head_y,Head_z,Nose_x,Nose_y,Nose_z,Eye.L_x,Eye.L_y,Eye.L_z,Eye.R_x,Eye.R_y,Eye.R_z,Ear.L_x,Ear.L_y,Ear.L_z,Ear.R_x,Ear.R_y,Ear.R_z,hip.Center_x,hip.Center_y,hip.Center_z
0,0.2864531,0.7124747,0.42367664,0.07284191,0.3893298,0.32726792,0.07402885,0.1207641,0.042790044,-0.078385234,0.26980174,-0.09083606,0.18942903,0.5060006,-0.2387945,0.49842352,0.52898467,-0.5418616,0.065550126,0.40570682,-0.11645254,-0.11944189,0.26065758,0.0053777667,-0.36911312,0.20788789,0.047254167,-0.32847273,0.26407856,0.012156854,-0.27866715,0.17717879,-0.19351,-0.09595034,0.23990335,-0.379644,-0.36574897,0.26677865,0.039921917,-0.4982681,0.34357503,0.008514159,-0.46337655,0.36357576,0.15923089,-0.47158992,0.39245582,0.107445404,-0.49693125,0.33230376,0.1220436,-0.41062298,0.38998362,0.02534458,-0.4593805,0.2631444,0.050269216,-0.002178192138671875,0.1952829211950302,-0.024023009464144707
