frame,Ankle.R_x,Ankle.R_y,Ankle.R_z,Knee.R_x,Knee.R_y,Knee.R_z,Hip.R_x,Hip.R_y,Hip.R_z,Hip.L_x,Hip.L_y,Hip.L_z,Knee.L_x,Knee.L_y,Knee.L_z,Ankle.L_x,Ankle.L_y,Ankle.L_z,Wrist.R_x,Wrist.R_y,Wrist.R_z,Elbow.R_x,Elbow.R_y,Elbow.R_z,Shoulder.R_x,Shoulder.R_y,Shoulder.R_z,Shoulder.L_x,Shoulder.L_y,Shoulder.L_z,Elbow.L_x,Elbow.L_y,Elbow.L_z,Wrist.L_x,Wrist.L_y,Wrist.L_z,Neck_x,Neck_y,Neck_z,Head_x,Head_y,Head_z,Nose_x,Nose_y,Nose_z,Eye.L_x,Eye.L_y,Eye.L_z,Eye.R_x,Eye.R_y,Eye.R_z,Ear.L_x,Ear.L_y,Ear.L_z,Ear.R_x,Ear.R_y,Ear.R_z,hip.Center_x,hip.Center_y,hip.Center_z
0,0.26338762,0.79268384,0.47408184,0.09571343,0.544064,0.16731562,-0.030880602,0.2609238,0.090039775,-0.022817472,0.11301028,-0.10521037,0.0899201,0.22599262,-0.41042936,0.49549174,0.08637263,-0.44803253,-0.22421564,0.81356347,-0.23941092,-0.23664461,0.642883,-0.043885373,-0.33889002,0.4044197,0.03425774,-0.42396617,0.19509843,-0.09350929,-0.30327225,-0.03401172,-0.17398347,-0.1201192,-0.20397927,-0.20904577,-0.4236283,0.3243972,-0.011652886,-0.5862164,0.27965212,0.0058468953,-0.50833946,0.33777308,0.12222414,-0.56101084,0.34037364,0.09649762,-0.5203318,0.28899467,0.0926,-0.5743258,0.38137928,0.0013889745,-0.49390134,0.26961285,-0.00028079003,-0.026849037036299706,0.18696704506874084,-0.007585298269987106
