frame,Ankle.R_x,Ankle.R_y,Ankle.R_z,Knee.R_x,Knee.R_y,Knee.R_z,Hip.R_x,Hip.R_y,Hip.R_z,Hip.L_x,Hip.L_y,Hip.L_z,Knee.L_x,Knee.L_y,Knee.L_z,Ankle.L_x,Ankle.L_y,Ankle.L_z,Wrist.R_x,Wrist.R_y,Wrist.R_z,Elbow.R_x,Elbow.R_y,Elbow.R_z,Shoulder.R_x,Shoulder.R_y,Shoulder.R_z,Shoulder.L_x,Shoulder.L_y,Shoulder.L_z,Elbow.L_x,Elbow.L_y,Elbow.L_z,Wrist.L_x,Wrist.L_y,Wrist.L_z,Neck_x,Neck_y,Neck_z,Head_x,Head_y,Head_z,Nose_x,Nose_y,Nose_z,Eye.L_x,Eye.L_y,Eye.L_z,Eye.R_x,Eye.R_y,Eye.R_z,Ear.L_x,Ear.L_y,Ear.L_z,Ear.R_x,Ear.R_y,Ear.R_z,hip.Center_x,hip.Center_y,hip.Center_z
0,0.35069916,0.70275635,0.40166128,0.05950804,0.5231968,0.18822484,0.056588545,0.24026662,0.0905128,-0.078292586,0.14236158,-0.10112367,0.09527872,0.28094095,-0.45458394,0.49593347,0.27037805,-0.32974058,-0.1940767,0.73382527,-0.27035928,-0.18814085,0.6282354,-0.030271342,-0.28848097,0.40094733,0.041864805,-0.35123333,0.16340977,-0.03977976,-0.32784307,-0.050184857,-0.19320682,-0.15280509,-0.23894732,-0.18704379,-0.37634405,0.30975693,0.008365765,-0.56714743,0.29130974,-0.039992835,-0.52884483,0.37661862,0.0775962,-0.55979455,0.3788502,0.029040875,-0.54551286,0.3233689,0.06412408,-0.51770616,0.37686068,-0.06749576,-0.4888545,0.26040584,0.0027348455,-0.010852020233869553,0.19131410121917725,-0.005305435508489609
