frame,Ankle.R_x,Ankle.R_y,Ankle.R_z,Knee.R_x,Knee.R_y,Knee.R_z,Hip.R_x,Hip.R_y,Hip.R_z,Hip.L_x,Hip.L_y,Hip.L_z,Knee.L_x,Knee.L_y,Knee.L_z,Ankle.L_x,Ankle.L_y,Ankle.L_z,Wrist.R_x,Wrist.R_y,Wrist.R_z,Elbow.R_x,Elbow.R_y,Elbow.R_z,Shoulder.R_x,Shoulder.R_y,Shoulder.R_z,Shoulder.L_x,Shoulder.L_y,Shoulder.L_z,Elbow.L_x,Elbow.L_y,Elbow.L_z,Wrist.L_x,Wrist.L_y,Wrist.L_z,Neck_x,Neck_y,Neck_z,Head_x,Head_y,Head_z,Nose_x,Nose_y,Nose_z,Eye.L_x,Eye.L_y,Eye.L_z,Eye.R_x,Eye.R_y,Eye.R_z,Ear.L_x,Ear.L_y,Ear.L_z,Ear.R_x,Ear.R_y,Ear.R_z,hip.Center_x,hip.Center_y,hip.Center_z
0,0.47592658,0.6051764,0.42624196,0.15601085,0.5390893,0.16334686,-0.058692522,0.24025013,0.08565803,0.02200779,0.12580253,-0.11951674,0.09678006,0.39885333,-0.33281893,0.331144,0.6387923,-0.10120301,-0.08340523,0.6353875,-0.30347663,-0.17815453,0.5287535,-0.08998613,-0.34299183,0.3573955,0.016877465,-0.4261827,0.17858191,-0.13706836,-0.35034093,-0.07040827,-0.13444869,-0.252757,-0.29824203,-0.13230911,-0.42675757,0.29159108,-0.059283026,-0.6096113,0.32279667,-0.010575552,-0.5022116,0.42735338,0.011422843,-0.5549538,0.41975033,-0.013297796,-0.5338117,0.38448557,0.036185935,-0.5686775,0.36158878,-0.0947568,-0.5281234,0.28958806,0.015657336,-0.018342366442084312,0.18302632868289948,-0.016929354518651962
