frame,Ankle.R_x,Ankle.R_y,Ankle.R_z,Knee.R_x,Knee.R_y,Knee.R_z,Hip.R_x,Hip.R_y,Hip.R_z,Hip.L_x,Hip.L_y,Hip.L_z,Knee.L_x,Knee.L_y,Knee.L_z,Ankle.L_x,Ankle.L_y,Ankle.L_z,Wrist.R_x,Wrist.R_y,Wrist.R_z,Elbow.R_x,Elbow.R_y,Elbow.R_z,Shoulder.R_x,Shoulder.R_y,Shoulder.R_z,Shoulder.L_x,Shoulder.L_y,Shoulder.L_z,Elbow.L_x,Elbow.L_y,Elbow.L_z,Wrist.L_x,Wrist.L_y,Wrist.L_z,Neck_x,Neck_y,Neck_z,Head_x,Head_y,Head_z,Nose_x,Nose_y,Nose_z,Eye.L_x,Eye.L_y,Eye.L_z,Eye.R_x,Eye.R_y,Eye.R_z,Ear.L_x,Ear.L_y,Ear.L_z,Ear.R_x,Ear.R_y,Ear.R_z,hip.Center_x,hip.Center_y,hip.Center_z
0,0.5098938,0.48398012,0.4480704,0.25091925,0.48811525,0.11519221,-0.054121383,0.23590308,0.09259767,0.015252237,0.14719847,-0.13125047,0.1230482,0.48755646,-0.21612093,0.36228383,0.7049953,0.041708034,-0.21740232,0.42326695,-0.313039,-0.13420881,0.41234913,-0.07620723,-0.34981304,0.35307956,0.047658905,-0.41647837,0.22268446,-0.16355042,-0.27571067,0.007339079,-0.14521913,-0.0902179,-0.14285634,-0.08540848,-0.42930895,0.31465036,-0.054978922,-0.61848974,0.38602632,-0.054147795,-0.49815556,0.47135457,-0.021555938,-0.5421588,0.46475106,-0.06024926,-0.545318,0.44481826,0.0012404025,-0.54950327,0.38971382,-0.12427546,-0.5574372,0.34670487,0.008006491,-0.019434573128819466,0.19155077636241913,-0.019326400011777878
