frame,Ankle.R_x,Ankle.R_y,Ankle.R_z,Knee.R_x,Knee.R_y,Knee.R_z,Hip.R_x,Hip.R_y,Hip.R_z,Hip.L_x,Hip.L_y,Hip.L_z,Knee.L_x,Knee.L_y,Knee.L_z,Ankle.L_x,Ankle.L_y,Ankle.L_z,Wrist.R_x,Wrist.R_y,Wrist.R_z,Elbow.R_x,Elbow.R_y,Elbow.R_z,Shoulder.R_x,Shoulder.R_y,Shoulder.R_z,Shoulder.L_x,Shoulder.L_y,Shoulder.L_z,Elbow.L_x,Elbow.L_y,Elbow.L_z,Wrist.L_x,Wrist.L_y,Wrist.L_z,Neck_x,Neck_y,Neck_z,Head_x,Head_y,Head_z,Nose_x,Nose_y,Nose_z,Eye.L_x,Eye.L_y,Eye.L_z,Eye.R_x,Eye.R_y,Eye.R_z,Ear.L_x,Ear.L_y,Ear.L_z,Ear.R_x,Ear.R_y,Ear.R_z,hip.Center_x,hip.Center_y,hip.Center_z
0,0.5264771,0.40151122,0.44780007,0.36045766,0.41557723,0.08341314,-0.009728952,0.25004646,0.09749581,-0.02007632,0.16249439,-0.14013524,0.16889602,0.515877,-0.073516294,0.3743352,0.78761697,0.16955465,-0.3399583,0.22214822,-0.24118651,-0.14095736,0.29401672,-0.10742873,-0.3514949,0.39930874,0.040250782,-0.41706902,0.24531808,-0.12350777,-0.17434715,0.14541481,-0.18633014,0.0045018056,0.08888522,-0.022702709,-0.43297175,0.33635417,-0.017346852,-0.6003442,0.41781157,-0.09207465,-0.4827844,0.49368286,-0.037398018,-0.5105629,0.4786571,-0.08765855,-0.53982794,0.48192573,-0.0279665,-0.5141418,0.38690913,-0.12714344,-0.5769088,0.3903795,-0.0008967072,-0.014902636408805847,0.20627042651176453,-0.021319717168807983
