frame,Ankle.R_x,Ankle.R_y,Ankle.R_z,Knee.R_x,Knee.R_y,Knee.R_z,Hip.R_x,Hip.R_y,Hip.R_z,Hip.L_x,Hip.L_y,Hip.L_z,Knee.L_x,Knee.L_y,Knee.L_z,Ankle.L_x,Ankle.L_y,Ankle.L_z,Wrist.R_x,Wrist.R_y,Wrist.R_z,Elbow.R_x,Elbow.R_y,Elbow.R_z,Shoulder.R_x,Shoulder.R_y,Shoulder.R_z,Shoulder.L_x,Shoulder.L_y,Shoulder.L_z,Elbow.L_x,Elbow.L_y,Elbow.L_z,Wrist.L_x,Wrist.L_y,Wrist.L_z,Neck_x,Neck_y,Neck_z,Head_x,Head_y,Head_z,Nose_x,Nose_y,Nose_z,Eye.L_x,Eye.L_y,Eye.L_z,Eye.R_x,Eye.R_y,Eye.R_z,Ear.L_x,Ear.L_y,Ear.L_z,Ear.R_x,Ear.R_y,Ear.R_z,hip.Center_x,hip.Center_y,hip.Center_z
0,0.5898368,0.31032312,0.47218674,0.3201926,0.23355533,0.14792891,-0.0017552478,0.2603402,-0.11744939,-0.00084793055,0.113019325,0.06630293,0.2511922,0.4311433,0.14118084,0.37200996,0.8253939,0.26309612,-0.4244204,0.006656255,-0.15927225,-0.2845464,0.18620078,-0.053035807,-0.34574834,0.38686082,-0.033457402,-0.41553244,0.26138955,-0.11846556,-0.18016255,0.30245087,-0.066514134,0.06544812,0.30069834,-0.00048855785,-0.4237639,0.33544356,-0.063955426,-0.5913057,0.41721395,-0.06606993,-0.4613549,0.4836679,-0.095888935,-0.5153482,0.4711732,-0.11891491,-0.5024599,0.4751035,-0.056069687,-0.54230994,0.38152552,-0.1472514,-0.5225804,0.39116547,-0.016173244,-0.0013015891890972853,0.18667976558208466,-0.025573227554559708
