frame,Ankle.R_x,Ankle.R_y,Ankle.R_z,Knee.R_x,Knee.R_y,Knee.R_z,Hip.R_x,Hip.R_y,Hip.R_z,Hip.L_x,Hip.L_y,Hip.L_z,Knee.L_x,Knee.L_y,Knee.L_z,Ankle.L_x,Ankle.L_y,Ankle.L_z,Wrist.R_x,Wrist.R_y,Wrist.R_z,Elbow.R_x,Elbow.R_y,Elbow.R_z,Shoulder.R_x,Shoulder.R_y,Shoulder.R_z,Shoulder.L_x,Shoulder.L_y,Shoulder.L_z,Elbow.L_x,Elbow.L_y,Elbow.L_z,Wrist.L_x,Wrist.L_y,Wrist.L_z,Neck_x,Neck_y,Neck_z,Head_x,Head_y,Head_z,Nose_x,Nose_y,Nose_z,Eye.L_x,Eye.L_y,Eye.L_z,Eye.R_x,Eye.R_y,Eye.R_z,Ear.L_x,Ear.L_y,Ear.L_z,Ear.R_x,Ear.R_y,Ear.R_z,hip.Center_x,hip.Center_y,hip.Center_z
0,0.6097926,0.20675266,0.52612144,0.2512675,0.2215915,0.31169733,-0.035249732,0.10801667,0.053720757,0.0050224653,0.2840423,-0.12094462,0.20556465,0.5287934,0.11796313,0.4146011,0.8227636,0.33699268,-0.44942063,-0.10409468,-0.09063036,-0.27471912,0.07579849,-0.02924791,-0.33971122,0.29532826,0.04737162,-0.32501596,0.40932488,-0.1530338,-0.07150839,0.46408874,-0.06485021,0.15034118,0.43997926,0.07733694,-0.39847136,0.3578882,-0.06537443,-0.57872814,0.4321451,-0.12057681,-0.456169,0.5198802,-0.09031724,-0.49237978,0.49910817,-0.13434593,-0.5103606,0.5052043,-0.07004643,-0.49785373,0.40648308,-0.16742843,-0.53853345,0.4105333,-0.030862764,-0.015113633126020432,0.19602948427200317,-0.033611930906772614
