frame,Ankle.R_x,Ankle.R_y,Ankle.R_z,Knee.R_x,Knee.R_y,Knee.R_z,Hip.R_x,Hip.R_y,Hip.R_z,Hip.L_x,Hip.L_y,Hip.L_z,Knee.L_x,Knee.L_y,Knee.L_z,Ankle.L_x,Ankle.L_y,Ankle.L_z,Wrist.R_x,Wrist.R_y,Wrist.R_z,Elbow.R_x,Elbow.R_y,Elbow.R_z,Shoulder.R_x,Shoulder.R_y,Shoulder.R_z,Shoulder.L_x,Shoulder.L_y,Shoulder.L_z,Elbow.L_x,Elbow.L_y,Elbow.L_z,Wrist.L_x,Wrist.L_y,Wrist.L_z,Neck_x,Neck_y,Neck_z,Head_x,Head_y,Head_z,Nose_x,Nose_y,Nose_z,Eye.L_x,Eye.L_y,Eye.L_z,Eye.R_x,Eye.R_y,Eye.R_z,Ear.L_x,Ear.L_y,Ear.L_z,Ear.R_x,Ear.R_y,Ear.R_z,hip.Center_x,hip.Center_y,hip.Center_z
0,0.5414974,0.08406589,0.5751901,0.20223626,0.21735457,0.34507614,-0.075386256,0.13549855,0.05895978,0.037994605,0.255847,-0.13018534,0.16990924,0.5253694,0.11165118,0.4337697,0.7508237,0.36869258,-0.4222928,-0.23427941,-0.046362225,-0.40079266,0.021182723,-0.02984221,-0.39141583,0.2880824,-0.0011370359,-0.2522495,0.4957236,-0.13255629,0.0077429023,0.56920034,-0.06318933,0.17356157,0.5754991,0.13518767,-0.3700061,0.41989538,-0.07480713,-0.5531716,0.42178082,-0.08419655,-0.4929165,0.56111395,-0.11876555,-0.518878,0.51212114,-0.14148729,-0.52738374,0.5331372,-0.07932772,-0.47681174,0.42484936,-0.14738464,-0.49770182,0.45753008,-0.0120553,-0.018695825710892677,0.19567278027534485,-0.03561277687549591
