frame,Ankle.R_x,Ankle.R_y,Ankle.R_z,Knee.R_x,Knee.R_y,Knee.R_z,Hip.R_x,Hip.R_y,Hip.R_z,Hip.L_x,Hip.L_y,Hip.L_z,Knee.L_x,Knee.L_y,Knee.L_z,Ankle.L_x,Ankle.L_y,Ankle.L_z,Wrist.R_x,Wrist.R_y,Wrist.R_z,Elbow.R_x,Elbow.R_y,Elbow.R_z,Shoulder.R_x,Shoulder.R_y,Shoulder.R_z,Shoulder.L_x,Shoulder.L_y,Shoulder.L_z,Elbow.L_x,Elbow.L_y,Elbow.L_z,Wrist.L_x,Wrist.L_y,Wrist.L_z,Neck_x,Neck_y,Neck_z,Head_x,Head_y,Head_z,Nose_x,Nose_y,Nose_z,Eye.L_x,Eye.L_y,Eye.L_z,Eye.R_x,Eye.R_y,Eye.R_z,Ear.L_x,Ear.L_y,Ear.L_z,Ear.R_x,Ear.R_y,Ear.R_z,hip.Center_x,hip.Center_y,hip.Center_z
0,0.48323527,0.05678445,0.44801167,0.081571616,0.1599732,0.39159164,-0.069683395,0.10819246,0.028978191,0.03815208,0.28768244,-0.11180031,0.15261014,0.4962412,0.18779673,0.4170572,0.6618171,0.48618037,-0.42737806,-0.24055724,-0.008684493,-0.4086099,0.0154302,-0.025166627,-0.39620444,0.28635418,0.009099583,-0.23776317,0.5062436,-0.08043246,0.030222358,0.5443807,-0.007866216,0.22305281,0.5825341,0.15938549,-0.36747694,0.4309558,-0.0408968,-0.558267,0.48158258,-0.025631338,-0.47255883,0.54326975,-0.14012387,-0.5116109,0.500479,-0.12604117,-0.50727826,0.55862546,-0.094326936,-0.4929483,0.42541066,-0.06937307,-0.48667857,0.541167,0.010866992,-0.015765657648444176,0.19793745875358582,-0.041411060839891434
