frame,Ankle.R_x,Ankle.R_y,Ankle.R_z,Knee.R_x,Knee.R_y,Knee.R_z,Hip.R_x,Hip.R_y,Hip.R_z,Hip.L_x,Hip.L_y,Hip.L_z,Knee.L_x,Knee.L_y,Knee.L_z,Ankle.L_x,Ankle.L_y,Ankle.L_z,Wrist.R_x,Wrist.R_y,Wrist.R_z,Elbow.R_x,Elbow.R_y,Elbow.R_z,Shoulder.R_x,Shoulder.R_y,Shoulder.R_z,Shoulder.L_x,Shoulder.L_y,Shoulder.L_z,Elbow.L_x,Elbow.L_y,Elbow.L_z,Wrist.L_x,Wrist.L_y,Wrist.L_z,Neck_x,Neck_y,Neck_z,Head_x,Head_y,Head_z,Nose_x,Nose_y,Nose_z,Eye.L_x,Eye.L_y,Eye.L_z,Eye.R_x,Eye.R_y,Eye.R_z,Ear.L_x,Ear.L_y,Ear.L_z,Ear.R_x,Ear.R_y,Ear.R_z,hip.Center_x,hip.Center_y,hip.Center_z
0,0.45573562,0.045967266,0.35978112,0.06130032,0.14457944,0.38683966,-0.06259194,0.09623868,0.016010202,0.030505897,0.3013913,-0.09783588,0.1277824,0.45967886,0.23133208,0.38730124,0.64910454,0.51251787,-0.463873,-0.24237818,0.0010743749,-0.42906582,0.009461019,-0.026098402,-0.40298307,0.27795088,0.01108811,-0.24298908,0.50238067,-0.060982943,0.018924197,0.55246407,0.016485555,0.21468249,0.60098666,0.17461471,-0.3725244,0.42529997,-0.027501527,-0.5606003,0.50132096,-0.0132051045,-0.46565816,0.5319266,-0.13180587,-0.51091397,0.4984553,-0.113415,-0.4980198,0.5587877,-0.08996358,-0.5050735,0.4313043,-0.046137318,-0.4813601,0.55361766,0.017176125,-0.01604302227497101,0.1988149881362915,-0.04091284051537514
