frame,Ankle.R_x,Ankle.R_y,Ankle.R_z,Knee.R_x,Knee.R_y,Knee.R_z,Hip.R_x,Hip.R_y,Hip.R_z,Hip.L_x,Hip.L_y,Hip.L_z,Knee.L_x,Knee.L_y,Knee.L_z,Ankle.L_x,Ankle.L_y,Ankle.L_z,Wrist.R_x,Wrist.R_y,Wrist.R_z,Elbow.R_x,Elbow.R_y,Elbow.R_z,Shoulder.R_x,Shoulder.R_y,Shoulder.R_z,Shoulder.L_x,Shoulder.L_y,Shoulder.L_z,Elbow.L_x,Elbow.L_y,Elbow.L_z,Wrist.L_x,Wrist.L_y,Wrist.L_z,Neck_x,Neck_y,Neck_z,Head_x,Head_y,Head_z,Nose_x,Nose_y,Nose_z,Eye.L_x,Eye.L_y,Eye.L_z,Eye.R_x,Eye.R_y,Eye.R_z,Ear.L_x,Ear.L_y,Ear.L_z,Ear.R_x,Ear.R_y,Ear.R_z,hip.Center_x,hip.Center_y,hip.Center_z
0,0.45551988,0.044883396,0.2789025,0.07511377,0.1334743,0.37071922,-0.05503905,0.08303632,-0.012637767,0.022038305,0.323147,-0.06344569,0.10794474,0.34841597,0.31977892,0.38607758,0.6329698,0.44506285,-0.4710045,-0.24628367,0.01276709,-0.4341522,0.0057731806,-0.01724048,-0.4158938,0.27751493,0.013068301,-0.25112754,0.5070119,-0.022632826,0.016748143,0.5595464,0.03511978,0.22943741,0.6313626,0.15334459,-0.37907773,0.42767504,-0.0039665303,-0.5620725,0.50807035,0.01439288,-0.46544838,0.5328045,-0.104162976,-0.5106394,0.50082386,-0.08543548,-0.49745697,0.56189,-0.064005226,-0.5076841,0.43662316,-0.01428983,-0.48003492,0.56095105,0.04461107,-0.01650037243962288,0.20309165120124817,-0.038041725754737854
