frame,Ankle.R_x,Ankle.R_y,Ankle.R_z,Knee.R_x,Knee.R_y,Knee.R_z,Hip.R_x,Hip.R_y,Hip.R_z,Hip.L_x,Hip.L_y,Hip.L_z,Knee.L_x,Knee.L_y,Knee.L_z,Ankle.L_x,Ankle.L_y,Ankle.L_z,Wrist.R_x,Wrist.R_y,Wrist.R_z,Elbow.R_x,Elbow.R_y,Elbow.R_z,Shoulder.R_x,Shoulder.R_y,Shoulder.R_z,Shoulder.L_x,Shoulder.L_y,Shoulder.L_z,Elbow.L_x,Elbow.L_y,Elbow.L_z,Wrist.L_x,Wrist.L_y,Wrist.L_z,Neck_x,Neck_y,Neck_z,Head_x,Head_y,Head_z,Nose_x,Nose_y,Nose_z,Eye.L_x,Eye.L_y,Eye.L_z,Eye.R_x,Eye.R_y,Eye.R_z,Ear.L_x,Ear.L_y,Ear.L_z,Ear.R_x,Ear.R_y,Ear.R_z,hip.Center_x,hip.Center_y,hip.Center_z
0,0.44703025,0.047045764,0.2353747,0.068982385,0.10655495,0.365266,-0.05177254,0.08169676,-0.02922334,0.01923913,0.33082044,-0.04573331,0.11903143,0.28453997,0.34750605,0.36576253,0.62738997,0.3677335,-0.47015578,-0.2530834,0.011027899,-0.43050233,-0.00095469516,-0.011771957,-0.41294003,0.27310196,0.011820879,-0.24831241,0.5044698,-0.00916934,0.014616542,0.5709246,0.05720182,0.22309177,0.66138405,0.17027298,-0.37784222,0.42552423,0.00034442125,-0.5628031,0.49537438,0.029754102,-0.47902685,0.5259103,-0.09673015,-0.5194342,0.4908646,-0.07451624,-0.50966316,0.55331844,-0.05518748,-0.50487286,0.4280932,-0.0020979065,-0.4831035,0.55566496,0.051766567,-0.016266703605651855,0.2062585949897766,-0.03747832402586937
