frame,Ankle.R_x,Ankle.R_y,Ankle.R_z,Knee.R_x,Knee.R_y,Knee.R_z,Hip.R_x,Hip.R_y,Hip.R_z,Hip.L_x,Hip.L_y,Hip.L_z,Knee.L_x,Knee.L_y,Knee.L_z,Ankle.L_x,Ankle.L_y,Ankle.L_z,Wrist.R_x,Wrist.R_y,Wrist.R_z,Elbow.R_x,Elbow.R_y,Elbow.R_z,Shoulder.R_x,Shoulder.R_y,Shoulder.R_z,Shoulder.L_x,Shoulder.L_y,Shoulder.L_z,Elbow.L_x,Elbow.L_y,Elbow.L_z,Wrist.L_x,Wrist.L_y,Wrist.L_z,Neck_x,Neck_y,Neck_z,Head_x,Head_y,Head_z,Nose_x,Nose_y,Nose_z,Eye.L_x,Eye.L_y,Eye.L_z,Eye.R_x,Eye.R_y,Eye.R_z,Ear.L_x,Ear.L_y,Ear.L_z,Ear.R_x,Ear.R_y,Ear.R_z,hip.Center_x,hip.Center_y,hip.Center_z
0,0.44876003,0.0081657125,0.2049966,0.07650768,0.07703077,0.35308456,-0.05241385,0.08270384,-0.035372537,0.018316647,0.33144036,-0.03723523,0.10696158,0.26258698,0.3525356,0.35181773,0.5878323,0.25340393,-0.47591135,-0.2539904,0.014449533,-0.4246897,-0.0043004192,-0.0026037293,-0.41267836,0.26991928,0.019371612,-0.24514979,0.49823135,0.018440334,0.00054515974,0.5888672,0.10226682,0.19216585,0.73052394,0.18625873,-0.3750686,0.42370012,0.022534424,-0.5549576,0.51941127,0.037642073,-0.44583076,0.5449228,-0.06735522,-0.49531293,0.5167717,-0.05780928,-0.4786148,0.5737539,-0.029127568,-0.5052318,0.4461688,0.0076387227,-0.47229457,0.5602679,0.07952359,-0.017048601061105728,0.20707210898399353,-0.03630388528108597
