frame,Ankle.R_x,Ankle.R_y,Ankle.R_z,Knee.R_x,Knee.R_y,Knee.R_z,Hip.R_x,Hip.R_y,Hip.R_z,Hip.L_x,Hip.L_y,Hip.L_z,Knee.L_x,Knee.L_y,Knee.L_z,Ankle.L_x,Ankle.L_y,Ankle.L_z,Wrist.R_x,Wrist.R_y,Wrist.R_z,Elbow.R_x,Elbow.R_y,Elbow.R_z,Shoulder.R_x,Shoulder.R_y,Shoulder.R_z,Shoulder.L_x,Shoulder.L_y,Shoulder.L_z,Elbow.L_x,Elbow.L_y,Elbow.L_z,Wrist.L_x,Wrist.L_y,Wrist.L_z,Neck_x,Neck_y,Neck_z,Head_x,Head_y,Head_z,Nose_x,Nose_y,Nose_z,Eye.L_x,Eye.L_y,Eye.L_z,Eye.R_x,Eye.R_y,Eye.R_z,Ear.L_x,Ear.L_y,Ear.L_z,Ear.R_x,Ear.R_y,Ear.R_z,hip.Center_x,hip.Center_y,hip.Center_z
0,0.42930043,0.0050303647,0.16224052,0.08007553,0.07148393,0.35468197,-0.055333704,0.08436425,-0.034779917,0.021801185,0.33083156,-0.03782426,0.11235945,0.2646349,0.3539717,0.3655951,0.5671751,0.2176645,-0.42887267,-0.26368752,0.03389945,-0.39655125,-0.011550877,0.011025295,-0.40188536,0.26567078,0.029705184,-0.24140891,0.5006714,0.028598614,-0.011031908,0.62356377,0.1076878,0.14002116,0.8108556,0.1880692,-0.36825594,0.42391667,0.036040638,-0.54334074,0.5306245,0.062997274,-0.43604973,0.5541461,-0.043882415,-0.48737228,0.529397,-0.034335256,-0.46529,0.5830085,-0.0029875264,-0.50057197,0.4559456,0.026768386,-0.45698953,0.5620895,0.10432376,-0.01676625944674015,0.20759791135787964,-0.03630208969116211
