frame,Ankle.R_x,Ankle.R_y,Ankle.R_z,Knee.R_x,Knee.R_y,Knee.R_z,Hip.R_x,Hip.R_y,Hip.R_z,Hip.L_x,Hip.L_y,Hip.L_z,Knee.L_x,Knee.L_y,Knee.L_z,Ankle.L_x,Ankle.L_y,Ankle.L_z,Wrist.R_x,Wrist.R_y,Wrist.R_z,Elbow.R_x,Elbow.R_y,Elbow.R_z,Shoulder.R_x,Shoulder.R_y,Shoulder.R_z,Shoulder.L_x,Shoulder.L_y,Shoulder.L_z,Elbow.L_x,Elbow.L_y,Elbow.L_z,Wrist.L_x,Wrist.L_y,Wrist.L_z,Neck_x,Neck_y,Neck_z,Head_x,Head_y,Head_z,Nose_x,Nose_y,Nose_z,Eye.L_x,Eye.L_y,Eye.L_z,Eye.R_x,Eye.R_y,Eye.R_z,Ear.L_x,Ear.L_y,Ear.L_z,Ear.R_x,Ear.R_y,Ear.R_z,hip.Center_x,hip.Center_y,hip.Center_z
0,0.43018818,-0.014130667,0.15044248,0.09313706,0.08084831,0.35675597,-0.0609397,0.08647387,-0.024598312,0.025575062,0.32899886,-0.04746599,0.11457509,0.27891082,0.34658703,0.37964374,0.5634523,0.1920281,-0.4047398,-0.26679093,0.043400317,-0.39558282,-0.012075802,0.022169534,-0.39823863,0.2651158,0.039508354,-0.24810736,0.5078719,0.025445974,-0.03037829,0.6531519,0.09809941,0.084275074,0.8564193,0.19889143,-0.37016076,0.42451534,0.04149762,-0.5447662,0.5311549,0.08380914,-0.44511664,0.5578942,-0.02963528,-0.49632043,0.5339207,-0.017509267,-0.47062537,0.5850538,0.014812298,-0.5062218,0.4577179,0.040014,-0.45550224,0.55849296,0.1196097,-0.01768231764435768,0.20773637294769287,-0.03603215143084526
