frame,Ankle.R_x,Ankle.R_y,Ankle.R_z,Knee.R_x,Knee.R_y,Knee.R_z,Hip.R_x,Hip.R_y,Hip.R_z,Hip.L_x,Hip.L_y,Hip.L_z,Knee.L_x,Knee.L_y,Knee.L_z,Ankle.L_x,Ankle.L_y,Ankle.L_z,Wrist.R_x,Wrist.R_y,Wrist.R_z,Elbow.R_x,Elbow.R_y,Elbow.R_z,Shoulder.R_x,Shoulder.R_y,Shoulder.R_z,Shoulder.L_x,Shoulder.L_y,Shoulder.L_z,Elbow.L_x,Elbow.L_y,Elbow.L_z,Wrist.L_x,Wrist.L_y,Wrist.L_z,Neck_x,Neck_y,Neck_z,Head_x,Head_y,Head_z,Nose_x,Nose_y,Nose_z,Eye.L_x,Eye.L_y,Eye.L_z,Eye.R_x,Eye.R_y,Eye.R_z,Ear.L_x,Ear.L_y,Ear.L_z,Ear.R_x,Ear.R_y,Ear.R_z,hip.Center_x,hip.Center_y,hip.Center_z
0,0.42067975,-0.010057452,0.14968367,0.08120856,0.06855625,0.3549764,-0.06449398,0.0871983,-0.022328127,0.029512111,0.3262246,-0.049798008,0.11414469,0.27543873,0.3417559,0.37560922,0.56630045,0.19600947,-0.33582902,-0.26875725,0.061920032,-0.36231947,-0.014714157,0.04034371,-0.38744313,0.26084557,0.049915463,-0.25927153,0.5144744,0.03504556,-0.09238063,0.706137,0.1074999,-0.010684978,0.92644334,0.2087591,-0.36693284,0.4224666,0.056499083,-0.52155507,0.5512232,0.117961526,-0.42408544,0.5653221,0.0010794848,-0.47867146,0.5520897,0.014570832,-0.44123805,0.5933031,0.048889056,-0.50194174,0.47558853,0.066571444,-0.42807043,0.555815,0.14979795,-0.01749093271791935,0.20671144127845764,-0.036063067615032196
