frame,Ankle.R_x,Ankle.R_y,Ankle.R_z,Knee.R_x,Knee.R_y,Knee.R_z,Hip.R_x,Hip.R_y,Hip.R_z,Hip.L_x,Hip.L_y,Hip.L_z,Knee.L_x,Knee.L_y,Knee.L_z,Ankle.L_x,Ankle.L_y,Ankle.L_z,Wrist.R_x,Wrist.R_y,Wrist.R_z,Elbow.R_x,Elbow.R_y,Elbow.R_z,Shoulder.R_x,Shoulder.R_y,Shoulder.R_z,Shoulder.L_x,Shoulder.L_y,Shoulder.L_z,Elbow.L_x,Elbow.L_y,Elbow.L_z,Wrist.L_x,Wrist.L_y,Wrist.L_z,Neck_x,Neck_y,Neck_z,Head_x,Head_y,Head_z,Nose_x,Nose_y,Nose_z,Eye.L_x,Eye.L_y,Eye.L_z,Eye.R_x,Eye.R_y,Eye.R_z,Ear.L_x,Ear.L_y,Ear.L_z,Ear.R_x,Ear.R_y,Ear.R_z,hip.Center_x,hip.Center_y,hip.Center_z
0,0.42151308,-0.0050048535,0.24810766,0.03983109,0.082889386,0.35024923,-0.07065574,0.089556865,-0.018466622,0.031997338,0.32396722,-0.053618416,0.16769613,0.2904569,0.32055894,0.3760297,0.5629746,0.10086691,-0.24442029,-0.26887122,0.104783304,-0.3078463,-0.022583792,0.07766204,-0.3642586,0.24782097,0.081208825,-0.2698208,0.5131918,0.06981151,-0.18177098,0.7470324,0.11967036,-0.14094868,0.97755694,0.22265437,-0.35541666,0.41333067,0.0951895,-0.49335247,0.56170076,0.15086465,-0.38750112,0.5559765,0.040865436,-0.44456565,0.55165404,0.050930284,-0.40324825,0.58788544,0.086685956,-0.48309338,0.48227268,0.10351039,-0.40239784,0.5523099,0.18963805,-0.01932920143008232,0.20676204562187195,-0.03604251891374588
