frame,Ankle.R_x,Ankle.R_y,Ankle.R_z,Knee.R_x,Knee.R_y,Knee.R_z,Hip.R_x,Hip.R_y,Hip.R_z,Hip.L_x,Hip.L_y,Hip.L_z,Knee.L_x,Knee.L_y,Knee.L_z,Ankle.L_x,Ankle.L_y,Ankle.L_z,Wrist.R_x,Wrist.R_y,Wrist.R_z,Elbow.R_x,Elbow.R_y,Elbow.R_z,Shoulder.R_x,Shoulder.R_y,Shoulder.R_z,Shoulder.L_x,Shoulder.L_y,Shoulder.L_z,Elbow.L_x,Elbow.L_y,Elbow.L_z,Wrist.L_x,Wrist.L_y,Wrist.L_z,Neck_x,Neck_y,Neck_z,Head_x,Head_y,Head_z,Nose_x,Nose_y,Nose_z,Eye.L_x,Eye.L_y,Eye.L_z,Eye.R_x,Eye.R_y,Eye.R_z,Ear.L_x,Ear.L_y,Ear.L_z,Ear.R_x,Ear.R_y,Ear.R_z,hip.Center_x,hip.Center_y,hip.Center_z
0,0.4307509,0.0063426592,0.35467967,0.032385938,0.08754466,0.34451953,-0.07089385,0.09010284,-0.010415584,0.030094216,0.3219162,-0.057844397,0.23775493,0.29901698,0.2861822,0.3747867,0.56711054,0.017779514,-0.18456048,-0.26003358,0.13005283,-0.27595064,-0.023072911,0.10572647,-0.35133806,0.2419672,0.109363765,-0.27770656,0.50948656,0.09036361,-0.21625146,0.7530505,0.12235237,-0.16533354,0.983328,0.2195628,-0.3453653,0.40788013,0.12142834,-0.46665347,0.56422657,0.17465988,-0.36022452,0.55033803,0.06486356,-0.41754925,0.5496986,0.07473823,-0.37423438,0.58380485,0.110199966,-0.46062088,0.48411608,0.12840939,-0.37631154,0.5496044,0.21404201,-0.02039981633424759,0.20600950717926025,-0.03412999212741852
