frame,Ankle.R_x,Ankle.R_y,Ankle.R_z,Knee.R_x,Knee.R_y,Knee.R_z,Hip.R_x,Hip.R_y,Hip.R_z,Hip.L_x,Hip.L_y,Hip.L_z,Knee.L_x,Knee.L_y,Knee.L_z,Ankle.L_x,Ankle.L_y,Ankle.L_z,Wrist.R_x,Wrist.R_y,Wrist.R_z,Elbow.R_x,Elbow.R_y,Elbow.R_z,Shoulder.R_x,Shoulder.R_y,Shoulder.R_z,Shoulder.L_x,Shoulder.L_y,Shoulder.L_z,Elbow.L_x,Elbow.L_y,Elbow.L_z,Wrist.L_x,Wrist.L_y,Wrist.L_z,Neck_x,Neck_y,Neck_z,Head_x,Head_y,Head_z,Nose_x,Nose_y,Nose_z,Eye.L_x,Eye.L_y,Eye.L_z,Eye.R_x,Eye.R_y,Eye.R_z,Ear.L_x,Ear.L_y,Ear.L_z,Ear.R_x,Ear.R_y,Ear.R_z,hip.Center_x,hip.Center_y,hip.Center_z
0,0.27457938,0.13991302,0.1551159,-0.068050995,0.18750039,0.33453494,-0.039273843,0.074312106,-0.02633363,0.014045996,0.32463753,-0.05021642,-0.032277253,0.35918176,0.30977008,0.23706926,0.5016059,0.062448353,-0.4092323,-0.18734886,0.2673705,-0.45364907,-0.01513058,0.08267521,-0.43941358,0.21678677,-0.039886247,-0.37034407,0.4451106,-0.031503037,-0.34529832,0.6926111,0.03700354,-0.43695456,0.79480433,0.24701422,-0.42399246,0.33807155,-0.01178194,-0.5401124,0.4478171,0.08753393,-0.52900565,0.29604495,0.11155806,-0.52321565,0.348628,0.13752478,-0.5600452,0.33828825,0.08459012,-0.45309404,0.41598678,0.119069934,-0.530641,0.3968017,0.006159261,-0.012613924220204353,0.19947481155395508,-0.03827502578496933
