frame,Ankle.R_x,Ankle.R_y,Ankle.R_z,Knee.R_x,Knee.R_y,Knee.R_z,Hip.R_x,Hip.R_y,Hip.R_z,Hip.L_x,Hip.L_y,Hip.L_z,Knee.L_x,Knee.L_y,Knee.L_z,Ankle.L_x,Ankle.L_y,Ankle.L_z,Wrist.R_x,Wrist.R_y,Wrist.R_z,Elbow.R_x,Elbow.R_y,Elbow.R_z,Shoulder.R_x,Shoulder.R_y,Shoulder.R_z,Shoulder.L_x,Shoulder.L_y,Shoulder.L_z,Elbow.L_x,Elbow.L_y,Elbow.L_z,Wrist.L_x,Wrist.L_y,Wrist.L_z,Neck_x,Neck_y,Neck_z,Head_x,Head_y,Head_z,Nose_x,Nose_y,Nose_z,Eye.L_x,Eye.L_y,Eye.L_z,Eye.R_x,Eye.R_y,Eye.R_z,Ear.L_x,Ear.L_y,Ear.L_z,Ear.R_x,Ear.R_y,Ear.R_z,hip.Center_x,hip.Center_y,hip.Center_z
0,0.46116436,0.019661454,0.44466725,0.06898725,0.09029217,0.3398783,-0.06404513,0.08926761,0.0011664145,0.019682812,0.3221095,-0.0628357,0.31857663,0.32270518,0.21618344,0.39972663,0.5736601,-0.0943873,-0.124723904,-0.25513718,0.1692181,-0.24531221,-0.03137743,0.14661704,-0.33172038,0.23195253,0.15428941,-0.27886075,0.49884254,0.111944504,-0.24437723,0.75141746,0.11764542,-0.20661989,0.9775108,0.22438812,-0.32737273,0.3977327,0.15741998,-0.4343149,0.56134915,0.21059176,-0.32761103,0.53943586,0.102140464,-0.38508588,0.5421692,0.11181057,-0.34035927,0.5739765,0.14737588,-0.4325196,0.48056406,0.1663365,-0.34417057,0.5418382,0.2516395,-0.022181160748004913,0.20568855106830597,-0.03083464317023754
