frame,Ankle.R_x,Ankle.R_y,Ankle.R_z,Knee.R_x,Knee.R_y,Knee.R_z,Hip.R_x,Hip.R_y,Hip.R_z,Hip.L_x,Hip.L_y,Hip.L_z,Knee.L_x,Knee.L_y,Knee.L_z,Ankle.L_x,Ankle.L_y,Ankle.L_z,Wrist.R_x,Wrist.R_y,Wrist.R_z,Elbow.R_x,Elbow.R_y,Elbow.R_z,Shoulder.R_x,Shoulder.R_y,Shoulder.R_z,Shoulder.L_x,Shoulder.L_y,Shoulder.L_z,Elbow.L_x,Elbow.L_y,Elbow.L_z,Wrist.L_x,Wrist.L_y,Wrist.L_z,Neck_x,Neck_y,Neck_z,Head_x,Head_y,Head_z,Nose_x,Nose_y,Nose_z,Eye.L_x,Eye.L_y,Eye.L_z,Eye.R_x,Eye.R_y,Eye.R_z,Ear.L_x,Ear.L_y,Ear.L_z,Ear.R_x,Ear.R_y,Ear.R_z,hip.Center_x,hip.Center_y,hip.Center_z
0,0.46248966,0.0072957263,0.5253042,0.107020535,0.06809589,0.31788823,-0.04871891,0.08594142,0.017541606,-0.0037976173,0.31719413,-0.070042506,0.32933542,0.39406627,0.12747027,0.46800265,0.60016376,-0.2131872,-0.07258687,-0.2511717,0.206849,-0.22009201,-0.04819262,0.1739966,-0.3159399,0.20950735,0.19442827,-0.29122084,0.47575274,0.13535888,-0.27201062,0.7301017,0.123446055,-0.23519695,0.9519931,0.22872445,-0.3237095,0.37280846,0.19531384,-0.40595835,0.55073,0.25491327,-0.30738312,0.5066612,0.14842334,-0.36263573,0.522287,0.15798071,-0.31267238,0.5425103,0.19411778,-0.4227969,0.47213614,0.21037519,-0.32474795,0.5118234,0.29646042,-0.026258263736963272,0.20156776905059814,-0.026250449940562248
