frame,Ankle.R_x,Ankle.R_y,Ankle.R_z,Knee.R_x,Knee.R_y,Knee.R_z,Hip.R_x,Hip.R_y,Hip.R_z,Hip.L_x,Hip.L_y,Hip.L_z,Knee.L_x,Knee.L_y,Knee.L_z,Ankle.L_x,Ankle.L_y,Ankle.L_z,Wrist.R_x,Wrist.R_y,Wrist.R_z,Elbow.R_x,Elbow.R_y,Elbow.R_z,Shoulder.R_x,Shoulder.R_y,Shoulder.R_z,Shoulder.L_x,Shoulder.L_y,Shoulder.L_z,Elbow.L_x,Elbow.L_y,Elbow.L_z,Wrist.L_x,Wrist.L_y,Wrist.L_z,Neck_x,Neck_y,Neck_z,Head_x,Head_y,Head_z,Nose_x,Nose_y,Nose_z,Eye.L_x,Eye.L_y,Eye.L_z,Eye.R_x,Eye.R_y,Eye.R_z,Ear.L_x,Ear.L_y,Ear.L_z,Ear.R_x,Ear.R_y,Ear.R_z,hip.Center_x,hip.Center_y,hip.Center_z
0,0.46118128,0.03580768,0.32542914,0.047490045,0.073146306,0.30807224,-0.035125926,0.08189876,-0.00021386822,-0.0017421327,0.33085433,-0.024790812,0.32458058,0.2959656,-0.26315153,0.39784196,0.5223587,-0.634576,0.040050223,-0.23438194,0.19442186,-0.19181317,-0.1271593,0.1855033,-0.33701414,0.10997002,0.19112279,-0.35791552,0.38563883,0.16726956,-0.34500006,0.6480012,0.1603262,-0.3322958,0.87627274,0.26052132,-0.36499792,0.26408306,0.22349057,-0.33216846,0.42363098,0.34444666,-0.29852027,0.35982758,0.21220705,-0.32772994,0.40370485,0.23838887,-0.2758692,0.37573034,0.26319683,-0.40290675,0.39128557,0.29389635,-0.30040088,0.33129814,0.35692582,-0.018434029072523117,0.20637653768062592,-0.012502340599894524
