frame,Ankle.R_x,Ankle.R_y,Ankle.R_z,Knee.R_x,Knee.R_y,Knee.R_z,Hip.R_x,Hip.R_y,Hip.R_z,Hip.L_x,Hip.L_y,Hip.L_z,Knee.L_x,Knee.L_y,Knee.L_z,Ankle.L_x,Ankle.L_y,Ankle.L_z,Wrist.R_x,Wrist.R_y,Wrist.R_z,Elbow.R_x,Elbow.R_y,Elbow.R_z,Shoulder.R_x,Shoulder.R_y,Shoulder.R_z,Shoulder.L_x,Shoulder.L_y,Shoulder.L_z,Elbow.L_x,Elbow.L_y,Elbow.L_z,Wrist.L_x,Wrist.L_y,Wrist.L_z,Neck_x,Neck_y,Neck_z,Head_x,Head_y,Head_z,Nose_x,Nose_y,Nose_z,Eye.L_x,Eye.L_y,Eye.L_z,Eye.R_x,Eye.R_y,Eye.R_z,Ear.L_x,Ear.L_y,Ear.L_z,Ear.R_x,Ear.R_y,Ear.R_z,hip.Center_x,hip.Center_y,hip.Center_z
0,0.45333263,0.017465072,0.3740904,0.04312885,0.07035801,0.30579737,-0.03493094,0.082263544,-0.0033978845,0.00038690888,0.33242503,-0.021217367,0.29375693,0.2835099,-0.29414925,0.37387785,0.4869257,-0.6823026,0.04292217,-0.23653816,0.17590594,-0.19813281,-0.14648075,0.16891402,-0.33790937,0.09573916,0.18191975,-0.3657565,0.37443876,0.1595215,-0.34382695,0.63809925,0.15057781,-0.3138643,0.8701165,0.24494448,-0.373748,0.24874362,0.21606262,-0.36093616,0.39707056,0.35893217,-0.31709382,0.35644352,0.22018081,-0.35108775,0.39327285,0.25127834,-0.29761276,0.36665583,0.27399212,-0.42691624,0.36614853,0.30047426,-0.32112974,0.3073866,0.35953027,-0.017272016033530235,0.20734429359436035,-0.012307625263929367
