frame,Ankle.R_x,Ankle.R_y,Ankle.R_z,Knee.R_x,Knee.R_y,Knee.R_z,Hip.R_x,Hip.R_y,Hip.R_z,Hip.L_x,Hip.L_y,Hip.L_z,Knee.L_x,Knee.L_y,Knee.L_z,Ankle.L_x,Ankle.L_y,Ankle.L_z,Wrist.R_x,Wrist.R_y,Wrist.R_z,Elbow.R_x,Elbow.R_y,Elbow.R_z,Shoulder.R_x,Shoulder.R_y,Shoulder.R_z,Shoulder.L_x,Shoulder.L_y,Shoulder.L_z,Elbow.L_x,Elbow.L_y,Elbow.L_z,Wrist.L_x,Wrist.L_y,Wrist.L_z,Neck_x,Neck_y,Neck_z,Head_x,Head_y,Head_z,Nose_x,Nose_y,Nose_z,Eye.L_x,Eye.L_y,Eye.L_z,Eye.R_x,Eye.R_y,Eye.R_z,Ear.L_x,Ear.L_y,Ear.L_z,Ear.R_x,Ear.R_y,Ear.R_z,hip.Center_x,hip.Center_y,hip.Center_z
0,0.44549716,0.015134598,0.41812402,0.047024872,0.073274545,0.3035557,-0.030123446,0.08116987,-0.0051668203,-0.0028963112,0.33119217,-0.018690096,0.27213103,0.28792962,-0.30551738,0.33661187,0.4622664,-0.7092545,0.02006655,-0.25376707,0.16401571,-0.220694,-0.1660809,0.15636958,-0.3444,0.08305886,0.17491089,-0.36890933,0.36102432,0.15518925,-0.33623925,0.6243232,0.13555638,-0.29772282,0.85306346,0.23177621,-0.37921384,0.23430042,0.20935763,-0.3886006,0.36793652,0.36972266,-0.33253834,0.35441175,0.22965594,-0.37238395,0.38178837,0.2633435,-0.31726933,0.3587088,0.28559044,-0.44636294,0.33878413,0.30248016,-0.33734015,0.28539625,0.35994956,-0.016509879380464554,0.20618101954460144,-0.011928457766771317
