frame,Ankle.R_x,Ankle.R_y,Ankle.R_z,Knee.R_x,Knee.R_y,Knee.R_z,Hip.R_x,Hip.R_y,Hip.R_z,Hip.L_x,Hip.L_y,Hip.L_z,Knee.L_x,Knee.L_y,Knee.L_z,Ankle.L_x,Ankle.L_y,Ankle.L_z,Wrist.R_x,Wrist.R_y,Wrist.R_z,Elbow.R_x,Elbow.R_y,Elbow.R_z,Shoulder.R_x,Shoulder.R_y,Shoulder.R_z,Shoulder.L_x,Shoulder.L_y,Shoulder.L_z,Elbow.L_x,Elbow.L_y,Elbow.L_z,Wrist.L_x,Wrist.L_y,Wrist.L_z,Neck_x,Neck_y,Neck_z,Head_x,Head_y,Head_z,Nose_x,Nose_y,Nose_z,Eye.L_x,Eye.L_y,Eye.L_z,Eye.R_x,Eye.R_y,Eye.R_z,Ear.L_x,Ear.L_y,Ear.L_z,Ear.R_x,Ear.R_y,Ear.R_z,hip.Center_x,hip.Center_y,hip.Center_z
0,0.27816132,0.12607215,0.14992514,-0.0602706,0.18239073,0.3401991,-0.03714379,0.07504362,-0.029137209,0.011902814,0.3273139,-0.04795727,-0.025060833,0.35551167,0.31944472,0.23237269,0.50566834,0.05802194,-0.42746302,-0.19696036,0.25793928,-0.4690863,-0.021148544,0.07423984,-0.44380173,0.21454747,-0.04292219,-0.37254536,0.44381416,-0.024825256,-0.3428925,0.6952886,0.038568452,-0.44792512,0.80671597,0.23816538,-0.42700285,0.3351162,-0.009352585,-0.54008234,0.4423508,0.095844276,-0.5240917,0.2910089,0.12324794,-0.51697,0.34453666,0.14705431,-0.5582551,0.3319072,0.0977868,-0.44997606,0.41239995,0.12063207,-0.53695524,0.3889587,0.014870085,-0.012620488181710243,0.20117875933647156,-0.03854724019765854
