frame,Ankle.R_x,Ankle.R_y,Ankle.R_z,Knee.R_x,Knee.R_y,Knee.R_z,Hip.R_x,Hip.R_y,Hip.R_z,Hip.L_x,Hip.L_y,Hip.L_z,Knee.L_x,Knee.L_y,Knee.L_z,Ankle.L_x,Ankle.L_y,Ankle.L_z,Wrist.R_x,Wrist.R_y,Wrist.R_z,Elbow.R_x,Elbow.R_y,Elbow.R_z,Shoulder.R_x,Shoulder.R_y,Shoulder.R_z,Shoulder.L_x,Shoulder.L_y,Shoulder.L_z,Elbow.L_x,Elbow.L_y,Elbow.L_z,Wrist.L_x,Wrist.L_y,Wrist.L_z,Neck_x,Neck_y,Neck_z,Head_x,Head_y,Head_z,Nose_x,Nose_y,Nose_z,Eye.L_x,Eye.L_y,Eye.L_z,Eye.R_x,Eye.R_y,Eye.R_z,Ear.L_x,Ear.L_y,Ear.L_z,Ear.R_x,Ear.R_y,Ear.R_z,hip.Center_x,hip.Center_y,hip.Center_z
0,0.3912338,0.19468114,0.48993438,0.028341131,0.11522881,0.31536832,-0.016042285,0.0770968,-0.014703726,-0.015998533,0.32948545,-0.020921364,0.30380255,0.29662728,-0.26085272,0.42825586,0.3698598,-0.67352295,-0.10660234,-0.37473902,0.103531495,-0.28322902,-0.19372094,0.1448016,-0.3611373,0.067064375,0.17256787,-0.35554063,0.34390503,0.13337725,-0.21081659,0.5716608,0.089359775,-0.08348669,0.77579415,0.17087403,-0.39191863,0.20915574,0.18573037,-0.5598253,0.25361273,0.25636902,-0.45462984,0.20500815,0.3588571,-0.48641628,0.25241405,0.34216234,-0.5043148,0.190086,0.33159912,-0.47441873,0.30207783,0.25714225,-0.5136678,0.17296608,0.23143023,-0.016020409762859344,0.203291118144989,-0.017812546342611313
