frame,Ankle.R_x,Ankle.R_y,Ankle.R_z,Knee.R_x,Knee.R_y,Knee.R_z,Hip.R_x,Hip.R_y,Hip.R_z,Hip.L_x,Hip.L_y,Hip.L_z,Knee.L_x,Knee.L_y,Knee.L_z,Ankle.L_x,Ankle.L_y,Ankle.L_z,Wrist.R_x,Wrist.R_y,Wrist.R_z,Elbow.R_x,Elbow.R_y,Elbow.R_z,Shoulder.R_x,Shoulder.R_y,Shoulder.R_z,Shoulder.L_x,Shoulder.L_y,Shoulder.L_z,Elbow.L_x,Elbow.L_y,Elbow.L_z,Wrist.L_x,Wrist.L_y,Wrist.L_z,Neck_x,Neck_y,Neck_z,Head_x,Head_y,Head_z,Nose_x,Nose_y,Nose_z,Eye.L_x,Eye.L_y,Eye.L_z,Eye.R_x,Eye.R_y,Eye.R_z,Ear.L_x,Ear.L_y,Ear.L_z,Ear.R_x,Ear.R_y,Ear.R_z,hip.Center_x,hip.Center_y,hip.Center_z
0,0.5382078,-0.1698139,-0.5312048,0.28762284,-0.06446821,-0.18146878,-0.056124985,0.11339894,-0.05555282,0.036020007,0.31182405,0.061043162,0.37796688,0.18899426,-0.19265668,0.5837163,0.21666652,-0.58747625,-0.2021015,-0.17187485,0.12266762,-0.19463924,-0.06602307,-0.1015152,-0.41258907,0.07292899,0.009928735,-0.43080503,0.2994398,0.15096743,-0.17464936,0.33154425,0.24656825,-0.29324126,0.15191835,0.35104397,-0.479519,0.18083769,0.0834417,-0.6706246,0.20470084,0.04092172,-0.6362413,0.11733411,0.16930537,-0.66184926,0.16968541,0.15068994,-0.6587623,0.11507309,0.11314894,-0.60961664,0.24569118,0.11134342,-0.605486,0.13649745,0.027337402,-0.01005248911678791,0.21261149644851685,0.002745170146226883
