frame,Ankle.R_x,Ankle.R_y,Ankle.R_z,Knee.R_x,Knee.R_y,Knee.R_z,Hip.R_x,Hip.R_y,Hip.R_z,Hip.L_x,Hip.L_y,Hip.L_z,Knee.L_x,Knee.L_y,Knee.L_z,Ankle.L_x,Ankle.L_y,Ankle.L_z,Wrist.R_x,Wrist.R_y,Wrist.R_z,Elbow.R_x,Elbow.R_y,Elbow.R_z,Shoulder.R_x,Shoulder.R_y,Shoulder.R_z,Shoulder.L_x,Shoulder.L_y,Shoulder.L_z,Elbow.L_x,Elbow.L_y,Elbow.L_z,Wrist.L_x,Wrist.L_y,Wrist.L_z,Neck_x,Neck_y,Neck_z,Head_x,Head_y,Head_z,Nose_x,Nose_y,Nose_z,Eye.L_x,Eye.L_y,Eye.L_z,Eye.R_x,Eye.R_y,Eye.R_z,Ear.L_x,Ear.L_y,Ear.L_z,Ear.R_x,Ear.R_y,Ear.R_z,hip.Center_x,hip.Center_y,hip.Center_z
0,0.5123433,-0.16001926,-0.5576216,0.28467372,-0.06497048,-0.18927747,-0.056230273,0.1142511,-0.056895413,0.036183517,0.31112942,0.062415894,0.37852407,0.18835324,-0.19193564,0.5772935,0.22384916,-0.5907722,-0.1822322,-0.19530386,0.11228089,-0.1853216,-0.06755049,-0.10172922,-0.40812212,0.067568526,0.0061218487,-0.43055892,0.289031,0.15560317,-0.17403719,0.3191279,0.25207183,-0.28886834,0.14332557,0.3680916,-0.47759795,0.17054227,0.0836523,-0.66913426,0.18476596,0.038991306,-0.6322142,0.097274885,0.16674776,-0.66019976,0.14851451,0.14852184,-0.65380394,0.094726086,0.11024994,-0.61129004,0.22763993,0.11110768,-0.60031736,0.12006212,0.025511384,-0.01002337783575058,0.21269026398658752,0.0027602408081293106
