frame,Ankle.R_x,Ankle.R_y,Ankle.R_z,Knee.R_x,Knee.R_y,Knee.R_z,Hip.R_x,Hip.R_y,Hip.R_z,Hip.L_x,Hip.L_y,Hip.L_z,Knee.L_x,Knee.L_y,Knee.L_z,Ankle.L_x,Ankle.L_y,Ankle.L_z,Wrist.R_x,Wrist.R_y,Wrist.R_z,Elbow.R_x,Elbow.R_y,Elbow.R_z,Shoulder.R_x,Shoulder.R_y,Shoulder.R_z,Shoulder.L_x,Shoulder.L_y,Shoulder.L_z,Elbow.L_x,Elbow.L_y,Elbow.L_z,Wrist.L_x,Wrist.L_y,Wrist.L_z,Neck_x,Neck_y,Neck_z,Head_x,Head_y,Head_z,Nose_x,Nose_y,Nose_z,Eye.L_x,Eye.L_y,Eye.L_z,Eye.R_x,Eye.R_y,Eye.R_z,Ear.L_x,Ear.L_y,Ear.L_z,Ear.R_x,Ear.R_y,Ear.R_z,hip.Center_x,hip.Center_y,hip.Center_z
0,0.52485603,-0.14969291,-0.5721012,0.2839585,-0.050263777,-0.21262628,-0.054716334,0.11190683,-0.05262634,0.036094733,0.31296906,0.05921544,0.378828,0.1925427,-0.19516072,0.5835434,0.23743935,-0.5908083,-0.2266657,-0.1776455,0.11066249,-0.18986714,-0.06879939,-0.108961865,-0.4080206,0.06885512,0.0033013448,-0.4371114,0.28470948,0.1541203,-0.1886508,0.3047012,0.26742607,-0.3290813,0.12732753,0.346294,-0.47886667,0.16886663,0.08038721,-0.66751516,0.1850844,0.034601115,-0.63377535,0.098278224,0.16409229,-0.66033626,0.14995053,0.14484617,-0.65497184,0.09546066,0.10738559,-0.6091676,0.22725397,0.10670623,-0.6002934,0.118626505,0.022568151,-0.009310800582170486,0.2124379426240921,0.003294549882411957
