frame,Ankle.R_x,Ankle.R_y,Ankle.R_z,Knee.R_x,Knee.R_y,Knee.R_z,Hip.R_x,Hip.R_y,Hip.R_z,Hip.L_x,Hip.L_y,Hip.L_z,Knee.L_x,Knee.L_y,Knee.L_z,Ankle.L_x,Ankle.L_y,Ankle.L_z,Wrist.R_x,Wrist.R_y,Wrist.R_z,Elbow.R_x,Elbow.R_y,Elbow.R_z,Shoulder.R_x,Shoulder.R_y,Shoulder.R_z,Shoulder.L_x,Shoulder.L_y,Shoulder.L_z,Elbow.L_x,Elbow.L_y,Elbow.L_z,Wrist.L_x,Wrist.L_y,Wrist.L_z,Neck_x,Neck_y,Neck_z,Head_x,Head_y,Head_z,Nose_x,Nose_y,Nose_z,Eye.L_x,Eye.L_y,Eye.L_z,Eye.R_x,Eye.R_y,Eye.R_z,Ear.L_x,Ear.L_y,Ear.L_z,Ear.R_x,Ear.R_y,Ear.R_z,hip.Center_x,hip.Center_y,hip.Center_z
0,0.53071076,-0.18035649,-0.5485236,0.28157097,-0.05842634,-0.20282774,-0.056306444,0.11234655,-0.052648164,0.036095288,0.31232166,0.05957363,0.3815515,0.19047652,-0.18936244,0.58683693,0.22249746,-0.5851507,-0.22854121,-0.17504776,0.118718944,-0.19874276,-0.072429165,-0.10529964,-0.41001257,0.07624535,0.0077992156,-0.42947847,0.29481155,0.15836571,-0.18172516,0.30568156,0.27594483,-0.31902525,0.1195284,0.34012142,-0.47676548,0.18039523,0.08524397,-0.66658604,0.20604381,0.045288756,-0.63309044,0.112816125,0.16961284,-0.65818024,0.16615155,0.15338843,-0.6555914,0.113233976,0.11347793,-0.60512733,0.24333227,0.117476314,-0.6021013,0.13808367,0.028797552,-0.010105578228831291,0.21233411133289337,0.0034627337008714676
