frame,Ankle.R_x,Ankle.R_y,Ankle.R_z,Knee.R_x,Knee.R_y,Knee.R_z,Hip.R_x,Hip.R_y,Hip.R_z,Hip.L_x,Hip.L_y,Hip.L_z,Knee.L_x,Knee.L_y,Knee.L_z,Ankle.L_x,Ankle.L_y,Ankle.L_z,Wrist.R_x,Wrist.R_y,Wrist.R_z,Elbow.R_x,Elbow.R_y,Elbow.R_z,Shoulder.R_x,Shoulder.R_y,Shoulder.R_z,Shoulder.L_x,Shoulder.L_y,Shoulder.L_z,Elbow.L_x,Elbow.L_y,Elbow.L_z,Wrist.L_x,Wrist.L_y,Wrist.L_z,Neck_x,Neck_y,Neck_z,Head_x,Head_y,Head_z,Nose_x,Nose_y,Nose_z,Eye.L_x,Eye.L_y,Eye.L_z,Eye.R_x,Eye.R_y,Eye.R_z,Ear.L_x,Ear.L_y,Ear.L_z,Ear.R_x,Ear.R_y,Ear.R_z,hip.Center_x,hip.Center_y,hip.Center_z
0,0.6214483,-0.09927222,-0.5059635,0.32779148,-0.005111181,-0.18668926,-0.049470086,0.11318721,-0.06475801,0.031646796,0.30438372,0.06996615,0.37320614,0.2302169,-0.20091295,0.5965757,0.32259005,-0.5770764,-0.38141865,-0.29488188,0.0658412,-0.24145289,-0.14854795,-0.08330252,-0.41296285,0.06668478,-0.031056318,-0.45105362,0.24748543,0.14205368,-0.29617167,0.1680838,0.3477492,-0.44096705,-0.032812975,0.34816772,-0.4794587,0.15770268,0.050074637,-0.65914667,0.19446996,0.0045648105,-0.6411563,0.10686913,0.1363219,-0.65809095,0.16172355,0.11544176,-0.66211975,0.10573466,0.07968771,-0.59534764,0.22881982,0.074582905,-0.60254085,0.11616867,-0.006287262,-0.008911645039916039,0.20878547430038452,0.0026040710508823395
