frame,Ankle.R_x,Ankle.R_y,Ankle.R_z,Knee.R_x,Knee.R_y,Knee.R_z,Hip.R_x,Hip.R_y,Hip.R_z,Hip.L_x,Hip.L_y,Hip.L_z,Knee.L_x,Knee.L_y,Knee.L_z,Ankle.L_x,Ankle.L_y,Ankle.L_z,Wrist.R_x,Wrist.R_y,Wrist.R_z,Elbow.R_x,Elbow.R_y,Elbow.R_z,Shoulder.R_x,Shoulder.R_y,Shoulder.R_z,Shoulder.L_x,Shoulder.L_y,Shoulder.L_z,Elbow.L_x,Elbow.L_y,Elbow.L_z,Wrist.L_x,Wrist.L_y,Wrist.L_z,Neck_x,Neck_y,Neck_z,Head_x,Head_y,Head_z,Nose_x,Nose_y,Nose_z,Eye.L_x,Eye.L_y,Eye.L_z,Eye.R_x,Eye.R_y,Eye.R_z,Ear.L_x,Ear.L_y,Ear.L_z,Ear.R_x,Ear.R_y,Ear.R_z,hip.Center_x,hip.Center_y,hip.Center_z
0,0.6424343,-0.0395039,-0.5089651,0.3446086,0.020818628,-0.18551962,-0.041732155,0.1059567,-0.055380464,0.02452313,0.3126828,0.062128343,0.3755269,0.24555644,-0.19770828,0.5767688,0.34091833,-0.5853774,-0.3946811,-0.28612465,0.072304145,-0.2571432,-0.1537331,-0.0895014,-0.4212192,0.06370466,-0.024872202,-0.44857454,0.2533482,0.1420204,-0.27919784,0.1831578,0.33855543,-0.4345827,-0.0076582744,0.34652892,-0.482823,0.15914112,0.056337297,-0.6624992,0.20793647,0.026242979,-0.6402915,0.11198507,0.1515167,-0.6556694,0.16861534,0.13488452,-0.6652123,0.11513923,0.09651959,-0.5922346,0.23459366,0.09322491,-0.6111221,0.12763499,0.0073321387,-0.008604512549936771,0.20931975543498993,0.0033739395439624786
