frame,Ankle.R_x,Ankle.R_y,Ankle.R_z,Knee.R_x,Knee.R_y,Knee.R_z,Hip.R_x,Hip.R_y,Hip.R_z,Hip.L_x,Hip.L_y,Hip.L_z,Knee.L_x,Knee.L_y,Knee.L_z,Ankle.L_x,Ankle.L_y,Ankle.L_z,Wrist.R_x,Wrist.R_y,Wrist.R_z,Elbow.R_x,Elbow.R_y,Elbow.R_z,Shoulder.R_x,Shoulder.R_y,Shoulder.R_z,Shoulder.L_x,Shoulder.L_y,Shoulder.L_z,Elbow.L_x,Elbow.L_y,Elbow.L_z,Wrist.L_x,Wrist.L_y,Wrist.L_z,Neck_x,Neck_y,Neck_z,Head_x,Head_y,Head_z,Nose_x,Nose_y,Nose_z,Eye.L_x,Eye.L_y,Eye.L_z,Eye.R_x,Eye.R_y,Eye.R_z,Ear.L_x,Ear.L_y,Ear.L_z,Ear.R_x,Ear.R_y,Ear.R_z,hip.Center_x,hip.Center_y,hip.Center_z
0,0.58332354,-0.059297565,-0.57328194,0.2891341,0.0091421995,-0.24858883,-0.06594303,0.13633026,-0.085812606,0.040737726,0.28161705,0.08846425,0.39434448,0.16535199,-0.15853679,0.5894442,0.3306617,-0.5235655,0.060743853,-0.15676229,0.06803807,-0.15914701,-0.054789066,-0.037277862,-0.40741664,0.061312057,0.017274916,-0.40452594,0.25809827,0.20092516,-0.14547329,0.26688066,0.29617676,0.021613827,0.10964341,0.41013387,-0.4671357,0.16019355,0.11131688,-0.6671437,0.1949591,0.085288376,-0.6216225,0.091775775,0.19497076,-0.6480671,0.14617856,0.1863961,-0.64900917,0.09733062,0.1416057,-0.5991827,0.22731912,0.15337217,-0.6033336,0.1301443,0.05466728,-0.012602653354406357,0.20897364616394043,0.0013258233666419983
