frame,Ankle.R_x,Ankle.R_y,Ankle.R_z,Knee.R_x,Knee.R_y,Knee.R_z,Hip.R_x,Hip.R_y,Hip.R_z,Hip.L_x,Hip.L_y,Hip.L_z,Knee.L_x,Knee.L_y,Knee.L_z,Ankle.L_x,Ankle.L_y,Ankle.L_z,Wrist.R_x,Wrist.R_y,Wrist.R_z,Elbow.R_x,Elbow.R_y,Elbow.R_z,Shoulder.R_x,Shoulder.R_y,Shoulder.R_z,Shoulder.L_x,Shoulder.L_y,Shoulder.L_z,Elbow.L_x,Elbow.L_y,Elbow.L_z,Wrist.L_x,Wrist.L_y,Wrist.L_z,Neck_x,Neck_y,Neck_z,Head_x,Head_y,Head_z,Nose_x,Nose_y,Nose_z,Eye.L_x,Eye.L_y,Eye.L_z,Eye.R_x,Eye.R_y,Eye.R_z,Ear.L_x,Ear.L_y,Ear.L_z,Ear.R_x,Ear.R_y,Ear.R_z,hip.Center_x,hip.Center_y,hip.Center_z
0,0.5964757,-0.056309074,-0.55765045,0.30371663,0.008963386,-0.2314316,-0.06024626,0.1252186,-0.078007184,0.03583994,0.29270312,0.08143432,0.39385462,0.18437284,-0.16099389,0.5940176,0.32948583,-0.531955,0.06620509,-0.104664735,0.043420646,-0.16223037,-0.023415977,-0.059837803,-0.41094518,0.06946811,0.023525106,-0.39740252,0.26778772,0.20915975,-0.1270065,0.2775369,0.27388468,0.0805609,0.14324562,0.3429977,-0.46757466,0.16814856,0.122190975,-0.67006993,0.19708204,0.09722781,-0.62000513,0.09596839,0.206678,-0.6487329,0.14901127,0.19835016,-0.64766324,0.100323096,0.1535705,-0.6033938,0.23207171,0.16565275,-0.6038613,0.13550846,0.0670687,-0.012203158810734749,0.2089608609676361,0.0017135664820671082
