frame,Ankle.R_x,Ankle.R_y,Ankle.R_z,Knee.R_x,Knee.R_y,Knee.R_z,Hip.R_x,Hip.R_y,Hip.R_z,Hip.L_x,Hip.L_y,Hip.L_z,Knee.L_x,Knee.L_y,Knee.L_z,Ankle.L_x,Ankle.L_y,Ankle.L_z,Wrist.R_x,Wrist.R_y,Wrist.R_z,Elbow.R_x,Elbow.R_y,Elbow.R_z,Shoulder.R_x,Shoulder.R_y,Shoulder.R_z,Shoulder.L_x,Shoulder.L_y,Shoulder.L_z,Elbow.L_x,Elbow.L_y,Elbow.L_z,Wrist.L_x,Wrist.L_y,Wrist.L_z,Neck_x,Neck_y,Neck_z,Head_x,Head_y,Head_z,Nose_x,Nose_y,Nose_z,Eye.L_x,Eye.L_y,Eye.L_z,Eye.R_x,Eye.R_y,Eye.R_z,Ear.L_x,Ear.L_y,Ear.L_z,Ear.R_x,Ear.R_y,Ear.R_z,hip.Center_x,hip.Center_y,hip.Center_z
0,0.62331694,-0.052456446,-0.5288145,0.3269001,0.01916492,-0.20966145,-0.048245016,0.10617842,-0.053065043,0.026028782,0.31422195,0.06008202,0.38619205,0.23255037,-0.18187925,0.6217369,0.32175702,-0.5491749,0.059410404,-0.06816661,0.027618483,-0.17006001,-0.0077203913,-0.08337436,-0.40824318,0.06631188,0.040426306,-0.39714414,0.28503895,0.20547932,-0.12146883,0.3159089,0.24543457,0.09346444,0.18770061,0.3011253,-0.4665909,0.1721514,0.13267891,-0.66994095,0.1960581,0.1089208,-0.6185039,0.095356554,0.2184593,-0.6483617,0.14772002,0.21015444,-0.64546376,0.09942189,0.16497204,-0.60496277,0.23233376,0.17857079,-0.60189456,0.13650101,0.07952617,-0.011108117178082466,0.21020019054412842,0.003508487716317177
