frame,Ankle.R_x,Ankle.R_y,Ankle.R_z,Knee.R_x,Knee.R_y,Knee.R_z,Hip.R_x,Hip.R_y,Hip.R_z,Hip.L_x,Hip.L_y,Hip.L_z,Knee.L_x,Knee.L_y,Knee.L_z,Ankle.L_x,Ankle.L_y,Ankle.L_z,Wrist.R_x,Wrist.R_y,Wrist.R_z,Elbow.R_x,Elbow.R_y,Elbow.R_z,Shoulder.R_x,Shoulder.R_y,Shoulder.R_z,Shoulder.L_x,Shoulder.L_y,Shoulder.L_z,Elbow.L_x,Elbow.L_y,Elbow.L_z,Wrist.L_x,Wrist.L_y,Wrist.L_z,Neck_x,Neck_y,Neck_z,Head_x,Head_y,Head_z,Nose_x,Nose_y,Nose_z,Eye.L_x,Eye.L_y,Eye.L_z,Eye.R_x,Eye.R_y,Eye.R_z,Ear.L_x,Ear.L_y,Ear.L_z,Ear.R_x,Ear.R_y,Ear.R_z,hip.Center_x,hip.Center_y,hip.Center_z
0,0.56528664,-0.04584844,-0.5712585,0.3257486,0.0023188926,-0.20302391,-0.04375799,0.101589516,-0.040913478,0.023266563,0.32314304,0.04889862,0.3670147,0.2440729,-0.21842852,0.5438104,0.3163833,-0.6220383,0.084766276,-0.08613026,-0.00024185207,-0.15676849,-0.008809213,-0.07306042,-0.40182313,0.06705691,0.041608345,-0.39559728,0.29337102,0.20406261,-0.121016905,0.31757918,0.25494847,0.09459914,0.19399446,0.32121044,-0.4649055,0.17635995,0.13381313,-0.6642697,0.20764837,0.10276407,-0.6249451,0.10038687,0.21158841,-0.6523502,0.15411904,0.20349675,-0.6479496,0.10774323,0.156521,-0.60315025,0.23808168,0.17913157,-0.5966852,0.14677009,0.07640228,-0.010245713405311108,0.2123662829399109,0.00399257056415081
