frame,Ankle.R_x,Ankle.R_y,Ankle.R_z,Knee.R_x,Knee.R_y,Knee.R_z,Hip.R_x,Hip.R_y,Hip.R_z,Hip.L_x,Hip.L_y,Hip.L_z,Knee.L_x,Knee.L_y,Knee.L_z,Ankle.L_x,Ankle.L_y,Ankle.L_z,Wrist.R_x,Wrist.R_y,Wrist.R_z,Elbow.R_x,Elbow.R_y,Elbow.R_z,Shoulder.R_x,Shoulder.R_y,Shoulder.R_z,Shoulder.L_x,Shoulder.L_y,Shoulder.L_z,Elbow.L_x,Elbow.L_y,Elbow.L_z,Wrist.L_x,Wrist.L_y,Wrist.L_z,Neck_x,Neck_y,Neck_z,Head_x,Head_y,Head_z,Nose_x,Nose_y,Nose_z,Eye.L_x,Eye.L_y,Eye.L_z,Eye.R_x,Eye.R_y,Eye.R_z,Ear.L_x,Ear.L_y,Ear.L_z,Ear.R_x,Ear.R_y,Ear.R_z,hip.Center_x,hip.Center_y,hip.Center_z
0,0.5829705,-0.047659952,-0.57547146,0.32205606,0.025467806,-0.22555864,-0.04592183,0.101614654,-0.04194132,0.028310144,0.31854013,0.05115847,0.3708869,0.23150767,-0.2152875,0.54955333,0.3111992,-0.6161944,0.070986986,-0.04813613,-0.0031193472,-0.17336191,0.009426416,-0.07915102,-0.40848237,0.07341656,0.04976862,-0.39810604,0.29356682,0.207985,-0.12357449,0.32820132,0.24038573,0.10193604,0.21959175,0.29544175,-0.4658046,0.17932081,0.1393075,-0.66302735,0.20701943,0.10965038,-0.6195723,0.099866584,0.21694653,-0.6485091,0.15302154,0.2096671,-0.64328194,0.10718135,0.16221969,-0.6020828,0.23859216,0.18532665,-0.5942765,0.14796978,0.0824088,-0.008805842138826847,0.21007739007472992,0.004608575254678726
