frame,Ankle.R_x,Ankle.R_y,Ankle.R_z,Knee.R_x,Knee.R_y,Knee.R_z,Hip.R_x,Hip.R_y,Hip.R_z,Hip.L_x,Hip.L_y,Hip.L_z,Knee.L_x,Knee.L_y,Knee.L_z,Ankle.L_x,Ankle.L_y,Ankle.L_z,Wrist.R_x,Wrist.R_y,Wrist.R_z,Elbow.R_x,Elbow.R_y,Elbow.R_z,Shoulder.R_x,Shoulder.R_y,Shoulder.R_z,Shoulder.L_x,Shoulder.L_y,Shoulder.L_z,Elbow.L_x,Elbow.L_y,Elbow.L_z,Wrist.L_x,Wrist.L_y,Wrist.L_z,Neck_x,Neck_y,Neck_z,Head_x,Head_y,Head_z,Nose_x,Nose_y,Nose_z,Eye.L_x,Eye.L_y,Eye.L_z,Eye.R_x,Eye.R_y,Eye.R_z,Ear.L_x,Ear.L_y,Ear.L_z,Ear.R_x,Ear.R_y,Ear.R_z,hip.Center_x,hip.Center_y,hip.Center_z
0,0.65831685,-0.009672663,-0.5094505,0.34745637,0.03667596,-0.19443129,-0.04208695,0.10776835,-0.060222216,0.024468238,0.31086898,0.065832324,0.3769391,0.25245136,-0.19631802,0.5759785,0.34466416,-0.58643275,-0.38463065,-0.2804751,0.069409974,-0.24201551,-0.15102313,-0.090962216,-0.41819662,0.058805685,-0.02709665,-0.449582,0.24885967,0.14405112,-0.27705115,0.1924526,0.3445655,-0.42826807,-0.0021568183,0.35175434,-0.48271942,0.15414411,0.056585718,-0.6637357,0.20249425,0.02607971,-0.6405872,0.10942295,0.15335959,-0.6558912,0.16586298,0.13541065,-0.6660204,0.11140111,0.09845766,-0.5925977,0.23077232,0.09172835,-0.6125767,0.12152779,0.008339688,-0.008809356950223446,0.20931866765022278,0.002805054187774658
