frame,Ankle.R_x,Ankle.R_y,Ankle.R_z,Knee.R_x,Knee.R_y,Knee.R_z,Hip.R_x,Hip.R_y,Hip.R_z,Hip.L_x,Hip.L_y,Hip.L_z,Knee.L_x,Knee.L_y,Knee.L_z,Ankle.L_x,Ankle.L_y,Ankle.L_z,Wrist.R_x,Wrist.R_y,Wrist.R_z,Elbow.R_x,Elbow.R_y,Elbow.R_z,Shoulder.R_x,Shoulder.R_y,Shoulder.R_z,Shoulder.L_x,Shoulder.L_y,Shoulder.L_z,Elbow.L_x,Elbow.L_y,Elbow.L_z,Wrist.L_x,Wrist.L_y,Wrist.L_z,Neck_x,Neck_y,Neck_z,Head_x,Head_y,Head_z,Nose_x,Nose_y,Nose_z,Eye.L_x,Eye.L_y,Eye.L_z,Eye.R_x,Eye.R_y,Eye.R_z,Ear.L_x,Ear.L_y,Ear.L_z,Ear.R_x,Ear.R_y,Ear.R_z,hip.Center_x,hip.Center_y,hip.Center_z
0,0.64482915,-0.058272008,-0.49647346,0.33832526,0.011934312,-0.18421985,-0.045164112,0.10864274,-0.060091894,0.026876086,0.3096105,0.06560574,0.3778466,0.24619403,-0.19338088,0.617242,0.3400241,-0.55762726,-0.36926252,-0.30081668,0.07021059,-0.23882025,-0.14907931,-0.08228961,-0.4138464,0.06309183,-0.028258167,-0.44962743,0.25051722,0.14582269,-0.27908573,0.18479398,0.34450877,-0.423001,-0.015159621,0.34570664,-0.48157018,0.15575927,0.05364001,-0.6661403,0.17844963,0.0022163568,-0.6423298,0.09735355,0.13711306,-0.66420823,0.14954458,0.11409262,-0.6618729,0.092529,0.08013146,-0.6072955,0.22104453,0.072659925,-0.6022394,0.10647474,-0.0050212145,-0.009144012816250324,0.20912662148475647,0.002756921574473381
