frame,Ankle.R_x,Ankle.R_y,Ankle.R_z,Knee.R_x,Knee.R_y,Knee.R_z,Hip.R_x,Hip.R_y,Hip.R_z,Hip.L_x,Hip.L_y,Hip.L_z,Knee.L_x,Knee.L_y,Knee.L_z,Ankle.L_x,Ankle.L_y,Ankle.L_z,Wrist.R_x,Wrist.R_y,Wrist.R_z,Elbow.R_x,Elbow.R_y,Elbow.R_z,Shoulder.R_x,Shoulder.R_y,Shoulder.R_z,Shoulder.L_x,Shoulder.L_y,Shoulder.L_z,Elbow.L_x,Elbow.L_y,Elbow.L_z,Wrist.L_x,Wrist.L_y,Wrist.L_z,Neck_x,Neck_y,Neck_z,Head_x,Head_y,Head_z,Nose_x,Nose_y,Nose_z,Eye.L_x,Eye.L_y,Eye.L_z,Eye.R_x,Eye.R_y,Eye.R_z,Ear.L_x,Ear.L_y,Ear.L_z,Ear.R_x,Ear.R_y,Ear.R_z,hip.Center_x,hip.Center_y,hip.Center_z
0,0.7032418,0.089133546,-0.48711777,0.35670787,0.082157336,-0.20796518,-0.038484618,0.10761054,-0.06323877,0.021237774,0.30969962,0.06826756,0.38201737,0.2565435,-0.18578364,0.57052815,0.35153088,-0.58056027,-0.36536795,-0.27513415,0.07799946,-0.23291105,-0.14959471,-0.094160765,-0.41828173,0.051779717,-0.026697967,-0.4509036,0.24384883,0.14387617,-0.277976,0.19850649,0.3495081,-0.42760423,0.0031778757,0.3691581,-0.4838248,0.14708483,0.05674223,-0.6693212,0.18157127,0.022951894,-0.6395842,0.095625825,0.1539774,-0.6593827,0.15001047,0.13369153,-0.6645074,0.0934938,0.09878671,-0.6011216,0.2183843,0.088034436,-0.61142623,0.10481534,0.0086144805,-0.008623422123491764,0.20865508913993835,0.0025143958628177643
