frame,Ankle.R_x,Ankle.R_y,Ankle.R_z,Knee.R_x,Knee.R_y,Knee.R_z,Hip.R_x,Hip.R_y,Hip.R_z,Hip.L_x,Hip.L_y,Hip.L_z,Knee.L_x,Knee.L_y,Knee.L_z,Ankle.L_x,Ankle.L_y,Ankle.L_z,Wrist.R_x,Wrist.R_y,Wrist.R_z,Elbow.R_x,Elbow.R_y,Elbow.R_z,Shoulder.R_x,Shoulder.R_y,Shoulder.R_z,Shoulder.L_x,Shoulder.L_y,Shoulder.L_z,Elbow.L_x,Elbow.L_y,Elbow.L_z,Wrist.L_x,Wrist.L_y,Wrist.L_z,Neck_x,Neck_y,Neck_z,Head_x,Head_y,Head_z,Nose_x,Nose_y,Nose_z,Eye.L_x,Eye.L_y,Eye.L_z,Eye.R_x,Eye.R_y,Eye.R_z,Ear.L_x,Ear.L_y,Ear.L_z,Ear.R_x,Ear.R_y,Ear.R_z,hip.Center_x,hip.Center_y,hip.Center_z
0,0.7038366,0.03292717,-0.46255976,0.36110955,0.05594857,-0.18076903,-0.03768912,0.10521974,-0.05990316,0.018849293,0.31173593,0.064621255,0.39120615,0.23896787,-0.16466187,0.61737204,0.3309645,-0.53974074,-0.35464567,-0.2869272,0.066178925,-0.2203023,-0.15219922,-0.09693994,-0.40937883,0.046550803,-0.037496865,-0.4557359,0.23401102,0.13111866,-0.29101142,0.17297286,0.33589485,-0.42315125,-0.036011014,0.33587295,-0.480933,0.13733819,0.042370286,-0.66470814,0.15900892,-0.0036971276,-0.63857037,0.07075812,0.12635458,-0.6614138,0.1239015,0.10649383,-0.6584512,0.068852216,0.069266774,-0.60577244,0.1987074,0.0684931,-0.59961563,0.08836361,-0.015343264,-0.009419913403689861,0.20847782492637634,0.002359047532081604
