frame,Ankle.R_x,Ankle.R_y,Ankle.R_z,Knee.R_x,Knee.R_y,Knee.R_z,Hip.R_x,Hip.R_y,Hip.R_z,Hip.L_x,Hip.L_y,Hip.L_z,Knee.L_x,Knee.L_y,Knee.L_z,Ankle.L_x,Ankle.L_y,Ankle.L_z,Wrist.R_x,Wrist.R_y,Wrist.R_z,Elbow.R_x,Elbow.R_y,Elbow.R_z,Shoulder.R_x,Shoulder.R_y,Shoulder.R_z,Shoulder.L_x,Shoulder.L_y,Shoulder.L_z,Elbow.L_x,Elbow.L_y,Elbow.L_z,Wrist.L_x,Wrist.L_y,Wrist.L_z,Neck_x,Neck_y,Neck_z,Head_x,Head_y,Head_z,Nose_x,Nose_y,Nose_z,Eye.L_x,Eye.L_y,Eye.L_z,Eye.R_x,Eye.R_y,Eye.R_z,Ear.L_x,Ear.L_y,Ear.L_z,Ear.R_x,Ear.R_y,Ear.R_z,hip.Center_x,hip.Center_y,hip.Center_z
0,0.71531063,0.13000163,-0.4700608,0.36456275,0.09171625,-0.20012985,-0.033914216,0.10549368,-0.062186114,0.017512744,0.3109035,0.06709923,0.37532148,0.26721683,-0.1924053,0.5549038,0.36087048,-0.5913135,-0.34996033,-0.28001636,0.07986202,-0.22273234,-0.15367126,-0.0952459,-0.41427466,0.042161047,-0.029037219,-0.4548369,0.23564215,0.13571441,-0.29446688,0.19834045,0.35109475,-0.43084037,-0.0067021013,0.36806735,-0.48219645,0.13696912,0.052293982,-0.6661693,0.174029,0.023958903,-0.63624096,0.07990576,0.14929219,-0.6558606,0.13551195,0.13262726,-0.6613498,0.081313975,0.09419736,-0.59756446,0.20655218,0.09093636,-0.60865664,0.09799853,0.0047672987,-0.008200735785067081,0.20819857716560364,0.0024565570056438446
