frame,Ankle.R_x,Ankle.R_y,Ankle.R_z,Knee.R_x,Knee.R_y,Knee.R_z,Hip.R_x,Hip.R_y,Hip.R_z,Hip.L_x,Hip.L_y,Hip.L_z,Knee.L_x,Knee.L_y,Knee.L_z,Ankle.L_x,Ankle.L_y,Ankle.L_z,Wrist.R_x,Wrist.R_y,Wrist.R_z,Elbow.R_x,Elbow.R_y,Elbow.R_z,Shoulder.R_x,Shoulder.R_y,Shoulder.R_z,Shoulder.L_x,Shoulder.L_y,Shoulder.L_z,Elbow.L_x,Elbow.L_y,Elbow.L_z,Wrist.L_x,Wrist.L_y,Wrist.L_z,Neck_x,Neck_y,Neck_z,Head_x,Head_y,Head_z,Nose_x,Nose_y,Nose_z,Eye.L_x,Eye.L_y,Eye.L_z,Eye.R_x,Eye.R_y,Eye.R_z,Ear.L_x,Ear.L_y,Ear.L_z,Ear.R_x,Ear.R_y,Ear.R_z,hip.Center_x,hip.Center_y,hip.Center_z
0,0.7052388,0.039410792,-0.45812988,0.360735,0.05487691,-0.17972861,-0.036830477,0.10379195,-0.057341516,0.017547498,0.3137066,0.062218092,0.39186138,0.24174058,-0.16346286,0.6066581,0.3305674,-0.54444575,-0.34711432,-0.27724716,0.07097967,-0.21471344,-0.15172376,-0.10044652,-0.40583366,0.044384472,-0.038645905,-0.45444077,0.22950894,0.13315488,-0.29257813,0.16826324,0.34126258,-0.41560656,-0.046193272,0.34126994,-0.4785803,0.133311,0.043465808,-0.665279,0.15048476,0.0040036878,-0.6316549,0.06401606,0.13339925,-0.65629554,0.11650137,0.114215344,-0.6540667,0.061215356,0.077377275,-0.6039826,0.19182678,0.07300483,-0.59944916,0.08094351,-0.010065064,-0.009641489945352077,0.20874927937984467,0.0024382881820201874
