frame,Ankle.R_x,Ankle.R_y,Ankle.R_z,Knee.R_x,Knee.R_y,Knee.R_z,Hip.R_x,Hip.R_y,Hip.R_z,Hip.L_x,Hip.L_y,Hip.L_z,Knee.L_x,Knee.L_y,Knee.L_z,Ankle.L_x,Ankle.L_y,Ankle.L_z,Wrist.R_x,Wrist.R_y,Wrist.R_z,Elbow.R_x,Elbow.R_y,Elbow.R_z,Shoulder.R_x,Shoulder.R_y,Shoulder.R_z,Shoulder.L_x,Shoulder.L_y,Shoulder.L_z,Elbow.L_x,Elbow.L_y,Elbow.L_z,Wrist.L_x,Wrist.L_y,Wrist.L_z,Neck_x,Neck_y,Neck_z,Head_x,Head_y,Head_z,Nose_x,Nose_y,Nose_z,Eye.L_x,Eye.L_y,Eye.L_z,Eye.R_x,Eye.R_y,Eye.R_z,Ear.L_x,Ear.L_y,Ear.L_z,Ear.R_x,Ear.R_y,Ear.R_z,hip.Center_x,hip.Center_y,hip.Center_z
0,0.71795774,0.13727461,-0.46981618,0.361043,0.09410512,-0.20952404,-0.035184175,0.10845512,-0.06702955,0.0186538,0.30785465,0.070888296,0.37799788,0.2695451,-0.1877541,0.5641713,0.3586585,-0.58431226,-0.35793507,-0.27476645,0.07300641,-0.23035567,-0.15728918,-0.10782647,-0.41508234,0.040299088,-0.029086873,-0.45642546,0.22863948,0.13746405,-0.30468014,0.18518284,0.357386,-0.44058663,-0.021132816,0.36988202,-0.4815917,0.13267285,0.053694606,-0.66646624,0.17044717,0.03319127,-0.63133556,0.07479316,0.15606886,-0.65124273,0.13070422,0.14082846,-0.65900993,0.076881416,0.10217179,-0.5945813,0.20184815,0.096952945,-0.61043656,0.09397003,0.010237046,-0.008265187032520771,0.20815488696098328,0.0019293725490570068
