frame,Ankle.R_x,Ankle.R_y,Ankle.R_z,Knee.R_x,Knee.R_y,Knee.R_z,Hip.R_x,Hip.R_y,Hip.R_z,Hip.L_x,Hip.L_y,Hip.L_z,Knee.L_x,Knee.L_y,Knee.L_z,Ankle.L_x,Ankle.L_y,Ankle.L_z,Wrist.R_x,Wrist.R_y,Wrist.R_z,Elbow.R_x,Elbow.R_y,Elbow.R_z,Shoulder.R_x,Shoulder.R_y,Shoulder.R_z,Shoulder.L_x,Shoulder.L_y,Shoulder.L_z,Elbow.L_x,Elbow.L_y,Elbow.L_z,Wrist.L_x,Wrist.L_y,Wrist.L_z,Neck_x,Neck_y,Neck_z,Head_x,Head_y,Head_z,Nose_x,Nose_y,Nose_z,Eye.L_x,Eye.L_y,Eye.L_z,Eye.R_x,Eye.R_y,Eye.R_z,Ear.L_x,Ear.L_y,Ear.L_z,Ear.R_x,Ear.R_y,Ear.R_z,hip.Center_x,hip.Center_y,hip.Center_z
0,0.71682733,0.05177691,-0.44947615,0.35718203,0.0566872,-0.19002357,-0.040034905,0.11175929,-0.07127972,0.02128349,0.30352765,0.07357374,0.39170614,0.23673907,-0.16214329,0.61228144,0.33889723,-0.5376815,-0.34208286,-0.28494194,0.06553341,-0.21507592,-0.15442157,-0.10780668,-0.40493733,0.041691355,-0.04458724,-0.46044877,0.2184214,0.12630497,-0.31709507,0.15589349,0.34599054,-0.44216752,-0.05825059,0.34855407,-0.47794378,0.12693593,0.03647034,-0.66007155,0.14776024,-0.0051730117,-0.6321166,0.06283687,0.12705216,-0.65414464,0.11589638,0.106129065,-0.6537031,0.05951427,0.07068886,-0.5982022,0.18818313,0.063826144,-0.5967934,0.074681506,-0.016719759,-0.009375707246363163,0.20764347910881042,0.0011470094323158264
