frame,Ankle.R_x,Ankle.R_y,Ankle.R_z,Knee.R_x,Knee.R_y,Knee.R_z,Hip.R_x,Hip.R_y,Hip.R_z,Hip.L_x,Hip.L_y,Hip.L_z,Knee.L_x,Knee.L_y,Knee.L_z,Ankle.L_x,Ankle.L_y,Ankle.L_z,Wrist.R_x,Wrist.R_y,Wrist.R_z,Elbow.R_x,Elbow.R_y,Elbow.R_z,Shoulder.R_x,Shoulder.R_y,Shoulder.R_z,Shoulder.L_x,Shoulder.L_y,Shoulder.L_z,Elbow.L_x,Elbow.L_y,Elbow.L_z,Wrist.L_x,Wrist.L_y,Wrist.L_z,Neck_x,Neck_y,Neck_z,Head_x,Head_y,Head_z,Nose_x,Nose_y,Nose_z,Eye.L_x,Eye.L_y,Eye.L_z,Eye.R_x,Eye.R_y,Eye.R_z,Ear.L_x,Ear.L_y,Ear.L_z,Ear.R_x,Ear.R_y,Ear.R_z,hip.Center_x,hip.Center_y,hip.Center_z
0,0.530892,-0.16616444,-0.5685936,0.284018,-0.044122387,-0.21842226,-0.05540818,0.112868115,-0.054579057,0.036007557,0.31156385,0.061359584,0.38281286,0.19127707,-0.18774375,0.59558165,0.23545215,-0.57989883,-0.25957125,-0.18048158,0.107798636,-0.18749484,-0.08103957,-0.106918655,-0.40393677,0.06559078,-0.0013764007,-0.4399974,0.27394503,0.15271541,-0.2074916,0.27603775,0.2962875,-0.3612982,0.09529406,0.3362028,-0.47643462,0.1628945,0.075367294,-0.6630423,0.18325222,0.032070436,-0.63177854,0.09569096,0.16160813,-0.656279,0.14841047,0.1423227,-0.6535886,0.093377106,0.10515371,-0.6023241,0.22355567,0.10296797,-0.59846544,0.11378017,0.019554392,-0.009700311347842216,0.21221598982810974,0.0033902637660503387
