frame,Ankle.R_x,Ankle.R_y,Ankle.R_z,Knee.R_x,Knee.R_y,Knee.R_z,Hip.R_x,Hip.R_y,Hip.R_z,Hip.L_x,Hip.L_y,Hip.L_z,Knee.L_x,Knee.L_y,Knee.L_z,Ankle.L_x,Ankle.L_y,Ankle.L_z,Wrist.R_x,Wrist.R_y,Wrist.R_z,Elbow.R_x,Elbow.R_y,Elbow.R_z,Shoulder.R_x,Shoulder.R_y,Shoulder.R_z,Shoulder.L_x,Shoulder.L_y,Shoulder.L_z,Elbow.L_x,Elbow.L_y,Elbow.L_z,Wrist.L_x,Wrist.L_y,Wrist.L_z,Neck_x,Neck_y,Neck_z,Head_x,Head_y,Head_z,Nose_x,Nose_y,Nose_z,Eye.L_x,Eye.L_y,Eye.L_z,Eye.R_x,Eye.R_y,Eye.R_z,Ear.L_x,Ear.L_y,Ear.L_z,Ear.R_x,Ear.R_y,Ear.R_z,hip.Center_x,hip.Center_y,hip.Center_z
0,0.72123903,0.13179785,-0.45900074,0.3662172,0.09321309,-0.19613034,-0.033343155,0.10530408,-0.06323386,0.017136324,0.3102939,0.06731969,0.3793173,0.26855677,-0.1857206,0.5653296,0.36062217,-0.5809526,-0.35011506,-0.28885454,0.07351201,-0.22433326,-0.16051266,-0.10139324,-0.41205797,0.03673047,-0.031365618,-0.45860353,0.22654764,0.13135095,-0.31448606,0.17806613,0.35331273,-0.45037848,-0.02857684,0.36641702,-0.48088127,0.12970361,0.049113806,-0.66769093,0.16734663,0.031976335,-0.6285016,0.0713336,0.15288283,-0.64938563,0.1270039,0.13858742,-0.65763575,0.073523164,0.0997932,-0.5946671,0.19876069,0.09380888,-0.6116841,0.091695264,0.006801307,-0.008103415369987488,0.20779898762702942,0.0020429156720638275
