frame,Ankle.R_x,Ankle.R_y,Ankle.R_z,Knee.R_x,Knee.R_y,Knee.R_z,Hip.R_x,Hip.R_y,Hip.R_z,Hip.L_x,Hip.L_y,Hip.L_z,Knee.L_x,Knee.L_y,Knee.L_z,Ankle.L_x,Ankle.L_y,Ankle.L_z,Wrist.R_x,Wrist.R_y,Wrist.R_z,Elbow.R_x,Elbow.R_y,Elbow.R_z,Shoulder.R_x,Shoulder.R_y,Shoulder.R_z,Shoulder.L_x,Shoulder.L_y,Shoulder.L_z,Elbow.L_x,Elbow.L_y,Elbow.L_z,Wrist.L_x,Wrist.L_y,Wrist.L_z,Neck_x,Neck_y,Neck_z,Head_x,Head_y,Head_z,Nose_x,Nose_y,Nose_z,Eye.L_x,Eye.L_y,Eye.L_z,Eye.R_x,Eye.R_y,Eye.R_z,Ear.L_x,Ear.L_y,Ear.L_z,Ear.R_x,Ear.R_y,Ear.R_z,hip.Center_x,hip.Center_y,hip.Center_z
0,0.72470564,0.13503955,-0.45491338,0.36700633,0.096046284,-0.19650964,-0.031481516,0.103455655,-0.0598847,0.01547351,0.31234536,0.06489314,0.37937492,0.26901788,-0.18509081,0.563839,0.36528027,-0.58088946,-0.3495119,-0.29373404,0.067395,-0.22451575,-0.1589546,-0.102993146,-0.4121101,0.0380515,-0.032694194,-0.45921418,0.22878717,0.12923667,-0.31177044,0.18266112,0.34879655,-0.437776,-0.029974144,0.35948867,-0.48147103,0.1307554,0.047433645,-0.669618,0.16394377,0.029425144,-0.6283711,0.06692237,0.14882737,-0.6510581,0.12209126,0.13549781,-0.6569532,0.06922993,0.095488705,-0.5983455,0.19656892,0.092883654,-0.6108024,0.09100586,0.0035606697,-0.008004002273082733,0.2079005092382431,0.0025042202323675156
