frame,Ankle.R_x,Ankle.R_y,Ankle.R_z,Knee.R_x,Knee.R_y,Knee.R_z,Hip.R_x,Hip.R_y,Hip.R_z,Hip.L_x,Hip.L_y,Hip.L_z,Knee.L_x,Knee.L_y,Knee.L_z,Ankle.L_x,Ankle.L_y,Ankle.L_z,Wrist.R_x,Wrist.R_y,Wrist.R_z,Elbow.R_x,Elbow.R_y,Elbow.R_z,Shoulder.R_x,Shoulder.R_y,Shoulder.R_z,Shoulder.L_x,Shoulder.L_y,Shoulder.L_z,Elbow.L_x,Elbow.L_y,Elbow.L_z,Wrist.L_x,Wrist.L_y,Wrist.L_z,Neck_x,Neck_y,Neck_z,Head_x,Head_y,Head_z,Nose_x,Nose_y,Nose_z,Eye.L_x,Eye.L_y,Eye.L_z,Eye.R_x,Eye.R_y,Eye.R_z,Ear.L_x,Ear.L_y,Ear.L_z,Ear.R_x,Ear.R_y,Ear.R_z,hip.Center_x,hip.Center_y,hip.Center_z
0,0.70431924,0.02658794,-0.46436417,0.36120638,0.06467524,-0.18478075,-0.03911776,0.10996691,-0.06856713,0.021919025,0.30498165,0.072510675,0.38193175,0.24560961,-0.17885672,0.62244266,0.3541711,-0.54068464,-0.34786767,-0.30554536,0.06255598,-0.21661001,-0.1590286,-0.09450982,-0.4060568,0.040677276,-0.04025905,-0.45950502,0.2227841,0.12990004,-0.31435114,0.15097295,0.34352368,-0.44767004,-0.0584224,0.33567798,-0.47957677,0.12928349,0.039468393,-0.6634392,0.15324318,-0.0068778275,-0.63855183,0.06441709,0.12311593,-0.6603788,0.11807287,0.10324179,-0.6585703,0.06288507,0.06598797,-0.6036236,0.1919421,0.06487704,-0.59948635,0.081007585,-0.01916191,-0.008599367924034595,0.20747427642345428,0.0019717738032341003
