frame,Ankle.R_x,Ankle.R_y,Ankle.R_z,Knee.R_x,Knee.R_y,Knee.R_z,Hip.R_x,Hip.R_y,Hip.R_z,Hip.L_x,Hip.L_y,Hip.L_z,Knee.L_x,Knee.L_y,Knee.L_z,Ankle.L_x,Ankle.L_y,Ankle.L_z,Wrist.R_x,Wrist.R_y,Wrist.R_z,Elbow.R_x,Elbow.R_y,Elbow.R_z,Shoulder.R_x,Shoulder.R_y,Shoulder.R_z,Shoulder.L_x,Shoulder.L_y,Shoulder.L_z,Elbow.L_x,Elbow.L_y,Elbow.L_z,Wrist.L_x,Wrist.L_y,Wrist.L_z,Neck_x,Neck_y,Neck_z,Head_x,Head_y,Head_z,Nose_x,Nose_y,Nose_z,Eye.L_x,Eye.L_y,Eye.L_z,Eye.R_x,Eye.R_y,Eye.R_z,Ear.L_x,Ear.L_y,Ear.L_z,Ear.R_x,Ear.R_y,Ear.R_z,hip.Center_x,hip.Center_y,hip.Center_z
0,0.71500915,0.06193907,-0.45717138,0.36540377,0.07254468,-0.18363798,-0.035200596,0.10509089,-0.061467588,0.018077163,0.31129444,0.065975115,0.38526994,0.25424987,-0.17633775,0.592689,0.35139775,-0.5613627,-0.35099232,-0.3073558,0.06442166,-0.22376817,-0.16197574,-0.09784882,-0.40750244,0.042194195,-0.04222589,-0.4600144,0.21995275,0.13113579,-0.31000477,0.15019387,0.34420088,-0.43409276,-0.06439845,0.33381212,-0.48035416,0.12817658,0.03918709,-0.6663856,0.14473328,-0.005304968,-0.6353825,0.058872376,0.12542617,-0.65982836,0.111224554,0.10523306,-0.656508,0.055709094,0.06873613,-0.60673815,0.18658811,0.064875245,-0.59993565,0.07507921,-0.017812222,-0.008561716414988041,0.20819266140460968,0.0022537633776664734
