frame,Ankle.R_x,Ankle.R_y,Ankle.R_z,Knee.R_x,Knee.R_y,Knee.R_z,Hip.R_x,Hip.R_y,Hip.R_z,Hip.L_x,Hip.L_y,Hip.L_z,Knee.L_x,Knee.L_y,Knee.L_z,Ankle.L_x,Ankle.L_y,Ankle.L_z,Wrist.R_x,Wrist.R_y,Wrist.R_z,Elbow.R_x,Elbow.R_y,Elbow.R_z,Shoulder.R_x,Shoulder.R_y,Shoulder.R_z,Shoulder.L_x,Shoulder.L_y,Shoulder.L_z,Elbow.L_x,Elbow.L_y,Elbow.L_z,Wrist.L_x,Wrist.L_y,Wrist.L_z,Neck_x,Neck_y,Neck_z,Head_x,Head_y,Head_z,Nose_x,Nose_y,Nose_z,Eye.L_x,Eye.L_y,Eye.L_z,Eye.R_x,Eye.R_y,Eye.R_z,Ear.L_x,Ear.L_y,Ear.L_z,Ear.R_x,Ear.R_y,Ear.R_z,hip.Center_x,hip.Center_y,hip.Center_z
0,0.7094316,0.057481747,-0.46573007,0.35624486,0.07003231,-0.19866286,-0.041075654,0.11326441,-0.072897196,0.023778182,0.3021625,0.07514059,0.38400078,0.2494886,-0.17838645,0.592088,0.35067585,-0.560303,-0.3590115,-0.28811008,0.061989386,-0.23763107,-0.15557693,-0.114307545,-0.41360283,0.048754904,-0.040650476,-0.45974147,0.2225518,0.13400719,-0.31776568,0.13449718,0.34399953,-0.43695936,-0.08489293,0.34530938,-0.48127854,0.1342832,0.041570164,-0.6653775,0.1539299,-0.002118995,-0.6365091,0.0631231,0.12563883,-0.66009164,0.11648901,0.107176244,-0.65702766,0.062215097,0.06867313,-0.6057924,0.19306013,0.06992308,-0.5993904,0.08387588,-0.016614005,-0.008648736402392387,0.20771345496177673,0.0011216960847377777
