frame,Ankle.R_x,Ankle.R_y,Ankle.R_z,Knee.R_x,Knee.R_y,Knee.R_z,Hip.R_x,Hip.R_y,Hip.R_z,Hip.L_x,Hip.L_y,Hip.L_z,Knee.L_x,Knee.L_y,Knee.L_z,Ankle.L_x,Ankle.L_y,Ankle.L_z,Wrist.R_x,Wrist.R_y,Wrist.R_z,Elbow.R_x,Elbow.R_y,Elbow.R_z,Shoulder.R_x,Shoulder.R_y,Shoulder.R_z,Shoulder.L_x,Shoulder.L_y,Shoulder.L_z,Elbow.L_x,Elbow.L_y,Elbow.L_z,Wrist.L_x,Wrist.L_y,Wrist.L_z,Neck_x,Neck_y,Neck_z,Head_x,Head_y,Head_z,Nose_x,Nose_y,Nose_z,Eye.L_x,Eye.L_y,Eye.L_z,Eye.R_x,Eye.R_y,Eye.R_z,Ear.L_x,Ear.L_y,Ear.L_z,Ear.R_x,Ear.R_y,Ear.R_z,hip.Center_x,hip.Center_y,hip.Center_z
0,0.7205082,0.14210483,-0.45759547,0.3648484,0.09248201,-0.19701801,-0.03828417,0.111831136,-0.07341718,0.020735105,0.3027726,0.07498838,0.38618037,0.26075777,-0.1733781,0.58549047,0.36267483,-0.56034815,-0.37247124,-0.28833428,0.06643088,-0.24901488,-0.159653,-0.11190263,-0.4184359,0.051073804,-0.037081607,-0.45652375,0.22693503,0.14027861,-0.3206498,0.14474446,0.35774112,-0.4488315,-0.06940558,0.36267325,-0.48221827,0.13901106,0.048995845,-0.6681909,0.17130494,0.020001074,-0.63549584,0.07464669,0.142286,-0.65690076,0.12997171,0.12722504,-0.66047263,0.0768585,0.08715311,-0.60080415,0.20414454,0.087825775,-0.6081264,0.09771146,-0.0018970594,-0.008774532936513424,0.20730186998844147,0.0007856003940105438
