frame,Ankle.R_x,Ankle.R_y,Ankle.R_z,Knee.R_x,Knee.R_y,Knee.R_z,Hip.R_x,Hip.R_y,Hip.R_z,Hip.L_x,Hip.L_y,Hip.L_z,Knee.L_x,Knee.L_y,Knee.L_z,Ankle.L_x,Ankle.L_y,Ankle.L_z,Wrist.R_x,Wrist.R_y,Wrist.R_z,Elbow.R_x,Elbow.R_y,Elbow.R_z,Shoulder.R_x,Shoulder.R_y,Shoulder.R_z,Shoulder.L_x,Shoulder.L_y,Shoulder.L_z,Elbow.L_x,Elbow.L_y,Elbow.L_z,Wrist.L_x,Wrist.L_y,Wrist.L_z,Neck_x,Neck_y,Neck_z,Head_x,Head_y,Head_z,Nose_x,Nose_y,Nose_z,Eye.L_x,Eye.L_y,Eye.L_z,Eye.R_x,Eye.R_y,Eye.R_z,Ear.L_x,Ear.L_y,Ear.L_z,Ear.R_x,Ear.R_y,Ear.R_z,hip.Center_x,hip.Center_y,hip.Center_z
0,0.72764856,0.13694443,-0.45138323,0.35971445,0.09423877,-0.2070518,-0.043782853,0.1231093,-0.08696808,0.02501273,0.28955016,0.085102364,0.3934145,0.26465777,-0.15988018,0.61634415,0.3675673,-0.53343993,-0.37769806,-0.32252228,0.06107255,-0.27981058,-0.16011204,-0.11252962,-0.42615977,0.068829566,-0.048272334,-0.45886615,0.22076297,0.1432098,-0.34541056,0.11419928,0.36438698,-0.45692113,-0.112470135,0.38268116,-0.48433048,0.14715497,0.04377934,-0.67165184,0.17707863,0.018422049,-0.6339671,0.07506654,0.13461989,-0.65707755,0.13043548,0.122841656,-0.6598747,0.07949277,0.0800588,-0.60392475,0.20834756,0.086627066,-0.6097034,0.10651195,-0.008995295,-0.0093850614503026,0.20632973313331604,-0.0009328573942184448
