frame,Ankle.R_x,Ankle.R_y,Ankle.R_z,Knee.R_x,Knee.R_y,Knee.R_z,Hip.R_x,Hip.R_y,Hip.R_z,Hip.L_x,Hip.L_y,Hip.L_z,Knee.L_x,Knee.L_y,Knee.L_z,Ankle.L_x,Ankle.L_y,Ankle.L_z,Wrist.R_x,Wrist.R_y,Wrist.R_z,Elbow.R_x,Elbow.R_y,Elbow.R_z,Shoulder.R_x,Shoulder.R_y,Shoulder.R_z,Shoulder.L_x,Shoulder.L_y,Shoulder.L_z,Elbow.L_x,Elbow.L_y,Elbow.L_z,Wrist.L_x,Wrist.L_y,Wrist.L_z,Neck_x,Neck_y,Neck_z,Head_x,Head_y,Head_z,Nose_x,Nose_y,Nose_z,Eye.L_x,Eye.L_y,Eye.L_z,Eye.R_x,Eye.R_y,Eye.R_z,Ear.L_x,Ear.L_y,Ear.L_z,Ear.R_x,Ear.R_y,Ear.R_z,hip.Center_x,hip.Center_y,hip.Center_z
0,0.69493234,0.023179179,-0.47884354,0.34056455,0.06596653,-0.21841271,-0.04942885,0.12486285,-0.08493429,0.030753344,0.28640893,0.08547182,0.38734788,0.24578737,-0.1734695,0.5910171,0.3492521,-0.55614245,-0.37327108,-0.3342366,0.054859977,-0.26643685,-0.15977488,-0.09993104,-0.41598776,0.07019916,-0.052057743,-0.45474237,0.2160258,0.14405128,-0.33246717,0.09934512,0.3544928,-0.4454838,-0.12556538,0.3651564,-0.4785426,0.14526115,0.03954257,-0.66361743,0.16962683,-0.0008964911,-0.633081,0.068617724,0.11767176,-0.65671307,0.12321815,0.10419632,-0.65455633,0.072475545,0.061340235,-0.6027473,0.20221567,0.07277615,-0.5982642,0.10113424,-0.022850782,-0.009337753057479858,0.2056358903646469,0.00026876479387283325
