frame,Ankle.R_x,Ankle.R_y,Ankle.R_z,Knee.R_x,Knee.R_y,Knee.R_z,Hip.R_x,Hip.R_y,Hip.R_z,Hip.L_x,Hip.L_y,Hip.L_z,Knee.L_x,Knee.L_y,Knee.L_z,Ankle.L_x,Ankle.L_y,Ankle.L_z,Wrist.R_x,Wrist.R_y,Wrist.R_z,Elbow.R_x,Elbow.R_y,Elbow.R_z,Shoulder.R_x,Shoulder.R_y,Shoulder.R_z,Shoulder.L_x,Shoulder.L_y,Shoulder.L_z,Elbow.L_x,Elbow.L_y,Elbow.L_z,Wrist.L_x,Wrist.L_y,Wrist.L_z,Neck_x,Neck_y,Neck_z,Head_x,Head_y,Head_z,Nose_x,Nose_y,Nose_z,Eye.L_x,Eye.L_y,Eye.L_z,Eye.R_x,Eye.R_y,Eye.R_z,Ear.L_x,Ear.L_y,Ear.L_z,Ear.R_x,Ear.R_y,Ear.R_z,hip.Center_x,hip.Center_y,hip.Center_z
0,0.7253978,0.13096716,-0.44982833,0.3555112,0.08545617,-0.20979549,-0.045963973,0.1283907,-0.091686495,0.026383981,0.2837506,0.08857962,0.39622298,0.257068,-0.15445486,0.60800755,0.35891646,-0.5341533,-0.38270214,-0.33407632,0.058019433,-0.29102975,-0.15856643,-0.10762691,-0.42935497,0.076680124,-0.051011443,-0.4562688,0.22091597,0.14511424,-0.34495395,0.10329511,0.36213025,-0.46882653,-0.11626761,0.38725814,-0.4843699,0.1529504,0.04318595,-0.66914624,0.19042996,0.018537797,-0.63603055,0.086071864,0.13394542,-0.6564725,0.14246812,0.1225308,-0.66204387,0.091967784,0.079564035,-0.59968626,0.21764949,0.086413704,-0.6110503,0.11697875,-0.009667523,-0.009789995849132538,0.2060706466436386,-0.0015534386038780212
