frame,Ankle.R_x,Ankle.R_y,Ankle.R_z,Knee.R_x,Knee.R_y,Knee.R_z,Hip.R_x,Hip.R_y,Hip.R_z,Hip.L_x,Hip.L_y,Hip.L_z,Knee.L_x,Knee.L_y,Knee.L_z,Ankle.L_x,Ankle.L_y,Ankle.L_z,Wrist.R_x,Wrist.R_y,Wrist.R_z,Elbow.R_x,Elbow.R_y,Elbow.R_z,Shoulder.R_x,Shoulder.R_y,Shoulder.R_z,Shoulder.L_x,Shoulder.L_y,Shoulder.L_z,Elbow.L_x,Elbow.L_y,Elbow.L_z,Wrist.L_x,Wrist.L_y,Wrist.L_z,Neck_x,Neck_y,Neck_z,Head_x,Head_y,Head_z,Nose_x,Nose_y,Nose_z,Eye.L_x,Eye.L_y,Eye.L_z,Eye.R_x,Eye.R_y,Eye.R_z,Ear.L_x,Ear.L_y,Ear.L_z,Ear.R_x,Ear.R_y,Ear.R_z,hip.Center_x,hip.Center_y,hip.Center_z
0,0.70723486,0.043391585,-0.4672283,0.34336364,0.063328154,-0.21676217,-0.048394457,0.12581351,-0.087026656,0.029503295,0.28547361,0.08627909,0.3910602,0.24486569,-0.16676413,0.60002536,0.35193023,-0.54656607,-0.38354117,-0.3188837,0.05466506,-0.27729407,-0.1543334,-0.11064473,-0.42219603,0.0760788,-0.05283095,-0.45605096,0.2174981,0.1426214,-0.33863485,0.09085603,0.35028604,-0.47034463,-0.123232126,0.36601773,-0.48133066,0.14975634,0.038796127,-0.66441005,0.17930624,0.0017778324,-0.63554674,0.07243855,0.11591807,-0.6579505,0.12809464,0.104979694,-0.6572218,0.07918649,0.059924997,-0.60239923,0.20737268,0.076468475,-0.6007453,0.110166386,-0.023377858,-0.009445580653846264,0.20564356446266174,-0.00037378445267677307
