frame,Ankle.R_x,Ankle.R_y,Ankle.R_z,Knee.R_x,Knee.R_y,Knee.R_z,Hip.R_x,Hip.R_y,Hip.R_z,Hip.L_x,Hip.L_y,Hip.L_z,Knee.L_x,Knee.L_y,Knee.L_z,Ankle.L_x,Ankle.L_y,Ankle.L_z,Wrist.R_x,Wrist.R_y,Wrist.R_z,Elbow.R_x,Elbow.R_y,Elbow.R_z,Shoulder.R_x,Shoulder.R_y,Shoulder.R_z,Shoulder.L_x,Shoulder.L_y,Shoulder.L_z,Elbow.L_x,Elbow.L_y,Elbow.L_z,Wrist.L_x,Wrist.L_y,Wrist.L_z,Neck_x,Neck_y,Neck_z,Head_x,Head_y,Head_z,Nose_x,Nose_y,Nose_z,Eye.L_x,Eye.L_y,Eye.L_z,Eye.R_x,Eye.R_y,Eye.R_z,Ear.L_x,Ear.L_y,Ear.L_z,Ear.R_x,Ear.R_y,Ear.R_z,hip.Center_x,hip.Center_y,hip.Center_z
0,0.72436136,0.13076632,-0.44769502,0.35436395,0.079998024,-0.20841388,-0.046484783,0.12901945,-0.091938764,0.026323773,0.28327423,0.08884544,0.3982154,0.2520177,-0.15077542,0.6043018,0.36057383,-0.5317738,-0.38887846,-0.32463863,0.05887627,-0.27865314,-0.16234522,-0.10646807,-0.42405325,0.069953404,-0.051143397,-0.456211,0.2174144,0.14367993,-0.34523502,0.10986312,0.36670092,-0.4809981,-0.10120322,0.38808572,-0.48222283,0.14703879,0.042671364,-0.6658533,0.18703784,0.019157626,-0.63441455,0.08241017,0.13490126,-0.65372086,0.13919085,0.123366855,-0.6606484,0.088619664,0.08067132,-0.59550416,0.21294074,0.086560756,-0.60956097,0.11216134,-0.008972824,-0.010080505162477493,0.20614683628082275,-0.001546662300825119
