frame,Ankle.R_x,Ankle.R_y,Ankle.R_z,Knee.R_x,Knee.R_y,Knee.R_z,Hip.R_x,Hip.R_y,Hip.R_z,Hip.L_x,Hip.L_y,Hip.L_z,Knee.L_x,Knee.L_y,Knee.L_z,Ankle.L_x,Ankle.L_y,Ankle.L_z,Wrist.R_x,Wrist.R_y,Wrist.R_z,Elbow.R_x,Elbow.R_y,Elbow.R_z,Shoulder.R_x,Shoulder.R_y,Shoulder.R_z,Shoulder.L_x,Shoulder.L_y,Shoulder.L_z,Elbow.L_x,Elbow.L_y,Elbow.L_z,Wrist.L_x,Wrist.L_y,Wrist.L_z,Neck_x,Neck_y,Neck_z,Head_x,Head_y,Head_z,Nose_x,Nose_y,Nose_z,Eye.L_x,Eye.L_y,Eye.L_z,Eye.R_x,Eye.R_y,Eye.R_z,Ear.L_x,Ear.L_y,Ear.L_z,Ear.R_x,Ear.R_y,Ear.R_z,hip.Center_x,hip.Center_y,hip.Center_z
0,0.7107281,0.04854663,-0.4558779,0.34255028,0.05559228,-0.21028149,-0.05040315,0.13070989,-0.09133422,0.030574087,0.2815818,0.0888455,0.39489496,0.2369763,-0.1598078,0.6051368,0.3531661,-0.5359772,-0.38764358,-0.31088656,0.052873187,-0.27099597,-0.15479809,-0.11231311,-0.419965,0.073622406,-0.052701227,-0.4560839,0.21560386,0.143868,-0.34321722,0.09327743,0.35668734,-0.49246094,-0.108158335,0.35900036,-0.48056608,0.14777222,0.03982456,-0.6605612,0.18513538,0.001109235,-0.6392688,0.07821504,0.11717424,-0.65830475,0.134992,0.10515044,-0.6599556,0.08539604,0.060783483,-0.5978825,0.21051306,0.07626016,-0.6007346,0.11192563,-0.022441536,-0.00991453230381012,0.20614583790302277,-0.0012443587183952332
