frame,Ankle.R_x,Ankle.R_y,Ankle.R_z,Knee.R_x,Knee.R_y,Knee.R_z,Hip.R_x,Hip.R_y,Hip.R_z,Hip.L_x,Hip.L_y,Hip.L_z,Knee.L_x,Knee.L_y,Knee.L_z,Ankle.L_x,Ankle.L_y,Ankle.L_z,Wrist.R_x,Wrist.R_y,Wrist.R_z,Elbow.R_x,Elbow.R_y,Elbow.R_z,Shoulder.R_x,Shoulder.R_y,Shoulder.R_z,Shoulder.L_x,Shoulder.L_y,Shoulder.L_z,Elbow.L_x,Elbow.L_y,Elbow.L_z,Wrist.L_x,Wrist.L_y,Wrist.L_z,Neck_x,Neck_y,Neck_z,Head_x,Head_y,Head_z,Nose_x,Nose_y,Nose_z,Eye.L_x,Eye.L_y,Eye.L_z,Eye.R_x,Eye.R_y,Eye.R_z,Ear.L_x,Ear.L_y,Ear.L_z,Ear.R_x,Ear.R_y,Ear.R_z,hip.Center_x,hip.Center_y,hip.Center_z
0,0.5596201,-0.17768747,-0.5433529,0.28316465,-0.038753606,-0.22289003,-0.05752918,0.11461396,-0.05715338,0.03592888,0.30997545,0.063513026,0.39155605,0.19387898,-0.17433625,0.60970664,0.23422207,-0.5638987,-0.2886946,-0.20274644,0.10511328,-0.20233925,-0.089943446,-0.099919006,-0.40966007,0.081573546,-0.01197453,-0.44026554,0.2827072,0.15387985,-0.24141338,0.2578131,0.34022304,-0.40115643,0.07543068,0.34330353,-0.47787282,0.17928286,0.07034774,-0.6661897,0.20898032,0.0368005,-0.63273245,0.1177073,0.16281848,-0.6554148,0.17191732,0.14567421,-0.657302,0.117515534,0.10747408,-0.6000023,0.24527276,0.104766026,-0.6052991,0.13667303,0.019198686,-0.010800151154398918,0.21229469776153564,0.0031798221170902252
