frame,Ankle.R_x,Ankle.R_y,Ankle.R_z,Knee.R_x,Knee.R_y,Knee.R_z,Hip.R_x,Hip.R_y,Hip.R_z,Hip.L_x,Hip.L_y,Hip.L_z,Knee.L_x,Knee.L_y,Knee.L_z,Ankle.L_x,Ankle.L_y,Ankle.L_z,Wrist.R_x,Wrist.R_y,Wrist.R_z,Elbow.R_x,Elbow.R_y,Elbow.R_z,Shoulder.R_x,Shoulder.R_y,Shoulder.R_z,Shoulder.L_x,Shoulder.L_y,Shoulder.L_z,Elbow.L_x,Elbow.L_y,Elbow.L_z,Wrist.L_x,Wrist.L_y,Wrist.L_z,Neck_x,Neck_y,Neck_z,Head_x,Head_y,Head_z,Nose_x,Nose_y,Nose_z,Eye.L_x,Eye.L_y,Eye.L_z,Eye.R_x,Eye.R_y,Eye.R_z,Ear.L_x,Ear.L_y,Ear.L_z,Ear.R_x,Ear.R_y,Ear.R_z,hip.Center_x,hip.Center_y,hip.Center_z
0,0.5541398,-0.1646748,-0.55300516,0.29508516,-0.03171599,-0.21634233,-0.05138904,0.10776904,-0.04749978,0.032014158,0.3169293,0.055116136,0.3887674,0.1988222,-0.18001066,0.59505063,0.23571344,-0.5757354,-0.29713488,-0.20062214,0.104601316,-0.19319423,-0.09799702,-0.09551854,-0.40453413,0.066255435,-0.007438328,-0.4437728,0.2692959,0.15089011,-0.24036604,0.2527117,0.3305671,-0.39795974,0.06917867,0.33905983,-0.47657225,0.1617133,0.07095124,-0.66539186,0.18057853,0.034310877,-0.6285584,0.09246161,0.16170388,-0.65419793,0.14501302,0.14380375,-0.6523765,0.09035507,0.10605477,-0.6026204,0.22099188,0.10299023,-0.60038525,0.1118894,0.01844439,-0.00968744046986103,0.21234917640686035,0.0038081780076026917
