frame,Ankle.R_x,Ankle.R_y,Ankle.R_z,Knee.R_x,Knee.R_y,Knee.R_z,Hip.R_x,Hip.R_y,Hip.R_z,Hip.L_x,Hip.L_y,Hip.L_z,Knee.L_x,Knee.L_y,Knee.L_z,Ankle.L_x,Ankle.L_y,Ankle.L_z,Wrist.R_x,Wrist.R_y,Wrist.R_z,Elbow.R_x,Elbow.R_y,Elbow.R_z,Shoulder.R_x,Shoulder.R_y,Shoulder.R_z,Shoulder.L_x,Shoulder.L_y,Shoulder.L_z,Elbow.L_x,Elbow.L_y,Elbow.L_z,Wrist.L_x,Wrist.L_y,Wrist.L_z,Neck_x,Neck_y,Neck_z,Head_x,Head_y,Head_z,Nose_x,Nose_y,Nose_z,Eye.L_x,Eye.L_y,Eye.L_z,Eye.R_x,Eye.R_y,Eye.R_z,Ear.L_x,Ear.L_y,Ear.L_z,Ear.R_x,Ear.R_y,Ear.R_z,hip.Center_x,hip.Center_y,hip.Center_z
0,0.7091641,0.04035312,-0.45161492,0.35965797,0.05106494,-0.17940013,-0.039465714,0.11208298,-0.072909325,0.019644354,0.30357412,0.07437415,0.39573684,0.23795028,-0.15039474,0.62742865,0.3500855,-0.5158023,-0.38276452,-0.25541258,0.061600395,-0.22818132,-0.15986703,-0.10869226,-0.40888098,0.042039007,-0.0361608,-0.45474964,0.2161175,0.13996902,-0.32826784,0.14923608,0.36895517,-0.5014079,-0.023856241,0.3478116,-0.47703367,0.12672532,0.049435653,-0.65390694,0.16960686,0.01461312,-0.63835657,0.06326205,0.13259123,-0.65435123,0.12091263,0.119848005,-0.6588257,0.070720375,0.07610776,-0.58987045,0.1927133,0.0893549,-0.59857005,0.09265661,-0.007242918,-0.00991068035364151,0.207828551530838,0.0007324106991291046
