frame,Ankle.R_x,Ankle.R_y,Ankle.R_z,Knee.R_x,Knee.R_y,Knee.R_z,Hip.R_x,Hip.R_y,Hip.R_z,Hip.L_x,Hip.L_y,Hip.L_z,Knee.L_x,Knee.L_y,Knee.L_z,Ankle.L_x,Ankle.L_y,Ankle.L_z,Wrist.R_x,Wrist.R_y,Wrist.R_z,Elbow.R_x,Elbow.R_y,Elbow.R_z,Shoulder.R_x,Shoulder.R_y,Shoulder.R_z,Shoulder.L_x,Shoulder.L_y,Shoulder.L_z,Elbow.L_x,Elbow.L_y,Elbow.L_z,Wrist.L_x,Wrist.L_y,Wrist.L_z,Neck_x,Neck_y,Neck_z,Head_x,Head_y,Head_z,Nose_x,Nose_y,Nose_z,Eye.L_x,Eye.L_y,Eye.L_z,Eye.R_x,Eye.R_y,Eye.R_z,Ear.L_x,Ear.L_y,Ear.L_z,Ear.R_x,Ear.R_y,Ear.R_z,hip.Center_x,hip.Center_y,hip.Center_z
0,0.7239818,0.11308831,-0.44963366,0.3634345,0.07843283,-0.19374923,-0.03874257,0.11550421,-0.07816033,0.019618759,0.29958394,0.07872422,0.39288425,0.2567026,-0.15625957,0.61903965,0.36550128,-0.52576137,-0.39724743,-0.25390455,0.059235428,-0.24565947,-0.16053286,-0.11604165,-0.41781622,0.047367685,-0.03640005,-0.45653373,0.2239724,0.1393107,-0.33300212,0.16687824,0.37368196,-0.50704825,-0.0073027927,0.36528128,-0.48159128,0.13533618,0.05073687,-0.6582128,0.18949622,0.02790842,-0.63990617,0.08353526,0.14606132,-0.6528881,0.14210832,0.13347228,-0.6645577,0.091705054,0.09122655,-0.5866314,0.20905298,0.09632986,-0.6099919,0.10840429,0.0024183467,-0.009561904706060886,0.20754407346248627,0.0002819448709487915
