frame,Ankle.R_x,Ankle.R_y,Ankle.R_z,Knee.R_x,Knee.R_y,Knee.R_z,Hip.R_x,Hip.R_y,Hip.R_z,Hip.L_x,Hip.L_y,Hip.L_z,Knee.L_x,Knee.L_y,Knee.L_z,Ankle.L_x,Ankle.L_y,Ankle.L_z,Wrist.R_x,Wrist.R_y,Wrist.R_z,Elbow.R_x,Elbow.R_y,Elbow.R_z,Shoulder.R_x,Shoulder.R_y,Shoulder.R_z,Shoulder.L_x,Shoulder.L_y,Shoulder.L_z,Elbow.L_x,Elbow.L_y,Elbow.L_z,Wrist.L_x,Wrist.L_y,Wrist.L_z,Neck_x,Neck_y,Neck_z,Head_x,Head_y,Head_z,Nose_x,Nose_y,Nose_z,Eye.L_x,Eye.L_y,Eye.L_z,Eye.R_x,Eye.R_y,Eye.R_z,Ear.L_x,Ear.L_y,Ear.L_z,Ear.R_x,Ear.R_y,Ear.R_z,hip.Center_x,hip.Center_y,hip.Center_z
0,0.7074223,0.02424177,-0.44800064,0.36066028,0.043261923,-0.17305271,-0.036235422,0.10671536,-0.06410381,0.015577013,0.31105754,0.067204215,0.40041435,0.2354316,-0.13797452,0.6398149,0.33926907,-0.5013331,-0.38045603,-0.23350115,0.057898264,-0.20279631,-0.15418853,-0.093770556,-0.40124,0.03570624,-0.035409477,-0.4583904,0.21814409,0.13043267,-0.34226865,0.17962225,0.37231156,-0.5114035,0.0049578184,0.34891117,-0.47555423,0.12217782,0.045760125,-0.65939593,0.1525033,0.017988415,-0.6283501,0.055220712,0.14039469,-0.64921683,0.11076729,0.12553266,-0.65318596,0.057765197,0.085259736,-0.5924729,0.18437663,0.08610103,-0.6005054,0.078212455,-0.00339327,-0.010329204611480236,0.20888644456863403,0.0015502013266086578
