frame,Ankle.R_x,Ankle.R_y,Ankle.R_z,Knee.R_x,Knee.R_y,Knee.R_z,Hip.R_x,Hip.R_y,Hip.R_z,Hip.L_x,Hip.L_y,Hip.L_z,Knee.L_x,Knee.L_y,Knee.L_z,Ankle.L_x,Ankle.L_y,Ankle.L_z,Wrist.R_x,Wrist.R_y,Wrist.R_z,Elbow.R_x,Elbow.R_y,Elbow.R_z,Shoulder.R_x,Shoulder.R_y,Shoulder.R_z,Shoulder.L_x,Shoulder.L_y,Shoulder.L_z,Elbow.L_x,Elbow.L_y,Elbow.L_z,Wrist.L_x,Wrist.L_y,Wrist.L_z,Neck_x,Neck_y,Neck_z,Head_x,Head_y,Head_z,Nose_x,Nose_y,Nose_z,Eye.L_x,Eye.L_y,Eye.L_z,Eye.R_x,Eye.R_y,Eye.R_z,Ear.L_x,Ear.L_y,Ear.L_z,Ear.R_x,Ear.R_y,Ear.R_z,hip.Center_x,hip.Center_y,hip.Center_z
0,0.6971294,0.0012854208,-0.47089887,0.3518581,0.040918343,-0.19281766,-0.040102676,0.112665825,-0.071748905,0.020427369,0.30382442,0.07402969,0.40140957,0.22814,-0.14123683,0.6537903,0.34367892,-0.49405223,-0.38839152,-0.22408624,0.05915544,-0.20685862,-0.15100476,-0.09172486,-0.4058907,0.03645166,-0.033614684,-0.4645149,0.21854693,0.123621814,-0.3513374,0.20009305,0.36846775,-0.52451956,0.027600996,0.360025,-0.47835732,0.12228623,0.04354454,-0.6612092,0.14835182,0.016845182,-0.6259349,0.05659771,0.14255896,-0.6484345,0.11105777,0.1256547,-0.6515346,0.05645606,0.087549865,-0.5941849,0.18450025,0.08265137,-0.60058296,0.07475673,-0.0026272535,-0.009837653487920761,0.20824512839317322,0.001140393316745758
