frame,Ankle.R_x,Ankle.R_y,Ankle.R_z,Knee.R_x,Knee.R_y,Knee.R_z,Hip.R_x,Hip.R_y,Hip.R_z,Hip.L_x,Hip.L_y,Hip.L_z,Knee.L_x,Knee.L_y,Knee.L_z,Ankle.L_x,Ankle.L_y,Ankle.L_z,Wrist.R_x,Wrist.R_y,Wrist.R_z,Elbow.R_x,Elbow.R_y,Elbow.R_z,Shoulder.R_x,Shoulder.R_y,Shoulder.R_z,Shoulder.L_x,Shoulder.L_y,Shoulder.L_z,Elbow.L_x,Elbow.L_y,Elbow.L_z,Wrist.L_x,Wrist.L_y,Wrist.L_z,Neck_x,Neck_y,Neck_z,Head_x,Head_y,Head_z,Nose_x,Nose_y,Nose_z,Eye.L_x,Eye.L_y,Eye.L_z,Eye.R_x,Eye.R_y,Eye.R_z,Ear.L_x,Ear.L_y,Ear.L_z,Ear.R_x,Ear.R_y,Ear.R_z,hip.Center_x,hip.Center_y,hip.Center_z
0,0.7292925,0.08874888,-0.43978322,0.36404097,0.06489795,-0.18773638,-0.03593487,0.11302385,-0.07477175,0.015561027,0.30392888,0.07551787,0.40020677,0.2527439,-0.13981026,0.63896793,0.35938475,-0.50402844,-0.3899532,-0.24408886,0.06598552,-0.21786085,-0.16113779,-0.0924018,-0.4112014,0.034291767,-0.033499997,-0.4615323,0.22243413,0.12666896,-0.34487933,0.21446684,0.37236187,-0.5230926,0.046927795,0.3773621,-0.48058578,0.12407672,0.047093708,-0.664064,0.15914564,0.028834261,-0.6277758,0.06596808,0.15326843,-0.64792496,0.12157233,0.13707039,-0.6560395,0.06697846,0.099554986,-0.5918681,0.19184028,0.0908866,-0.6084728,0.082074,0.0066108853,-0.010186920873820782,0.20847636461257935,0.00037306174635887146
