frame,Ankle.R_x,Ankle.R_y,Ankle.R_z,Knee.R_x,Knee.R_y,Knee.R_z,Hip.R_x,Hip.R_y,Hip.R_z,Hip.L_x,Hip.L_y,Hip.L_z,Knee.L_x,Knee.L_y,Knee.L_z,Ankle.L_x,Ankle.L_y,Ankle.L_z,Wrist.R_x,Wrist.R_y,Wrist.R_z,Elbow.R_x,Elbow.R_y,Elbow.R_z,Shoulder.R_x,Shoulder.R_y,Shoulder.R_z,Shoulder.L_x,Shoulder.L_y,Shoulder.L_z,Elbow.L_x,Elbow.L_y,Elbow.L_z,Wrist.L_x,Wrist.L_y,Wrist.L_z,Neck_x,Neck_y,Neck_z,Head_x,Head_y,Head_z,Nose_x,Nose_y,Nose_z,Eye.L_x,Eye.L_y,Eye.L_z,Eye.R_x,Eye.R_y,Eye.R_z,Ear.L_x,Ear.L_y,Ear.L_z,Ear.R_x,Ear.R_y,Ear.R_z,hip.Center_x,hip.Center_y,hip.Center_z
0,0.6710348,-0.037546635,-0.50010663,0.33647162,0.04497232,-0.2202431,-0.045583904,0.12040993,-0.0804679,0.026358884,0.2928489,0.082314976,0.39709705,0.2365967,-0.152378,0.66106176,0.36038122,-0.49223766,-0.38590446,-0.26517478,0.07197235,-0.22076748,-0.16134655,-0.0831634,-0.40782815,0.03876062,-0.03112539,-0.45989212,0.21364987,0.13506621,-0.347997,0.18302214,0.3785608,-0.5321238,0.021959335,0.38183367,-0.4764246,0.12134271,0.05001056,-0.6595278,0.14279118,0.02088562,-0.62353045,0.04861992,0.14428006,-0.64760995,0.10267387,0.12857027,-0.64779854,0.04931289,0.0887382,-0.5951131,0.17934084,0.08930221,-0.5959439,0.072276056,0.00039713085,-0.009612509980797768,0.2066294252872467,0.0009235367178916931
