frame,Ankle.R_x,Ankle.R_y,Ankle.R_z,Knee.R_x,Knee.R_y,Knee.R_z,Hip.R_x,Hip.R_y,Hip.R_z,Hip.L_x,Hip.L_y,Hip.L_z,Knee.L_x,Knee.L_y,Knee.L_z,Ankle.L_x,Ankle.L_y,Ankle.L_z,Wrist.R_x,Wrist.R_y,Wrist.R_z,Elbow.R_x,Elbow.R_y,Elbow.R_z,Shoulder.R_x,Shoulder.R_y,Shoulder.R_z,Shoulder.L_x,Shoulder.L_y,Shoulder.L_z,Elbow.L_x,Elbow.L_y,Elbow.L_z,Wrist.L_x,Wrist.L_y,Wrist.L_z,Neck_x,Neck_y,Neck_z,Head_x,Head_y,Head_z,Nose_x,Nose_y,Nose_z,Eye.L_x,Eye.L_y,Eye.L_z,Eye.R_x,Eye.R_y,Eye.R_z,Ear.L_x,Ear.L_y,Ear.L_z,Ear.R_x,Ear.R_y,Ear.R_z,hip.Center_x,hip.Center_y,hip.Center_z
0,0.72062534,0.07564968,-0.45318043,0.36339036,0.076664515,-0.19279294,-0.035679925,0.11730915,-0.08226594,0.01628206,0.29570353,0.08231817,0.39755818,0.2624301,-0.13941894,0.63776326,0.38106748,-0.4960765,-0.39213413,-0.31057644,0.074549146,-0.23212604,-0.19831432,-0.08224699,-0.4040185,0.015896711,-0.030956078,-0.455412,0.19048706,0.13792586,-0.35402605,0.15524359,0.3858073,-0.53083515,-0.014300334,0.40974653,-0.47184438,0.098052785,0.052765105,-0.6578499,0.12006052,0.03606177,-0.61373144,0.023280043,0.15429467,-0.6384876,0.07765503,0.14160916,-0.6419081,0.025121033,0.10079056,-0.5886748,0.15513492,0.100186445,-0.5961238,0.04972458,0.009281017,-0.009698932990431786,0.20650634169578552,2.6114284992218018e-05
