frame,Ankle.R_x,Ankle.R_y,Ankle.R_z,Knee.R_x,Knee.R_y,Knee.R_z,Hip.R_x,Hip.R_y,Hip.R_z,Hip.L_x,Hip.L_y,Hip.L_z,Knee.L_x,Knee.L_y,Knee.L_z,Ankle.L_x,Ankle.L_y,Ankle.L_z,Wrist.R_x,Wrist.R_y,Wrist.R_z,Elbow.R_x,Elbow.R_y,Elbow.R_z,Shoulder.R_x,Shoulder.R_y,Shoulder.R_z,Shoulder.L_x,Shoulder.L_y,Shoulder.L_z,Elbow.L_x,Elbow.L_y,Elbow.L_z,Wrist.L_x,Wrist.L_y,Wrist.L_z,Neck_x,Neck_y,Neck_z,Head_x,Head_y,Head_z,Nose_x,Nose_y,Nose_z,Eye.L_x,Eye.L_y,Eye.L_z,Eye.R_x,Eye.R_y,Eye.R_z,Ear.L_x,Ear.L_y,Ear.L_z,Ear.R_x,Ear.R_y,Ear.R_z,hip.Center_x,hip.Center_y,hip.Center_z
0,0.6640132,-0.03076843,-0.50590837,0.33828402,0.042491846,-0.21598871,-0.041751374,0.115700394,-0.07545376,0.022261994,0.29800472,0.07869558,0.3933176,0.25211555,-0.15472227,0.65624994,0.3757379,-0.49374902,-0.4050232,-0.2897998,0.06882689,-0.2283005,-0.19082057,-0.07738996,-0.3984375,0.025447872,-0.026727833,-0.4554826,0.20101851,0.14240761,-0.3650205,0.15299127,0.39156452,-0.53792775,-0.022238519,0.39123672,-0.46966705,0.10703451,0.055746872,-0.6547878,0.11985025,0.025486771,-0.61572146,0.02549436,0.14748664,-0.642256,0.07847216,0.13271093,-0.6392295,0.026049625,0.09178269,-0.5932988,0.15852949,0.09558412,-0.58750045,0.053362053,0.0045246035,-0.009744689799845219,0.20685255527496338,0.0016209110617637634
