frame,Ankle.R_x,Ankle.R_y,Ankle.R_z,Knee.R_x,Knee.R_y,Knee.R_z,Hip.R_x,Hip.R_y,Hip.R_z,Hip.L_x,Hip.L_y,Hip.L_z,Knee.L_x,Knee.L_y,Knee.L_z,Ankle.L_x,Ankle.L_y,Ankle.L_z,Wrist.R_x,Wrist.R_y,Wrist.R_z,Elbow.R_x,Elbow.R_y,Elbow.R_z,Shoulder.R_x,Shoulder.R_y,Shoulder.R_z,Shoulder.L_x,Shoulder.L_y,Shoulder.L_z,Elbow.L_x,Elbow.L_y,Elbow.L_z,Wrist.L_x,Wrist.L_y,Wrist.L_z,Neck_x,Neck_y,Neck_z,Head_x,Head_y,Head_z,Nose_x,Nose_y,Nose_z,Eye.L_x,Eye.L_y,Eye.L_z,Eye.R_x,Eye.R_y,Eye.R_z,Ear.L_x,Ear.L_y,Ear.L_z,Ear.R_x,Ear.R_y,Ear.R_z,hip.Center_x,hip.Center_y,hip.Center_z
0,0.72935313,0.09915458,-0.44536033,0.3636777,0.08657556,-0.19494784,-0.03901635,0.12230498,-0.088002086,0.018474387,0.2904709,0.08641645,0.39817962,0.26693204,-0.13980435,0.6404873,0.38729954,-0.4957945,-0.4131034,-0.33142048,0.075765334,-0.2599587,-0.21797785,-0.09255625,-0.4032021,0.016639624,-0.036437303,-0.45335954,0.18031433,0.14418173,-0.37547284,0.11620157,0.3954681,-0.5363501,-0.073714904,0.4130582,-0.46862054,0.094283864,0.05348682,-0.6560497,0.11813177,0.045638725,-0.6089053,0.011424138,0.15341222,-0.63354397,0.06680381,0.14631805,-0.63857186,0.018007845,0.10116048,-0.5844728,0.14778712,0.110184126,-0.5952958,0.050232638,0.010325596,-0.010270982049405575,0.2063879370689392,-0.0007928162813186646
