frame,Ankle.R_x,Ankle.R_y,Ankle.R_z,Knee.R_x,Knee.R_y,Knee.R_z,Hip.R_x,Hip.R_y,Hip.R_z,Hip.L_x,Hip.L_y,Hip.L_z,Knee.L_x,Knee.L_y,Knee.L_z,Ankle.L_x,Ankle.L_y,Ankle.L_z,Wrist.R_x,Wrist.R_y,Wrist.R_z,Elbow.R_x,Elbow.R_y,Elbow.R_z,Shoulder.R_x,Shoulder.R_y,Shoulder.R_z,Shoulder.L_x,Shoulder.L_y,Shoulder.L_z,Elbow.L_x,Elbow.L_y,Elbow.L_z,Wrist.L_x,Wrist.L_y,Wrist.L_z,Neck_x,Neck_y,Neck_z,Head_x,Head_y,Head_z,Nose_x,Nose_y,Nose_z,Eye.L_x,Eye.L_y,Eye.L_z,Eye.R_x,Eye.R_y,Eye.R_z,Ear.L_x,Ear.L_y,Ear.L_z,Ear.R_x,Ear.R_y,Ear.R_z,hip.Center_x,hip.Center_y,hip.Center_z
0,0.73467493,0.10152228,-0.4249994,0.36513004,0.08484411,-0.18329872,-0.041135214,0.1270993,-0.09427811,0.0198567,0.28390512,0.08982658,0.40534332,0.26081854,-0.12424501,0.639107,0.37268153,-0.48705778,-0.44329306,-0.3598987,0.08606052,-0.31939906,-0.21587664,-0.09038037,-0.41642353,0.039006222,-0.047165476,-0.45062768,0.16841277,0.15162483,-0.4110888,0.03836448,0.38294968,-0.5642888,-0.1634792,0.39821953,-0.4688351,0.10168861,0.053356607,-0.6619406,0.10521247,0.075557776,-0.5839464,-0.0016131103,0.16130427,-0.61540955,0.050167155,0.16411477,-0.6233562,0.0049501583,0.116117954,-0.58384854,0.1388897,0.12794915,-0.60182256,0.04887595,0.022333685,-0.010639256797730923,0.2055022120475769,-0.002225767821073532
