frame,Ankle.R_x,Ankle.R_y,Ankle.R_z,Knee.R_x,Knee.R_y,Knee.R_z,Hip.R_x,Hip.R_y,Hip.R_z,Hip.L_x,Hip.L_y,Hip.L_z,Knee.L_x,Knee.L_y,Knee.L_z,Ankle.L_x,Ankle.L_y,Ankle.L_z,Wrist.R_x,Wrist.R_y,Wrist.R_z,Elbow.R_x,Elbow.R_y,Elbow.R_z,Shoulder.R_x,Shoulder.R_y,Shoulder.R_z,Shoulder.L_x,Shoulder.L_y,Shoulder.L_z,Elbow.L_x,Elbow.L_y,Elbow.L_z,Wrist.L_x,Wrist.L_y,Wrist.L_z,Neck_x,Neck_y,Neck_z,Head_x,Head_y,Head_z,Nose_x,Nose_y,Nose_z,Eye.L_x,Eye.L_y,Eye.L_z,Eye.R_x,Eye.R_y,Eye.R_z,Ear.L_x,Ear.L_y,Ear.L_z,Ear.R_x,Ear.R_y,Ear.R_z,hip.Center_x,hip.Center_y,hip.Center_z
0,0.5578071,-0.15720512,-0.55878425,0.2908853,-0.026284494,-0.2260849,-0.05500937,0.11176513,-0.053609792,0.034096766,0.31321427,0.060089152,0.39567333,0.19545583,-0.16925816,0.5922625,0.24430165,-0.5685793,-0.33514094,-0.21154763,0.09065475,-0.20111357,-0.10802451,-0.090639845,-0.40583092,0.07126352,-0.011725379,-0.44217777,0.26762906,0.15767322,-0.24892831,0.23054443,0.34737074,-0.41961443,0.05722755,0.3469786,-0.4764983,0.1656879,0.071630076,-0.6644166,0.19264498,0.037415147,-0.6307839,0.102178864,0.16409297,-0.65384954,0.15609312,0.14658682,-0.6552985,0.10150641,0.10866225,-0.5988009,0.22963738,0.10542485,-0.6028257,0.12072177,0.020210475,-0.010456301271915436,0.21248969435691833,0.0032396800816059113
