frame,Ankle.R_x,Ankle.R_y,Ankle.R_z,Knee.R_x,Knee.R_y,Knee.R_z,Hip.R_x,Hip.R_y,Hip.R_z,Hip.L_x,Hip.L_y,Hip.L_z,Knee.L_x,Knee.L_y,Knee.L_z,Ankle.L_x,Ankle.L_y,Ankle.L_z,Wrist.R_x,Wrist.R_y,Wrist.R_z,Elbow.R_x,Elbow.R_y,Elbow.R_z,Shoulder.R_x,Shoulder.R_y,Shoulder.R_z,Shoulder.L_x,Shoulder.L_y,Shoulder.L_z,Elbow.L_x,Elbow.L_y,Elbow.L_z,Wrist.L_x,Wrist.L_y,Wrist.L_z,Neck_x,Neck_y,Neck_z,Head_x,Head_y,Head_z,Nose_x,Nose_y,Nose_z,Eye.L_x,Eye.L_y,Eye.L_z,Eye.R_x,Eye.R_y,Eye.R_z,Ear.L_x,Ear.L_y,Ear.L_z,Ear.R_x,Ear.R_y,Ear.R_z,hip.Center_x,hip.Center_y,hip.Center_z
0,0.7288886,0.06943523,-0.42996392,0.36462048,0.06974637,-0.1793124,-0.038758077,0.11972472,-0.08565436,0.018036164,0.29403445,0.08330475,0.40187332,0.25442725,-0.1329673,0.63298106,0.36960235,-0.4974379,-0.44344115,-0.3302632,0.08647849,-0.3059147,-0.22079629,-0.09941315,-0.4122234,0.027155492,-0.032712642,-0.4487069,0.17439443,0.15578231,-0.39568263,0.049309436,0.38601267,-0.55887306,-0.14307873,0.3810245,-0.46647364,0.09777834,0.06403585,-0.65686786,0.10870773,0.08754268,-0.58280295,0.007153213,0.18354312,-0.6117356,0.06046494,0.18135053,-0.6223875,0.010899875,0.13818367,-0.57681453,0.14365903,0.13591446,-0.59975576,0.044192426,0.040101964,-0.010360956192016602,0.20687958598136902,-0.0011748075485229492
