frame,Ankle.R_x,Ankle.R_y,Ankle.R_z,Knee.R_x,Knee.R_y,Knee.R_z,Hip.R_x,Hip.R_y,Hip.R_z,Hip.L_x,Hip.L_y,Hip.L_z,Knee.L_x,Knee.L_y,Knee.L_z,Ankle.L_x,Ankle.L_y,Ankle.L_z,Wrist.R_x,Wrist.R_y,Wrist.R_z,Elbow.R_x,Elbow.R_y,Elbow.R_z,Shoulder.R_x,Shoulder.R_y,Shoulder.R_z,Shoulder.L_x,Shoulder.L_y,Shoulder.L_z,Elbow.L_x,Elbow.L_y,Elbow.L_z,Wrist.L_x,Wrist.L_y,Wrist.L_z,Neck_x,Neck_y,Neck_z,Head_x,Head_y,Head_z,Nose_x,Nose_y,Nose_z,Eye.L_x,Eye.L_y,Eye.L_z,Eye.R_x,Eye.R_y,Eye.R_z,Ear.L_x,Ear.L_y,Ear.L_z,Ear.R_x,Ear.R_y,Ear.R_z,hip.Center_x,hip.Center_y,hip.Center_z
0,0.66485566,-0.042607818,-0.49299705,0.33564383,0.039370053,-0.21057768,-0.047641028,0.120869234,-0.08078654,0.029250283,0.29088816,0.08232379,0.38743478,0.2349098,-0.16769898,0.63686323,0.3483093,-0.51891786,-0.444235,-0.30664936,0.09119514,-0.28638363,-0.19827767,-0.07528106,-0.4101182,0.04453353,-0.022047415,-0.44926956,0.19726095,0.16115771,-0.39209086,0.08412306,0.39586288,-0.5679043,-0.09318552,0.38563222,-0.46623954,0.11759239,0.071391344,-0.65731084,0.11894348,0.084967695,-0.58210063,0.02723128,0.18968967,-0.61442953,0.07822208,0.18343928,-0.61921364,0.026294261,0.14224783,-0.5825399,0.1611633,0.13617739,-0.59384686,0.05681659,0.044376843,-0.009195372462272644,0.20587870478630066,0.0007686242461204529
