frame,Ankle.R_x,Ankle.R_y,Ankle.R_z,Knee.R_x,Knee.R_y,Knee.R_z,Hip.R_x,Hip.R_y,Hip.R_z,Hip.L_x,Hip.L_y,Hip.L_z,Knee.L_x,Knee.L_y,Knee.L_z,Ankle.L_x,Ankle.L_y,Ankle.L_z,Wrist.R_x,Wrist.R_y,Wrist.R_z,Elbow.R_x,Elbow.R_y,Elbow.R_z,Shoulder.R_x,Shoulder.R_y,Shoulder.R_z,Shoulder.L_x,Shoulder.L_y,Shoulder.L_z,Elbow.L_x,Elbow.L_y,Elbow.L_z,Wrist.L_x,Wrist.L_y,Wrist.L_z,Neck_x,Neck_y,Neck_z,Head_x,Head_y,Head_z,Nose_x,Nose_y,Nose_z,Eye.L_x,Eye.L_y,Eye.L_z,Eye.R_x,Eye.R_y,Eye.R_z,Ear.L_x,Ear.L_y,Ear.L_z,Ear.R_x,Ear.R_y,Ear.R_z,hip.Center_x,hip.Center_y,hip.Center_z
0,0.7174231,0.022970725,-0.42808256,0.35870725,0.055073228,-0.17381227,-0.041686483,0.119606525,-0.08395733,0.022353949,0.29239234,0.08306901,0.3941397,0.24160416,-0.14856859,0.631077,0.3573183,-0.50643605,-0.4430414,-0.3160096,0.08108035,-0.29080158,-0.20779417,-0.0903693,-0.41134182,0.035457812,-0.03256357,-0.4500125,0.18699753,0.15223327,-0.38540336,0.08780632,0.39228436,-0.56079865,-0.088769816,0.3904092,-0.46730098,0.108112596,0.062416133,-0.656708,0.12267379,0.08527427,-0.5835507,0.024905896,0.18574893,-0.61167234,0.078458995,0.18104784,-0.62344486,0.026946124,0.14070012,-0.57597846,0.15828088,0.13123679,-0.6012589,0.05485889,0.041119818,-0.009666266851127148,0.2059994339942932,-0.0004441589117050171
