frame,Ankle.R_x,Ankle.R_y,Ankle.R_z,Knee.R_x,Knee.R_y,Knee.R_z,Hip.R_x,Hip.R_y,Hip.R_z,Hip.L_x,Hip.L_y,Hip.L_z,Knee.L_x,Knee.L_y,Knee.L_z,Ankle.L_x,Ankle.L_y,Ankle.L_z,Wrist.R_x,Wrist.R_y,Wrist.R_z,Elbow.R_x,Elbow.R_y,Elbow.R_z,Shoulder.R_x,Shoulder.R_y,Shoulder.R_z,Shoulder.L_x,Shoulder.L_y,Shoulder.L_z,Elbow.L_x,Elbow.L_y,Elbow.L_z,Wrist.L_x,Wrist.L_y,Wrist.L_z,Neck_x,Neck_y,Neck_z,Head_x,Head_y,Head_z,Nose_x,Nose_y,Nose_z,Eye.L_x,Eye.L_y,Eye.L_z,Eye.R_x,Eye.R_y,Eye.R_z,Ear.L_x,Ear.L_y,Ear.L_z,Ear.R_x,Ear.R_y,Ear.R_z,hip.Center_x,hip.Center_y,hip.Center_z
0,0.7165868,0.017735347,-0.4220967,0.36066777,0.032891136,-0.16052182,-0.038388923,0.11091912,-0.07095048,0.018228054,0.30689353,0.071521394,0.39552873,0.23398727,-0.14674565,0.641437,0.3295193,-0.5082591,-0.44928935,-0.27555987,0.07710396,-0.2680878,-0.19506569,-0.07652596,-0.41022134,0.039569117,-0.020756617,-0.45056203,0.20874807,0.1545943,-0.3737637,0.12751901,0.39971733,-0.5604509,-0.03470944,0.38488328,-0.4700347,0.11965302,0.06985247,-0.6593714,0.1334311,0.07901094,-0.59479934,0.042016078,0.19174242,-0.622555,0.09520681,0.18149006,-0.6307563,0.04117608,0.14332026,-0.5825087,0.1724312,0.13020034,-0.6001826,0.06358393,0.044561286,-0.010080434381961823,0.20890632271766663,0.0002854578197002411
