frame,Ankle.R_x,Ankle.R_y,Ankle.R_z,Knee.R_x,Knee.R_y,Knee.R_z,Hip.R_x,Hip.R_y,Hip.R_z,Hip.L_x,Hip.L_y,Hip.L_z,Knee.L_x,Knee.L_y,Knee.L_z,Ankle.L_x,Ankle.L_y,Ankle.L_z,Wrist.R_x,Wrist.R_y,Wrist.R_z,Elbow.R_x,Elbow.R_y,Elbow.R_z,Shoulder.R_x,Shoulder.R_y,Shoulder.R_z,Shoulder.L_x,Shoulder.L_y,Shoulder.L_z,Elbow.L_x,Elbow.L_y,Elbow.L_z,Wrist.L_x,Wrist.L_y,Wrist.L_z,Neck_x,Neck_y,Neck_z,Head_x,Head_y,Head_z,Nose_x,Nose_y,Nose_z,Eye.L_x,Eye.L_y,Eye.L_z,Eye.R_x,Eye.R_y,Eye.R_z,Ear.L_x,Ear.L_y,Ear.L_z,Ear.R_x,Ear.R_y,Ear.R_z,hip.Center_x,hip.Center_y,hip.Center_z
0,0.65961605,-0.06427752,-0.4957008,0.33507183,0.0275945,-0.20935328,-0.04433329,0.113816485,-0.07050111,0.025644526,0.30224034,0.074207254,0.3890155,0.22481439,-0.16435173,0.6439613,0.33824462,-0.5150104,-0.4534196,-0.27370384,0.08270409,-0.27181622,-0.19234467,-0.07009672,-0.40897605,0.0447374,-0.011900966,-0.4497767,0.21688567,0.16021654,-0.3802532,0.13623981,0.4068597,-0.56467956,-0.028470615,0.39010367,-0.46840638,0.1256943,0.07670115,-0.65738714,0.13313797,0.07876189,-0.5945582,0.04426574,0.19478312,-0.62402993,0.09625239,0.18321766,-0.6279413,0.042157225,0.14451823,-0.5846202,0.17514694,0.13400711,-0.5938159,0.06607513,0.04742511,-0.009344382211565971,0.2080284059047699,0.00185307115316391
