frame,Ankle.R_x,Ankle.R_y,Ankle.R_z,Knee.R_x,Knee.R_y,Knee.R_z,Hip.R_x,Hip.R_y,Hip.R_z,Hip.L_x,Hip.L_y,Hip.L_z,Knee.L_x,Knee.L_y,Knee.L_z,Ankle.L_x,Ankle.L_y,Ankle.L_z,Wrist.R_x,Wrist.R_y,Wrist.R_z,Elbow.R_x,Elbow.R_y,Elbow.R_z,Shoulder.R_x,Shoulder.R_y,Shoulder.R_z,Shoulder.L_x,Shoulder.L_y,Shoulder.L_z,Elbow.L_x,Elbow.L_y,Elbow.L_z,Wrist.L_x,Wrist.L_y,Wrist.L_z,Neck_x,Neck_y,Neck_z,Head_x,Head_y,Head_z,Nose_x,Nose_y,Nose_z,Eye.L_x,Eye.L_y,Eye.L_z,Eye.R_x,Eye.R_y,Eye.R_z,Ear.L_x,Ear.L_y,Ear.L_z,Ear.R_x,Ear.R_y,Ear.R_z,hip.Center_x,hip.Center_y,hip.Center_z
0,0.71653116,0.015422895,-0.4209559,0.36406687,0.03286326,-0.153835,-0.0360365,0.10354988,-0.05683683,0.01577147,0.31598818,0.060049172,0.39814633,0.2397077,-0.14611508,0.64791965,0.33125094,-0.50702333,-0.45047176,-0.2539276,0.07172994,-0.2570582,-0.18757999,-0.06952378,-0.40901753,0.041706093,-0.016934212,-0.45063114,0.21882367,0.15180027,-0.35873497,0.14562598,0.3952345,-0.5589336,0.003528185,0.38288128,-0.4720263,0.12580372,0.06939072,-0.6634566,0.13655877,0.07306442,-0.59867686,0.051584423,0.19059786,-0.6278386,0.10347291,0.17770854,-0.63372564,0.047856074,0.14164153,-0.58884406,0.17937858,0.12419631,-0.6019426,0.06744926,0.043000516,-0.010132514871656895,0.20976904034614563,0.0016061719506978989
