frame,Ankle.R_x,Ankle.R_y,Ankle.R_z,Knee.R_x,Knee.R_y,Knee.R_z,Hip.R_x,Hip.R_y,Hip.R_z,Hip.L_x,Hip.L_y,Hip.L_z,Knee.L_x,Knee.L_y,Knee.L_z,Ankle.L_x,Ankle.L_y,Ankle.L_z,Wrist.R_x,Wrist.R_y,Wrist.R_z,Elbow.R_x,Elbow.R_y,Elbow.R_z,Shoulder.R_x,Shoulder.R_y,Shoulder.R_z,Shoulder.L_x,Shoulder.L_y,Shoulder.L_z,Elbow.L_x,Elbow.L_y,Elbow.L_z,Wrist.L_x,Wrist.L_y,Wrist.L_z,Neck_x,Neck_y,Neck_z,Head_x,Head_y,Head_z,Nose_x,Nose_y,Nose_z,Eye.L_x,Eye.L_y,Eye.L_z,Eye.R_x,Eye.R_y,Eye.R_z,Ear.L_x,Ear.L_y,Ear.L_z,Ear.R_x,Ear.R_y,Ear.R_z,hip.Center_x,hip.Center_y,hip.Center_z
0,0.64377725,-0.07403795,-0.50571007,0.32838598,0.017810859,-0.21064055,-0.045933828,0.10953465,-0.061460696,0.028316818,0.3073691,0.06677804,0.389922,0.22218911,-0.17021182,0.63406616,0.33846533,-0.5249548,-0.45456126,-0.23972039,0.07046619,-0.25880957,-0.17653055,-0.06742698,-0.40805125,0.050636955,-0.0015588105,-0.44908518,0.22892356,0.16450414,-0.36443096,0.16643102,0.41171157,-0.55813336,0.015728932,0.39715326,-0.46970555,0.13531616,0.08327475,-0.6585751,0.1470799,0.07686056,-0.60156244,0.06221419,0.19862692,-0.6299952,0.11403074,0.18386474,-0.63321257,0.058522347,0.14740643,-0.5876102,0.19012168,0.1333442,-0.59515446,0.07850167,0.051236123,-0.008808504790067673,0.20845188200473785,0.0026586726307868958
