frame,Ankle.R_x,Ankle.R_y,Ankle.R_z,Knee.R_x,Knee.R_y,Knee.R_z,Hip.R_x,Hip.R_y,Hip.R_z,Hip.L_x,Hip.L_y,Hip.L_z,Knee.L_x,Knee.L_y,Knee.L_z,Ankle.L_x,Ankle.L_y,Ankle.L_z,Wrist.R_x,Wrist.R_y,Wrist.R_z,Elbow.R_x,Elbow.R_y,Elbow.R_z,Shoulder.R_x,Shoulder.R_y,Shoulder.R_z,Shoulder.L_x,Shoulder.L_y,Shoulder.L_z,Elbow.L_x,Elbow.L_y,Elbow.L_z,Wrist.L_x,Wrist.L_y,Wrist.L_z,Neck_x,Neck_y,Neck_z,Head_x,Head_y,Head_z,Nose_x,Nose_y,Nose_z,Eye.L_x,Eye.L_y,Eye.L_z,Eye.R_x,Eye.R_y,Eye.R_z,Ear.L_x,Ear.L_y,Ear.L_z,Ear.R_x,Ear.R_y,Ear.R_z,hip.Center_x,hip.Center_y,hip.Center_z
0,0.64749837,-0.08637441,-0.5055177,0.32826164,0.019814713,-0.21560097,-0.04674018,0.11253161,-0.06593358,0.028400667,0.30533406,0.07042434,0.39416546,0.21660906,-0.16338468,0.636551,0.34444687,-0.5197218,-0.4627332,-0.22196974,0.06987255,-0.26237684,-0.17332804,-0.06780808,-0.413236,0.054493826,-0.0055199973,-0.45264342,0.23047882,0.15941356,-0.37693954,0.17230514,0.41241738,-0.57298607,0.022901382,0.39963698,-0.47332466,0.13927256,0.07871781,-0.6582027,0.16602114,0.072227485,-0.6112176,0.07479965,0.19419399,-0.63414574,0.12948412,0.17935635,-0.6426648,0.07460805,0.14241943,-0.5836765,0.20139816,0.12928167,-0.60156876,0.09071189,0.046458654,-0.00916975736618042,0.20893283188343048,0.002245381474494934
