frame,Ankle.R_x,Ankle.R_y,Ankle.R_z,Knee.R_x,Knee.R_y,Knee.R_z,Hip.R_x,Hip.R_y,Hip.R_z,Hip.L_x,Hip.L_y,Hip.L_z,Knee.L_x,Knee.L_y,Knee.L_z,Ankle.L_x,Ankle.L_y,Ankle.L_z,Wrist.R_x,Wrist.R_y,Wrist.R_z,Elbow.R_x,Elbow.R_y,Elbow.R_z,Shoulder.R_x,Shoulder.R_y,Shoulder.R_z,Shoulder.L_x,Shoulder.L_y,Shoulder.L_z,Elbow.L_x,Elbow.L_y,Elbow.L_z,Wrist.L_x,Wrist.L_y,Wrist.L_z,Neck_x,Neck_y,Neck_z,Head_x,Head_y,Head_z,Nose_x,Nose_y,Nose_z,Eye.L_x,Eye.L_y,Eye.L_z,Eye.R_x,Eye.R_y,Eye.R_z,Ear.L_x,Ear.L_y,Ear.L_z,Ear.R_x,Ear.R_y,Ear.R_z,hip.Center_x,hip.Center_y,hip.Center_z
0,0.6767018,-0.030775383,-0.48737782,0.33593777,0.042810835,-0.2146395,-0.048462808,0.1255197,-0.08578574,0.028828576,0.28892183,0.085264474,0.39698225,0.22476795,-0.15236984,0.6414544,0.3640705,-0.50057423,-0.45987323,-0.2983953,0.07318228,-0.26563808,-0.20700224,-0.05861633,-0.4057056,0.031143188,-0.018536331,-0.4458714,0.18692109,0.16517603,-0.35857728,0.097663425,0.4035823,-0.5581785,-0.048902843,0.41180298,-0.466966,0.10786145,0.07244622,-0.6453413,0.15260392,0.058817737,-0.6165559,0.04846189,0.17572322,-0.6320595,0.106277674,0.1637989,-0.6446642,0.05529242,0.12257281,-0.57067037,0.17502783,0.1220159,-0.59632546,0.07287005,0.029974312,-0.00981711596250534,0.20722076296806335,-0.0002606324851512909
