frame,Ankle.R_x,Ankle.R_y,Ankle.R_z,Knee.R_x,Knee.R_y,Knee.R_z,Hip.R_x,Hip.R_y,Hip.R_z,Hip.L_x,Hip.L_y,Hip.L_z,Knee.L_x,Knee.L_y,Knee.L_z,Ankle.L_x,Ankle.L_y,Ankle.L_z,Wrist.R_x,Wrist.R_y,Wrist.R_z,Elbow.R_x,Elbow.R_y,Elbow.R_z,Shoulder.R_x,Shoulder.R_y,Shoulder.R_z,Shoulder.L_x,Shoulder.L_y,Shoulder.L_z,Elbow.L_x,Elbow.L_y,Elbow.L_z,Wrist.L_x,Wrist.L_y,Wrist.L_z,Neck_x,Neck_y,Neck_z,Head_x,Head_y,Head_z,Nose_x,Nose_y,Nose_z,Eye.L_x,Eye.L_y,Eye.L_z,Eye.R_x,Eye.R_y,Eye.R_z,Ear.L_x,Ear.L_y,Ear.L_z,Ear.R_x,Ear.R_y,Ear.R_z,hip.Center_x,hip.Center_y,hip.Center_z
0,0.6554482,-0.0054996205,-0.5239703,0.33135495,0.055776704,-0.22753756,-0.05312292,0.13573128,-0.09476854,0.03138942,0.27681616,0.09242474,0.39967638,0.23554178,-0.14867626,0.66284335,0.4022951,-0.4713693,-0.46398824,-0.39128798,0.092769116,-0.31142867,-0.22893426,-0.045221824,-0.40354872,0.032984514,-0.025721714,-0.4417358,0.16976894,0.1746511,-0.42320868,0.027472736,0.40148702,-0.57608557,-0.17721604,0.43613708,-0.4627438,0.10496372,0.07245588,-0.64523154,0.15424812,0.05822592,-0.61792773,0.044609487,0.16909759,-0.63303345,0.103009194,0.16013727,-0.6452958,0.054449238,0.11613241,-0.5709601,0.17341655,0.12285071,-0.5961023,0.07652296,0.024682425,-0.010866750031709671,0.20627371966838837,-0.0011718980967998505
