frame,Ankle.R_x,Ankle.R_y,Ankle.R_z,Knee.R_x,Knee.R_y,Knee.R_z,Hip.R_x,Hip.R_y,Hip.R_z,Hip.L_x,Hip.L_y,Hip.L_z,Knee.L_x,Knee.L_y,Knee.L_z,Ankle.L_x,Ankle.L_y,Ankle.L_z,Wrist.R_x,Wrist.R_y,Wrist.R_z,Elbow.R_x,Elbow.R_y,Elbow.R_z,Shoulder.R_x,Shoulder.R_y,Shoulder.R_z,Shoulder.L_x,Shoulder.L_y,Shoulder.L_z,Elbow.L_x,Elbow.L_y,Elbow.L_z,Wrist.L_x,Wrist.L_y,Wrist.L_z,Neck_x,Neck_y,Neck_z,Head_x,Head_y,Head_z,Nose_x,Nose_y,Nose_z,Eye.L_x,Eye.L_y,Eye.L_z,Eye.R_x,Eye.R_y,Eye.R_z,Ear.L_x,Ear.L_y,Ear.L_z,Ear.R_x,Ear.R_y,Ear.R_z,hip.Center_x,hip.Center_y,hip.Center_z
0,0.6397589,-0.00066349143,-0.5446964,0.31965986,0.05883077,-0.24387716,-0.058062904,0.14106125,-0.09698528,0.038654175,0.27009028,0.09397392,0.38513523,0.2454378,-0.18026105,0.6305931,0.41582435,-0.5147247,-0.4737473,-0.38347107,0.09331847,-0.31532404,-0.22627844,-0.043229736,-0.40477002,0.036051396,-0.019095212,-0.4399162,0.16919015,0.18221709,-0.42485833,0.027667785,0.40922928,-0.5843447,-0.17236218,0.43540174,-0.46143427,0.1069455,0.08012259,-0.6421151,0.16047314,0.06727842,-0.6175841,0.047992747,0.1759871,-0.63130826,0.10696264,0.16817524,-0.64461434,0.059518375,0.123149626,-0.567524,0.17687982,0.1324644,-0.5947395,0.082266256,0.032221474,-0.009704364463686943,0.20557576417922974,-0.0015056803822517395
