frame,Ankle.R_x,Ankle.R_y,Ankle.R_z,Knee.R_x,Knee.R_y,Knee.R_z,Hip.R_x,Hip.R_y,Hip.R_z,Hip.L_x,Hip.L_y,Hip.L_z,Knee.L_x,Knee.L_y,Knee.L_z,Ankle.L_x,Ankle.L_y,Ankle.L_z,Wrist.R_x,Wrist.R_y,Wrist.R_z,Elbow.R_x,Elbow.R_y,Elbow.R_z,Shoulder.R_x,Shoulder.R_y,Shoulder.R_z,Shoulder.L_x,Shoulder.L_y,Shoulder.L_z,Elbow.L_x,Elbow.L_y,Elbow.L_z,Wrist.L_x,Wrist.L_y,Wrist.L_z,Neck_x,Neck_y,Neck_z,Head_x,Head_y,Head_z,Nose_x,Nose_y,Nose_z,Eye.L_x,Eye.L_y,Eye.L_z,Eye.R_x,Eye.R_y,Eye.R_z,Ear.L_x,Ear.L_y,Ear.L_z,Ear.R_x,Ear.R_y,Ear.R_z,hip.Center_x,hip.Center_y,hip.Center_z
0,0.64240646,0.008165892,-0.53670627,0.31951186,0.055693887,-0.23771746,-0.060124647,0.14566286,-0.10033277,0.03962781,0.26518375,0.09555116,0.3879434,0.23617533,-0.17474428,0.6347854,0.41233638,-0.50430965,-0.47513822,-0.41326064,0.09747206,-0.35079816,-0.2205,-0.03675129,-0.40976942,0.047643095,-0.01956245,-0.4377376,0.16594253,0.18856348,-0.45157394,-0.00032224864,0.39540198,-0.5867693,-0.21903366,0.44385564,-0.46075195,0.11167202,0.08369325,-0.64491564,0.15303767,0.06707128,-0.61518073,0.04018128,0.1737344,-0.63343215,0.097950324,0.16692883,-0.64096725,0.051036183,0.12022439,-0.5743046,0.1737429,0.13578826,-0.5899079,0.080567606,0.03204593,-0.010248418897390366,0.2054232954978943,-0.0023908019065856934
