frame,Ankle.R_x,Ankle.R_y,Ankle.R_z,Knee.R_x,Knee.R_y,Knee.R_z,Hip.R_x,Hip.R_y,Hip.R_z,Hip.L_x,Hip.L_y,Hip.L_z,Knee.L_x,Knee.L_y,Knee.L_z,Ankle.L_x,Ankle.L_y,Ankle.L_z,Wrist.R_x,Wrist.R_y,Wrist.R_z,Elbow.R_x,Elbow.R_y,Elbow.R_z,Shoulder.R_x,Shoulder.R_y,Shoulder.R_z,Shoulder.L_x,Shoulder.L_y,Shoulder.L_z,Elbow.L_x,Elbow.L_y,Elbow.L_z,Wrist.L_x,Wrist.L_y,Wrist.L_z,Neck_x,Neck_y,Neck_z,Head_x,Head_y,Head_z,Nose_x,Nose_y,Nose_z,Eye.L_x,Eye.L_y,Eye.L_z,Eye.R_x,Eye.R_y,Eye.R_z,Ear.L_x,Ear.L_y,Ear.L_z,Ear.R_x,Ear.R_y,Ear.R_z,hip.Center_x,hip.Center_y,hip.Center_z
0,0.59085184,-0.12438527,-0.5466701,0.30390063,-0.008887679,-0.22558156,-0.052566122,0.11125926,-0.056292087,0.032927558,0.31096905,0.062271282,0.39483368,0.1914653,-0.1667525,0.5926095,0.24502282,-0.56498533,-0.35966495,-0.21369983,0.0867265,-0.21827303,-0.11474545,-0.092079,-0.41283384,0.074225426,-0.0173284,-0.44446698,0.26327637,0.15425721,-0.26241422,0.20292172,0.34647492,-0.44309556,0.039014563,0.3462681,-0.4792801,0.16627674,0.066271916,-0.66547775,0.19277194,0.030713594,-0.632419,0.10454084,0.15918271,-0.65526175,0.15814911,0.1406075,-0.6567798,0.10284931,0.10373261,-0.6001222,0.23071575,0.09812531,-0.60400975,0.12033267,0.014940336,-0.009819282218813896,0.21111415326595306,0.0029895976185798645
