frame,Ankle.R_x,Ankle.R_y,Ankle.R_z,Knee.R_x,Knee.R_y,Knee.R_z,Hip.R_x,Hip.R_y,Hip.R_z,Hip.L_x,Hip.L_y,Hip.L_z,Knee.L_x,Knee.L_y,Knee.L_z,Ankle.L_x,Ankle.L_y,Ankle.L_z,Wrist.R_x,Wrist.R_y,Wrist.R_z,Elbow.R_x,Elbow.R_y,Elbow.R_z,Shoulder.R_x,Shoulder.R_y,Shoulder.R_z,Shoulder.L_x,Shoulder.L_y,Shoulder.L_z,Elbow.L_x,Elbow.L_y,Elbow.L_z,Wrist.L_x,Wrist.L_y,Wrist.L_z,Neck_x,Neck_y,Neck_z,Head_x,Head_y,Head_z,Nose_x,Nose_y,Nose_z,Eye.L_x,Eye.L_y,Eye.L_z,Eye.R_x,Eye.R_y,Eye.R_z,Ear.L_x,Ear.L_y,Ear.L_z,Ear.R_x,Ear.R_y,Ear.R_z,hip.Center_x,hip.Center_y,hip.Center_z
0,0.6184565,-0.041457284,-0.552351,0.31706008,0.041621305,-0.24163993,-0.052955277,0.12615128,-0.08431989,0.034888867,0.2842401,0.08517218,0.386994,0.23773079,-0.17406891,0.6226691,0.36744115,-0.5289936,-0.4881379,-0.32619604,0.116149515,-0.33706507,-0.21112323,-0.05715616,-0.4139698,0.04843951,-0.0031755697,-0.43775386,0.18648037,0.1895529,-0.4042368,0.04977512,0.415975,-0.56477904,-0.1467253,0.41930288,-0.4601859,0.114942566,0.09601471,-0.65061295,0.11591307,0.11155521,-0.5761801,0.014913343,0.20763403,-0.60837865,0.066256985,0.20610812,-0.6130101,0.01857248,0.16006362,-0.57594967,0.15334605,0.16695778,-0.5871817,0.05790238,0.065557174,-0.00903320498764515,0.20519569516181946,0.0004261434078216553
