frame,Ankle.R_x,Ankle.R_y,Ankle.R_z,Knee.R_x,Knee.R_y,Knee.R_z,Hip.R_x,Hip.R_y,Hip.R_z,Hip.L_x,Hip.L_y,Hip.L_z,Knee.L_x,Knee.L_y,Knee.L_z,Ankle.L_x,Ankle.L_y,Ankle.L_z,Wrist.R_x,Wrist.R_y,Wrist.R_z,Elbow.R_x,Elbow.R_y,Elbow.R_z,Shoulder.R_x,Shoulder.R_y,Shoulder.R_z,Shoulder.L_x,Shoulder.L_y,Shoulder.L_z,Elbow.L_x,Elbow.L_y,Elbow.L_z,Wrist.L_x,Wrist.L_y,Wrist.L_z,Neck_x,Neck_y,Neck_z,Head_x,Head_y,Head_z,Nose_x,Nose_y,Nose_z,Eye.L_x,Eye.L_y,Eye.L_z,Eye.R_x,Eye.R_y,Eye.R_z,Ear.L_x,Ear.L_y,Ear.L_z,Ear.R_x,Ear.R_y,Ear.R_z,hip.Center_x,hip.Center_y,hip.Center_z
0,0.6277519,-0.05892692,-0.5399143,0.32100838,0.034747113,-0.23542947,-0.050325483,0.120665796,-0.07710829,0.032243703,0.29254365,0.08004723,0.38742986,0.23083699,-0.17386283,0.6265337,0.34560272,-0.5344482,-0.48794922,-0.29620975,0.11402681,-0.31293735,-0.21103069,-0.04918319,-0.41002154,0.043321658,0.0041895956,-0.43861428,0.19698727,0.18714955,-0.38582462,0.08902437,0.4264595,-0.56280893,-0.08841807,0.4214935,-0.4596224,0.115019046,0.09945334,-0.6488651,0.10877904,0.114536166,-0.57135475,0.019270115,0.21999747,-0.605419,0.06921151,0.21364807,-0.60800916,0.017396547,0.17201552,-0.5758435,0.15350744,0.1668529,-0.5828889,0.049032908,0.0743967,-0.009040890261530876,0.2066047191619873,0.0014694705605506897
