frame,Ankle.R_x,Ankle.R_y,Ankle.R_z,Knee.R_x,Knee.R_y,Knee.R_z,Hip.R_x,Hip.R_y,Hip.R_z,Hip.L_x,Hip.L_y,Hip.L_z,Knee.L_x,Knee.L_y,Knee.L_z,Ankle.L_x,Ankle.L_y,Ankle.L_z,Wrist.R_x,Wrist.R_y,Wrist.R_z,Elbow.R_x,Elbow.R_y,Elbow.R_z,Shoulder.R_x,Shoulder.R_y,Shoulder.R_z,Shoulder.L_x,Shoulder.L_y,Shoulder.L_z,Elbow.L_x,Elbow.L_y,Elbow.L_z,Wrist.L_x,Wrist.L_y,Wrist.L_z,Neck_x,Neck_y,Neck_z,Head_x,Head_y,Head_z,Nose_x,Nose_y,Nose_z,Eye.L_x,Eye.L_y,Eye.L_z,Eye.R_x,Eye.R_y,Eye.R_z,Ear.L_x,Ear.L_y,Ear.L_z,Ear.R_x,Ear.R_y,Ear.R_z,hip.Center_x,hip.Center_y,hip.Center_z
0,0.6338168,-0.07549928,-0.49587595,0.34451324,0.015151376,-0.17862532,-0.037673734,0.097954355,-0.03742427,0.022657456,0.3208157,0.046022993,0.38422984,0.22736458,-0.18199408,0.6281655,0.32248408,-0.5432679,-0.5118041,-0.2461621,0.093453646,-0.29780695,-0.19585405,-0.019247621,-0.4061578,0.051001057,0.040234387,-0.42853248,0.22765863,0.2047986,-0.34076056,0.1723511,0.45210737,-0.5463306,0.03938707,0.45892084,-0.45619446,0.13100763,0.1289665,-0.64589244,0.10341349,0.14038095,-0.56145024,0.039994545,0.25850472,-0.6017315,0.08347432,0.24511507,-0.5957991,0.02695331,0.21086259,-0.5819327,0.16365682,0.18812524,-0.57191026,0.049230367,0.11142558,-0.0075081391260027885,0.20938503742218018,0.0042993612587451935
