frame,Ankle.R_x,Ankle.R_y,Ankle.R_z,Knee.R_x,Knee.R_y,Knee.R_z,Hip.R_x,Hip.R_y,Hip.R_z,Hip.L_x,Hip.L_y,Hip.L_z,Knee.L_x,Knee.L_y,Knee.L_z,Ankle.L_x,Ankle.L_y,Ankle.L_z,Wrist.R_x,Wrist.R_y,Wrist.R_z,Elbow.R_x,Elbow.R_y,Elbow.R_z,Shoulder.R_x,Shoulder.R_y,Shoulder.R_z,Shoulder.L_x,Shoulder.L_y,Shoulder.L_z,Elbow.L_x,Elbow.L_y,Elbow.L_z,Wrist.L_x,Wrist.L_y,Wrist.L_z,Neck_x,Neck_y,Neck_z,Head_x,Head_y,Head_z,Nose_x,Nose_y,Nose_z,Eye.L_x,Eye.L_y,Eye.L_z,Eye.R_x,Eye.R_y,Eye.R_z,Ear.L_x,Ear.L_y,Ear.L_z,Ear.R_x,Ear.R_y,Ear.R_z,hip.Center_x,hip.Center_y,hip.Center_z
0,0.64349943,-0.05872692,-0.5037623,0.34344324,0.020907838,-0.18910241,-0.0401619,0.10256979,-0.04899586,0.023783688,0.3160213,0.056030486,0.38439253,0.23610604,-0.1813463,0.6401229,0.34632796,-0.53267616,-0.50256395,-0.24834992,0.09606505,-0.2887875,-0.19978124,-0.019164791,-0.4082019,0.04493424,0.03607609,-0.42871714,0.22155413,0.20385239,-0.333668,0.151739,0.4453178,-0.55154085,0.03872236,0.46007884,-0.45873302,0.12643403,0.1258781,-0.64927053,0.11483529,0.13848785,-0.57044446,0.03855925,0.25307062,-0.606565,0.08625339,0.24177325,-0.6061158,0.030795857,0.20509109,-0.57953984,0.16704755,0.1879601,-0.5804343,0.0550887,0.10625288,-0.008189106360077858,0.20929554104804993,0.003517312929034233
