frame,Ankle.R_x,Ankle.R_y,Ankle.R_z,Knee.R_x,Knee.R_y,Knee.R_z,Hip.R_x,Hip.R_y,Hip.R_z,Hip.L_x,Hip.L_y,Hip.L_z,Knee.L_x,Knee.L_y,Knee.L_z,Ankle.L_x,Ankle.L_y,Ankle.L_z,Wrist.R_x,Wrist.R_y,Wrist.R_z,Elbow.R_x,Elbow.R_y,Elbow.R_z,Shoulder.R_x,Shoulder.R_y,Shoulder.R_z,Shoulder.L_x,Shoulder.L_y,Shoulder.L_z,Elbow.L_x,Elbow.L_y,Elbow.L_z,Wrist.L_x,Wrist.L_y,Wrist.L_z,Neck_x,Neck_y,Neck_z,Head_x,Head_y,Head_z,Nose_x,Nose_y,Nose_z,Eye.L_x,Eye.L_y,Eye.L_z,Eye.R_x,Eye.R_y,Eye.R_z,Ear.L_x,Ear.L_y,Ear.L_z,Ear.R_x,Ear.R_y,Ear.R_z,hip.Center_x,hip.Center_y,hip.Center_z
0,0.65193266,-0.042982467,-0.51432294,0.3386258,0.034385886,-0.20928803,-0.04527153,0.11816066,-0.075919226,0.026893908,0.29758012,0.07838412,0.38691315,0.24106993,-0.1715676,0.64510727,0.3613204,-0.51862913,-0.49108872,-0.25776997,0.10400525,-0.28124228,-0.20992945,-0.021107968,-0.4130252,0.032048292,0.023264017,-0.4279464,0.20223154,0.19975364,-0.32299122,0.12378855,0.43652487,-0.54384005,0.014876623,0.45305032,-0.4618173,0.112633415,0.11553634,-0.65096796,0.12106247,0.12592925,-0.5829666,0.028192215,0.2349877,-0.6134757,0.08042689,0.22680342,-0.61847794,0.027958538,0.18602735,-0.576584,0.16190714,0.17968921,-0.58842665,0.05655037,0.08937347,-0.009188811294734478,0.20787039399147034,0.001232445240020752
