frame,Ankle.R_x,Ankle.R_y,Ankle.R_z,Knee.R_x,Knee.R_y,Knee.R_z,Hip.R_x,Hip.R_y,Hip.R_z,Hip.L_x,Hip.L_y,Hip.L_z,Knee.L_x,Knee.L_y,Knee.L_z,Ankle.L_x,Ankle.L_y,Ankle.L_z,Wrist.R_x,Wrist.R_y,Wrist.R_z,Elbow.R_x,Elbow.R_y,Elbow.R_z,Shoulder.R_x,Shoulder.R_y,Shoulder.R_z,Shoulder.L_x,Shoulder.L_y,Shoulder.L_z,Elbow.L_x,Elbow.L_y,Elbow.L_z,Wrist.L_x,Wrist.L_y,Wrist.L_z,Neck_x,Neck_y,Neck_z,Head_x,Head_y,Head_z,Nose_x,Nose_y,Nose_z,Eye.L_x,Eye.L_y,Eye.L_z,Eye.R_x,Eye.R_y,Eye.R_z,Ear.L_x,Ear.L_y,Ear.L_z,Ear.R_x,Ear.R_y,Ear.R_z,hip.Center_x,hip.Center_y,hip.Center_z
0,0.60827863,-0.14664032,-0.5166927,0.3075087,-0.0029662407,-0.22299178,-0.050987512,0.111719884,-0.059123423,0.032334838,0.30947384,0.06489489,0.3887252,0.20717487,-0.1785045,0.58909917,0.2646661,-0.5743108,-0.37820682,-0.2178516,0.07928066,-0.22731626,-0.12451454,-0.09385279,-0.4144189,0.07090804,-0.019523058,-0.4480172,0.25639662,0.15086287,-0.27289164,0.1913757,0.34618798,-0.44257104,0.016096083,0.3401524,-0.47984678,0.16275327,0.062708,-0.6597734,0.20264176,0.024640653,-0.63839793,0.11046572,0.15307985,-0.65574205,0.16608468,0.1345146,-0.66118455,0.11133753,0.09695205,-0.5932277,0.23410878,0.09409481,-0.60449904,0.12457842,0.0096336305,-0.009326336905360222,0.21059685945510864,0.002885734662413597
