frame,Ankle.R_x,Ankle.R_y,Ankle.R_z,Knee.R_x,Knee.R_y,Knee.R_z,Hip.R_x,Hip.R_y,Hip.R_z,Hip.L_x,Hip.L_y,Hip.L_z,Knee.L_x,Knee.L_y,Knee.L_z,Ankle.L_x,Ankle.L_y,Ankle.L_z,Wrist.R_x,Wrist.R_y,Wrist.R_z,Elbow.R_x,Elbow.R_y,Elbow.R_z,Shoulder.R_x,Shoulder.R_y,Shoulder.R_z,Shoulder.L_x,Shoulder.L_y,Shoulder.L_z,Elbow.L_x,Elbow.L_y,Elbow.L_z,Wrist.L_x,Wrist.L_y,Wrist.L_z,Neck_x,Neck_y,Neck_z,Head_x,Head_y,Head_z,Nose_x,Nose_y,Nose_z,Eye.L_x,Eye.L_y,Eye.L_z,Eye.R_x,Eye.R_y,Eye.R_z,Ear.L_x,Ear.L_y,Ear.L_z,Ear.R_x,Ear.R_y,Ear.R_z,hip.Center_x,hip.Center_y,hip.Center_z
0,0.62252975,-0.007876426,-0.5605925,0.32847765,0.053290684,-0.23536725,-0.049847633,0.12569591,-0.08493135,0.03350506,0.28694415,0.0852377,0.37060183,0.26038924,-0.19678828,0.63379896,0.38829675,-0.5358461,-0.4853207,-0.30351138,0.107815795,-0.2681632,-0.23846816,-0.00045145475,-0.39488563,0.0083593605,0.02087298,-0.42079556,0.15907273,0.2100895,-0.3359119,0.043152556,0.43610907,-0.5369669,-0.099937886,0.4755335,-0.44888768,0.08149203,0.117297135,-0.62955904,0.11824674,0.11732137,-0.59148335,0.00722035,0.22428688,-0.610022,0.06502511,0.21776323,-0.6217303,0.01678471,0.17285289,-0.5537396,0.14049414,0.1793703,-0.57782567,0.04363945,0.08050313,-0.008171286433935165,0.20632003247737885,0.00015317276120185852
