frame,Ankle.R_x,Ankle.R_y,Ankle.R_z,Knee.R_x,Knee.R_y,Knee.R_z,Hip.R_x,Hip.R_y,Hip.R_z,Hip.L_x,Hip.L_y,Hip.L_z,Knee.L_x,Knee.L_y,Knee.L_z,Ankle.L_x,Ankle.L_y,Ankle.L_z,Wrist.R_x,Wrist.R_y,Wrist.R_z,Elbow.R_x,Elbow.R_y,Elbow.R_z,Shoulder.R_x,Shoulder.R_y,Shoulder.R_z,Shoulder.L_x,Shoulder.L_y,Shoulder.L_z,Elbow.L_x,Elbow.L_y,Elbow.L_z,Wrist.L_x,Wrist.L_y,Wrist.L_z,Neck_x,Neck_y,Neck_z,Head_x,Head_y,Head_z,Nose_x,Nose_y,Nose_z,Eye.L_x,Eye.L_y,Eye.L_z,Eye.R_x,Eye.R_y,Eye.R_z,Ear.L_x,Ear.L_y,Ear.L_z,Ear.R_x,Ear.R_y,Ear.R_z,hip.Center_x,hip.Center_y,hip.Center_z
0,0.6562231,-0.013185758,-0.51633775,0.3426333,0.04773529,-0.20730932,-0.046880305,0.12484631,-0.08594344,0.02823079,0.2902633,0.085071005,0.3820127,0.26496342,-0.17673631,0.6626483,0.39415184,-0.50302947,-0.47495922,-0.29965398,0.10867525,-0.2635695,-0.24050935,-0.015040198,-0.39517966,0.0038913928,0.0105856275,-0.42458916,0.15454659,0.20064051,-0.3296341,0.033903163,0.42054877,-0.53221935,-0.11023393,0.44542187,-0.45166054,0.07624572,0.106618,-0.63433576,0.10736315,0.10253835,-0.5943877,-0.0018838737,0.2107409,-0.6148169,0.05527273,0.20355584,-0.62392867,0.0064373426,0.15865684,-0.56040716,0.13259028,0.1659789,-0.57915395,0.034450665,0.067047976,-0.009324757382273674,0.20755480229854584,-0.0004362165927886963
