frame,Ankle.R_x,Ankle.R_y,Ankle.R_z,Knee.R_x,Knee.R_y,Knee.R_z,Hip.R_x,Hip.R_y,Hip.R_z,Hip.L_x,Hip.L_y,Hip.L_z,Knee.L_x,Knee.L_y,Knee.L_z,Ankle.L_x,Ankle.L_y,Ankle.L_z,Wrist.R_x,Wrist.R_y,Wrist.R_z,Elbow.R_x,Elbow.R_y,Elbow.R_z,Shoulder.R_x,Shoulder.R_y,Shoulder.R_z,Shoulder.L_x,Shoulder.L_y,Shoulder.L_z,Elbow.L_x,Elbow.L_y,Elbow.L_z,Wrist.L_x,Wrist.L_y,Wrist.L_z,Neck_x,Neck_y,Neck_z,Head_x,Head_y,Head_z,Nose_x,Nose_y,Nose_z,Eye.L_x,Eye.L_y,Eye.L_z,Eye.R_x,Eye.R_y,Eye.R_z,Ear.L_x,Ear.L_y,Ear.L_z,Ear.R_x,Ear.R_y,Ear.R_z,hip.Center_x,hip.Center_y,hip.Center_z
0,0.6174334,0.017240217,-0.5754903,0.31816134,0.06843304,-0.2526487,-0.05705536,0.1364331,-0.09355697,0.03989862,0.2751544,0.09089959,0.37160227,0.26298246,-0.19966765,0.6268954,0.4181274,-0.5329049,-0.46350214,-0.37173796,0.11581022,-0.2767284,-0.2490204,-0.012740379,-0.3905122,0.004486125,0.010218831,-0.42295778,0.14448644,0.2079535,-0.37268725,0.009412654,0.4330095,-0.5387953,-0.17970273,0.47639996,-0.44676757,0.07505816,0.10962577,-0.6300174,0.114865616,0.10732409,-0.59272164,0.0012222677,0.21099374,-0.6113882,0.059122287,0.20598167,-0.6222429,0.012207115,0.15954866,-0.55484146,0.13593094,0.1709563,-0.5774391,0.042210743,0.068292156,-0.00857837125658989,0.20579375326633453,-0.001328691840171814
