frame,Ankle.R_x,Ankle.R_y,Ankle.R_z,Knee.R_x,Knee.R_y,Knee.R_z,Hip.R_x,Hip.R_y,Hip.R_z,Hip.L_x,Hip.L_y,Hip.L_z,Knee.L_x,Knee.L_y,Knee.L_z,Ankle.L_x,Ankle.L_y,Ankle.L_z,Wrist.R_x,Wrist.R_y,Wrist.R_z,Elbow.R_x,Elbow.R_y,Elbow.R_z,Shoulder.R_x,Shoulder.R_y,Shoulder.R_z,Shoulder.L_x,Shoulder.L_y,Shoulder.L_z,Elbow.L_x,Elbow.L_y,Elbow.L_z,Wrist.L_x,Wrist.L_y,Wrist.L_z,Neck_x,Neck_y,Neck_z,Head_x,Head_y,Head_z,Nose_x,Nose_y,Nose_z,Eye.L_x,Eye.L_y,Eye.L_z,Eye.R_x,Eye.R_y,Eye.R_z,Ear.L_x,Ear.L_y,Ear.L_z,Ear.R_x,Ear.R_y,Ear.R_z,hip.Center_x,hip.Center_y,hip.Center_z
0,0.603117,0.016120933,-0.58319706,0.29958603,0.06283031,-0.26541424,-0.066430986,0.15140463,-0.10067083,0.047164533,0.25815994,0.095722266,0.3702921,0.24283534,-0.20370264,0.6116373,0.41578788,-0.5391228,-0.42651838,-0.42253628,0.12857868,-0.31280154,-0.23590256,-0.020524548,-0.3980547,0.025553646,0.007867207,-0.41304076,0.13538922,0.2247603,-0.388645,-0.032124616,0.4318002,-0.5068395,-0.2582935,0.487422,-0.44388026,0.08138521,0.117555864,-0.6371634,0.08754846,0.11356571,-0.5762756,-0.023288183,0.20773336,-0.60748214,0.028921314,0.20724857,-0.60693645,-0.014321856,0.15662463,-0.5688243,0.11877145,0.18136802,-0.5698242,0.03344404,0.06989979,-0.009633226320147514,0.20478227734565735,-0.0024742819368839264
