frame,Ankle.R_x,Ankle.R_y,Ankle.R_z,Knee.R_x,Knee.R_y,Knee.R_z,Hip.R_x,Hip.R_y,Hip.R_z,Hip.L_x,Hip.L_y,Hip.L_z,Knee.L_x,Knee.L_y,Knee.L_z,Ankle.L_x,Ankle.L_y,Ankle.L_z,Wrist.R_x,Wrist.R_y,Wrist.R_z,Elbow.R_x,Elbow.R_y,Elbow.R_z,Shoulder.R_x,Shoulder.R_y,Shoulder.R_z,Shoulder.L_x,Shoulder.L_y,Shoulder.L_z,Elbow.L_x,Elbow.L_y,Elbow.L_z,Wrist.L_x,Wrist.L_y,Wrist.L_z,Neck_x,Neck_y,Neck_z,Head_x,Head_y,Head_z,Nose_x,Nose_y,Nose_z,Eye.L_x,Eye.L_y,Eye.L_z,Eye.R_x,Eye.R_y,Eye.R_z,Ear.L_x,Ear.L_y,Ear.L_z,Ear.R_x,Ear.R_y,Ear.R_z,hip.Center_x,hip.Center_y,hip.Center_z
0,0.6254797,0.009893406,-0.5529928,0.31571293,0.05850245,-0.24090554,-0.06147956,0.14654702,-0.10096867,0.040376663,0.26508975,0.0955724,0.38317385,0.24778257,-0.17935222,0.6506931,0.41486552,-0.49776417,-0.412155,-0.42748052,0.13575965,-0.29633236,-0.24554352,-0.017121883,-0.3932484,0.013020346,0.003546643,-0.41529113,0.12906882,0.21795927,-0.38625216,-0.035022944,0.4272547,-0.50110483,-0.26288962,0.48279887,-0.44326356,0.07146423,0.111914806,-0.63687104,0.08064072,0.11140035,-0.57637835,-0.03002717,0.20596364,-0.6063974,0.02286851,0.20526618,-0.6079555,-0.021265361,0.15539001,-0.56637836,0.11149066,0.1769281,-0.57161415,0.024136927,0.06685478,-0.010551448911428452,0.20581838488578796,-0.002698134630918503
