frame,Ankle.R_x,Ankle.R_y,Ankle.R_z,Knee.R_x,Knee.R_y,Knee.R_z,Hip.R_x,Hip.R_y,Hip.R_z,Hip.L_x,Hip.L_y,Hip.L_z,Knee.L_x,Knee.L_y,Knee.L_z,Ankle.L_x,Ankle.L_y,Ankle.L_z,Wrist.R_x,Wrist.R_y,Wrist.R_z,Elbow.R_x,Elbow.R_y,Elbow.R_z,Shoulder.R_x,Shoulder.R_y,Shoulder.R_z,Shoulder.L_x,Shoulder.L_y,Shoulder.L_z,Elbow.L_x,Elbow.L_y,Elbow.L_z,Wrist.L_x,Wrist.L_y,Wrist.L_z,Neck_x,Neck_y,Neck_z,Head_x,Head_y,Head_z,Nose_x,Nose_y,Nose_z,Eye.L_x,Eye.L_y,Eye.L_z,Eye.R_x,Eye.R_y,Eye.R_z,Ear.L_x,Ear.L_y,Ear.L_z,Ear.R_x,Ear.R_y,Ear.R_z,hip.Center_x,hip.Center_y,hip.Center_z
0,0.6095211,0.0023843134,-0.5778838,0.3099453,0.06227089,-0.25786743,-0.060954057,0.14252532,-0.09649506,0.042396203,0.26738268,0.09352269,0.37321332,0.24814402,-0.19653854,0.6352721,0.3967416,-0.5281535,-0.42499128,-0.39482892,0.13012244,-0.30064324,-0.22938932,-0.030343438,-0.40074039,0.026462853,0.008952136,-0.4199322,0.14971069,0.218522,-0.37360528,-0.00014593922,0.43628088,-0.4986666,-0.22302778,0.47389895,-0.44817758,0.08586233,0.115743026,-0.64158076,0.08209883,0.119067654,-0.571448,-0.025984533,0.21035473,-0.605333,0.02454567,0.21137287,-0.6042894,-0.018293433,0.16036321,-0.5725758,0.11663467,0.18455756,-0.5727731,0.031493347,0.07278481,-0.009278926998376846,0.20495399832725525,-0.0014861859381198883
