frame,Ankle.R_x,Ankle.R_y,Ankle.R_z,Knee.R_x,Knee.R_y,Knee.R_z,Hip.R_x,Hip.R_y,Hip.R_z,Hip.L_x,Hip.L_y,Hip.L_z,Knee.L_x,Knee.L_y,Knee.L_z,Ankle.L_x,Ankle.L_y,Ankle.L_z,Wrist.R_x,Wrist.R_y,Wrist.R_z,Elbow.R_x,Elbow.R_y,Elbow.R_z,Shoulder.R_x,Shoulder.R_y,Shoulder.R_z,Shoulder.L_x,Shoulder.L_y,Shoulder.L_z,Elbow.L_x,Elbow.L_y,Elbow.L_z,Wrist.L_x,Wrist.L_y,Wrist.L_z,Neck_x,Neck_y,Neck_z,Head_x,Head_y,Head_z,Nose_x,Nose_y,Nose_z,Eye.L_x,Eye.L_y,Eye.L_z,Eye.R_x,Eye.R_y,Eye.R_z,Ear.L_x,Ear.L_y,Ear.L_z,Ear.R_x,Ear.R_y,Ear.R_z,hip.Center_x,hip.Center_y,hip.Center_z
0,0.6130799,-0.018279681,-0.57172394,0.32013285,0.058438357,-0.24866807,-0.052732833,0.12707934,-0.08551778,0.035647273,0.2842975,0.08574354,0.3772221,0.25638783,-0.19065735,0.6220001,0.39119005,-0.5399968,-0.4184452,-0.34451392,0.13207543,-0.2802922,-0.2269486,-0.0483604,-0.39755523,0.015925739,0.018930458,-0.42257595,0.15591235,0.21429807,-0.35695642,0.03080142,0.44210565,-0.5063109,-0.17352769,0.4614221,-0.44571066,0.079781584,0.12061987,-0.6347081,0.066342056,0.13340719,-0.5559823,-0.035096154,0.22607714,-0.592048,0.013883233,0.22660008,-0.5911728,-0.030871041,0.17723739,-0.564933,0.10624656,0.19456077,-0.5651614,0.016387872,0.086735815,-0.008542779833078384,0.20568841695785522,0.00011288002133369446
