frame,Ankle.R_x,Ankle.R_y,Ankle.R_z,Knee.R_x,Knee.R_y,Knee.R_z,Hip.R_x,Hip.R_y,Hip.R_z,Hip.L_x,Hip.L_y,Hip.L_z,Knee.L_x,Knee.L_y,Knee.L_z,Ankle.L_x,Ankle.L_y,Ankle.L_z,Wrist.R_x,Wrist.R_y,Wrist.R_z,Elbow.R_x,Elbow.R_y,Elbow.R_z,Shoulder.R_x,Shoulder.R_y,Shoulder.R_z,Shoulder.L_x,Shoulder.L_y,Shoulder.L_z,Elbow.L_x,Elbow.L_y,Elbow.L_z,Wrist.L_x,Wrist.L_y,Wrist.L_z,Neck_x,Neck_y,Neck_z,Head_x,Head_y,Head_z,Nose_x,Nose_y,Nose_z,Eye.L_x,Eye.L_y,Eye.L_z,Eye.R_x,Eye.R_y,Eye.R_z,Ear.L_x,Ear.L_y,Ear.L_z,Ear.R_x,Ear.R_y,Ear.R_z,hip.Center_x,hip.Center_y,hip.Center_z
0,0.6391589,-0.042331792,-0.52696323,0.34316587,0.04337322,-0.20757225,-0.04284522,0.11485623,-0.0734206,0.023998706,0.30247393,0.075053774,0.38814747,0.2560339,-0.16757898,0.66427636,0.37035218,-0.50197494,-0.41730645,-0.30814886,0.13255487,-0.25482747,-0.23557681,-0.045794465,-0.3876984,-0.0011650492,0.02826469,-0.42036024,0.15632741,0.21332538,-0.32962936,0.05697656,0.44594032,-0.50265956,-0.124430165,0.45526016,-0.44131765,0.06857061,0.12645578,-0.62857133,0.05855827,0.14374803,-0.5510004,-0.036804195,0.24425516,-0.5854526,0.013305783,0.24080418,-0.587209,-0.036034368,0.19590923,-0.55631065,0.10132143,0.19949813,-0.561515,0.001731731,0.10077791,-0.00942325685173273,0.20866507291793823,0.00081658735871315
