frame,Ankle.R_x,Ankle.R_y,Ankle.R_z,Knee.R_x,Knee.R_y,Knee.R_z,Hip.R_x,Hip.R_y,Hip.R_z,Hip.L_x,Hip.L_y,Hip.L_z,Knee.L_x,Knee.L_y,Knee.L_z,Ankle.L_x,Ankle.L_y,Ankle.L_z,Wrist.R_x,Wrist.R_y,Wrist.R_z,Elbow.R_x,Elbow.R_y,Elbow.R_z,Shoulder.R_x,Shoulder.R_y,Shoulder.R_z,Shoulder.L_x,Shoulder.L_y,Shoulder.L_z,Elbow.L_x,Elbow.L_y,Elbow.L_z,Wrist.L_x,Wrist.L_y,Wrist.L_z,Neck_x,Neck_y,Neck_z,Head_x,Head_y,Head_z,Nose_x,Nose_y,Nose_z,Eye.L_x,Eye.L_y,Eye.L_z,Eye.R_x,Eye.R_y,Eye.R_z,Ear.L_x,Ear.L_y,Ear.L_z,Ear.R_x,Ear.R_y,Ear.R_z,hip.Center_x,hip.Center_y,hip.Center_z
0,0.61338955,-0.07439222,-0.5295611,0.33574522,0.022450337,-0.20255095,-0.04016106,0.104866475,-0.056554347,0.02440872,0.31225735,0.06186021,0.3806965,0.23635176,-0.18345493,0.6191081,0.3425643,-0.5448589,-0.4564724,-0.2883835,0.090033665,-0.2576867,-0.21067102,-0.03426801,-0.39073926,0.019371986,0.048001852,-0.41985443,0.19467789,0.22132996,-0.3178094,0.15230535,0.46710724,-0.5038476,-0.0033819987,0.5071117,-0.44401145,0.09455183,0.14172316,-0.6302371,0.040966522,0.15035719,-0.5375464,-0.012540445,0.2671414,-0.5841017,0.024543524,0.2548485,-0.5691701,-0.029009745,0.218623,-0.57644665,0.10931731,0.20125517,-0.54875064,0.0002568215,0.120085135,-0.007876168936491013,0.20856191217899323,0.002652931958436966
