frame,Ankle.R_x,Ankle.R_y,Ankle.R_z,Knee.R_x,Knee.R_y,Knee.R_z,Hip.R_x,Hip.R_y,Hip.R_z,Hip.L_x,Hip.L_y,Hip.L_z,Knee.L_x,Knee.L_y,Knee.L_z,Ankle.L_x,Ankle.L_y,Ankle.L_z,Wrist.R_x,Wrist.R_y,Wrist.R_z,Elbow.R_x,Elbow.R_y,Elbow.R_z,Shoulder.R_x,Shoulder.R_y,Shoulder.R_z,Shoulder.L_x,Shoulder.L_y,Shoulder.L_z,Elbow.L_x,Elbow.L_y,Elbow.L_z,Wrist.L_x,Wrist.L_y,Wrist.L_z,Neck_x,Neck_y,Neck_z,Head_x,Head_y,Head_z,Nose_x,Nose_y,Nose_z,Eye.L_x,Eye.L_y,Eye.L_z,Eye.R_x,Eye.R_y,Eye.R_z,Ear.L_x,Ear.L_y,Ear.L_z,Ear.R_x,Ear.R_y,Ear.R_z,hip.Center_x,hip.Center_y,hip.Center_z
0,0.6409205,-0.0640486,-0.50394976,0.34586987,0.02943698,-0.19018872,-0.038149014,0.10483271,-0.05907826,0.020107077,0.312235,0.06309018,0.39197108,0.23059314,-0.1565513,0.6555394,0.33528888,-0.5016716,-0.44604746,-0.30162024,0.107748196,-0.24522267,-0.23123659,-0.018032037,-0.38129866,0.0022677109,0.049066167,-0.4160023,0.17687756,0.2194119,-0.30973464,0.13277629,0.46320742,-0.490116,-0.030153137,0.50081086,-0.43623808,0.07649533,0.14160639,-0.62163806,0.025648825,0.15840472,-0.5254961,-0.03065838,0.27093893,-0.57147044,0.0076832175,0.26068962,-0.5595218,-0.046196327,0.22373152,-0.5640298,0.092360385,0.20666535,-0.54247713,-0.017368004,0.12426908,-0.009020968340337276,0.2085338532924652,0.0020059607923030853
