frame,Ankle.R_x,Ankle.R_y,Ankle.R_z,Knee.R_x,Knee.R_y,Knee.R_z,Hip.R_x,Hip.R_y,Hip.R_z,Hip.L_x,Hip.L_y,Hip.L_z,Knee.L_x,Knee.L_y,Knee.L_z,Ankle.L_x,Ankle.L_y,Ankle.L_z,Wrist.R_x,Wrist.R_y,Wrist.R_z,Elbow.R_x,Elbow.R_y,Elbow.R_z,Shoulder.R_x,Shoulder.R_y,Shoulder.R_z,Shoulder.L_x,Shoulder.L_y,Shoulder.L_z,Elbow.L_x,Elbow.L_y,Elbow.L_z,Wrist.L_x,Wrist.L_y,Wrist.L_z,Neck_x,Neck_y,Neck_z,Head_x,Head_y,Head_z,Nose_x,Nose_y,Nose_z,Eye.L_x,Eye.L_y,Eye.L_z,Eye.R_x,Eye.R_y,Eye.R_z,Ear.L_x,Ear.L_y,Ear.L_z,Ear.R_x,Ear.R_y,Ear.R_z,hip.Center_x,hip.Center_y,hip.Center_z
0,0.65437967,-0.07039459,-0.48589897,0.3496407,0.029396722,-0.18478416,-0.033717886,0.100958735,-0.05224923,0.015903592,0.3170059,0.056853976,0.39468297,0.23812851,-0.15054394,0.66568184,0.33690342,-0.4917082,-0.44938195,-0.30036572,0.10469085,-0.23976654,-0.2316857,-0.006409706,-0.3782083,0.00031560194,0.053872928,-0.4154155,0.16968013,0.22189958,-0.3261443,0.13489944,0.47348452,-0.5039035,-0.030249372,0.5137782,-0.43269005,0.07168388,0.14612037,-0.61637825,0.030349914,0.16034842,-0.5272901,-0.03555783,0.27393588,-0.57027936,0.0061667636,0.26364094,-0.5609463,-0.047503315,0.22537704,-0.5559439,0.09175306,0.21198164,-0.53911865,-0.017413013,0.12728772,-0.008907146751880646,0.20898231863975525,0.0023023728281259537
