frame,Ankle.R_x,Ankle.R_y,Ankle.R_z,Knee.R_x,Knee.R_y,Knee.R_z,Hip.R_x,Hip.R_y,Hip.R_z,Hip.L_x,Hip.L_y,Hip.L_z,Knee.L_x,Knee.L_y,Knee.L_z,Ankle.L_x,Ankle.L_y,Ankle.L_z,Wrist.R_x,Wrist.R_y,Wrist.R_z,Elbow.R_x,Elbow.R_y,Elbow.R_z,Shoulder.R_x,Shoulder.R_y,Shoulder.R_z,Shoulder.L_x,Shoulder.L_y,Shoulder.L_z,Elbow.L_x,Elbow.L_y,Elbow.L_z,Wrist.L_x,Wrist.L_y,Wrist.L_z,Neck_x,Neck_y,Neck_z,Head_x,Head_y,Head_z,Nose_x,Nose_y,Nose_z,Eye.L_x,Eye.L_y,Eye.L_z,Eye.R_x,Eye.R_y,Eye.R_z,Ear.L_x,Ear.L_y,Ear.L_z,Ear.R_x,Ear.R_y,Ear.R_z,hip.Center_x,hip.Center_y,hip.Center_z
0,0.6115017,-0.12395501,-0.5240301,0.31522685,0.0025836937,-0.21789084,-0.04963118,0.11320016,-0.06452928,0.031044971,0.30519584,0.069856405,0.3861638,0.21680334,-0.1807534,0.59044915,0.29274553,-0.5715375,-0.38727802,-0.23743477,0.071982436,-0.23458421,-0.13678336,-0.09654108,-0.41400892,0.06600271,-0.023274109,-0.44775534,0.24558488,0.1508419,-0.28695104,0.16607065,0.35275674,-0.44619104,-0.021039471,0.34309447,-0.47816542,0.15563485,0.060368586,-0.6565767,0.19553721,0.020999758,-0.637699,0.1045129,0.15060978,-0.65401167,0.160165,0.13130626,-0.660009,0.10504486,0.094312645,-0.59029615,0.2267834,0.090484135,-0.6022373,0.11622007,0.0072008967,-0.009293103590607643,0.209197998046875,0.0026635639369487762
