frame,Ankle.R_x,Ankle.R_y,Ankle.R_z,Knee.R_x,Knee.R_y,Knee.R_z,Hip.R_x,Hip.R_y,Hip.R_z,Hip.L_x,Hip.L_y,Hip.L_z,Knee.L_x,Knee.L_y,Knee.L_z,Ankle.L_x,Ankle.L_y,Ankle.L_z,Wrist.R_x,Wrist.R_y,Wrist.R_z,Elbow.R_x,Elbow.R_y,Elbow.R_z,Shoulder.R_x,Shoulder.R_y,Shoulder.R_z,Shoulder.L_x,Shoulder.L_y,Shoulder.L_z,Elbow.L_x,Elbow.L_y,Elbow.L_z,Wrist.L_x,Wrist.L_y,Wrist.L_z,Neck_x,Neck_y,Neck_z,Head_x,Head_y,Head_z,Nose_x,Nose_y,Nose_z,Eye.L_x,Eye.L_y,Eye.L_z,Eye.R_x,Eye.R_y,Eye.R_z,Ear.L_x,Ear.L_y,Ear.L_z,Ear.R_x,Ear.R_y,Ear.R_z,hip.Center_x,hip.Center_y,hip.Center_z
0,0.6274635,-0.054093245,-0.5364734,0.33197108,0.039615385,-0.22268954,-0.042840764,0.11350792,-0.070336856,0.026481312,0.30083153,0.0745016,0.3795585,0.24542734,-0.18224888,0.62518775,0.35297996,-0.5392145,-0.47012472,-0.2963014,0.099794954,-0.2625597,-0.235324,-0.0210885,-0.38970158,0.0037678326,0.041585404,-0.41851708,0.17510457,0.21416436,-0.31715584,0.14260258,0.46187502,-0.50738096,-0.0014175099,0.5197015,-0.44234687,0.07841026,0.13445935,-0.63018405,0.05958234,0.14804287,-0.5486938,-0.0223817,0.2564237,-0.58640534,0.024802282,0.24881795,-0.58418095,-0.027659297,0.20788474,-0.5620749,0.11056194,0.20136316,-0.55974925,0.0046003684,0.111172915,-0.008179726079106331,0.20716972649097443,0.0020823702216148376
