frame,Ankle.R_x,Ankle.R_y,Ankle.R_z,Knee.R_x,Knee.R_y,Knee.R_z,Hip.R_x,Hip.R_y,Hip.R_z,Hip.L_x,Hip.L_y,Hip.L_z,Knee.L_x,Knee.L_y,Knee.L_z,Ankle.L_x,Ankle.L_y,Ankle.L_z,Wrist.R_x,Wrist.R_y,Wrist.R_z,Elbow.R_x,Elbow.R_y,Elbow.R_z,Shoulder.R_x,Shoulder.R_y,Shoulder.R_z,Shoulder.L_x,Shoulder.L_y,Shoulder.L_z,Elbow.L_x,Elbow.L_y,Elbow.L_z,Wrist.L_x,Wrist.L_y,Wrist.L_z,Neck_x,Neck_y,Neck_z,Head_x,Head_y,Head_z,Nose_x,Nose_y,Nose_z,Eye.L_x,Eye.L_y,Eye.L_z,Eye.R_x,Eye.R_y,Eye.R_z,Ear.L_x,Ear.L_y,Ear.L_z,Ear.R_x,Ear.R_y,Ear.R_z,hip.Center_x,hip.Center_y,hip.Center_z
0,0.66456395,-0.054905243,-0.48586437,0.33687267,0.037622306,-0.20174858,-0.04870893,0.12915857,-0.09003665,0.02798116,0.2857932,0.088264756,0.38614562,0.24096707,-0.1652748,0.6759827,0.37019572,-0.48279884,-0.44831905,-0.33970186,0.12030367,-0.2426563,-0.26914564,-0.004807982,-0.37551925,-0.02492333,0.031360228,-0.40960217,0.13914771,0.2118114,-0.30433902,0.09874781,0.45943967,-0.4838068,-0.0627567,0.5166974,-0.4312492,0.047151927,0.1263803,-0.61596507,0.053448357,0.14029649,-0.5508974,-0.04993929,0.24156515,-0.5800848,0.0033939667,0.2378678,-0.585583,-0.045359947,0.19243114,-0.5413328,0.08866696,0.19797468,-0.55413926,-0.009359813,0.09830024,-0.010363885201513767,0.20747587084770203,-0.0008859485387802124
