frame,Ankle.R_x,Ankle.R_y,Ankle.R_z,Knee.R_x,Knee.R_y,Knee.R_z,Hip.R_x,Hip.R_y,Hip.R_z,Hip.L_x,Hip.L_y,Hip.L_z,Knee.L_x,Knee.L_y,Knee.L_z,Ankle.L_x,Ankle.L_y,Ankle.L_z,Wrist.R_x,Wrist.R_y,Wrist.R_z,Elbow.R_x,Elbow.R_y,Elbow.R_z,Shoulder.R_x,Shoulder.R_y,Shoulder.R_z,Shoulder.L_x,Shoulder.L_y,Shoulder.L_z,Elbow.L_x,Elbow.L_y,Elbow.L_z,Wrist.L_x,Wrist.L_y,Wrist.L_z,Neck_x,Neck_y,Neck_z,Head_x,Head_y,Head_z,Nose_x,Nose_y,Nose_z,Eye.L_x,Eye.L_y,Eye.L_z,Eye.R_x,Eye.R_y,Eye.R_z,Ear.L_x,Ear.L_y,Ear.L_z,Ear.R_x,Ear.R_y,Ear.R_z,hip.Center_x,hip.Center_y,hip.Center_z
0,0.62123984,-0.03921743,-0.54600656,0.32096112,0.041931935,-0.23221341,-0.052564282,0.1306701,-0.08875409,0.03511554,0.28124666,0.08884319,0.36797723,0.24375819,-0.19746503,0.6248352,0.36843327,-0.54117465,-0.4706397,-0.32947403,0.108627744,-0.2680264,-0.2600716,-0.020772906,-0.38396588,-0.010783052,0.028916199,-0.41472226,0.15285355,0.21002658,-0.32461235,0.11526469,0.46288422,-0.511275,-0.038789704,0.5118712,-0.43745196,0.062374357,0.124137916,-0.6224638,0.07211482,0.13467988,-0.5603468,-0.029797392,0.23923178,-0.5886079,0.023879696,0.23386726,-0.5945723,-0.025848322,0.18968382,-0.5479733,0.10712559,0.19233225,-0.56149346,0.0071888207,0.09509741,-0.00872437097132206,0.20595838129520416,4.455074667930603e-05
