frame,Ankle.R_x,Ankle.R_y,Ankle.R_z,Knee.R_x,Knee.R_y,Knee.R_z,Hip.R_x,Hip.R_y,Hip.R_z,Hip.L_x,Hip.L_y,Hip.L_z,Knee.L_x,Knee.L_y,Knee.L_z,Ankle.L_x,Ankle.L_y,Ankle.L_z,Wrist.R_x,Wrist.R_y,Wrist.R_z,Elbow.R_x,Elbow.R_y,Elbow.R_z,Shoulder.R_x,Shoulder.R_y,Shoulder.R_z,Shoulder.L_x,Shoulder.L_y,Shoulder.L_z,Elbow.L_x,Elbow.L_y,Elbow.L_z,Wrist.L_x,Wrist.L_y,Wrist.L_z,Neck_x,Neck_y,Neck_z,Head_x,Head_y,Head_z,Nose_x,Nose_y,Nose_z,Eye.L_x,Eye.L_y,Eye.L_z,Eye.R_x,Eye.R_y,Eye.R_z,Ear.L_x,Ear.L_y,Ear.L_z,Ear.R_x,Ear.R_y,Ear.R_z,hip.Center_x,hip.Center_y,hip.Center_z
0,0.6239748,-0.027744526,-0.5487127,0.3284799,0.045829758,-0.22693911,-0.04989945,0.12590382,-0.08512565,0.033708666,0.28779346,0.08499275,0.36542788,0.2602483,-0.20440233,0.6215517,0.38253438,-0.55125326,-0.45956415,-0.34564686,0.1213408,-0.26886296,-0.2553726,-0.019394023,-0.38570723,-0.0065212925,0.024963591,-0.4195195,0.14484653,0.21240354,-0.3522254,0.05799898,0.45699328,-0.53151405,-0.1139489,0.49141544,-0.43979728,0.0622152,0.122868456,-0.6235467,0.07957364,0.13123375,-0.5698456,-0.030527562,0.2323559,-0.59492695,0.024955373,0.2288515,-0.6024242,-0.022345839,0.18210337,-0.54866534,0.10794391,0.19231078,-0.56485534,0.012894286,0.08978741,-0.00809539295732975,0.2068486362695694,-6.644800305366516e-05
