frame,Ankle.R_x,Ankle.R_y,Ankle.R_z,Knee.R_x,Knee.R_y,Knee.R_z,Hip.R_x,Hip.R_y,Hip.R_z,Hip.L_x,Hip.L_y,Hip.L_z,Knee.L_x,Knee.L_y,Knee.L_z,Ankle.L_x,Ankle.L_y,Ankle.L_z,Wrist.R_x,Wrist.R_y,Wrist.R_z,Elbow.R_x,Elbow.R_y,Elbow.R_z,Shoulder.R_x,Shoulder.R_y,Shoulder.R_z,Shoulder.L_x,Shoulder.L_y,Shoulder.L_z,Elbow.L_x,Elbow.L_y,Elbow.L_z,Wrist.L_x,Wrist.L_y,Wrist.L_z,Neck_x,Neck_y,Neck_z,Head_x,Head_y,Head_z,Nose_x,Nose_y,Nose_z,Eye.L_x,Eye.L_y,Eye.L_z,Eye.R_x,Eye.R_y,Eye.R_z,Ear.L_x,Ear.L_y,Ear.L_z,Ear.R_x,Ear.R_y,Ear.R_z,hip.Center_x,hip.Center_y,hip.Center_z
0,0.6682242,-0.028473718,-0.49271858,0.33533344,0.045856465,-0.20824215,-0.05197998,0.13277699,-0.09298105,0.031747565,0.28231955,0.089618236,0.38403386,0.24793957,-0.17381948,0.67283356,0.38290897,-0.49105313,-0.44404987,-0.36014292,0.12798856,-0.25328892,-0.2672074,-0.012196854,-0.3791113,-0.020329172,0.025722282,-0.41170558,0.1292062,0.21557385,-0.3281857,0.047528833,0.45872715,-0.495098,-0.13646354,0.49800634,-0.43295917,0.04724237,0.12520948,-0.61637884,0.065862566,0.14091256,-0.55986744,-0.0471278,0.2369014,-0.5845902,0.008658016,0.2357404,-0.59401286,-0.03744188,0.18802549,-0.5390781,0.0926235,0.19967861,-0.5595382,4.223734e-05,0.09520908,-0.010116208344697952,0.20754826068878174,-0.0016814060509204865
