frame,Ankle.R_x,Ankle.R_y,Ankle.R_z,Knee.R_x,Knee.R_y,Knee.R_z,Hip.R_x,Hip.R_y,Hip.R_z,Hip.L_x,Hip.L_y,Hip.L_z,Knee.L_x,Knee.L_y,Knee.L_z,Ankle.L_x,Ankle.L_y,Ankle.L_z,Wrist.R_x,Wrist.R_y,Wrist.R_z,Elbow.R_x,Elbow.R_y,Elbow.R_z,Shoulder.R_x,Shoulder.R_y,Shoulder.R_z,Shoulder.L_x,Shoulder.L_y,Shoulder.L_z,Elbow.L_x,Elbow.L_y,Elbow.L_z,Wrist.L_x,Wrist.L_y,Wrist.L_z,Neck_x,Neck_y,Neck_z,Head_x,Head_y,Head_z,Nose_x,Nose_y,Nose_z,Eye.L_x,Eye.L_y,Eye.L_z,Eye.R_x,Eye.R_y,Eye.R_z,Ear.L_x,Ear.L_y,Ear.L_z,Ear.R_x,Ear.R_y,Ear.R_z,hip.Center_x,hip.Center_y,hip.Center_z
0,0.667746,-0.031061264,-0.4890749,0.33697858,0.04422485,-0.2039586,-0.05111354,0.13116127,-0.09193511,0.030335965,0.28434193,0.088332616,0.3865649,0.25732142,-0.16813986,0.6823393,0.38113368,-0.4818857,-0.43419543,-0.3944298,0.13614918,-0.27428633,-0.2621871,-0.018276442,-0.38512242,-0.008839271,0.015226526,-0.4158199,0.13037233,0.21284881,-0.35566142,0.0075893546,0.44358775,-0.5097034,-0.1924153,0.4803909,-0.43779385,0.05541758,0.11800001,-0.6252135,0.068664685,0.1392219,-0.56084067,-0.045538504,0.22770977,-0.58763456,0.0091039855,0.22989558,-0.5970819,-0.035169344,0.18067196,-0.54691404,0.0960635,0.19608852,-0.56766224,0.007474557,0.08834203,-0.010388786904513836,0.20775160193443298,-0.0018012486398220062
