frame,Ankle.R_x,Ankle.R_y,Ankle.R_z,Knee.R_x,Knee.R_y,Knee.R_z,Hip.R_x,Hip.R_y,Hip.R_z,Hip.L_x,Hip.L_y,Hip.L_z,Knee.L_x,Knee.L_y,Knee.L_z,Ankle.L_x,Ankle.L_y,Ankle.L_z,Wrist.R_x,Wrist.R_y,Wrist.R_z,Elbow.R_x,Elbow.R_y,Elbow.R_z,Shoulder.R_x,Shoulder.R_y,Shoulder.R_z,Shoulder.L_x,Shoulder.L_y,Shoulder.L_z,Elbow.L_x,Elbow.L_y,Elbow.L_z,Wrist.L_x,Wrist.L_y,Wrist.L_z,Neck_x,Neck_y,Neck_z,Head_x,Head_y,Head_z,Nose_x,Nose_y,Nose_z,Eye.L_x,Eye.L_y,Eye.L_z,Eye.R_x,Eye.R_y,Eye.R_z,Ear.L_x,Ear.L_y,Ear.L_z,Ear.R_x,Ear.R_y,Ear.R_z,hip.Center_x,hip.Center_y,hip.Center_z
0,0.6653263,-0.033457574,-0.4873903,0.33681688,0.050420575,-0.20431562,-0.052159566,0.132245,-0.093824536,0.03117914,0.28004807,0.08977134,0.38886136,0.250413,-0.1626451,0.6757307,0.3735229,-0.48219302,-0.40963325,-0.4285526,0.15101574,-0.2994829,-0.25362536,-0.011421676,-0.3930088,0.00485292,0.0077658193,-0.41770852,0.13253154,0.20963088,-0.39289904,-0.020864867,0.42476854,-0.5226044,-0.23846725,0.47796693,-0.4403819,0.06603323,0.11313211,-0.6301962,0.06806901,0.14551638,-0.55037284,-0.040846188,0.22613645,-0.5813713,0.010923985,0.23137978,-0.5906562,-0.033019856,0.18231344,-0.550576,0.100808635,0.19670123,-0.5721218,0.013398306,0.089227736,-0.01049021352082491,0.20614653825759888,-0.0020265989005565643
