frame,Ankle.R_x,Ankle.R_y,Ankle.R_z,Knee.R_x,Knee.R_y,Knee.R_z,Hip.R_x,Hip.R_y,Hip.R_z,Hip.L_x,Hip.L_y,Hip.L_z,Knee.L_x,Knee.L_y,Knee.L_z,Ankle.L_x,Ankle.L_y,Ankle.L_z,Wrist.R_x,Wrist.R_y,Wrist.R_z,Elbow.R_x,Elbow.R_y,Elbow.R_z,Shoulder.R_x,Shoulder.R_y,Shoulder.R_z,Shoulder.L_x,Shoulder.L_y,Shoulder.L_z,Elbow.L_x,Elbow.L_y,Elbow.L_z,Wrist.L_x,Wrist.L_y,Wrist.L_z,Neck_x,Neck_y,Neck_z,Head_x,Head_y,Head_z,Nose_x,Nose_y,Nose_z,Eye.L_x,Eye.L_y,Eye.L_z,Eye.R_x,Eye.R_y,Eye.R_z,Ear.L_x,Ear.L_y,Ear.L_z,Ear.R_x,Ear.R_y,Ear.R_z,hip.Center_x,hip.Center_y,hip.Center_z
0,0.6627573,-0.04043384,-0.49475732,0.3386351,0.04781606,-0.20615625,-0.050061204,0.12790598,-0.089223064,0.029130869,0.28548223,0.086644165,0.39507604,0.24659362,-0.15342772,0.6804245,0.3640225,-0.47768882,-0.4037055,-0.40609416,0.1425447,-0.28801787,-0.24353808,-0.026462082,-0.3944952,0.009508621,0.0057500387,-0.42038006,0.1336512,0.20795816,-0.375997,-0.02485172,0.41757652,-0.513397,-0.24163795,0.43722284,-0.44182014,0.066997446,0.11179538,-0.6308744,0.05302772,0.15284102,-0.53726315,-0.049086295,0.22754428,-0.572379,-0.00027786195,0.23508304,-0.5805771,-0.044422634,0.18603855,-0.5517048,0.09205667,0.19983101,-0.5713547,0.003985569,0.09256922,-0.010465167462825775,0.206694096326828,-0.0012894496321678162
