frame,Ankle.R_x,Ankle.R_y,Ankle.R_z,Knee.R_x,Knee.R_y,Knee.R_z,Hip.R_x,Hip.R_y,Hip.R_z,Hip.L_x,Hip.L_y,Hip.L_z,Knee.L_x,Knee.L_y,Knee.L_z,Ankle.L_x,Ankle.L_y,Ankle.L_z,Wrist.R_x,Wrist.R_y,Wrist.R_z,Elbow.R_x,Elbow.R_y,Elbow.R_z,Shoulder.R_x,Shoulder.R_y,Shoulder.R_z,Shoulder.L_x,Shoulder.L_y,Shoulder.L_z,Elbow.L_x,Elbow.L_y,Elbow.L_z,Wrist.L_x,Wrist.L_y,Wrist.L_z,Neck_x,Neck_y,Neck_z,Head_x,Head_y,Head_z,Nose_x,Nose_y,Nose_z,Eye.L_x,Eye.L_y,Eye.L_z,Eye.R_x,Eye.R_y,Eye.R_z,Ear.L_x,Ear.L_y,Ear.L_z,Ear.R_x,Ear.R_y,Ear.R_z,hip.Center_x,hip.Center_y,hip.Center_z
0,0.5998233,-0.027736593,-0.5796921,0.3209614,0.04821446,-0.24524707,-0.048335902,0.12035379,-0.07856416,0.03282691,0.2922273,0.0806629,0.37155586,0.26031408,-0.19867152,0.61292726,0.36003458,-0.55975837,-0.4229069,-0.34557843,0.124399595,-0.29536653,-0.22499712,-0.061765853,-0.40157834,0.020037444,0.011609525,-0.42943332,0.15915632,0.20303644,-0.3698142,0.019189902,0.42029548,-0.52199125,-0.18316647,0.4147879,-0.44952697,0.083783664,0.1119229,-0.63824975,0.071511775,0.14696045,-0.54774487,-0.032143258,0.22442886,-0.5830175,0.016717989,0.231276,-0.589598,-0.026734516,0.18133679,-0.560709,0.10944342,0.19793783,-0.57638335,0.022612669,0.089293905,-0.007754495367407799,0.20629054307937622,0.0010493695735931396
