frame,Ankle.R_x,Ankle.R_y,Ankle.R_z,Knee.R_x,Knee.R_y,Knee.R_z,Hip.R_x,Hip.R_y,Hip.R_z,Hip.L_x,Hip.L_y,Hip.L_z,Knee.L_x,Knee.L_y,Knee.L_z,Ankle.L_x,Ankle.L_y,Ankle.L_z,Wrist.R_x,Wrist.R_y,Wrist.R_z,Elbow.R_x,Elbow.R_y,Elbow.R_z,Shoulder.R_x,Shoulder.R_y,Shoulder.R_z,Shoulder.L_x,Shoulder.L_y,Shoulder.L_z,Elbow.L_x,Elbow.L_y,Elbow.L_z,Wrist.L_x,Wrist.L_y,Wrist.L_z,Neck_x,Neck_y,Neck_z,Head_x,Head_y,Head_z,Nose_x,Nose_y,Nose_z,Eye.L_x,Eye.L_y,Eye.L_z,Eye.R_x,Eye.R_y,Eye.R_z,Ear.L_x,Ear.L_y,Ear.L_z,Ear.R_x,Ear.R_y,Ear.R_z,hip.Center_x,hip.Center_y,hip.Center_z
0,0.58822244,-0.04050909,-0.5876309,0.31892854,0.03456251,-0.24330041,-0.047090583,0.118524075,-0.07454772,0.030894011,0.29723328,0.07797147,0.37281463,0.25086802,-0.19762278,0.6078197,0.34751606,-0.56603956,-0.43522605,-0.30827338,0.12731071,-0.28552794,-0.22697683,-0.05992832,-0.3986165,0.016102776,0.014396842,-0.43300578,0.1685908,0.19639067,-0.36226055,0.053219613,0.42578048,-0.5279673,-0.13326581,0.40210235,-0.4495782,0.084463574,0.110589616,-0.6360814,0.06976743,0.14542297,-0.5447023,-0.02779904,0.23047337,-0.58069384,0.021036431,0.23380758,-0.5863293,-0.02570881,0.18669179,-0.5592527,0.11182447,0.19457771,-0.5728085,0.017898653,0.09155698,-0.008098285645246506,0.20787867903709412,0.0017118752002716064
