frame,Ankle.R_x,Ankle.R_y,Ankle.R_z,Knee.R_x,Knee.R_y,Knee.R_z,Hip.R_x,Hip.R_y,Hip.R_z,Hip.L_x,Hip.L_y,Hip.L_z,Knee.L_x,Knee.L_y,Knee.L_z,Ankle.L_x,Ankle.L_y,Ankle.L_z,Wrist.R_x,Wrist.R_y,Wrist.R_z,Elbow.R_x,Elbow.R_y,Elbow.R_z,Shoulder.R_x,Shoulder.R_y,Shoulder.R_z,Shoulder.L_x,Shoulder.L_y,Shoulder.L_z,Elbow.L_x,Elbow.L_y,Elbow.L_z,Wrist.L_x,Wrist.L_y,Wrist.L_z,Neck_x,Neck_y,Neck_z,Head_x,Head_y,Head_z,Nose_x,Nose_y,Nose_z,Eye.L_x,Eye.L_y,Eye.L_z,Eye.R_x,Eye.R_y,Eye.R_z,Ear.L_x,Ear.L_y,Ear.L_z,Ear.R_x,Ear.R_y,Ear.R_z,hip.Center_x,hip.Center_y,hip.Center_z
0,0.63328767,-0.07715778,-0.53057945,0.32327992,0.03208664,-0.23110028,-0.049565796,0.121835195,-0.07812513,0.030545685,0.29415408,0.080575705,0.39023528,0.22186472,-0.16606455,0.6578863,0.33385077,-0.5078887,-0.46263403,-0.29798812,0.106434345,-0.26136866,-0.22947879,-0.026605738,-0.39358452,0.012412313,0.012766069,-0.43303502,0.17363478,0.1864205,-0.32474473,0.073021494,0.4080293,-0.5280344,-0.06478768,0.38387966,-0.44861546,0.08365498,0.103807665,-0.63290834,0.04624032,0.14314267,-0.525199,-0.022334635,0.2364481,-0.5686242,0.020186901,0.23450099,-0.56736016,-0.033146165,0.19475798,-0.5631305,0.10631619,0.18242717,-0.56334996,-0.0014019236,0.094013825,-0.009510055184364319,0.20799463987350464,0.0012252889573574066
