frame,Ankle.R_x,Ankle.R_y,Ankle.R_z,Knee.R_x,Knee.R_y,Knee.R_z,Hip.R_x,Hip.R_y,Hip.R_z,Hip.L_x,Hip.L_y,Hip.L_z,Knee.L_x,Knee.L_y,Knee.L_z,Ankle.L_x,Ankle.L_y,Ankle.L_z,Wrist.R_x,Wrist.R_y,Wrist.R_z,Elbow.R_x,Elbow.R_y,Elbow.R_z,Shoulder.R_x,Shoulder.R_y,Shoulder.R_z,Shoulder.L_x,Shoulder.L_y,Shoulder.L_z,Elbow.L_x,Elbow.L_y,Elbow.L_z,Wrist.L_x,Wrist.L_y,Wrist.L_z,Neck_x,Neck_y,Neck_z,Head_x,Head_y,Head_z,Nose_x,Nose_y,Nose_z,Eye.L_x,Eye.L_y,Eye.L_z,Eye.R_x,Eye.R_y,Eye.R_z,Ear.L_x,Ear.L_y,Ear.L_z,Ear.R_x,Ear.R_y,Ear.R_z,hip.Center_x,hip.Center_y,hip.Center_z
0,0.5859652,-0.08689182,-0.5809869,0.30533716,0.032335084,-0.25789216,-0.05169168,0.12066572,-0.07409628,0.036397386,0.2929418,0.079230614,0.3712542,0.22321104,-0.2022191,0.5976125,0.32024837,-0.575842,-0.47672966,-0.28874353,0.105322964,-0.2803338,-0.21960296,-0.03504541,-0.39996383,0.026803618,0.010958274,-0.4386837,0.18858153,0.1829078,-0.35199076,0.08820871,0.4137072,-0.55319273,-0.051894326,0.38575554,-0.45373923,0.098949775,0.10024502,-0.63851494,0.053174786,0.12974086,-0.53233194,-0.008520439,0.2294693,-0.578073,0.0313282,0.22485757,-0.57155097,-0.021885395,0.18563554,-0.57446694,0.11722584,0.17267671,-0.5639143,0.0096475035,0.08525014,-0.00764714740216732,0.20680376887321472,0.0025671683251857758
