frame,Ankle.R_x,Ankle.R_y,Ankle.R_z,Knee.R_x,Knee.R_y,Knee.R_z,Hip.R_x,Hip.R_y,Hip.R_z,Hip.L_x,Hip.L_y,Hip.L_z,Knee.L_x,Knee.L_y,Knee.L_z,Ankle.L_x,Ankle.L_y,Ankle.L_z,Wrist.R_x,Wrist.R_y,Wrist.R_z,Elbow.R_x,Elbow.R_y,Elbow.R_z,Shoulder.R_x,Shoulder.R_y,Shoulder.R_z,Shoulder.L_x,Shoulder.L_y,Shoulder.L_z,Elbow.L_x,Elbow.L_y,Elbow.L_z,Wrist.L_x,Wrist.L_y,Wrist.L_z,Neck_x,Neck_y,Neck_z,Head_x,Head_y,Head_z,Nose_x,Nose_y,Nose_z,Eye.L_x,Eye.L_y,Eye.L_z,Eye.R_x,Eye.R_y,Eye.R_z,Ear.L_x,Ear.L_y,Ear.L_z,Ear.R_x,Ear.R_y,Ear.R_z,hip.Center_x,hip.Center_y,hip.Center_z
0,0.5768155,-0.0764803,-0.59056544,0.31209865,0.027417911,-0.24892125,-0.045424387,0.11045748,-0.060301773,0.030693332,0.30565196,0.0682279,0.37520492,0.2240944,-0.19715743,0.5974999,0.32475594,-0.5733939,-0.50108814,-0.25888035,0.09059838,-0.29058886,-0.21692926,-0.035746515,-0.40198678,0.031976253,0.018053045,-0.43731457,0.20062909,0.18683648,-0.34741005,0.09417537,0.41373494,-0.5547837,-0.03589612,0.38577867,-0.45537293,0.106652975,0.10636001,-0.640781,0.05902925,0.13155057,-0.5372902,-0.0030737668,0.23429684,-0.58318216,0.03651856,0.2287703,-0.57514393,-0.016131938,0.1890718,-0.57838106,0.12291767,0.1774407,-0.5646558,0.01645355,0.08951556,-0.0073655275627970695,0.20805472135543823,0.003963064402341843
