frame,Ankle.R_x,Ankle.R_y,Ankle.R_z,Knee.R_x,Knee.R_y,Knee.R_z,Hip.R_x,Hip.R_y,Hip.R_z,Hip.L_x,Hip.L_y,Hip.L_z,Knee.L_x,Knee.L_y,Knee.L_z,Ankle.L_x,Ankle.L_y,Ankle.L_z,Wrist.R_x,Wrist.R_y,Wrist.R_z,Elbow.R_x,Elbow.R_y,Elbow.R_z,Shoulder.R_x,Shoulder.R_y,Shoulder.R_z,Shoulder.L_x,Shoulder.L_y,Shoulder.L_z,Elbow.L_x,Elbow.L_y,Elbow.L_z,Wrist.L_x,Wrist.L_y,Wrist.L_z,Neck_x,Neck_y,Neck_z,Head_x,Head_y,Head_z,Nose_x,Nose_y,Nose_z,Eye.L_x,Eye.L_y,Eye.L_z,Eye.R_x,Eye.R_y,Eye.R_z,Ear.L_x,Ear.L_y,Ear.L_z,Ear.R_x,Ear.R_y,Ear.R_z,hip.Center_x,hip.Center_y,hip.Center_z
0,0.57853436,-0.06109117,-0.5944056,0.30641714,0.03416286,-0.25826558,-0.050402842,0.12143436,-0.07600362,0.035109065,0.291811,0.080295086,0.37212446,0.22981848,-0.19822004,0.60601366,0.33380482,-0.56440645,-0.5208728,-0.28906065,0.0879946,-0.30687484,-0.23382922,-0.02998402,-0.4006397,0.022751499,0.01829866,-0.4328879,0.18305616,0.19291253,-0.3655501,0.07071529,0.42451334,-0.5813451,-0.0492749,0.40995514,-0.45252034,0.09496202,0.10794173,-0.639735,0.06240444,0.11798349,-0.5519133,-0.011168681,0.2274778,-0.5933869,0.032586507,0.21911162,-0.5866607,-0.019926406,0.17884937,-0.57611156,0.11943477,0.17089708,-0.5646631,0.013644025,0.08138566,-0.007646888494491577,0.2066226750612259,0.0021457336843013763
