frame,Ankle.R_x,Ankle.R_y,Ankle.R_z,Knee.R_x,Knee.R_y,Knee.R_z,Hip.R_x,Hip.R_y,Hip.R_z,Hip.L_x,Hip.L_y,Hip.L_z,Knee.L_x,Knee.L_y,Knee.L_z,Ankle.L_x,Ankle.L_y,Ankle.L_z,Wrist.R_x,Wrist.R_y,Wrist.R_z,Elbow.R_x,Elbow.R_y,Elbow.R_z,Shoulder.R_x,Shoulder.R_y,Shoulder.R_z,Shoulder.L_x,Shoulder.L_y,Shoulder.L_z,Elbow.L_x,Elbow.L_y,Elbow.L_z,Wrist.L_x,Wrist.L_y,Wrist.L_z,Neck_x,Neck_y,Neck_z,Head_x,Head_y,Head_z,Nose_x,Nose_y,Nose_z,Eye.L_x,Eye.L_y,Eye.L_z,Eye.R_x,Eye.R_y,Eye.R_z,Ear.L_x,Ear.L_y,Ear.L_z,Ear.R_x,Ear.R_y,Ear.R_z,hip.Center_x,hip.Center_y,hip.Center_z
0,0.6447264,-0.06142564,-0.5168213,0.32798865,0.03865299,-0.22347559,-0.050791558,0.12744468,-0.08586174,0.033084456,0.28599998,0.085978284,0.3795694,0.22991869,-0.18158992,0.6550531,0.33555385,-0.51920485,-0.49844903,-0.34411353,0.08714948,-0.2929188,-0.24887511,-0.02771615,-0.39279273,0.006582373,0.009533441,-0.4290053,0.15343812,0.193623,-0.36983365,0.03519002,0.4251624,-0.5760664,-0.10534687,0.42639798,-0.44576672,0.07235986,0.10456716,-0.6326684,0.05173736,0.11873231,-0.5501414,-0.032622628,0.22462377,-0.5873448,0.015166659,0.21811289,-0.58610487,-0.03693539,0.17636113,-0.5635088,0.10180637,0.17139319,-0.5623756,-0.003465727,0.07880624,-0.008853551000356674,0.20672233402729034,5.827099084854126e-05
