frame,Ankle.R_x,Ankle.R_y,Ankle.R_z,Knee.R_x,Knee.R_y,Knee.R_z,Hip.R_x,Hip.R_y,Hip.R_z,Hip.L_x,Hip.L_y,Hip.L_z,Knee.L_x,Knee.L_y,Knee.L_z,Ankle.L_x,Ankle.L_y,Ankle.L_z,Wrist.R_x,Wrist.R_y,Wrist.R_z,Elbow.R_x,Elbow.R_y,Elbow.R_z,Shoulder.R_x,Shoulder.R_y,Shoulder.R_z,Shoulder.L_x,Shoulder.L_y,Shoulder.L_z,Elbow.L_x,Elbow.L_y,Elbow.L_z,Wrist.L_x,Wrist.L_y,Wrist.L_z,Neck_x,Neck_y,Neck_z,Head_x,Head_y,Head_z,Nose_x,Nose_y,Nose_z,Eye.L_x,Eye.L_y,Eye.L_z,Eye.R_x,Eye.R_y,Eye.R_z,Ear.L_x,Ear.L_y,Ear.L_z,Ear.R_x,Ear.R_y,Ear.R_z,hip.Center_x,hip.Center_y,hip.Center_z
0,0.59086496,-0.023267902,-0.5945758,0.30383715,0.054397617,-0.26611796,-0.05987411,0.13799942,-0.09169714,0.04307493,0.27187935,0.091061905,0.37045664,0.23336512,-0.20282531,0.611208,0.36883897,-0.5548246,-0.48246226,-0.3580118,0.10128994,-0.3203852,-0.22792584,-0.052862372,-0.40091613,0.032853737,-0.008228181,-0.43496722,0.1594581,0.19038993,-0.40694907,0.028381363,0.42204362,-0.57191694,-0.16424388,0.42766514,-0.45167893,0.090892345,0.09268675,-0.64154536,0.081286915,0.10475476,-0.56473345,-0.024799898,0.19354232,-0.59903306,0.025389723,0.19574405,-0.60063016,-0.018291987,0.14546627,-0.5696224,0.11729114,0.16505273,-0.574481,0.030081932,0.055159643,-0.008399590849876404,0.20493938028812408,-0.0003176182508468628
