frame,Ankle.R_x,Ankle.R_y,Ankle.R_z,Knee.R_x,Knee.R_y,Knee.R_z,Hip.R_x,Hip.R_y,Hip.R_z,Hip.L_x,Hip.L_y,Hip.L_z,Knee.L_x,Knee.L_y,Knee.L_z,Ankle.L_x,Ankle.L_y,Ankle.L_z,Wrist.R_x,Wrist.R_y,Wrist.R_z,Elbow.R_x,Elbow.R_y,Elbow.R_z,Shoulder.R_x,Shoulder.R_y,Shoulder.R_z,Shoulder.L_x,Shoulder.L_y,Shoulder.L_z,Elbow.L_x,Elbow.L_y,Elbow.L_z,Wrist.L_x,Wrist.L_y,Wrist.L_z,Neck_x,Neck_y,Neck_z,Head_x,Head_y,Head_z,Nose_x,Nose_y,Nose_z,Eye.L_x,Eye.L_y,Eye.L_z,Eye.R_x,Eye.R_y,Eye.R_z,Ear.L_x,Ear.L_y,Ear.L_z,Ear.R_x,Ear.R_y,Ear.R_z,hip.Center_x,hip.Center_y,hip.Center_z
0,0.6318048,-0.040073287,-0.5365149,0.31820083,0.04854909,-0.23549782,-0.059638467,0.14187808,-0.09673298,0.03977061,0.26983067,0.09335906,0.38468722,0.22478779,-0.17748089,0.65513074,0.36400443,-0.5067338,-0.47887415,-0.36335912,0.10471876,-0.31690627,-0.23642586,-0.052738458,-0.40030462,0.023908535,-0.010381573,-0.4315268,0.14523776,0.19211304,-0.4067667,0.00592524,0.41953278,-0.5729213,-0.18720607,0.42132485,-0.4490668,0.079914466,0.09376005,-0.6391106,0.0704935,0.11731988,-0.5564102,-0.033598565,0.20249015,-0.5905789,0.016559642,0.20592368,-0.59538496,-0.028178625,0.156764,-0.5636363,0.107883886,0.17159772,-0.5754217,0.018493261,0.06370061,-0.009933928027749062,0.2058543860912323,-0.0016869604587554932
