frame,Ankle.R_x,Ankle.R_y,Ankle.R_z,Knee.R_x,Knee.R_y,Knee.R_z,Hip.R_x,Hip.R_y,Hip.R_z,Hip.L_x,Hip.L_y,Hip.L_z,Knee.L_x,Knee.L_y,Knee.L_z,Ankle.L_x,Ankle.L_y,Ankle.L_z,Wrist.R_x,Wrist.R_y,Wrist.R_z,Elbow.R_x,Elbow.R_y,Elbow.R_z,Shoulder.R_x,Shoulder.R_y,Shoulder.R_z,Shoulder.L_x,Shoulder.L_y,Shoulder.L_z,Elbow.L_x,Elbow.L_y,Elbow.L_z,Wrist.L_x,Wrist.L_y,Wrist.L_z,Neck_x,Neck_y,Neck_z,Head_x,Head_y,Head_z,Nose_x,Nose_y,Nose_z,Eye.L_x,Eye.L_y,Eye.L_z,Eye.R_x,Eye.R_y,Eye.R_z,Ear.L_x,Ear.L_y,Ear.L_z,Ear.R_x,Ear.R_y,Ear.R_z,hip.Center_x,hip.Center_y,hip.Center_z
0,0.57884556,-0.011575543,-0.60676426,0.30740434,0.04996995,-0.261865,-0.05759213,0.13574612,-0.09068801,0.04046701,0.27388382,0.0907563,0.37441966,0.22976275,-0.1952116,0.60308886,0.36541545,-0.5546744,-0.47429475,-0.3395802,0.102737576,-0.3245992,-0.21600202,-0.06652779,-0.40732184,0.042606074,-0.014345865,-0.43841967,0.16697717,0.18455274,-0.40983412,0.035383612,0.4164308,-0.5725184,-0.15829797,0.41529328,-0.45598763,0.09986625,0.08707791,-0.6458337,0.08877185,0.108963974,-0.5623535,-0.017346025,0.1910496,-0.5970404,0.032230735,0.19608048,-0.60137284,-0.010733895,0.1455039,-0.5708236,0.12462672,0.164763,-0.58144695,0.03898541,0.05446005,-0.008562561124563217,0.20481497049331665,3.414228558540344e-05
