frame,Ankle.R_x,Ankle.R_y,Ankle.R_z,Knee.R_x,Knee.R_y,Knee.R_z,Hip.R_x,Hip.R_y,Hip.R_z,Hip.L_x,Hip.L_y,Hip.L_z,Knee.L_x,Knee.L_y,Knee.L_z,Ankle.L_x,Ankle.L_y,Ankle.L_z,Wrist.R_x,Wrist.R_y,Wrist.R_z,Elbow.R_x,Elbow.R_y,Elbow.R_z,Shoulder.R_x,Shoulder.R_y,Shoulder.R_z,Shoulder.L_x,Shoulder.L_y,Shoulder.L_z,Elbow.L_x,Elbow.L_y,Elbow.L_z,Wrist.L_x,Wrist.L_y,Wrist.L_z,Neck_x,Neck_y,Neck_z,Head_x,Head_y,Head_z,Nose_x,Nose_y,Nose_z,Eye.L_x,Eye.L_y,Eye.L_z,Eye.R_x,Eye.R_y,Eye.R_z,Ear.L_x,Ear.L_y,Ear.L_z,Ear.R_x,Ear.R_y,Ear.R_z,hip.Center_x,hip.Center_y,hip.Center_z
0,0.56958294,-0.013257761,-0.61999995,0.30398992,0.052622266,-0.2703413,-0.056027092,0.1318493,-0.087074205,0.03844834,0.27948645,0.08853024,0.3804997,0.23061483,-0.1889259,0.58889526,0.36847085,-0.5588577,-0.44037908,-0.3005203,0.093477376,-0.28616506,-0.20144333,-0.08328926,-0.4058581,0.04169319,-0.017129283,-0.4411015,0.17730603,0.18047349,-0.38425922,0.06078599,0.41664222,-0.53817886,-0.13735063,0.40130645,-0.45857462,0.104593076,0.08412086,-0.64888746,0.09299474,0.117030695,-0.55759203,-0.011605553,0.19197616,-0.5930899,0.03698668,0.19983642,-0.59977317,-0.0055664927,0.14927766,-0.5710813,0.13018295,0.16814868,-0.5871779,0.045749348,0.05791856,-0.00878937542438507,0.2056678831577301,0.000728018581867218
