frame,Ankle.R_x,Ankle.R_y,Ankle.R_z,Knee.R_x,Knee.R_y,Knee.R_z,Hip.R_x,Hip.R_y,Hip.R_z,Hip.L_x,Hip.L_y,Hip.L_z,Knee.L_x,Knee.L_y,Knee.L_z,Ankle.L_x,Ankle.L_y,Ankle.L_z,Wrist.R_x,Wrist.R_y,Wrist.R_z,Elbow.R_x,Elbow.R_y,Elbow.R_z,Shoulder.R_x,Shoulder.R_y,Shoulder.R_z,Shoulder.L_x,Shoulder.L_y,Shoulder.L_z,Elbow.L_x,Elbow.L_y,Elbow.L_z,Wrist.L_x,Wrist.L_y,Wrist.L_z,Neck_x,Neck_y,Neck_z,Head_x,Head_y,Head_z,Nose_x,Nose_y,Nose_z,Eye.L_x,Eye.L_y,Eye.L_z,Eye.R_x,Eye.R_y,Eye.R_z,Ear.L_x,Ear.L_y,Ear.L_z,Ear.R_x,Ear.R_y,Ear.R_z,hip.Center_x,hip.Center_y,hip.Center_z
0,0.60843647,-0.052867305,-0.55641216,0.32828546,0.022605253,-0.21974996,-0.0461469,0.11589047,-0.0713608,0.027980914,0.30163592,0.0745427,0.38575745,0.24116632,-0.17867683,0.617235,0.34773695,-0.5475564,-0.43675902,-0.27170628,0.084416874,-0.25566775,-0.20339699,-0.07413269,-0.39954352,0.026692614,-0.005495318,-0.44217435,0.18460993,0.17531383,-0.34155628,0.08143944,0.40266916,-0.50745785,-0.10242656,0.3753382,-0.45986167,0.100601844,0.086473994,-0.6457053,0.113523245,0.09188841,-0.5853176,0.013593014,0.20003071,-0.6129284,0.067398205,0.1927243,-0.61941016,0.016563268,0.15013035,-0.5707998,0.1483829,0.14919275,-0.58495927,0.046491053,0.05467654,-0.009082992561161518,0.20876319706439972,0.0015909522771835327
