frame,Ankle.R_x,Ankle.R_y,Ankle.R_z,Knee.R_x,Knee.R_y,Knee.R_z,Hip.R_x,Hip.R_y,Hip.R_z,Hip.L_x,Hip.L_y,Hip.L_z,Knee.L_x,Knee.L_y,Knee.L_z,Ankle.L_x,Ankle.L_y,Ankle.L_z,Wrist.R_x,Wrist.R_y,Wrist.R_z,Elbow.R_x,Elbow.R_y,Elbow.R_z,Shoulder.R_x,Shoulder.R_y,Shoulder.R_z,Shoulder.L_x,Shoulder.L_y,Shoulder.L_z,Elbow.L_x,Elbow.L_y,Elbow.L_z,Wrist.L_x,Wrist.L_y,Wrist.L_z,Neck_x,Neck_y,Neck_z,Head_x,Head_y,Head_z,Nose_x,Nose_y,Nose_z,Eye.L_x,Eye.L_y,Eye.L_z,Eye.R_x,Eye.R_y,Eye.R_z,Ear.L_x,Ear.L_y,Ear.L_z,Ear.R_x,Ear.R_y,Ear.R_z,hip.Center_x,hip.Center_y,hip.Center_z
0,0.5435653,-0.052708596,-0.6286038,0.30167374,0.030288285,-0.26451057,-0.050100986,0.11806107,-0.07101274,0.033868305,0.2966196,0.07676537,0.37615114,0.23435439,-0.19784671,0.57372576,0.34170654,-0.58518946,-0.42504793,-0.26098254,0.09015349,-0.2511542,-0.18548024,-0.07344918,-0.40215313,0.041697282,-0.007881061,-0.4445579,0.20376363,0.17327455,-0.35381678,0.1262183,0.41652778,-0.515108,-0.062164262,0.40540397,-0.46319383,0.11724686,0.083731934,-0.6509204,0.12826827,0.085274056,-0.5906011,0.0257348,0.19074315,-0.61953616,0.079071335,0.18496002,-0.6237215,0.030020315,0.14020899,-0.578106,0.16241175,0.1458551,-0.5880579,0.064523295,0.047275662,-0.008116340264678001,0.2073403298854828,0.002876315265893936
