frame,Ankle.R_x,Ankle.R_y,Ankle.R_z,Knee.R_x,Knee.R_y,Knee.R_z,Hip.R_x,Hip.R_y,Hip.R_z,Hip.L_x,Hip.L_y,Hip.L_z,Knee.L_x,Knee.L_y,Knee.L_z,Ankle.L_x,Ankle.L_y,Ankle.L_z,Wrist.R_x,Wrist.R_y,Wrist.R_z,Elbow.R_x,Elbow.R_y,Elbow.R_z,Shoulder.R_x,Shoulder.R_y,Shoulder.R_z,Shoulder.L_x,Shoulder.L_y,Shoulder.L_z,Elbow.L_x,Elbow.L_y,Elbow.L_z,Wrist.L_x,Wrist.L_y,Wrist.L_z,Neck_x,Neck_y,Neck_z,Head_x,Head_y,Head_z,Nose_x,Nose_y,Nose_z,Eye.L_x,Eye.L_y,Eye.L_z,Eye.R_x,Eye.R_y,Eye.R_z,Ear.L_x,Ear.L_y,Ear.L_z,Ear.R_x,Ear.R_y,Ear.R_z,hip.Center_x,hip.Center_y,hip.Center_z
0,0.53482604,-0.060648985,-0.6349314,0.28498673,0.024928952,-0.27848122,-0.05375255,0.118598476,-0.06959555,0.037935395,0.29662842,0.07574439,0.3699759,0.23157902,-0.2105984,0.5531311,0.32721126,-0.60606927,-0.36112428,-0.257318,0.104934216,-0.23154156,-0.15873519,-0.08442605,-0.40292203,0.046588764,0.0036597922,-0.43797445,0.22212557,0.18309711,-0.3045161,0.16673107,0.41208193,-0.45937216,-0.024365425,0.40758687,-0.46469638,0.13049845,0.09469182,-0.6511035,0.1575019,0.08386106,-0.60648096,0.053480245,0.19575852,-0.6306541,0.10879432,0.1867109,-0.635737,0.05890588,0.14298669,-0.5797876,0.18727101,0.14903067,-0.59145045,0.088013574,0.05241756,-0.007908577099442482,0.20761343836784363,0.003074418753385544
