frame,Ankle.R_x,Ankle.R_y,Ankle.R_z,Knee.R_x,Knee.R_y,Knee.R_z,Hip.R_x,Hip.R_y,Hip.R_z,Hip.L_x,Hip.L_y,Hip.L_z,Knee.L_x,Knee.L_y,Knee.L_z,Ankle.L_x,Ankle.L_y,Ankle.L_z,Wrist.R_x,Wrist.R_y,Wrist.R_z,Elbow.R_x,Elbow.R_y,Elbow.R_z,Shoulder.R_x,Shoulder.R_y,Shoulder.R_z,Shoulder.L_x,Shoulder.L_y,Shoulder.L_z,Elbow.L_x,Elbow.L_y,Elbow.L_z,Wrist.L_x,Wrist.L_y,Wrist.L_z,Neck_x,Neck_y,Neck_z,Head_x,Head_y,Head_z,Nose_x,Nose_y,Nose_z,Eye.L_x,Eye.L_y,Eye.L_z,Eye.R_x,Eye.R_y,Eye.R_z,Ear.L_x,Ear.L_y,Ear.L_z,Ear.R_x,Ear.R_y,Ear.R_z,hip.Center_x,hip.Center_y,hip.Center_z
0,0.52761143,-0.059914567,-0.643386,0.2818985,0.02817623,-0.2836639,-0.055934347,0.122215055,-0.072335236,0.040326413,0.29381928,0.078340374,0.3642897,0.22398,-0.21763195,0.54918605,0.32550684,-0.61155635,-0.31636998,-0.23888464,0.11883567,-0.20901482,-0.13662715,-0.08152426,-0.40309083,0.046831384,0.010499936,-0.4386047,0.23232676,0.18206134,-0.28215745,0.20281617,0.40290645,-0.42786407,0.0056398613,0.40297693,-0.46728978,0.13574754,0.097020596,-0.6513276,0.1675521,0.07531099,-0.61668193,0.06523754,0.19268365,-0.6387042,0.12115411,0.18060906,-0.64239365,0.07009351,0.13791575,-0.5830987,0.19738407,0.1443122,-0.5918175,0.09551659,0.04975219,-0.007803967222571373,0.20801717042922974,0.003002569079399109
