frame,Ankle.R_x,Ankle.R_y,Ankle.R_z,Knee.R_x,Knee.R_y,Knee.R_z,Hip.R_x,Hip.R_y,Hip.R_z,Hip.L_x,Hip.L_y,Hip.L_z,Knee.L_x,Knee.L_y,Knee.L_z,Ankle.L_x,Ankle.L_y,Ankle.L_z,Wrist.R_x,Wrist.R_y,Wrist.R_z,Elbow.R_x,Elbow.R_y,Elbow.R_z,Shoulder.R_x,Shoulder.R_y,Shoulder.R_z,Shoulder.L_x,Shoulder.L_y,Shoulder.L_z,Elbow.L_x,Elbow.L_y,Elbow.L_z,Wrist.L_x,Wrist.L_y,Wrist.L_z,Neck_x,Neck_y,Neck_z,Head_x,Head_y,Head_z,Nose_x,Nose_y,Nose_z,Eye.L_x,Eye.L_y,Eye.L_z,Eye.R_x,Eye.R_y,Eye.R_z,Ear.L_x,Ear.L_y,Ear.L_z,Ear.R_x,Ear.R_y,Ear.R_z,hip.Center_x,hip.Center_y,hip.Center_z
0,0.58210826,-0.070971474,-0.5805481,0.30886653,0.011503902,-0.23906875,-0.050136283,0.113680944,-0.064371645,0.03168991,0.3055895,0.06976849,0.38150764,0.2253668,-0.19078477,0.6079043,0.32307267,-0.56439453,-0.24646927,-0.2352359,0.1320597,-0.18075432,-0.12227273,-0.081255704,-0.39587405,0.03539653,0.012901426,-0.4367354,0.22846371,0.17978558,-0.24692097,0.2139405,0.3767356,-0.37524322,0.0051753274,0.3916631,-0.46670246,0.12730347,0.096299835,-0.65124595,0.15420146,0.062573895,-0.61989623,0.06562502,0.19146499,-0.6421051,0.11949582,0.17262457,-0.643525,0.064064525,0.13580303,-0.5862154,0.19205579,0.13064268,-0.589991,0.081053875,0.04737453,-0.00922318734228611,0.20963522791862488,0.0026984214782714844
