frame,Ankle.R_x,Ankle.R_y,Ankle.R_z,Knee.R_x,Knee.R_y,Knee.R_z,Hip.R_x,Hip.R_y,Hip.R_z,Hip.L_x,Hip.L_y,Hip.L_z,Knee.L_x,Knee.L_y,Knee.L_z,Ankle.L_x,Ankle.L_y,Ankle.L_z,Wrist.R_x,Wrist.R_y,Wrist.R_z,Elbow.R_x,Elbow.R_y,Elbow.R_z,Shoulder.R_x,Shoulder.R_y,Shoulder.R_z,Shoulder.L_x,Shoulder.L_y,Shoulder.L_z,Elbow.L_x,Elbow.L_y,Elbow.L_z,Wrist.L_x,Wrist.L_y,Wrist.L_z,Neck_x,Neck_y,Neck_z,Head_x,Head_y,Head_z,Nose_x,Nose_y,Nose_z,Eye.L_x,Eye.L_y,Eye.L_z,Eye.R_x,Eye.R_y,Eye.R_z,Ear.L_x,Ear.L_y,Ear.L_z,Ear.R_x,Ear.R_y,Ear.R_z,hip.Center_x,hip.Center_y,hip.Center_z
0,0.5352186,-0.048613343,-0.62805533,0.2753239,0.011808529,-0.27445954,-0.06422434,0.12910774,-0.07799569,0.044197515,0.287603,0.0820273,0.37943769,0.19977574,-0.19890164,0.541639,0.3292291,-0.5925443,-0.03743723,-0.24732774,0.106380835,-0.17933439,-0.08168578,-0.037862144,-0.40910405,0.06894475,0.013604434,-0.419187,0.26029307,0.19440056,-0.19535723,0.24448171,0.34863475,-0.13325636,0.050477702,0.49983206,-0.4695967,0.16542114,0.10396486,-0.6661621,0.19840103,0.08174934,-0.6193499,0.10098164,0.19665962,-0.6449418,0.15509248,0.18536517,-0.64837635,0.10359346,0.14388587,-0.59558743,0.23280516,0.14553402,-0.6044873,0.12980388,0.05320967,-0.010013412684202194,0.2083553671836853,0.00201580673456192
