frame,Ankle.R_x,Ankle.R_y,Ankle.R_z,Knee.R_x,Knee.R_y,Knee.R_z,Hip.R_x,Hip.R_y,Hip.R_z,Hip.L_x,Hip.L_y,Hip.L_z,Knee.L_x,Knee.L_y,Knee.L_z,Ankle.L_x,Ankle.L_y,Ankle.L_z,Wrist.R_x,Wrist.R_y,Wrist.R_z,Elbow.R_x,Elbow.R_y,Elbow.R_z,Shoulder.R_x,Shoulder.R_y,Shoulder.R_z,Shoulder.L_x,Shoulder.L_y,Shoulder.L_z,Elbow.L_x,Elbow.L_y,Elbow.L_z,Wrist.L_x,Wrist.L_y,Wrist.L_z,Neck_x,Neck_y,Neck_z,Head_x,Head_y,Head_z,Nose_x,Nose_y,Nose_z,Eye.L_x,Eye.L_y,Eye.L_z,Eye.R_x,Eye.R_y,Eye.R_z,Ear.L_x,Ear.L_y,Ear.L_z,Ear.R_x,Ear.R_y,Ear.R_z,hip.Center_x,hip.Center_y,hip.Center_z
0,0.5721331,-0.059044022,-0.58311564,0.2888367,0.0024612364,-0.24816228,-0.06306854,0.1323455,-0.083342694,0.03890268,0.28479758,0.08593546,0.3958042,0.18744344,-0.16223627,0.5961067,0.33147007,-0.5327066,0.031925112,-0.19233792,0.09416426,-0.16290088,-0.06926763,-0.03309214,-0.40646666,0.058643796,0.015057725,-0.41045117,0.24987805,0.19773714,-0.16439278,0.2493983,0.32064378,-0.05024015,0.06752355,0.45768398,-0.4667931,0.15484855,0.10733644,-0.663858,0.1889131,0.08468494,-0.6174289,0.09313102,0.20097463,-0.6425576,0.1473556,0.18883765,-0.6465858,0.09516634,0.14828426,-0.5928414,0.22380032,0.1475076,-0.6029557,0.11931901,0.057179503,-0.012082928791642189,0.20857153832912445,0.0012963823974132538
