frame,Ankle.R_x,Ankle.R_y,Ankle.R_z,Knee.R_x,Knee.R_y,Knee.R_z,Hip.R_x,Hip.R_y,Hip.R_z,Hip.L_x,Hip.L_y,Hip.L_z,Knee.L_x,Knee.L_y,Knee.L_z,Ankle.L_x,Ankle.L_y,Ankle.L_z,Wrist.R_x,Wrist.R_y,Wrist.R_z,Elbow.R_x,Elbow.R_y,Elbow.R_z,Shoulder.R_x,Shoulder.R_y,Shoulder.R_z,Shoulder.L_x,Shoulder.L_y,Shoulder.L_z,Elbow.L_x,Elbow.L_y,Elbow.L_z,Wrist.L_x,Wrist.L_y,Wrist.L_z,Neck_x,Neck_y,Neck_z,Head_x,Head_y,Head_z,Nose_x,Nose_y,Nose_z,Eye.L_x,Eye.L_y,Eye.L_z,Eye.R_x,Eye.R_y,Eye.R_z,Ear.L_x,Ear.L_y,Ear.L_z,Ear.R_x,Ear.R_y,Ear.R_z,hip.Center_x,hip.Center_y,hip.Center_z
0,-0.1266396,0.061214555,0.13376693,0.008773034,0.3453013,0.4103596,-0.03959529,0.31089407,0.07641845,-0.018391503,0.18322767,-0.14849918,0.101204075,0.35213354,-0.29665953,0.21228522,0.07444027,0.0060935626,0.73256516,0.4144494,0.11634596,0.5015911,0.49708018,-0.0046362337,0.2926431,0.5881631,-0.10257278,0.2692342,0.5951131,-0.24591643,0.47197452,0.4975725,-0.34462774,0.6627546,0.40626714,-0.18338056,0.29674274,0.60210276,-0.16475734,0.28151184,0.7106738,-0.08606063,0.42933923,0.65494716,-0.05952269,0.39504972,0.704627,-0.074829936,0.36899054,0.6519164,-0.043622226,0.34771323,0.7197089,-0.17037234,0.28845513,0.60701716,-0.092081904,-0.0289933979511261,0.2470608651638031,-0.03604036197066307
