frame,Ankle.R_x,Ankle.R_y,Ankle.R_z,Knee.R_x,Knee.R_y,Knee.R_z,Hip.R_x,Hip.R_y,Hip.R_z,Hip.L_x,Hip.L_y,Hip.L_z,Knee.L_x,Knee.L_y,Knee.L_z,Ankle.L_x,Ankle.L_y,Ankle.L_z,Wrist.R_x,Wrist.R_y,Wrist.R_z,Elbow.R_x,Elbow.R_y,Elbow.R_z,Shoulder.R_x,Shoulder.R_y,Shoulder.R_z,Shoulder.L_x,Shoulder.L_y,Shoulder.L_z,Elbow.L_x,Elbow.L_y,Elbow.L_z,Wrist.L_x,Wrist.L_y,Wrist.L_z,Neck_x,Neck_y,Neck_z,Head_x,Head_y,Head_z,Nose_x,Nose_y,Nose_z,Eye.L_x,Eye.L_y,Eye.L_z,Eye.R_x,Eye.R_y,Eye.R_z,Ear.L_x,Ear.L_y,Ear.L_z,Ear.R_x,Ear.R_y,Ear.R_z,hip.Center_x,hip.Center_y,hip.Center_z
0,0.26688036,0.04165742,0.2013597,-0.017535942,0.26802412,0.40800795,-0.12397697,0.25891945,0.018074092,0.10997279,0.23166318,-0.10229868,-0.016076587,0.27745536,0.31480697,0.20272076,0.061077517,0.047215667,0.0012086586,0.1812796,0.15812933,-0.029485976,0.4502118,0.13757224,0.0117697455,0.70203006,0.050333597,-0.07909758,0.7079935,-0.17894849,-0.15257393,0.46906126,-0.12571038,-0.130727,0.26483485,-0.29110515,-0.0043926165,0.75021505,-0.078491166,0.049703058,0.9416025,-0.06576782,0.14961287,0.8259809,-0.022502981,0.14070272,0.8716574,-0.06524684,0.108135685,0.8691387,-0.005166039,0.07152311,0.87249845,-0.14331508,0.004421234,0.86834717,-0.010060623,-0.0070020891726017,0.2452913224697113,-0.04211229085922241
