frame,Ankle.R_x,Ankle.R_y,Ankle.R_z,Knee.R_x,Knee.R_y,Knee.R_z,Hip.R_x,Hip.R_y,Hip.R_z,Hip.L_x,Hip.L_y,Hip.L_z,Knee.L_x,Knee.L_y,Knee.L_z,Ankle.L_x,Ankle.L_y,Ankle.L_z,Wrist.R_x,Wrist.R_y,Wrist.R_z,Elbow.R_x,Elbow.R_y,Elbow.R_z,Shoulder.R_x,Shoulder.R_y,Shoulder.R_z,Shoulder.L_x,Shoulder.L_y,Shoulder.L_z,Elbow.L_x,Elbow.L_y,Elbow.L_z,Wrist.L_x,Wrist.L_y,Wrist.L_z,Neck_x,Neck_y,Neck_z,Head_x,Head_y,Head_z,Nose_x,Nose_y,Nose_z,Eye.L_x,Eye.L_y,Eye.L_z,Eye.R_x,Eye.R_y,Eye.R_z,Ear.L_x,Ear.L_y,Ear.L_z,Ear.R_x,Ear.R_y,Ear.R_z
0,-0.061372552,0.015379954,0.1415472,0.0032054633,0.32731304,0.41783005,-0.07959742,0.3091982,0.0563681,0.029559443,0.17255604,-0.14175916,0.09394342,0.44472036,-0.18285625,0.25640565,0.113921955,0.037859775,0.7788924,0.46439654,0.06719224,0.5120651,0.5093829,0.0049602683,0.29449588,0.57776356,-0.10140046,0.27801257,0.57231116,-0.25260335,0.5027205,0.49511227,-0.33371258,0.73658645,0.46530378,-0.20063245,0.3005513,0.58710957,-0.16594845,0.27361268,0.687739,-0.08570388,0.42485353,0.6458247,-0.052525997,0.3872707,0.69178987,-0.0691016,0.36444908,0.63606775,-0.040297985,0.34304374,0.7054906,-0.16731586,0.290376,0.58480126,-0.09292555
