frame,Ankle.R_x,Ankle.R_y,Ankle.R_z,Knee.R_x,Knee.R_y,Knee.R_z,Hip.R_x,Hip.R_y,Hip.R_z,Hip.L_x,Hip.L_y,Hip.L_z,Knee.L_x,Knee.L_y,Knee.L_z,Ankle.L_x,Ankle.L_y,Ankle.L_z,Wrist.R_x,Wrist.R_y,Wrist.R_z,Elbow.R_x,Elbow.R_y,Elbow.R_z,Shoulder.R_x,Shoulder.R_y,Shoulder.R_z,Shoulder.L_x,Shoulder.L_y,Shoulder.L_z,Elbow.L_x,Elbow.L_y,Elbow.L_z,Wrist.L_x,Wrist.L_y,Wrist.L_z,Neck_x,Neck_y,Neck_z,Head_x,Head_y,Head_z,Nose_x,Nose_y,Nose_z,Eye.L_x,Eye.L_y,Eye.L_z,Eye.R_x,Eye.R_y,Eye.R_z,Ear.L_x,Ear.L_y,Ear.L_z,Ear.R_x,Ear.R_y,Ear.R_z
0,-0.15340419,0.10381588,0.10987033,0.0037756134,0.35663024,0.40126657,-0.03517861,0.30990496,0.07905492,-0.022317456,0.1876225,-0.1468564,0.09155172,0.31442472,-0.32568663,0.12680495,0.043938637,-0.0038024494,0.6409747,0.316871,0.124944344,0.4441873,0.46036667,0.009668615,0.28514224,0.5983161,-0.09974741,0.28019577,0.59086436,-0.23758101,0.42561734,0.4439952,-0.35404062,0.59720016,0.3357092,-0.18670055,0.301007,0.6027824,-0.1575106,0.31857014,0.7281434,-0.08042531,0.44691196,0.635674,-0.054178655,0.42691898,0.6915395,-0.07255259,0.3892011,0.65080655,-0.035727322,0.3798383,0.7114719,-0.16608389,0.29635662,0.6264885,-0.07756525
