frame,Ankle.R_x,Ankle.R_y,Ankle.R_z,Knee.R_x,Knee.R_y,Knee.R_z,Hip.R_x,Hip.R_y,Hip.R_z,Hip.L_x,Hip.L_y,Hip.L_z,Knee.L_x,Knee.L_y,Knee.L_z,Ankle.L_x,Ankle.L_y,Ankle.L_z,Wrist.R_x,Wrist.R_y,Wrist.R_z,Elbow.R_x,Elbow.R_y,Elbow.R_z,Shoulder.R_x,Shoulder.R_y,Shoulder.R_z,Shoulder.L_x,Shoulder.L_y,Shoulder.L_z,Elbow.L_x,Elbow.L_y,Elbow.L_z,Wrist.L_x,Wrist.L_y,Wrist.L_z,Neck_x,Neck_y,Neck_z,Head_x,Head_y,Head_z,Nose_x,Nose_y,Nose_z,Eye.L_x,Eye.L_y,Eye.L_z,Eye.R_x,Eye.R_y,Eye.R_z,Ear.L_x,Ear.L_y,Ear.L_z,Ear.R_x,Ear.R_y,Ear.R_z,hip.Center_x,hip.Center_y,hip.Center_z
0,0.036723625,-0.10268241,0.6447294,0.031918973,0.2508821,0.36848217,-0.0077377246,0.24987043,0.10376055,-0.034026597,0.27723497,-0.13401519,-0.066168696,0.23701692,-0.42917654,-0.050518785,-0.09098825,-0.75019133,0.092617355,0.20454861,0.1507947,0.05085461,0.45191017,0.25405318,0.062058315,0.7063669,0.15897466,-0.086597145,0.7017087,-0.0452342,-0.10864648,0.45799813,0.029175214,-0.1081737,0.27016634,-0.14869381,0.012875494,0.7573079,0.043700747,0.04350828,0.9550321,0.058140825,0.14773273,0.8503549,0.11022933,0.13888776,0.8973731,0.071493804,0.09831602,0.8883625,0.123927236,0.083572134,0.8932832,-0.018200109,-0.0013948549,0.8740408,0.10273158,-0.02088216133415699,0.2635526955127716,-0.01512731984257698
