frame,Ankle.R_x,Ankle.R_y,Ankle.R_z,Knee.R_x,Knee.R_y,Knee.R_z,Hip.R_x,Hip.R_y,Hip.R_z,Hip.L_x,Hip.L_y,Hip.L_z,Knee.L_x,Knee.L_y,Knee.L_z,Ankle.L_x,Ankle.L_y,Ankle.L_z,Wrist.R_x,Wrist.R_y,Wrist.R_z,Elbow.R_x,Elbow.R_y,Elbow.R_z,Shoulder.R_x,Shoulder.R_y,Shoulder.R_z,Shoulder.L_x,Shoulder.L_y,Shoulder.L_z,Elbow.L_x,Elbow.L_y,Elbow.L_z,Wrist.L_x,Wrist.L_y,Wrist.L_z,Neck_x,Neck_y,Neck_z,Head_x,Head_y,Head_z,Nose_x,Nose_y,Nose_z,Eye.L_x,Eye.L_y,Eye.L_z,Eye.R_x,Eye.R_y,Eye.R_z,Ear.L_x,Ear.L_y,Ear.L_z,Ear.R_x,Ear.R_y,Ear.R_z,hip.Center_x,hip.Center_y,hip.Center_z
0,0.07418245,-0.11827209,0.5833696,-0.00047912166,0.25387508,0.3596179,-0.05212424,0.24276242,0.09264017,0.037210975,0.28144482,-0.12968579,-0.09935629,0.1255806,-0.40210074,-0.010313331,-0.11057103,-0.77396655,0.3437806,0.26705468,0.11148937,0.16512401,0.4529301,0.20076501,0.057236537,0.7022728,0.17207675,-0.066730835,0.6966268,-0.07576421,-0.040594574,0.43187964,-0.09869655,0.07239847,0.30328566,-0.29337174,0.01016242,0.75390404,0.04904028,0.07870259,0.94292665,0.09369526,0.16634017,0.81193495,0.100295454,0.15990922,0.867868,0.073551774,0.13096386,0.85419905,0.13251331,0.087082274,0.89329076,0.0034586936,0.026108846,0.8634175,0.13396165,-0.0074566323310136795,0.2621036171913147,-0.01852281019091606
