frame,Ankle.R_x,Ankle.R_y,Ankle.R_z,Knee.R_x,Knee.R_y,Knee.R_z,Hip.R_x,Hip.R_y,Hip.R_z,Hip.L_x,Hip.L_y,Hip.L_z,Knee.L_x,Knee.L_y,Knee.L_z,Ankle.L_x,Ankle.L_y,Ankle.L_z,Wrist.R_x,Wrist.R_y,Wrist.R_z,Elbow.R_x,Elbow.R_y,Elbow.R_z,Shoulder.R_x,Shoulder.R_y,Shoulder.R_z,Shoulder.L_x,Shoulder.L_y,Shoulder.L_z,Elbow.L_x,Elbow.L_y,Elbow.L_z,Wrist.L_x,Wrist.L_y,Wrist.L_z,Neck_x,Neck_y,Neck_z,Head_x,Head_y,Head_z,Nose_x,Nose_y,Nose_z,Eye.L_x,Eye.L_y,Eye.L_z,Eye.R_x,Eye.R_y,Eye.R_z,Ear.L_x,Ear.L_y,Ear.L_z,Ear.R_x,Ear.R_y,Ear.R_z,hip.Center_x,hip.Center_y,hip.Center_z
0,0.68777436,0.09399651,-0.32213536,0.39552632,0.20085883,-0.046454705,0.003573491,0.16735467,0.10220743,-0.038022786,0.27628344,-0.10702476,0.3305475,0.32616705,-0.23633054,0.6281139,0.2869272,-0.5338667,-0.23629008,0.09635382,0.37990263,-0.25531498,-0.047760207,0.19020773,-0.42654908,0.1309966,0.08351486,-0.42272675,0.3779078,-0.025275847,-0.19869816,0.50939906,-0.102355,-0.19026895,0.52373266,0.12641853,-0.4817627,0.26556692,0.046833295,-0.6909948,0.29487717,0.050019085,-0.6108807,0.26847273,0.17981334,-0.6456152,0.30805588,0.15162455,-0.6483044,0.24443032,0.13958949,-0.6173658,0.35807055,0.0710454,-0.6277781,0.22534287,0.042419694,-0.017224647104740143,0.22181905806064606,-0.0024086646735668182
