frame,Ankle.R_x,Ankle.R_y,Ankle.R_z,Knee.R_x,Knee.R_y,Knee.R_z,Hip.R_x,Hip.R_y,Hip.R_z,Hip.L_x,Hip.L_y,Hip.L_z,Knee.L_x,Knee.L_y,Knee.L_z,Ankle.L_x,Ankle.L_y,Ankle.L_z,Wrist.R_x,Wrist.R_y,Wrist.R_z,Elbow.R_x,Elbow.R_y,Elbow.R_z,Shoulder.R_x,Shoulder.R_y,Shoulder.R_z,Shoulder.L_x,Shoulder.L_y,Shoulder.L_z,Elbow.L_x,Elbow.L_y,Elbow.L_z,Wrist.L_x,Wrist.L_y,Wrist.L_z,Neck_x,Neck_y,Neck_z,Head_x,Head_y,Head_z,Nose_x,Nose_y,Nose_z,Eye.L_x,Eye.L_y,Eye.L_z,Eye.R_x,Eye.R_y,Eye.R_z,Ear.L_x,Ear.L_y,Ear.L_z,Ear.R_x,Ear.R_y,Ear.R_z,hip.Center_x,hip.Center_y,hip.Center_z
0,0.6907877,0.0826844,-0.3419642,0.39156476,0.17386574,-0.06948828,0.010078687,0.16996616,0.102292314,-0.038397554,0.2712977,-0.10713986,0.3355144,0.30856094,-0.23528661,0.64302564,0.26514712,-0.51693934,-0.3283852,0.14868428,0.3104439,-0.26385498,-0.034275472,0.18181804,-0.43929106,0.13180012,0.08795062,-0.43319023,0.36425126,-0.011213824,-0.21490839,0.4952145,-0.07612116,-0.2816101,0.43326095,0.13053516,-0.48522887,0.25675952,0.05155698,-0.6859276,0.28525907,0.051839042,-0.60531604,0.2617051,0.18157144,-0.640265,0.30062366,0.15254259,-0.6431513,0.23679106,0.14229532,-0.61240894,0.3480736,0.070659444,-0.62354773,0.21625146,0.046480656,-0.014159433543682098,0.2206319272518158,-0.0024237744510173798
