frame,Ankle.R_x,Ankle.R_y,Ankle.R_z,Knee.R_x,Knee.R_y,Knee.R_z,Hip.R_x,Hip.R_y,Hip.R_z,Hip.L_x,Hip.L_y,Hip.L_z,Knee.L_x,Knee.L_y,Knee.L_z,Ankle.L_x,Ankle.L_y,Ankle.L_z,Wrist.R_x,Wrist.R_y,Wrist.R_z,Elbow.R_x,Elbow.R_y,Elbow.R_z,Shoulder.R_x,Shoulder.R_y,Shoulder.R_z,Shoulder.L_x,Shoulder.L_y,Shoulder.L_z,Elbow.L_x,Elbow.L_y,Elbow.L_z,Wrist.L_x,Wrist.L_y,Wrist.L_z,Neck_x,Neck_y,Neck_z,Head_x,Head_y,Head_z,Nose_x,Nose_y,Nose_z,Eye.L_x,Eye.L_y,Eye.L_z,Eye.R_x,Eye.R_y,Eye.R_z,Ear.L_x,Ear.L_y,Ear.L_z,Ear.R_x,Ear.R_y,Ear.R_z,hip.Center_x,hip.Center_y,hip.Center_z
0,0.69785756,0.07304906,-0.31493947,0.39240763,0.15233989,-0.048738696,0.0020804168,0.15391502,0.09578485,-0.025676066,0.2851149,-0.09962977,0.3598392,0.28941715,-0.1999594,0.68099797,0.24750838,-0.46419314,-0.3302397,0.1415614,0.32969126,-0.29756552,-0.033791985,0.1778056,-0.44808844,0.14058231,0.06867135,-0.44178858,0.36669666,-0.0129530355,-0.22850668,0.5020437,-0.0718919,-0.26081654,0.4230916,0.13876548,-0.488819,0.2602247,0.040498335,-0.6841821,0.27917907,0.025904,-0.61483335,0.2581836,0.1631954,-0.64935815,0.29530406,0.13154423,-0.64703196,0.23157598,0.1200546,-0.6173418,0.34576622,0.053070832,-0.6171547,0.21421564,0.025802363,-0.011797824874520302,0.21951496601104736,-0.0019224584102630615
