frame,Ankle.R_x,Ankle.R_y,Ankle.R_z,Knee.R_x,Knee.R_y,Knee.R_z,Hip.R_x,Hip.R_y,Hip.R_z,Hip.L_x,Hip.L_y,Hip.L_z,Knee.L_x,Knee.L_y,Knee.L_z,Ankle.L_x,Ankle.L_y,Ankle.L_z,Wrist.R_x,Wrist.R_y,Wrist.R_z,Elbow.R_x,Elbow.R_y,Elbow.R_z,Shoulder.R_x,Shoulder.R_y,Shoulder.R_z,Shoulder.L_x,Shoulder.L_y,Shoulder.L_z,Elbow.L_x,Elbow.L_y,Elbow.L_z,Wrist.L_x,Wrist.L_y,Wrist.L_z,Neck_x,Neck_y,Neck_z,Head_x,Head_y,Head_z,Nose_x,Nose_y,Nose_z,Eye.L_x,Eye.L_y,Eye.L_z,Eye.R_x,Eye.R_y,Eye.R_z,Ear.L_x,Ear.L_y,Ear.L_z,Ear.R_x,Ear.R_y,Ear.R_z,hip.Center_x,hip.Center_y,hip.Center_z
0,0.674719,0.06352271,-0.4225631,0.3644907,0.06929041,-0.13054664,-0.027110513,0.097557895,0.0104778595,0.0026341877,0.33523646,-0.0058384286,0.38389403,0.27958116,-0.15704727,0.7218323,0.2406628,-0.4146294,-0.50066435,-0.05071352,0.22596796,-0.31613153,-0.11539421,0.09058788,-0.43914118,0.11029699,0.0047739865,-0.4514103,0.36753646,0.04008955,-0.40413707,0.5484467,0.22698143,-0.59040505,0.44823495,0.3286575,-0.4898773,0.24061903,0.028065136,-0.693267,0.26714438,0.065378815,-0.59624624,0.19266778,0.1590335,-0.63171333,0.24091984,0.15415308,-0.64115095,0.18579406,0.120384544,-0.6137036,0.31876445,0.09449455,-0.6364641,0.20528062,0.01964141,-0.012238162569701672,0.21639718115329742,0.002319715451449156
