frame,Ankle.R_x,Ankle.R_y,Ankle.R_z,Knee.R_x,Knee.R_y,Knee.R_z,Hip.R_x,Hip.R_y,Hip.R_z,Hip.L_x,Hip.L_y,Hip.L_z,Knee.L_x,Knee.L_y,Knee.L_z,Ankle.L_x,Ankle.L_y,Ankle.L_z,Wrist.R_x,Wrist.R_y,Wrist.R_z,Elbow.R_x,Elbow.R_y,Elbow.R_z,Shoulder.R_x,Shoulder.R_y,Shoulder.R_z,Shoulder.L_x,Shoulder.L_y,Shoulder.L_z,Elbow.L_x,Elbow.L_y,Elbow.L_z,Wrist.L_x,Wrist.L_y,Wrist.L_z,Neck_x,Neck_y,Neck_z,Head_x,Head_y,Head_z,Nose_x,Nose_y,Nose_z,Eye.L_x,Eye.L_y,Eye.L_z,Eye.R_x,Eye.R_y,Eye.R_z,Ear.L_x,Ear.L_y,Ear.L_z,Ear.R_x,Ear.R_y,Ear.R_z,hip.Center_x,hip.Center_y,hip.Center_z
0,0.6373732,0.059830472,-0.45882747,0.35984987,0.06633681,-0.1406062,-0.029694507,0.09363038,-0.003188236,0.0052552014,0.33070752,0.008373082,0.38581908,0.2765839,-0.1414949,0.714513,0.24503854,-0.40599835,-0.54139405,-0.05091527,0.20413943,-0.3409072,-0.123064496,0.10195517,-0.43414617,0.11442259,0.015494007,-0.43664443,0.366433,0.07467507,-0.42432615,0.5229774,0.2862849,-0.6359737,0.45578176,0.36515266,-0.47981742,0.24441661,0.046711773,-0.68272036,0.27338618,0.052786533,-0.6073165,0.20425266,0.16775899,-0.6396576,0.25266054,0.15354393,-0.64480144,0.19535235,0.1226518,-0.60816765,0.3252208,0.09283735,-0.6216107,0.20742941,0.023671305,-0.012219652533531189,0.21216894686222076,0.0025924229994416237
