frame,Ankle.R_x,Ankle.R_y,Ankle.R_z,Knee.R_x,Knee.R_y,Knee.R_z,Hip.R_x,Hip.R_y,Hip.R_z,Hip.L_x,Hip.L_y,Hip.L_z,Knee.L_x,Knee.L_y,Knee.L_z,Ankle.L_x,Ankle.L_y,Ankle.L_z,Wrist.R_x,Wrist.R_y,Wrist.R_z,Elbow.R_x,Elbow.R_y,Elbow.R_z,Shoulder.R_x,Shoulder.R_y,Shoulder.R_z,Shoulder.L_x,Shoulder.L_y,Shoulder.L_z,Elbow.L_x,Elbow.L_y,Elbow.L_z,Wrist.L_x,Wrist.L_y,Wrist.L_z,Neck_x,Neck_y,Neck_z,Head_x,Head_y,Head_z,Nose_x,Nose_y,Nose_z,Eye.L_x,Eye.L_y,Eye.L_z,Eye.R_x,Eye.R_y,Eye.R_z,Ear.L_x,Ear.L_y,Ear.L_z,Ear.R_x,Ear.R_y,Ear.R_z,hip.Center_x,hip.Center_y,hip.Center_z
0,0.6588852,0.09540108,-0.43430954,0.37575558,0.091549546,-0.11946533,-0.025113018,0.09242182,-0.003091892,0.003571066,0.3311321,0.006211719,0.38527182,0.2815628,-0.1439632,0.7139278,0.28136393,-0.41325286,-0.5632107,-0.02684356,0.21697173,-0.36727935,-0.10732166,0.11544205,-0.4519968,0.12984048,0.032538306,-0.43454748,0.37208676,0.08381116,-0.41392297,0.47269887,0.3214727,-0.64074403,0.4193766,0.35914716,-0.48357373,0.25624916,0.05824072,-0.6793498,0.27992466,0.051090036,-0.61264604,0.2160596,0.17534447,-0.64571524,0.26266325,0.15684628,-0.6447547,0.20464459,0.1266107,-0.6115947,0.33638427,0.09782465,-0.6121771,0.21659365,0.03042803,-0.010770976543426514,0.2117769718170166,0.0015599135076627135
