frame,Ankle.R_x,Ankle.R_y,Ankle.R_z,Knee.R_x,Knee.R_y,Knee.R_z,Hip.R_x,Hip.R_y,Hip.R_z,Hip.L_x,Hip.L_y,Hip.L_z,Knee.L_x,Knee.L_y,Knee.L_z,Ankle.L_x,Ankle.L_y,Ankle.L_z,Wrist.R_x,Wrist.R_y,Wrist.R_z,Elbow.R_x,Elbow.R_y,Elbow.R_z,Shoulder.R_x,Shoulder.R_y,Shoulder.R_z,Shoulder.L_x,Shoulder.L_y,Shoulder.L_z,Elbow.L_x,Elbow.L_y,Elbow.L_z,Wrist.L_x,Wrist.L_y,Wrist.L_z,Neck_x,Neck_y,Neck_z,Head_x,Head_y,Head_z,Nose_x,Nose_y,Nose_z,Eye.L_x,Eye.L_y,Eye.L_z,Eye.R_x,Eye.R_y,Eye.R_z,Ear.L_x,Ear.L_y,Ear.L_z,Ear.R_x,Ear.R_y,Ear.R_z,hip.Center_x,hip.Center_y,hip.Center_z
0,0.7141691,0.12095546,-0.33511782,0.38645968,0.11090027,-0.06583438,-0.029872578,0.09379424,-0.005381061,0.0074231555,0.33322427,0.006633753,0.39020756,0.2518054,-0.13421316,0.7113616,0.2543511,-0.41630757,-0.5177402,0.01658557,0.22905475,-0.3346732,-0.08834673,0.12424762,-0.44947657,0.13378592,0.027914241,-0.43604043,0.38316917,0.07042314,-0.39977142,0.47840983,0.31122822,-0.619998,0.3929369,0.33685255,-0.48527163,0.26351056,0.04784241,-0.6873277,0.27922904,0.06144441,-0.5990268,0.24132045,0.18260904,-0.6363501,0.28332606,0.16084291,-0.6379547,0.22043358,0.142884,-0.61569023,0.34413105,0.084163725,-0.6212384,0.21302618,0.041550383,-0.011224711313843727,0.21350926160812378,0.0006263458635658026
