frame,Ankle.R_x,Ankle.R_y,Ankle.R_z,Knee.R_x,Knee.R_y,Knee.R_z,Hip.R_x,Hip.R_y,Hip.R_z,Hip.L_x,Hip.L_y,Hip.L_z,Knee.L_x,Knee.L_y,Knee.L_z,Ankle.L_x,Ankle.L_y,Ankle.L_z,Wrist.R_x,Wrist.R_y,Wrist.R_z,Elbow.R_x,Elbow.R_y,Elbow.R_z,Shoulder.R_x,Shoulder.R_y,Shoulder.R_z,Shoulder.L_x,Shoulder.L_y,Shoulder.L_z,Elbow.L_x,Elbow.L_y,Elbow.L_z,Wrist.L_x,Wrist.L_y,Wrist.L_z,Neck_x,Neck_y,Neck_z,Head_x,Head_y,Head_z,Nose_x,Nose_y,Nose_z,Eye.L_x,Eye.L_y,Eye.L_z,Eye.R_x,Eye.R_y,Eye.R_z,Ear.L_x,Ear.L_y,Ear.L_z,Ear.R_x,Ear.R_y,Ear.R_z,hip.Center_x,hip.Center_y,hip.Center_z
0,0.68473035,0.12454074,-0.39736927,0.3763569,0.09408436,-0.109848194,-0.030472558,0.092275105,-0.017689725,0.010237255,0.3270338,0.02042548,0.387539,0.26427245,-0.13816737,0.70482457,0.29210663,-0.42065614,-0.57451993,-0.003374837,0.21096753,-0.37493885,-0.09844762,0.13457236,-0.45192826,0.13801858,0.040381923,-0.42982703,0.3734011,0.10082433,-0.40009153,0.43806526,0.3493591,-0.62575215,0.37131548,0.35683337,-0.48079842,0.26160184,0.06885398,-0.674977,0.28457588,0.058686346,-0.610739,0.22394788,0.18603623,-0.6431368,0.27026728,0.16550891,-0.64231646,0.21124573,0.13734442,-0.6074265,0.34160623,0.10472594,-0.6082969,0.22008179,0.041253947,-0.010117651894688606,0.20965445041656494,0.0013678772374987602
