frame,Ankle.R_x,Ankle.R_y,Ankle.R_z,Knee.R_x,Knee.R_y,Knee.R_z,Hip.R_x,Hip.R_y,Hip.R_z,Hip.L_x,Hip.L_y,Hip.L_z,Knee.L_x,Knee.L_y,Knee.L_z,Ankle.L_x,Ankle.L_y,Ankle.L_z,Wrist.R_x,Wrist.R_y,Wrist.R_z,Elbow.R_x,Elbow.R_y,Elbow.R_z,Shoulder.R_x,Shoulder.R_y,Shoulder.R_z,Shoulder.L_x,Shoulder.L_y,Shoulder.L_z,Elbow.L_x,Elbow.L_y,Elbow.L_z,Wrist.L_x,Wrist.L_y,Wrist.L_z,Neck_x,Neck_y,Neck_z,Head_x,Head_y,Head_z,Nose_x,Nose_y,Nose_z,Eye.L_x,Eye.L_y,Eye.L_z,Eye.R_x,Eye.R_y,Eye.R_z,Ear.L_x,Ear.L_y,Ear.L_z,Ear.R_x,Ear.R_y,Ear.R_z,hip.Center_x,hip.Center_y,hip.Center_z
0,0.72186637,0.13683423,-0.3331038,0.38514012,0.12118667,-0.07722631,-0.025206253,0.095709905,0.013632879,0.004210504,0.33376268,-0.0110033825,0.38874036,0.26071218,-0.14257894,0.71854633,0.24919418,-0.41328865,-0.50928575,0.039156243,0.23839536,-0.33815786,-0.07468431,0.12366113,-0.45296198,0.14349982,0.028836902,-0.43798006,0.38428557,0.07342892,-0.38464004,0.48324242,0.30809486,-0.5954025,0.38037187,0.33096626,-0.48566192,0.26810786,0.052276857,-0.6847985,0.28433546,0.06995339,-0.5952451,0.24138659,0.1890069,-0.63267314,0.28415427,0.1691154,-0.63463867,0.22210096,0.14879383,-0.6125151,0.3475529,0.0948417,-0.6192822,0.21860272,0.04724316,-0.010497874580323696,0.21473628282546997,0.001314748078584671
