frame,Ankle.R_x,Ankle.R_y,Ankle.R_z,Knee.R_x,Knee.R_y,Knee.R_z,Hip.R_x,Hip.R_y,Hip.R_z,Hip.L_x,Hip.L_y,Hip.L_z,Knee.L_x,Knee.L_y,Knee.L_z,Ankle.L_x,Ankle.L_y,Ankle.L_z,Wrist.R_x,Wrist.R_y,Wrist.R_z,Elbow.R_x,Elbow.R_y,Elbow.R_z,Shoulder.R_x,Shoulder.R_y,Shoulder.R_z,Shoulder.L_x,Shoulder.L_y,Shoulder.L_z,Elbow.L_x,Elbow.L_y,Elbow.L_z,Wrist.L_x,Wrist.L_y,Wrist.L_z,Neck_x,Neck_y,Neck_z,Head_x,Head_y,Head_z,Nose_x,Nose_y,Nose_z,Eye.L_x,Eye.L_y,Eye.L_z,Eye.R_x,Eye.R_y,Eye.R_z,Ear.L_x,Ear.L_y,Ear.L_z,Ear.R_x,Ear.R_y,Ear.R_z,hip.Center_x,hip.Center_y,hip.Center_z
0,0.7013221,0.14763108,-0.39065132,0.37740624,0.109126925,-0.117108226,-0.031729117,0.09371989,-0.022465196,0.012866066,0.32662162,0.024791023,0.39155972,0.2532034,-0.13184442,0.6976884,0.29655334,-0.42887858,-0.5504663,0.05003354,0.22661537,-0.35457698,-0.05793662,0.15507929,-0.45798928,0.15113904,0.03336982,-0.4306799,0.37657037,0.10170259,-0.36518666,0.3992153,0.3504241,-0.58810705,0.32480496,0.33964273,-0.48407486,0.26871333,0.065121055,-0.6792545,0.2881468,0.07543399,-0.5991558,0.21932152,0.1890749,-0.6343915,0.26648808,0.17602673,-0.635969,0.20977962,0.14335743,-0.60755855,0.34334055,0.117291145,-0.6133773,0.22675475,0.04481857,-0.009431526064872742,0.21017076075077057,0.001162913627922535
