frame,Ankle.R_x,Ankle.R_y,Ankle.R_z,Knee.R_x,Knee.R_y,Knee.R_z,Hip.R_x,Hip.R_y,Hip.R_z,Hip.L_x,Hip.L_y,Hip.L_z,Knee.L_x,Knee.L_y,Knee.L_z,Ankle.L_x,Ankle.L_y,Ankle.L_z,Wrist.R_x,Wrist.R_y,Wrist.R_z,Elbow.R_x,Elbow.R_y,Elbow.R_z,Shoulder.R_x,Shoulder.R_y,Shoulder.R_z,Shoulder.L_x,Shoulder.L_y,Shoulder.L_z,Elbow.L_x,Elbow.L_y,Elbow.L_z,Wrist.L_x,Wrist.L_y,Wrist.L_z,Neck_x,Neck_y,Neck_z,Head_x,Head_y,Head_z,Nose_x,Nose_y,Nose_z,Eye.L_x,Eye.L_y,Eye.L_z,Eye.R_x,Eye.R_y,Eye.R_z,Ear.L_x,Ear.L_y,Ear.L_z,Ear.R_x,Ear.R_y,Ear.R_z,hip.Center_x,hip.Center_y,hip.Center_z
0,0.6984946,0.15560117,-0.39640787,0.380404,0.11978349,-0.11658461,-0.026415007,0.093220815,-0.011543135,0.009627209,0.3300431,0.01511248,0.38767928,0.26150522,-0.14221321,0.6921145,0.30343896,-0.44219008,-0.5267462,0.0840064,0.25109768,-0.34301037,-0.034284387,0.16502881,-0.46264175,0.16032374,0.042364925,-0.42600048,0.37896043,0.10938026,-0.32969913,0.3578806,0.34470156,-0.557904,0.311338,0.32394135,-0.48520905,0.2743063,0.07326352,-0.6789558,0.29292572,0.08015906,-0.6011337,0.21478185,0.18984812,-0.6368003,0.26242393,0.1800296,-0.63624394,0.20906842,0.14205413,-0.60931224,0.34501016,0.12981814,-0.6109762,0.23574811,0.04660741,-0.008393898606300354,0.21163195371627808,0.0017846724949777126
