frame,Ankle.R_x,Ankle.R_y,Ankle.R_z,Knee.R_x,Knee.R_y,Knee.R_z,Hip.R_x,Hip.R_y,Hip.R_z,Hip.L_x,Hip.L_y,Hip.L_z,Knee.L_x,Knee.L_y,Knee.L_z,Ankle.L_x,Ankle.L_y,Ankle.L_z,Wrist.R_x,Wrist.R_y,Wrist.R_z,Elbow.R_x,Elbow.R_y,Elbow.R_z,Shoulder.R_x,Shoulder.R_y,Shoulder.R_z,Shoulder.L_x,Shoulder.L_y,Shoulder.L_z,Elbow.L_x,Elbow.L_y,Elbow.L_z,Wrist.L_x,Wrist.L_y,Wrist.L_z,Neck_x,Neck_y,Neck_z,Head_x,Head_y,Head_z,Nose_x,Nose_y,Nose_z,Eye.L_x,Eye.L_y,Eye.L_z,Eye.R_x,Eye.R_y,Eye.R_z,Ear.L_x,Ear.L_y,Ear.L_z,Ear.R_x,Ear.R_y,Ear.R_z,hip.Center_x,hip.Center_y,hip.Center_z
0,0.6761446,0.060323425,-0.38432187,0.37945712,0.094210155,-0.09258005,-0.007377591,0.1103033,0.052631892,-0.013419374,0.3275611,-0.048027515,0.36307368,0.2818655,-0.19667803,0.6605265,0.24563333,-0.49335045,-0.35833347,0.1361389,0.2756352,-0.25063944,-0.027475953,0.1478978,-0.44629765,0.12293351,0.065451674,-0.43001133,0.37770078,0.024440577,-0.18701407,0.47012696,0.05939956,-0.31513745,0.34282714,0.19939816,-0.49082804,0.25577083,0.050931573,-0.6954727,0.27964854,0.047643613,-0.6113526,0.25171056,0.17418163,-0.64759403,0.29148787,0.14735422,-0.6500176,0.2277873,0.13502486,-0.622399,0.34305075,0.06739788,-0.6317186,0.21152228,0.036963888,-0.010398482903838158,0.21893221139907837,0.00230218842625618
