frame,Ankle.R_x,Ankle.R_y,Ankle.R_z,Knee.R_x,Knee.R_y,Knee.R_z,Hip.R_x,Hip.R_y,Hip.R_z,Hip.L_x,Hip.L_y,Hip.L_z,Knee.L_x,Knee.L_y,Knee.L_z,Ankle.L_x,Ankle.L_y,Ankle.L_z,Wrist.R_x,Wrist.R_y,Wrist.R_z,Elbow.R_x,Elbow.R_y,Elbow.R_z,Shoulder.R_x,Shoulder.R_y,Shoulder.R_z,Shoulder.L_x,Shoulder.L_y,Shoulder.L_z,Elbow.L_x,Elbow.L_y,Elbow.L_z,Wrist.L_x,Wrist.L_y,Wrist.L_z,Neck_x,Neck_y,Neck_z,Head_x,Head_y,Head_z,Nose_x,Nose_y,Nose_z,Eye.L_x,Eye.L_y,Eye.L_z,Eye.R_x,Eye.R_y,Eye.R_z,Ear.L_x,Ear.L_y,Ear.L_z,Ear.R_x,Ear.R_y,Ear.R_z,hip.Center_x,hip.Center_y,hip.Center_z
0,0.693622,0.06274187,-0.34955516,0.38044035,0.07783603,-0.07312676,-0.016003698,0.1000498,0.030988416,-0.0033701984,0.33195812,-0.027485348,0.38004115,0.26731342,-0.1576808,0.6921442,0.23191771,-0.43910083,-0.36271888,0.13839287,0.2878313,-0.2563107,-0.014783363,0.14759545,-0.45155996,0.1275492,0.056701522,-0.44109398,0.36987606,0.011559827,-0.2087326,0.47395262,0.06337818,-0.30016077,0.32918677,0.21569625,-0.4939119,0.25064865,0.035925876,-0.69311,0.2623883,0.026293272,-0.6117744,0.2581906,0.1583152,-0.64912313,0.29162997,0.12512478,-0.64758325,0.22661628,0.12247647,-0.62449133,0.33246222,0.03871465,-0.62503666,0.1973031,0.02788429,-0.009686948731541634,0.21600395441055298,0.0017515337094664574
