frame,Ankle.R_x,Ankle.R_y,Ankle.R_z,Knee.R_x,Knee.R_y,Knee.R_z,Hip.R_x,Hip.R_y,Hip.R_z,Hip.L_x,Hip.L_y,Hip.L_z,Knee.L_x,Knee.L_y,Knee.L_z,Ankle.L_x,Ankle.L_y,Ankle.L_z,Wrist.R_x,Wrist.R_y,Wrist.R_z,Elbow.R_x,Elbow.R_y,Elbow.R_z,Shoulder.R_x,Shoulder.R_y,Shoulder.R_z,Shoulder.L_x,Shoulder.L_y,Shoulder.L_z,Elbow.L_x,Elbow.L_y,Elbow.L_z,Wrist.L_x,Wrist.L_y,Wrist.L_z,Neck_x,Neck_y,Neck_z,Head_x,Head_y,Head_z,Nose_x,Nose_y,Nose_z,Eye.L_x,Eye.L_y,Eye.L_z,Eye.R_x,Eye.R_y,Eye.R_z,Ear.L_x,Ear.L_y,Ear.L_z,Ear.R_x,Ear.R_y,Ear.R_z,hip.Center_x,hip.Center_y,hip.Center_z
0,0.5425139,0.14347455,-0.5082793,0.37589824,0.15616213,-0.13478239,0.011335326,0.12191306,0.070657596,-0.033104043,0.31414986,-0.0662084,0.32424003,0.31645042,-0.24742988,0.5399034,0.31466514,-0.6076279,-0.118772715,0.10633579,0.30659238,-0.21714012,-0.047159508,0.15304175,-0.41922355,0.1171428,0.09841533,-0.4028775,0.3849785,0.06674812,-0.16240628,0.49838796,0.06754437,-0.12088666,0.42980847,0.28185484,-0.46748108,0.2610711,0.09613129,-0.6663926,0.3282481,0.11763809,-0.59627086,0.23240891,0.21505332,-0.62096447,0.28579116,0.20996946,-0.6376347,0.23580764,0.17253675,-0.58192635,0.35871086,0.15653983,-0.6203784,0.2571251,0.07541962,-0.010884358547627926,0.21803146600723267,0.002224598079919815
