frame,Ankle.R_x,Ankle.R_y,Ankle.R_z,Knee.R_x,Knee.R_y,Knee.R_z,Hip.R_x,Hip.R_y,Hip.R_z,Hip.L_x,Hip.L_y,Hip.L_z,Knee.L_x,Knee.L_y,Knee.L_z,Ankle.L_x,Ankle.L_y,Ankle.L_z,Wrist.R_x,Wrist.R_y,Wrist.R_z,Elbow.R_x,Elbow.R_y,Elbow.R_z,Shoulder.R_x,Shoulder.R_y,Shoulder.R_z,Shoulder.L_x,Shoulder.L_y,Shoulder.L_z,Elbow.L_x,Elbow.L_y,Elbow.L_z,Wrist.L_x,Wrist.L_y,Wrist.L_z,Neck_x,Neck_y,Neck_z,Head_x,Head_y,Head_z,Nose_x,Nose_y,Nose_z,Eye.L_x,Eye.L_y,Eye.L_z,Eye.R_x,Eye.R_y,Eye.R_z,Ear.L_x,Ear.L_y,Ear.L_z,Ear.R_x,Ear.R_y,Ear.R_z,hip.Center_x,hip.Center_y,hip.Center_z
0,0.5140568,0.15544263,-0.53461426,0.37449285,0.19829567,-0.15071917,0.02435467,0.13212714,0.07706469,-0.04753563,0.30769166,-0.071588196,0.29479265,0.32795608,-0.28366855,0.4638627,0.32035038,-0.66949147,0.06801125,0.06733562,0.25384572,-0.15530284,-0.013432729,0.18421781,-0.39630926,0.0983674,0.13500285,-0.39984137,0.36495465,0.05804067,-0.1531117,0.46696514,0.017395588,0.0037684627,0.48524117,0.19513023,-0.46300313,0.24197061,0.10904556,-0.6716205,0.29515982,0.1020867,-0.60196906,0.23577504,0.22595376,-0.62975425,0.2837847,0.204651,-0.64078444,0.22411112,0.1821779,-0.59165144,0.34183547,0.13489726,-0.61832494,0.21917608,0.08338068,-0.01159048080444336,0.2199093997478485,0.0027382485568523407
