frame,Ankle.R_x,Ankle.R_y,Ankle.R_z,Knee.R_x,Knee.R_y,Knee.R_z,Hip.R_x,Hip.R_y,Hip.R_z,Hip.L_x,Hip.L_y,Hip.L_z,Knee.L_x,Knee.L_y,Knee.L_z,Ankle.L_x,Ankle.L_y,Ankle.L_z,Wrist.R_x,Wrist.R_y,Wrist.R_z,Elbow.R_x,Elbow.R_y,Elbow.R_z,Shoulder.R_x,Shoulder.R_y,Shoulder.R_z,Shoulder.L_x,Shoulder.L_y,Shoulder.L_z,Elbow.L_x,Elbow.L_y,Elbow.L_z,Wrist.L_x,Wrist.L_y,Wrist.L_z,Neck_x,Neck_y,Neck_z,Head_x,Head_y,Head_z,Nose_x,Nose_y,Nose_z,Eye.L_x,Eye.L_y,Eye.L_z,Eye.R_x,Eye.R_y,Eye.R_z,Ear.L_x,Ear.L_y,Ear.L_z,Ear.R_x,Ear.R_y,Ear.R_z,hip.Center_x,hip.Center_y,hip.Center_z
0,0.51256084,0.15438798,-0.54927284,0.3611529,0.23669462,-0.17241016,0.035799056,0.16846985,0.09675198,-0.06264898,0.2761271,-0.0975201,0.27556655,0.3383232,-0.3023105,0.4704881,0.31792566,-0.6769528,0.07092778,0.13138843,0.25291753,-0.14550212,0.0146893235,0.2263951,-0.39281896,0.10287448,0.1643132,-0.42005306,0.3464556,0.03329811,-0.18077612,0.45261738,-0.035585515,-0.01495974,0.4768219,0.13446675,-0.46968734,0.23016806,0.108689375,-0.6772011,0.25922635,0.08037651,-0.6156931,0.23338202,0.22021449,-0.64497983,0.27322868,0.18666977,-0.6486711,0.20920475,0.17635623,-0.6044664,0.3199757,0.108796194,-0.6161808,0.18614487,0.08309952,-0.013424962759017944,0.22229847311973572,-0.00038405880331993103
