frame,Ankle.R_x,Ankle.R_y,Ankle.R_z,Knee.R_x,Knee.R_y,Knee.R_z,Hip.R_x,Hip.R_y,Hip.R_z,Hip.L_x,Hip.L_y,Hip.L_z,Knee.L_x,Knee.L_y,Knee.L_z,Ankle.L_x,Ankle.L_y,Ankle.L_z,Wrist.R_x,Wrist.R_y,Wrist.R_z,Elbow.R_x,Elbow.R_y,Elbow.R_z,Shoulder.R_x,Shoulder.R_y,Shoulder.R_z,Shoulder.L_x,Shoulder.L_y,Shoulder.L_z,Elbow.L_x,Elbow.L_y,Elbow.L_z,Wrist.L_x,Wrist.L_y,Wrist.L_z,Neck_x,Neck_y,Neck_z,Head_x,Head_y,Head_z,Nose_x,Nose_y,Nose_z,Eye.L_x,Eye.L_y,Eye.L_z,Eye.R_x,Eye.R_y,Eye.R_z,Ear.L_x,Ear.L_y,Ear.L_z,Ear.R_x,Ear.R_y,Ear.R_z,hip.Center_x,hip.Center_y,hip.Center_z
0,0.5099841,0.16381282,-0.59068793,0.33804128,0.21575327,-0.21145242,0.044076793,0.17713909,0.09741786,-0.067820445,0.26941022,-0.09863183,0.2515651,0.3446765,-0.32615915,0.45089525,0.30448478,-0.6969121,0.03671818,0.22850436,0.2581313,-0.13666752,0.053953074,0.23580904,-0.39223906,0.09421907,0.17986101,-0.43502185,0.3165822,0.02835284,-0.2119358,0.4393458,-0.053949155,-0.029224921,0.493589,0.09098769,-0.47375682,0.2088179,0.113684304,-0.6761029,0.20912474,0.073570184,-0.61969566,0.21377006,0.21843314,-0.65258175,0.24350347,0.17798048,-0.646036,0.17872688,0.17731138,-0.61497027,0.2846659,0.0954072,-0.6049615,0.14803314,0.08940955,-0.011871825903654099,0.22327464818954468,-0.0006069839000701904
