frame,Ankle.R_x,Ankle.R_y,Ankle.R_z,Knee.R_x,Knee.R_y,Knee.R_z,Hip.R_x,Hip.R_y,Hip.R_z,Hip.L_x,Hip.L_y,Hip.L_z,Knee.L_x,Knee.L_y,Knee.L_z,Ankle.L_x,Ankle.L_y,Ankle.L_z,Wrist.R_x,Wrist.R_y,Wrist.R_z,Elbow.R_x,Elbow.R_y,Elbow.R_z,Shoulder.R_x,Shoulder.R_y,Shoulder.R_z,Shoulder.L_x,Shoulder.L_y,Shoulder.L_z,Elbow.L_x,Elbow.L_y,Elbow.L_z,Wrist.L_x,Wrist.L_y,Wrist.L_z,Neck_x,Neck_y,Neck_z,Head_x,Head_y,Head_z,Nose_x,Nose_y,Nose_z,Eye.L_x,Eye.L_y,Eye.L_z,Eye.R_x,Eye.R_y,Eye.R_z,Ear.L_x,Ear.L_y,Ear.L_z,Ear.R_x,Ear.R_y,Ear.R_z,hip.Center_x,hip.Center_y,hip.Center_z
0,0.49722382,0.1575858,-0.5991662,0.33764732,0.20877235,-0.21466458,0.04386702,0.1715055,0.09482212,-0.06611938,0.27632838,-0.094492994,0.25770506,0.332675,-0.32541165,0.4526682,0.30390364,-0.7012881,-0.0057086586,0.27282846,0.28187892,-0.12603807,0.06363878,0.23994665,-0.38550818,0.08940178,0.18631515,-0.4347794,0.31359223,0.03662674,-0.21869437,0.4395415,-0.06720739,-0.07467653,0.5017697,0.109298185,-0.47090405,0.20154192,0.12066564,-0.6747885,0.18998757,0.08434424,-0.6170295,0.20816979,0.2276823,-0.6512117,0.23370542,0.18518499,-0.6427463,0.16918564,0.1900518,-0.61564875,0.26879615,0.099047184,-0.6016807,0.13239284,0.10454976,-0.011126179248094559,0.2239169478416443,0.00016456469893455505
