frame,Ankle.R_x,Ankle.R_y,Ankle.R_z,Knee.R_x,Knee.R_y,Knee.R_z,Hip.R_x,Hip.R_y,Hip.R_z,Hip.L_x,Hip.L_y,Hip.L_z,Knee.L_x,Knee.L_y,Knee.L_z,Ankle.L_x,Ankle.L_y,Ankle.L_z,Wrist.R_x,Wrist.R_y,Wrist.R_z,Elbow.R_x,Elbow.R_y,Elbow.R_z,Shoulder.R_x,Shoulder.R_y,Shoulder.R_z,Shoulder.L_x,Shoulder.L_y,Shoulder.L_z,Elbow.L_x,Elbow.L_y,Elbow.L_z,Wrist.L_x,Wrist.L_y,Wrist.L_z,Neck_x,Neck_y,Neck_z,Head_x,Head_y,Head_z,Nose_x,Nose_y,Nose_z,Eye.L_x,Eye.L_y,Eye.L_z,Eye.R_x,Eye.R_y,Eye.R_z,Ear.L_x,Ear.L_y,Ear.L_z,Ear.R_x,Ear.R_y,Ear.R_z,hip.Center_x,hip.Center_y,hip.Center_z
0,0.5282409,0.15557998,-0.5724795,0.34689927,0.21126693,-0.19928314,0.04336553,0.17892241,0.097874776,-0.06679571,0.26732993,-0.0997516,0.2557592,0.32398632,-0.32848617,0.4643706,0.29943,-0.6947745,0.011658592,0.2652865,0.29691502,-0.12147563,0.06570331,0.25154224,-0.3799678,0.09730344,0.20104463,-0.43987706,0.30303982,0.035444006,-0.23233804,0.438501,-0.065122254,-0.08680702,0.50825053,0.106786095,-0.46826357,0.19990078,0.128776,-0.6676054,0.17790286,0.09320416,-0.6146451,0.21713586,0.23439553,-0.64846873,0.23563255,0.18823273,-0.6378603,0.17269492,0.20192477,-0.61201686,0.26013193,0.09885112,-0.59322596,0.12678061,0.12290704,-0.011715088039636612,0.22312617301940918,-0.0009384118020534515
