frame,Ankle.R_x,Ankle.R_y,Ankle.R_z,Knee.R_x,Knee.R_y,Knee.R_z,Hip.R_x,Hip.R_y,Hip.R_z,Hip.L_x,Hip.L_y,Hip.L_z,Knee.L_x,Knee.L_y,Knee.L_z,Ankle.L_x,Ankle.L_y,Ankle.L_z,Wrist.R_x,Wrist.R_y,Wrist.R_z,Elbow.R_x,Elbow.R_y,Elbow.R_z,Shoulder.R_x,Shoulder.R_y,Shoulder.R_z,Shoulder.L_x,Shoulder.L_y,Shoulder.L_z,Elbow.L_x,Elbow.L_y,Elbow.L_z,Wrist.L_x,Wrist.L_y,Wrist.L_z,Neck_x,Neck_y,Neck_z,Head_x,Head_y,Head_z,Nose_x,Nose_y,Nose_z,Eye.L_x,Eye.L_y,Eye.L_z,Eye.R_x,Eye.R_y,Eye.R_z,Ear.L_x,Ear.L_y,Ear.L_z,Ear.R_x,Ear.R_y,Ear.R_z,hip.Center_x,hip.Center_y,hip.Center_z
0,0.5099524,0.15906341,-0.57922757,0.35255605,0.20802374,-0.1938785,0.03825843,0.1628783,0.09315898,-0.064062044,0.28129405,-0.09020639,0.2620962,0.32914168,-0.3200985,0.49594218,0.2985657,-0.6739454,-0.087146044,0.28290704,0.35263714,-0.13696529,0.056667097,0.2781984,-0.3859905,0.0916465,0.18218002,-0.41718465,0.32166132,0.03368479,-0.19014913,0.4540042,-0.0498047,-0.09720236,0.5385332,0.14960858,-0.46515578,0.20398499,0.117293686,-0.6719763,0.16587017,0.107848324,-0.60046315,0.19967988,0.2412107,-0.642935,0.21828735,0.20294961,-0.62445414,0.15596144,0.20888695,-0.62381405,0.2540801,0.11179378,-0.58950937,0.121715486,0.12025152,-0.012901807203888893,0.22208617627620697,0.001476295292377472
