frame,Ankle.R_x,Ankle.R_y,Ankle.R_z,Knee.R_x,Knee.R_y,Knee.R_z,Hip.R_x,Hip.R_y,Hip.R_z,Hip.L_x,Hip.L_y,Hip.L_z,Knee.L_x,Knee.L_y,Knee.L_z,Ankle.L_x,Ankle.L_y,Ankle.L_z,Wrist.R_x,Wrist.R_y,Wrist.R_z,Elbow.R_x,Elbow.R_y,Elbow.R_z,Shoulder.R_x,Shoulder.R_y,Shoulder.R_z,Shoulder.L_x,Shoulder.L_y,Shoulder.L_z,Elbow.L_x,Elbow.L_y,Elbow.L_z,Wrist.L_x,Wrist.L_y,Wrist.L_z,Neck_x,Neck_y,Neck_z,Head_x,Head_y,Head_z,Nose_x,Nose_y,Nose_z,Eye.L_x,Eye.L_y,Eye.L_z,Eye.R_x,Eye.R_y,Eye.R_z,Ear.L_x,Ear.L_y,Ear.L_z,Ear.R_x,Ear.R_y,Ear.R_z,hip.Center_x,hip.Center_y,hip.Center_z
0,0.6610789,0.050085068,-0.39592132,0.37455636,0.069509074,-0.09021775,-0.024204094,0.095087945,0.012829959,0.0070607844,0.33299842,-0.009140754,0.38478595,0.24069437,-0.15093924,0.67154616,0.23212893,-0.46216136,-0.3925427,0.102663666,0.2612054,-0.2562422,-0.016284592,0.11412784,-0.45128474,0.13450988,0.04303602,-0.43859556,0.3784688,0.053636216,-0.22740531,0.42141545,0.1904496,-0.40820968,0.28750998,0.23722738,-0.4919373,0.25838053,0.04656835,-0.6917265,0.253884,0.042783808,-0.6057063,0.24283153,0.17104495,-0.64732814,0.27594054,0.14291984,-0.63974535,0.21226123,0.13257685,-0.6292688,0.32887924,0.061671082,-0.6179303,0.19633068,0.034792393,-0.008571654558181763,0.21404318511486053,0.0018446026369929314
