frame,Ankle.R_x,Ankle.R_y,Ankle.R_z,Knee.R_x,Knee.R_y,Knee.R_z,Hip.R_x,Hip.R_y,Hip.R_z,Hip.L_x,Hip.L_y,Hip.L_z,Knee.L_x,Knee.L_y,Knee.L_z,Ankle.L_x,Ankle.L_y,Ankle.L_z,Wrist.R_x,Wrist.R_y,Wrist.R_z,Elbow.R_x,Elbow.R_y,Elbow.R_z,Shoulder.R_x,Shoulder.R_y,Shoulder.R_z,Shoulder.L_x,Shoulder.L_y,Shoulder.L_z,Elbow.L_x,Elbow.L_y,Elbow.L_z,Wrist.L_x,Wrist.L_y,Wrist.L_z,Neck_x,Neck_y,Neck_z,Head_x,Head_y,Head_z,Nose_x,Nose_y,Nose_z,Eye.L_x,Eye.L_y,Eye.L_z,Eye.R_x,Eye.R_y,Eye.R_z,Ear.L_x,Ear.L_y,Ear.L_z,Ear.R_x,Ear.R_y,Ear.R_z,hip.Center_x,hip.Center_y,hip.Center_z
0,0.50468874,0.16364166,-0.5862309,0.3496179,0.20181935,-0.19857259,0.034135595,0.14888921,0.086404786,-0.057155043,0.29693782,-0.08162991,0.272636,0.32298666,-0.3131445,0.48064864,0.31639454,-0.684444,-0.07282054,0.2932006,0.36362934,-0.14262216,0.063510746,0.30158117,-0.38464317,0.08709732,0.18215391,-0.42004415,0.32432008,0.046283565,-0.19864824,0.46571675,-0.039787624,-0.063891694,0.5660925,0.13139367,-0.46470895,0.20097399,0.12417161,-0.6706629,0.1592077,0.1147048,-0.59829885,0.18041568,0.25034547,-0.64168745,0.20193237,0.21479744,-0.6214016,0.13992025,0.21352975,-0.6247928,0.24829529,0.12785178,-0.5865063,0.11638145,0.12113576,-0.011509723961353302,0.22291351854801178,0.0023874379694461823
