frame,Ankle.R_x,Ankle.R_y,Ankle.R_z,Knee.R_x,Knee.R_y,Knee.R_z,Hip.R_x,Hip.R_y,Hip.R_z,Hip.L_x,Hip.L_y,Hip.L_z,Knee.L_x,Knee.L_y,Knee.L_z,Ankle.L_x,Ankle.L_y,Ankle.L_z,Wrist.R_x,Wrist.R_y,Wrist.R_z,Elbow.R_x,Elbow.R_y,Elbow.R_z,Shoulder.R_x,Shoulder.R_y,Shoulder.R_z,Shoulder.L_x,Shoulder.L_y,Shoulder.L_z,Elbow.L_x,Elbow.L_y,Elbow.L_z,Wrist.L_x,Wrist.L_y,Wrist.L_z,Neck_x,Neck_y,Neck_z,Head_x,Head_y,Head_z,Nose_x,Nose_y,Nose_z,Eye.L_x,Eye.L_y,Eye.L_z,Eye.R_x,Eye.R_y,Eye.R_z,Ear.L_x,Ear.L_y,Ear.L_z,Ear.R_x,Ear.R_y,Ear.R_z,hip.Center_x,hip.Center_y,hip.Center_z
0,0.5007256,0.1472752,-0.58760726,0.34965238,0.18631954,-0.19929911,0.033436436,0.14805701,0.08638829,-0.055290103,0.29708004,-0.081867754,0.27285054,0.3129172,-0.31604344,0.48534507,0.30843863,-0.68439054,-0.055794656,0.285805,0.35633317,-0.14427318,0.061951555,0.29517677,-0.38715646,0.09469522,0.18262085,-0.41722047,0.33637437,0.05741059,-0.19252472,0.4737066,-0.024830429,-0.04860971,0.5706348,0.14139372,-0.46390358,0.21195275,0.12936944,-0.6668087,0.17495182,0.107808426,-0.6055283,0.19542629,0.24932116,-0.645167,0.21783741,0.21010394,-0.6266563,0.15520345,0.21110612,-0.61972487,0.26272234,0.12447982,-0.5848251,0.12988599,0.122153856,-0.010926833376288414,0.22256852686405182,0.002260267734527588
