frame,Ankle.R_x,Ankle.R_y,Ankle.R_z,Knee.R_x,Knee.R_y,Knee.R_z,Hip.R_x,Hip.R_y,Hip.R_z,Hip.L_x,Hip.L_y,Hip.L_z,Knee.L_x,Knee.L_y,Knee.L_z,Ankle.L_x,Ankle.L_y,Ankle.L_z,Wrist.R_x,Wrist.R_y,Wrist.R_z,Elbow.R_x,Elbow.R_y,Elbow.R_z,Shoulder.R_x,Shoulder.R_y,Shoulder.R_z,Shoulder.L_x,Shoulder.L_y,Shoulder.L_z,Elbow.L_x,Elbow.L_y,Elbow.L_z,Wrist.L_x,Wrist.L_y,Wrist.L_z,Neck_x,Neck_y,Neck_z,Head_x,Head_y,Head_z,Nose_x,Nose_y,Nose_z,Eye.L_x,Eye.L_y,Eye.L_z,Eye.R_x,Eye.R_y,Eye.R_z,Ear.L_x,Ear.L_y,Ear.L_z,Ear.R_x,Ear.R_y,Ear.R_z,hip.Center_x,hip.Center_y,hip.Center_z
0,0.5046907,0.12828246,-0.5925037,0.34780696,0.16346632,-0.20243356,0.031223025,0.14770806,0.08617924,-0.052973714,0.30082953,-0.08059105,0.2677333,0.3016339,-0.32626918,0.482768,0.30678576,-0.6955626,-0.060039196,0.29432747,0.37808818,-0.13416643,0.06438665,0.31677726,-0.38002488,0.102679394,0.19841363,-0.41752276,0.3354964,0.05436717,-0.19627473,0.46424586,-0.052477017,-0.05968457,0.6134778,0.07968267,-0.46207592,0.21880725,0.13848628,-0.66619396,0.20251568,0.10757847,-0.6104265,0.19812885,0.25279164,-0.64653623,0.22879434,0.21574602,-0.6324793,0.1652993,0.20845173,-0.61405516,0.28360146,0.13842377,-0.58812284,0.14991716,0.11811395,-0.010875344276428223,0.22426879405975342,0.0027940943837165833
