frame,Ankle.R_x,Ankle.R_y,Ankle.R_z,Knee.R_x,Knee.R_y,Knee.R_z,Hip.R_x,Hip.R_y,Hip.R_z,Hip.L_x,Hip.L_y,Hip.L_z,Knee.L_x,Knee.L_y,Knee.L_z,Ankle.L_x,Ankle.L_y,Ankle.L_z,Wrist.R_x,Wrist.R_y,Wrist.R_z,Elbow.R_x,Elbow.R_y,Elbow.R_z,Shoulder.R_x,Shoulder.R_y,Shoulder.R_z,Shoulder.L_x,Shoulder.L_y,Shoulder.L_z,Elbow.L_x,Elbow.L_y,Elbow.L_z,Wrist.L_x,Wrist.L_y,Wrist.L_z,Neck_x,Neck_y,Neck_z,Head_x,Head_y,Head_z,Nose_x,Nose_y,Nose_z,Eye.L_x,Eye.L_y,Eye.L_z,Eye.R_x,Eye.R_y,Eye.R_z,Ear.L_x,Ear.L_y,Ear.L_z,Ear.R_x,Ear.R_y,Ear.R_z,hip.Center_x,hip.Center_y,hip.Center_z
0,0.52672046,0.124003254,-0.5771599,0.35177198,0.1607399,-0.1970772,0.03251507,0.14724219,0.08525252,-0.052855026,0.29966375,-0.08001774,0.26270005,0.29217044,-0.33104175,0.48185495,0.29368845,-0.69559425,-0.10095191,0.27775636,0.3720509,-0.15219942,0.043764897,0.3179171,-0.38821006,0.102258,0.19813034,-0.4227269,0.32442456,0.047698066,-0.20815489,0.4507282,-0.06768154,-0.08126213,0.5912817,0.07634796,-0.4641387,0.21379377,0.13644701,-0.665825,0.19509834,0.11565804,-0.60174656,0.19173911,0.25738898,-0.64066744,0.22153556,0.22285503,-0.6253156,0.15853854,0.21424396,-0.6144409,0.27717227,0.1437975,-0.5861664,0.14492074,0.12186624,-0.010169977322220802,0.22345297038555145,0.0026173926889896393
