frame,Ankle.R_x,Ankle.R_y,Ankle.R_z,Knee.R_x,Knee.R_y,Knee.R_z,Hip.R_x,Hip.R_y,Hip.R_z,Hip.L_x,Hip.L_y,Hip.L_z,Knee.L_x,Knee.L_y,Knee.L_z,Ankle.L_x,Ankle.L_y,Ankle.L_z,Wrist.R_x,Wrist.R_y,Wrist.R_z,Elbow.R_x,Elbow.R_y,Elbow.R_z,Shoulder.R_x,Shoulder.R_y,Shoulder.R_z,Shoulder.L_x,Shoulder.L_y,Shoulder.L_z,Elbow.L_x,Elbow.L_y,Elbow.L_z,Wrist.L_x,Wrist.L_y,Wrist.L_z,Neck_x,Neck_y,Neck_z,Head_x,Head_y,Head_z,Nose_x,Nose_y,Nose_z,Eye.L_x,Eye.L_y,Eye.L_z,Eye.R_x,Eye.R_y,Eye.R_z,Ear.L_x,Ear.L_y,Ear.L_z,Ear.R_x,Ear.R_y,Ear.R_z,hip.Center_x,hip.Center_y,hip.Center_z
0,0.5268791,0.11452345,-0.56625515,0.35830995,0.16199194,-0.18509828,0.029637769,0.1469026,0.086158425,-0.04983656,0.30067578,-0.08147528,0.27142558,0.28634426,-0.32436663,0.48805767,0.28248197,-0.691202,-0.12543575,0.2810946,0.3688951,-0.15611283,0.04283345,0.32732177,-0.38639426,0.10506859,0.19856474,-0.42501965,0.32374683,0.043482944,-0.21287842,0.44526652,-0.07978561,-0.107406095,0.59769624,0.06548851,-0.46411657,0.21554063,0.13628227,-0.6680915,0.1999478,0.12285348,-0.5985718,0.19422448,0.26181287,-0.63831186,0.22491366,0.22913975,-0.62454253,0.16178113,0.21947303,-0.6141993,0.28042072,0.14941107,-0.5893005,0.14795606,0.1255309,-0.010099396109580994,0.22378918528556824,0.002341572195291519
