frame,Ankle.R_x,Ankle.R_y,Ankle.R_z,Knee.R_x,Knee.R_y,Knee.R_z,Hip.R_x,Hip.R_y,Hip.R_z,Hip.L_x,Hip.L_y,Hip.L_z,Knee.L_x,Knee.L_y,Knee.L_z,Ankle.L_x,Ankle.L_y,Ankle.L_z,Wrist.R_x,Wrist.R_y,Wrist.R_z,Elbow.R_x,Elbow.R_y,Elbow.R_z,Shoulder.R_x,Shoulder.R_y,Shoulder.R_z,Shoulder.L_x,Shoulder.L_y,Shoulder.L_z,Elbow.L_x,Elbow.L_y,Elbow.L_z,Wrist.L_x,Wrist.L_y,Wrist.L_z,Neck_x,Neck_y,Neck_z,Head_x,Head_y,Head_z,Nose_x,Nose_y,Nose_z,Eye.L_x,Eye.L_y,Eye.L_z,Eye.R_x,Eye.R_y,Eye.R_z,Ear.L_x,Ear.L_y,Ear.L_z,Ear.R_x,Ear.R_y,Ear.R_z,hip.Center_x,hip.Center_y,hip.Center_z
0,0.54137033,0.12452305,-0.5560884,0.36202598,0.16726674,-0.17876804,0.027099267,0.14505658,0.085510544,-0.04709689,0.30283216,-0.081159234,0.27621567,0.28933662,-0.322119,0.47322255,0.2914032,-0.7000389,-0.09085169,0.2780026,0.35263512,-0.16415182,0.049146738,0.30099252,-0.39869732,0.10797196,0.18154287,-0.4273833,0.329231,0.028559033,-0.20762214,0.44835222,-0.079234555,-0.09491037,0.5946479,0.06907767,-0.47177875,0.22233547,0.11862652,-0.6773294,0.22167388,0.10316717,-0.6061518,0.19974884,0.23949023,-0.64447856,0.23526849,0.21027695,-0.63458925,0.17268847,0.1946871,-0.6182549,0.29615337,0.13528633,-0.601543,0.16498369,0.09926471,-0.009998811408877373,0.22394436597824097,0.0021756552159786224
