frame,Ankle.R_x,Ankle.R_y,Ankle.R_z,Knee.R_x,Knee.R_y,Knee.R_z,Hip.R_x,Hip.R_y,Hip.R_z,Hip.L_x,Hip.L_y,Hip.L_z,Knee.L_x,Knee.L_y,Knee.L_z,Ankle.L_x,Ankle.L_y,Ankle.L_z,Wrist.R_x,Wrist.R_y,Wrist.R_z,Elbow.R_x,Elbow.R_y,Elbow.R_z,Shoulder.R_x,Shoulder.R_y,Shoulder.R_z,Shoulder.L_x,Shoulder.L_y,Shoulder.L_z,Elbow.L_x,Elbow.L_y,Elbow.L_z,Wrist.L_x,Wrist.L_y,Wrist.L_z,Neck_x,Neck_y,Neck_z,Head_x,Head_y,Head_z,Nose_x,Nose_y,Nose_z,Eye.L_x,Eye.L_y,Eye.L_z,Eye.R_x,Eye.R_y,Eye.R_z,Ear.L_x,Ear.L_y,Ear.L_z,Ear.R_x,Ear.R_y,Ear.R_z,hip.Center_x,hip.Center_y,hip.Center_z
0,0.549484,0.119597964,-0.54644775,0.36138737,0.18330847,-0.176567,0.03173787,0.16384195,0.09559264,-0.054884326,0.2854796,-0.09379481,0.26508203,0.28870496,-0.3327882,0.47379693,0.28723425,-0.7033474,-0.13123326,0.2795536,0.34622142,-0.17361352,0.043729145,0.30391124,-0.40251744,0.11527345,0.18121122,-0.4273535,0.3293807,0.01738631,-0.2076737,0.439923,-0.10125787,-0.10691801,0.57741064,0.06071467,-0.473121,0.2275804,0.11280167,-0.6792446,0.22804336,0.09890771,-0.606382,0.2106416,0.23497094,-0.64494276,0.24527372,0.20493409,-0.63547647,0.18212646,0.19147217,-0.61949277,0.30340582,0.12742633,-0.6037729,0.1708579,0.09596311,-0.011573227122426033,0.22466078400611877,0.0008989162743091583
