frame,Ankle.R_x,Ankle.R_y,Ankle.R_z,Knee.R_x,Knee.R_y,Knee.R_z,Hip.R_x,Hip.R_y,Hip.R_z,Hip.L_x,Hip.L_y,Hip.L_z,Knee.L_x,Knee.L_y,Knee.L_z,Ankle.L_x,Ankle.L_y,Ankle.L_z,Wrist.R_x,Wrist.R_y,Wrist.R_z,Elbow.R_x,Elbow.R_y,Elbow.R_z,Shoulder.R_x,Shoulder.R_y,Shoulder.R_z,Shoulder.L_x,Shoulder.L_y,Shoulder.L_z,Elbow.L_x,Elbow.L_y,Elbow.L_z,Wrist.L_x,Wrist.L_y,Wrist.L_z,Neck_x,Neck_y,Neck_z,Head_x,Head_y,Head_z,Nose_x,Nose_y,Nose_z,Eye.L_x,Eye.L_y,Eye.L_z,Eye.R_x,Eye.R_y,Eye.R_z,Ear.L_x,Ear.L_y,Ear.L_z,Ear.R_x,Ear.R_y,Ear.R_z,hip.Center_x,hip.Center_y,hip.Center_z
0,0.5508876,0.12296082,-0.5473683,0.35976383,0.19035026,-0.178669,0.03429751,0.17711003,0.10023329,-0.058108203,0.27396548,-0.10090894,0.25747725,0.28252646,-0.34224457,0.4722727,0.27854005,-0.7089609,-0.1434987,0.28325793,0.3419395,-0.16871932,0.047169298,0.2955614,-0.4021057,0.12794228,0.18976462,-0.43361443,0.33261275,0.017894551,-0.21199983,0.42442992,-0.108433,-0.115910396,0.5554203,0.060085423,-0.47488955,0.2375333,0.119053885,-0.67796236,0.23760155,0.09936426,-0.6094148,0.2183527,0.23793435,-0.6478635,0.25293434,0.20723978,-0.6362788,0.19030192,0.19245191,-0.6211186,0.31388083,0.13198313,-0.6010326,0.18222907,0.09787396,-0.011905346065759659,0.2255377471446991,-0.0003378279507160187
