frame,Ankle.R_x,Ankle.R_y,Ankle.R_z,Knee.R_x,Knee.R_y,Knee.R_z,Hip.R_x,Hip.R_y,Hip.R_z,Hip.L_x,Hip.L_y,Hip.L_z,Knee.L_x,Knee.L_y,Knee.L_z,Ankle.L_x,Ankle.L_y,Ankle.L_z,Wrist.R_x,Wrist.R_y,Wrist.R_z,Elbow.R_x,Elbow.R_y,Elbow.R_z,Shoulder.R_x,Shoulder.R_y,Shoulder.R_z,Shoulder.L_x,Shoulder.L_y,Shoulder.L_z,Elbow.L_x,Elbow.L_y,Elbow.L_z,Wrist.L_x,Wrist.L_y,Wrist.L_z,Neck_x,Neck_y,Neck_z,Head_x,Head_y,Head_z,Nose_x,Nose_y,Nose_z,Eye.L_x,Eye.L_y,Eye.L_z,Eye.R_x,Eye.R_y,Eye.R_z,Ear.L_x,Ear.L_y,Ear.L_z,Ear.R_x,Ear.R_y,Ear.R_z,hip.Center_x,hip.Center_y,hip.Center_z
0,0.5443707,0.12312564,-0.5515136,0.35723966,0.19588423,-0.18310896,0.036797386,0.18024635,0.10065358,-0.060703,0.2699993,-0.10157432,0.25327447,0.28509206,-0.34341556,0.47085598,0.28412253,-0.7078179,-0.14996243,0.27349922,0.336564,-0.1715696,0.03806403,0.2909112,-0.40208593,0.12651058,0.18879808,-0.43233183,0.33703002,0.02417906,-0.21751787,0.43504292,-0.1103498,-0.12651473,0.5452696,0.07335363,-0.4727294,0.23931533,0.1227549,-0.6767844,0.24254496,0.11230618,-0.6027374,0.23048288,0.24902517,-0.6413622,0.26413468,0.21760198,-0.63248795,0.20028819,0.20683444,-0.61598897,0.318508,0.13707505,-0.6019668,0.18429825,0.111546375,-0.011952806264162064,0.2251228243112564,-0.0004603676497936249
