frame,Ankle.R_x,Ankle.R_y,Ankle.R_z,Knee.R_x,Knee.R_y,Knee.R_z,Hip.R_x,Hip.R_y,Hip.R_z,Hip.L_x,Hip.L_y,Hip.L_z,Knee.L_x,Knee.L_y,Knee.L_z,Ankle.L_x,Ankle.L_y,Ankle.L_z,Wrist.R_x,Wrist.R_y,Wrist.R_z,Elbow.R_x,Elbow.R_y,Elbow.R_z,Shoulder.R_x,Shoulder.R_y,Shoulder.R_z,Shoulder.L_x,Shoulder.L_y,Shoulder.L_z,Elbow.L_x,Elbow.L_y,Elbow.L_z,Wrist.L_x,Wrist.L_y,Wrist.L_z,Neck_x,Neck_y,Neck_z,Head_x,Head_y,Head_z,Nose_x,Nose_y,Nose_z,Eye.L_x,Eye.L_y,Eye.L_z,Eye.R_x,Eye.R_y,Eye.R_z,Ear.L_x,Ear.L_y,Ear.L_z,Ear.R_x,Ear.R_y,Ear.R_z,hip.Center_x,hip.Center_y,hip.Center_z
0,0.55615216,0.12877625,-0.5237457,0.3725457,0.18404251,-0.15274113,0.025108773,0.15543269,0.09325141,-0.047679454,0.2928826,-0.09134381,0.28074384,0.29524115,-0.31614214,0.47743034,0.29743075,-0.6935774,-0.21091054,0.2679338,0.3307679,-0.19104305,0.033801835,0.28377423,-0.41221955,0.12943855,0.16357344,-0.42258158,0.35960782,0.021377668,-0.19644797,0.4559729,-0.099580586,-0.13604079,0.55930555,0.09810647,-0.47411096,0.25139603,0.107274316,-0.6792097,0.26300788,0.09647894,-0.6059251,0.22589332,0.22862777,-0.64350384,0.2653091,0.2036814,-0.6364857,0.20411372,0.18227473,-0.6165154,0.33193287,0.13379183,-0.60605186,0.20392478,0.08560386,-0.011285340413451195,0.22415763139724731,0.0009537972509860992
