frame,Ankle.R_x,Ankle.R_y,Ankle.R_z,Knee.R_x,Knee.R_y,Knee.R_z,Hip.R_x,Hip.R_y,Hip.R_z,Hip.L_x,Hip.L_y,Hip.L_z,Knee.L_x,Knee.L_y,Knee.L_z,Ankle.L_x,Ankle.L_y,Ankle.L_z,Wrist.R_x,Wrist.R_y,Wrist.R_z,Elbow.R_x,Elbow.R_y,Elbow.R_z,Shoulder.R_x,Shoulder.R_y,Shoulder.R_z,Shoulder.L_x,Shoulder.L_y,Shoulder.L_z,Elbow.L_x,Elbow.L_y,Elbow.L_z,Wrist.L_x,Wrist.L_y,Wrist.L_z,Neck_x,Neck_y,Neck_z,Head_x,Head_y,Head_z,Nose_x,Nose_y,Nose_z,Eye.L_x,Eye.L_y,Eye.L_z,Eye.R_x,Eye.R_y,Eye.R_z,Ear.L_x,Ear.L_y,Ear.L_z,Ear.R_x,Ear.R_y,Ear.R_z,hip.Center_x,hip.Center_y,hip.Center_z
0,0.5511029,0.1275696,-0.53902453,0.3666527,0.17500743,-0.16678941,0.027645055,0.15044671,0.089698985,-0.047684275,0.29731584,-0.08629197,0.2767242,0.29168382,-0.31951073,0.4828427,0.29777142,-0.6914635,-0.18463273,0.25504443,0.34410062,-0.18673973,0.023365496,0.28199112,-0.40952423,0.13079235,0.17516391,-0.42066064,0.35650384,0.027869577,-0.19611411,0.4516008,-0.095543966,-0.11980574,0.56609243,0.09087683,-0.471029,0.2526533,0.11750226,-0.6763532,0.26809105,0.11187855,-0.5990305,0.24014933,0.24394695,-0.6364573,0.27836332,0.2171433,-0.63193303,0.21538028,0.20094481,-0.6106243,0.3376153,0.14088927,-0.6053668,0.20613432,0.103473455,-0.010019609704613686,0.22388127446174622,0.001703508198261261
