frame,Ankle.R_x,Ankle.R_y,Ankle.R_z,Knee.R_x,Knee.R_y,Knee.R_z,Hip.R_x,Hip.R_y,Hip.R_z,Hip.L_x,Hip.L_y,Hip.L_z,Knee.L_x,Knee.L_y,Knee.L_z,Ankle.L_x,Ankle.L_y,Ankle.L_z,Wrist.R_x,Wrist.R_y,Wrist.R_z,Elbow.R_x,Elbow.R_y,Elbow.R_z,Shoulder.R_x,Shoulder.R_y,Shoulder.R_z,Shoulder.L_x,Shoulder.L_y,Shoulder.L_z,Elbow.L_x,Elbow.L_y,Elbow.L_z,Wrist.L_x,Wrist.L_y,Wrist.L_z,Neck_x,Neck_y,Neck_z,Head_x,Head_y,Head_z,Nose_x,Nose_y,Nose_z,Eye.L_x,Eye.L_y,Eye.L_z,Eye.R_x,Eye.R_y,Eye.R_z,Ear.L_x,Ear.L_y,Ear.L_z,Ear.R_x,Ear.R_y,Ear.R_z,hip.Center_x,hip.Center_y,hip.Center_z
0,0.5719238,0.1242923,-0.50598234,0.37672427,0.175084,-0.1401101,0.020830462,0.15075807,0.09185459,-0.043078307,0.29506394,-0.09106608,0.2921187,0.3019544,-0.3037835,0.49102324,0.3015545,-0.6786558,-0.2742123,0.22991094,0.35569957,-0.23320426,0.013198523,0.26879945,-0.4285753,0.14647087,0.14730163,-0.4199435,0.37669998,0.019217383,-0.19211465,0.47159812,-0.09228982,-0.16918425,0.56630427,0.11488882,-0.4760761,0.2706459,0.097492106,-0.67479646,0.2888636,0.08234574,-0.6071273,0.25472292,0.21878037,-0.6425234,0.29427078,0.19104032,-0.6368857,0.23209946,0.1722751,-0.61099654,0.3571133,0.11927715,-0.60340387,0.22720307,0.07682224,-0.011123922653496265,0.22291100025177002,0.0003942549228668213
