frame,Ankle.R_x,Ankle.R_y,Ankle.R_z,Knee.R_x,Knee.R_y,Knee.R_z,Hip.R_x,Hip.R_y,Hip.R_z,Hip.L_x,Hip.L_y,Hip.L_z,Knee.L_x,Knee.L_y,Knee.L_z,Ankle.L_x,Ankle.L_y,Ankle.L_z,Wrist.R_x,Wrist.R_y,Wrist.R_z,Elbow.R_x,Elbow.R_y,Elbow.R_z,Shoulder.R_x,Shoulder.R_y,Shoulder.R_z,Shoulder.L_x,Shoulder.L_y,Shoulder.L_z,Elbow.L_x,Elbow.L_y,Elbow.L_z,Wrist.L_x,Wrist.L_y,Wrist.L_z,Neck_x,Neck_y,Neck_z,Head_x,Head_y,Head_z,Nose_x,Nose_y,Nose_z,Eye.L_x,Eye.L_y,Eye.L_z,Eye.R_x,Eye.R_y,Eye.R_z,Ear.L_x,Ear.L_y,Ear.L_z,Ear.R_x,Ear.R_y,Ear.R_z,hip.Center_x,hip.Center_y,hip.Center_z
0,0.5815587,0.1263133,-0.50492084,0.3722384,0.16289426,-0.14622034,0.019014673,0.14383069,0.08793186,-0.041316114,0.29994044,-0.08465888,0.29163143,0.30862746,-0.30159175,0.48927033,0.30593604,-0.6754385,-0.2567668,0.1546429,0.38921377,-0.24177292,-0.021831846,0.23180139,-0.43189502,0.13609841,0.13096914,-0.41709346,0.37261656,0.0136288265,-0.19802764,0.48587263,-0.0999592,-0.17398375,0.62107015,0.082934126,-0.477024,0.2661427,0.08680903,-0.67740685,0.29317725,0.075359926,-0.6067455,0.26312602,0.21057676,-0.6405748,0.30304006,0.18170485,-0.63978904,0.23967722,0.16694473,-0.60838056,0.35875118,0.105377145,-0.61048156,0.22670513,0.07080526,-0.011150720529258251,0.2218855619430542,0.0016364865005016327
