frame,Ankle.R_x,Ankle.R_y,Ankle.R_z,Knee.R_x,Knee.R_y,Knee.R_z,Hip.R_x,Hip.R_y,Hip.R_z,Hip.L_x,Hip.L_y,Hip.L_z,Knee.L_x,Knee.L_y,Knee.L_z,Ankle.L_x,Ankle.L_y,Ankle.L_z,Wrist.R_x,Wrist.R_y,Wrist.R_z,Elbow.R_x,Elbow.R_y,Elbow.R_z,Shoulder.R_x,Shoulder.R_y,Shoulder.R_z,Shoulder.L_x,Shoulder.L_y,Shoulder.L_z,Elbow.L_x,Elbow.L_y,Elbow.L_z,Wrist.L_x,Wrist.L_y,Wrist.L_z,Neck_x,Neck_y,Neck_z,Head_x,Head_y,Head_z,Nose_x,Nose_y,Nose_z,Eye.L_x,Eye.L_y,Eye.L_z,Eye.R_x,Eye.R_y,Eye.R_z,Ear.L_x,Ear.L_y,Ear.L_z,Ear.R_x,Ear.R_y,Ear.R_z,hip.Center_x,hip.Center_y,hip.Center_z
0,0.5635427,0.12540092,-0.5196687,0.37136883,0.16601208,-0.15264443,0.023192227,0.14727262,0.08938313,-0.044614613,0.2962899,-0.08619421,0.28225607,0.30797887,-0.3105986,0.49182773,0.30494875,-0.6778137,-0.24837461,0.15573806,0.39016086,-0.23940094,-0.022195157,0.23438416,-0.43022,0.13631912,0.140588,-0.4178015,0.37126285,0.026082415,-0.20155245,0.48787048,-0.08816802,-0.18640335,0.62606245,0.0931808,-0.47477674,0.26453984,0.09943715,-0.6743767,0.2883994,0.094535336,-0.5992589,0.25513527,0.2268466,-0.6348136,0.29520243,0.20045018,-0.63289917,0.23245811,0.18322785,-0.6060678,0.354476,0.12534499,-0.60607123,0.22379127,0.086034924,-0.010711193084716797,0.22178125381469727,0.0015944615006446838
