frame,Ankle.R_x,Ankle.R_y,Ankle.R_z,Knee.R_x,Knee.R_y,Knee.R_z,Hip.R_x,Hip.R_y,Hip.R_z,Hip.L_x,Hip.L_y,Hip.L_z,Knee.L_x,Knee.L_y,Knee.L_z,Ankle.L_x,Ankle.L_y,Ankle.L_z,Wrist.R_x,Wrist.R_y,Wrist.R_z,Elbow.R_x,Elbow.R_y,Elbow.R_z,Shoulder.R_x,Shoulder.R_y,Shoulder.R_z,Shoulder.L_x,Shoulder.L_y,Shoulder.L_z,Elbow.L_x,Elbow.L_y,Elbow.L_z,Wrist.L_x,Wrist.L_y,Wrist.L_z,Neck_x,Neck_y,Neck_z,Head_x,Head_y,Head_z,Nose_x,Nose_y,Nose_z,Eye.L_x,Eye.L_y,Eye.L_z,Eye.R_x,Eye.R_y,Eye.R_z,Ear.L_x,Ear.L_y,Ear.L_z,Ear.R_x,Ear.R_y,Ear.R_z,hip.Center_x,hip.Center_y,hip.Center_z
0,0.57269526,0.12343397,-0.5247571,0.36212957,0.14801252,-0.16723646,0.022137422,0.14203991,0.08584,-0.043496136,0.2983355,-0.08165979,0.28095984,0.30515245,-0.31194276,0.495563,0.30721188,-0.6721477,-0.22739197,0.00749367,0.4107278,-0.26782835,-0.059468947,0.18555751,-0.43417448,0.13560244,0.12451397,-0.4183624,0.3663272,0.015474984,-0.2178335,0.4981978,-0.10122254,-0.20094952,0.68388,0.03334637,-0.47603488,0.2656468,0.08722508,-0.6710071,0.29117197,0.06785182,-0.60840654,0.26821905,0.20865943,-0.64091676,0.30629262,0.17613353,-0.638257,0.242525,0.16408041,-0.60488653,0.3590533,0.09973073,-0.60320413,0.22631225,0.070907146,-0.010679356753826141,0.2201876938343048,0.002090107649564743
