frame,Ankle.R_x,Ankle.R_y,Ankle.R_z,Knee.R_x,Knee.R_y,Knee.R_z,Hip.R_x,Hip.R_y,Hip.R_z,Hip.L_x,Hip.L_y,Hip.L_z,Knee.L_x,Knee.L_y,Knee.L_z,Ankle.L_x,Ankle.L_y,Ankle.L_z,Wrist.R_x,Wrist.R_y,Wrist.R_z,Elbow.R_x,Elbow.R_y,Elbow.R_z,Shoulder.R_x,Shoulder.R_y,Shoulder.R_z,Shoulder.L_x,Shoulder.L_y,Shoulder.L_z,Elbow.L_x,Elbow.L_y,Elbow.L_z,Wrist.L_x,Wrist.L_y,Wrist.L_z,Neck_x,Neck_y,Neck_z,Head_x,Head_y,Head_z,Nose_x,Nose_y,Nose_z,Eye.L_x,Eye.L_y,Eye.L_z,Eye.R_x,Eye.R_y,Eye.R_z,Ear.L_x,Ear.L_y,Ear.L_z,Ear.R_x,Ear.R_y,Ear.R_z,hip.Center_x,hip.Center_y,hip.Center_z
0,0.59910303,0.09932195,-0.50039077,0.36911142,0.10056162,-0.15003727,0.0034551136,0.11464229,0.057684034,-0.022874344,0.32601726,-0.051375568,0.30662894,0.2869073,-0.29058078,0.51218545,0.28344882,-0.6621164,-0.2841309,-0.2175033,0.354245,-0.31552455,-0.09096019,0.14744446,-0.4430737,0.14586537,0.11551965,-0.4108758,0.37849563,0.006138079,-0.22426483,0.53424686,-0.11114509,-0.23833472,0.745716,-0.007603972,-0.476568,0.2812969,0.07758312,-0.6695472,0.32208478,0.044039506,-0.6191523,0.29843074,0.18998031,-0.6461129,0.3379905,0.15375766,-0.6480738,0.27374575,0.14358059,-0.60051537,0.38527757,0.07886576,-0.6073071,0.25148758,0.052634932,-0.009709615260362625,0.22032977640628815,0.0031542330980300903
