frame,Ankle.R_x,Ankle.R_y,Ankle.R_z,Knee.R_x,Knee.R_y,Knee.R_z,Hip.R_x,Hip.R_y,Hip.R_z,Hip.L_x,Hip.L_y,Hip.L_z,Knee.L_x,Knee.L_y,Knee.L_z,Ankle.L_x,Ankle.L_y,Ankle.L_z,Wrist.R_x,Wrist.R_y,Wrist.R_z,Elbow.R_x,Elbow.R_y,Elbow.R_z,Shoulder.R_x,Shoulder.R_y,Shoulder.R_z,Shoulder.L_x,Shoulder.L_y,Shoulder.L_z,Elbow.L_x,Elbow.L_y,Elbow.L_z,Wrist.L_x,Wrist.L_y,Wrist.L_z,Neck_x,Neck_y,Neck_z,Head_x,Head_y,Head_z,Nose_x,Nose_y,Nose_z,Eye.L_x,Eye.L_y,Eye.L_z,Eye.R_x,Eye.R_y,Eye.R_z,Ear.L_x,Ear.L_y,Ear.L_z,Ear.R_x,Ear.R_y,Ear.R_z,hip.Center_x,hip.Center_y,hip.Center_z
0,0.5994716,0.109275445,-0.47636265,0.3828874,0.11006277,-0.119245246,-0.00090431725,0.10684812,0.04692448,-0.01689929,0.32985744,-0.040437393,0.31058434,0.27749732,-0.28359628,0.5223831,0.27579367,-0.65119785,-0.30265278,-0.23982437,0.34294826,-0.32599095,-0.10929816,0.13661692,-0.44049037,0.13544498,0.10904346,-0.40999848,0.3761915,0.016387012,-0.22795735,0.54181397,-0.097534485,-0.22969848,0.76134276,-0.008116108,-0.47515032,0.27257293,0.0795551,-0.6687626,0.29972637,0.040623058,-0.62246895,0.29501915,0.19003685,-0.64940834,0.32922482,0.14877914,-0.64947855,0.26423258,0.14642525,-0.60282993,0.36830866,0.07044973,-0.60532486,0.23251753,0.059436426,-0.008901803754270077,0.2183527797460556,0.0032435432076454163
