frame,Ankle.R_x,Ankle.R_y,Ankle.R_z,Knee.R_x,Knee.R_y,Knee.R_z,Hip.R_x,Hip.R_y,Hip.R_z,Hip.L_x,Hip.L_y,Hip.L_z,Knee.L_x,Knee.L_y,Knee.L_z,Ankle.L_x,Ankle.L_y,Ankle.L_z,Wrist.R_x,Wrist.R_y,Wrist.R_z,Elbow.R_x,Elbow.R_y,Elbow.R_z,Shoulder.R_x,Shoulder.R_y,Shoulder.R_z,Shoulder.L_x,Shoulder.L_y,Shoulder.L_z,Elbow.L_x,Elbow.L_y,Elbow.L_z,Wrist.L_x,Wrist.L_y,Wrist.L_z,Neck_x,Neck_y,Neck_z,Head_x,Head_y,Head_z,Nose_x,Nose_y,Nose_z,Eye.L_x,Eye.L_y,Eye.L_z,Eye.R_x,Eye.R_y,Eye.R_z,Ear.L_x,Ear.L_y,Ear.L_z,Ear.R_x,Ear.R_y,Ear.R_z,hip.Center_x,hip.Center_y,hip.Center_z
0,0.60241425,0.09670575,-0.48620382,0.37690592,0.10122618,-0.13355814,0.0015764215,0.11322593,0.055359572,-0.020998418,0.32769537,-0.049383134,0.3088036,0.28315482,-0.288652,0.5198893,0.28408137,-0.65768236,-0.31622246,-0.22043914,0.35019854,-0.34352335,-0.09506081,0.14107747,-0.44856268,0.15252185,0.10752975,-0.40585375,0.38683906,0.006046366,-0.21767282,0.5500598,-0.096498296,-0.22683626,0.75987506,0.01282086,-0.47610888,0.28983352,0.07325538,-0.66888744,0.33947378,0.04073571,-0.6183106,0.3119265,0.18582788,-0.6435408,0.35309756,0.15024468,-0.6489649,0.28917477,0.13955875,-0.5963799,0.39856684,0.075371385,-0.6102761,0.26555654,0.04785324,-0.009710998274385929,0.2204606533050537,0.0029882192611694336
