frame,Ankle.R_x,Ankle.R_y,Ankle.R_z,Knee.R_x,Knee.R_y,Knee.R_z,Hip.R_x,Hip.R_y,Hip.R_z,Hip.L_x,Hip.L_y,Hip.L_z,Knee.L_x,Knee.L_y,Knee.L_z,Ankle.L_x,Ankle.L_y,Ankle.L_z,Wrist.R_x,Wrist.R_y,Wrist.R_z,Elbow.R_x,Elbow.R_y,Elbow.R_z,Shoulder.R_x,Shoulder.R_y,Shoulder.R_z,Shoulder.L_x,Shoulder.L_y,Shoulder.L_z,Elbow.L_x,Elbow.L_y,Elbow.L_z,Wrist.L_x,Wrist.L_y,Wrist.L_z,Neck_x,Neck_y,Neck_z,Head_x,Head_y,Head_z,Nose_x,Nose_y,Nose_z,Eye.L_x,Eye.L_y,Eye.L_z,Eye.R_x,Eye.R_y,Eye.R_z,Ear.L_x,Ear.L_y,Ear.L_z,Ear.R_x,Ear.R_y,Ear.R_z,hip.Center_x,hip.Center_y,hip.Center_z
0,0.6223966,0.1013239,-0.4600924,0.38108578,0.10261833,-0.11948381,-0.002036584,0.10969618,0.050033245,-0.017326562,0.32999063,-0.043747347,0.3112638,0.2779417,-0.28316706,0.5332269,0.27214482,-0.6454813,-0.35781342,-0.17529011,0.37388808,-0.38521558,-0.09970779,0.14339353,-0.4556613,0.15922076,0.10238839,-0.40288347,0.39362514,0.0048654834,-0.21185729,0.55278337,-0.102038264,-0.2036554,0.7480557,0.029928135,-0.47635385,0.29600015,0.070622824,-0.67033213,0.34727755,0.044300452,-0.61727864,0.30667937,0.18506569,-0.64348286,0.35072476,0.15409343,-0.64826214,0.28803378,0.13730827,-0.59792495,0.40397182,0.08319859,-0.61075807,0.27387905,0.043443114,-0.009681573137640953,0.21984340250492096,0.003142949193716049
