frame,Ankle.R_x,Ankle.R_y,Ankle.R_z,Knee.R_x,Knee.R_y,Knee.R_z,Hip.R_x,Hip.R_y,Hip.R_z,Hip.L_x,Hip.L_y,Hip.L_z,Knee.L_x,Knee.L_y,Knee.L_z,Ankle.L_x,Ankle.L_y,Ankle.L_z,Wrist.R_x,Wrist.R_y,Wrist.R_z,Elbow.R_x,Elbow.R_y,Elbow.R_z,Shoulder.R_x,Shoulder.R_y,Shoulder.R_z,Shoulder.L_x,Shoulder.L_y,Shoulder.L_z,Elbow.L_x,Elbow.L_y,Elbow.L_z,Wrist.L_x,Wrist.L_y,Wrist.L_z,Neck_x,Neck_y,Neck_z,Head_x,Head_y,Head_z,Nose_x,Nose_y,Nose_z,Eye.L_x,Eye.L_y,Eye.L_z,Eye.R_x,Eye.R_y,Eye.R_z,Ear.L_x,Ear.L_y,Ear.L_z,Ear.R_x,Ear.R_y,Ear.R_z,hip.Center_x,hip.Center_y,hip.Center_z
0,0.5987555,0.11271376,-0.4989244,0.37452096,0.11427999,-0.14460391,0.0068250378,0.114916,0.059310533,-0.025734045,0.3247654,-0.05231776,0.30143863,0.2904262,-0.2944358,0.5131667,0.291752,-0.663449,-0.34051877,-0.20371689,0.3671311,-0.32853463,-0.1127865,0.14180048,-0.43906558,0.13475463,0.11283739,-0.41297987,0.37631238,0.01782497,-0.23727451,0.5420841,-0.109181695,-0.2276037,0.75063205,0.0014242702,-0.47570994,0.2722692,0.082074866,-0.66974765,0.30109206,0.044452902,-0.61995417,0.32242277,0.19159377,-0.6448849,0.3498254,0.14432746,-0.6507484,0.2859534,0.15548337,-0.5974516,0.36771408,0.059367284,-0.61170137,0.23305541,0.07605031,-0.009454503655433655,0.21984070539474487,0.0034963861107826233
