frame,Ankle.R_x,Ankle.R_y,Ankle.R_z,Knee.R_x,Knee.R_y,Knee.R_z,Hip.R_x,Hip.R_y,Hip.R_z,Hip.L_x,Hip.L_y,Hip.L_z,Knee.L_x,Knee.L_y,Knee.L_z,Ankle.L_x,Ankle.L_y,Ankle.L_z,Wrist.R_x,Wrist.R_y,Wrist.R_z,Elbow.R_x,Elbow.R_y,Elbow.R_z,Shoulder.R_x,Shoulder.R_y,Shoulder.R_z,Shoulder.L_x,Shoulder.L_y,Shoulder.L_z,Elbow.L_x,Elbow.L_y,Elbow.L_z,Wrist.L_x,Wrist.L_y,Wrist.L_z,Neck_x,Neck_y,Neck_z,Head_x,Head_y,Head_z,Nose_x,Nose_y,Nose_z,Eye.L_x,Eye.L_y,Eye.L_z,Eye.R_x,Eye.R_y,Eye.R_z,Ear.L_x,Ear.L_y,Ear.L_z,Ear.R_x,Ear.R_y,Ear.R_z,hip.Center_x,hip.Center_y,hip.Center_z
0,0.66934514,0.12830396,-0.43433923,0.38092926,0.1315289,-0.12841706,0.0032095872,0.11180236,0.05480407,-0.021765703,0.32699504,-0.04946476,0.32938126,0.28412235,-0.25969136,0.57249135,0.2688465,-0.6092047,-0.4184133,-0.13819532,0.40240496,-0.40113637,-0.10108012,0.16280052,-0.46060055,0.15307109,0.09920936,-0.42456168,0.3817658,0.0065276558,-0.28214374,0.5764659,-0.110324666,-0.2391676,0.7234847,0.06829974,-0.48277715,0.2835059,0.06938224,-0.67437124,0.3308373,0.051843725,-0.61036223,0.3130977,0.19309586,-0.6381271,0.3520578,0.15687251,-0.6455343,0.28755653,0.15188396,-0.5978879,0.3905013,0.07428702,-0.6165517,0.2560455,0.059117407,-0.00927805807441473,0.21939870715141296,0.0026696566492319107
