frame,Ankle.R_x,Ankle.R_y,Ankle.R_z,Knee.R_x,Knee.R_y,Knee.R_z,Hip.R_x,Hip.R_y,Hip.R_z,Hip.L_x,Hip.L_y,Hip.L_z,Knee.L_x,Knee.L_y,Knee.L_z,Ankle.L_x,Ankle.L_y,Ankle.L_z,Wrist.R_x,Wrist.R_y,Wrist.R_z,Elbow.R_x,Elbow.R_y,Elbow.R_z,Shoulder.R_x,Shoulder.R_y,Shoulder.R_z,Shoulder.L_x,Shoulder.L_y,Shoulder.L_z,Elbow.L_x,Elbow.L_y,Elbow.L_z,Wrist.L_x,Wrist.L_y,Wrist.L_z,Neck_x,Neck_y,Neck_z,Head_x,Head_y,Head_z,Nose_x,Nose_y,Nose_z,Eye.L_x,Eye.L_y,Eye.L_z,Eye.R_x,Eye.R_y,Eye.R_z,Ear.L_x,Ear.L_y,Ear.L_z,Ear.R_x,Ear.R_y,Ear.R_z,hip.Center_x,hip.Center_y,hip.Center_z
0,0.6708279,0.0812473,-0.43276283,0.36759543,0.07229523,-0.13344151,-0.03094412,0.09465095,-0.016880475,0.010086204,0.32839942,0.020655178,0.39584866,0.23924223,-0.114661954,0.7392987,0.2291179,-0.3663998,-0.44131532,-0.049090248,0.20615852,-0.28693095,-0.096643224,0.033939395,-0.4451036,0.1144355,0.005231117,-0.45736116,0.3561935,0.05348527,-0.38162616,0.47527564,0.27313206,-0.54613394,0.3125207,0.30567306,-0.49220854,0.23685013,0.030891959,-0.6889324,0.23298284,0.029813545,-0.60936725,0.22257084,0.16333288,-0.648378,0.25660005,0.13212016,-0.6424443,0.1921094,0.12402003,-0.6249977,0.3066963,0.049893618,-0.616313,0.17214718,0.026880043,-0.010428957641124725,0.21152518689632416,0.0018873512744903564
