frame,Ankle.R_x,Ankle.R_y,Ankle.R_z,Knee.R_x,Knee.R_y,Knee.R_z,Hip.R_x,Hip.R_y,Hip.R_z,Hip.L_x,Hip.L_y,Hip.L_z,Knee.L_x,Knee.L_y,Knee.L_z,Ankle.L_x,Ankle.L_y,Ankle.L_z,Wrist.R_x,Wrist.R_y,Wrist.R_z,Elbow.R_x,Elbow.R_y,Elbow.R_z,Shoulder.R_x,Shoulder.R_y,Shoulder.R_z,Shoulder.L_x,Shoulder.L_y,Shoulder.L_z,Elbow.L_x,Elbow.L_y,Elbow.L_z,Wrist.L_x,Wrist.L_y,Wrist.L_z,Neck_x,Neck_y,Neck_z,Head_x,Head_y,Head_z,Nose_x,Nose_y,Nose_z,Eye.L_x,Eye.L_y,Eye.L_z,Eye.R_x,Eye.R_y,Eye.R_z,Ear.L_x,Ear.L_y,Ear.L_z,Ear.R_x,Ear.R_y,Ear.R_z,hip.Center_x,hip.Center_y,hip.Center_z
0,0.6541593,0.066079475,-0.47024697,0.3519673,0.067298576,-0.17027602,-0.035027914,0.097159505,-0.027491622,0.013105872,0.32327265,0.03443481,0.3905125,0.25196204,-0.13098057,0.7457774,0.22956936,-0.36006764,-0.453984,-0.06896724,0.2020641,-0.28735358,-0.10529539,0.035016164,-0.43662903,0.108668834,-0.014378214,-0.45519668,0.34773538,0.061325405,-0.40123835,0.5001088,0.26734352,-0.58249503,0.36980513,0.33223376,-0.48992118,0.22942267,0.026191445,-0.69349533,0.24443927,0.04255102,-0.602836,0.1888214,0.15409356,-0.63993555,0.23403731,0.13924742,-0.64360356,0.1743783,0.11313677,-0.61934024,0.30321243,0.07167466,-0.63047504,0.1804657,0.012148816,-0.010961020365357399,0.21021607518196106,0.0034715943038463593
