frame,Ankle.R_x,Ankle.R_y,Ankle.R_z,Knee.R_x,Knee.R_y,Knee.R_z,Hip.R_x,Hip.R_y,Hip.R_z,Hip.L_x,Hip.L_y,Hip.L_z,Knee.L_x,Knee.L_y,Knee.L_z,Ankle.L_x,Ankle.L_y,Ankle.L_z,Wrist.R_x,Wrist.R_y,Wrist.R_z,Elbow.R_x,Elbow.R_y,Elbow.R_z,Shoulder.R_x,Shoulder.R_y,Shoulder.R_z,Shoulder.L_x,Shoulder.L_y,Shoulder.L_z,Elbow.L_x,Elbow.L_y,Elbow.L_z,Wrist.L_x,Wrist.L_y,Wrist.L_z,Neck_x,Neck_y,Neck_z,Head_x,Head_y,Head_z,Nose_x,Nose_y,Nose_z,Eye.L_x,Eye.L_y,Eye.L_z,Eye.R_x,Eye.R_y,Eye.R_z,Ear.L_x,Ear.L_y,Ear.L_z,Ear.R_x,Ear.R_y,Ear.R_z,hip.Center_x,hip.Center_y,hip.Center_z
0,0.65286654,0.053909857,-0.47917134,0.34462786,0.058211338,-0.18131721,-0.03714114,0.09895404,-0.02624631,0.013234081,0.32635885,0.03282301,0.3895506,0.255475,-0.13764359,0.74751633,0.23044845,-0.3689364,-0.4821985,-0.055302326,0.2003418,-0.29799017,-0.11589402,0.059732456,-0.43612623,0.109107554,-0.004672846,-0.45355737,0.35889825,0.058842126,-0.40026632,0.53345287,0.2526399,-0.5739339,0.39531,0.32665688,-0.49025983,0.23515844,0.030778108,-0.69432914,0.25961986,0.04811724,-0.6098738,0.18149282,0.15113255,-0.64418757,0.23071471,0.14317904,-0.6500324,0.17630412,0.10719544,-0.6178241,0.30973065,0.08810438,-0.6334758,0.1982913,0.008625093,-0.01195352990180254,0.2126564383506775,0.003288350999355316
