frame,Ankle.R_x,Ankle.R_y,Ankle.R_z,Knee.R_x,Knee.R_y,Knee.R_z,Hip.R_x,Hip.R_y,Hip.R_z,Hip.L_x,Hip.L_y,Hip.L_z,Knee.L_x,Knee.L_y,Knee.L_z,Ankle.L_x,Ankle.L_y,Ankle.L_z,Wrist.R_x,Wrist.R_y,Wrist.R_z,Elbow.R_x,Elbow.R_y,Elbow.R_z,Shoulder.R_x,Shoulder.R_y,Shoulder.R_z,Shoulder.L_x,Shoulder.L_y,Shoulder.L_z,Elbow.L_x,Elbow.L_y,Elbow.L_z,Wrist.L_x,Wrist.L_y,Wrist.L_z,Neck_x,Neck_y,Neck_z,Head_x,Head_y,Head_z,Nose_x,Nose_y,Nose_z,Eye.L_x,Eye.L_y,Eye.L_z,Eye.R_x,Eye.R_y,Eye.R_z,Ear.L_x,Ear.L_y,Ear.L_z,Ear.R_x,Ear.R_y,Ear.R_z,hip.Center_x,hip.Center_y,hip.Center_z
0,0.72663283,0.13755749,-0.16914077,0.38571486,0.12649915,0.057605606,-0.002038992,0.087301895,0.025117766,-0.021508958,0.32636476,-0.030164044,0.30059037,0.29744577,-0.284799,0.40039027,0.31599814,-0.6953876,-0.42775252,-0.41300383,0.11332617,-0.39653727,-0.17049944,0.063434124,-0.41583624,0.091323726,0.1005826,-0.4112545,0.34185874,0.10800141,-0.3580827,0.59735256,0.06828939,-0.33270788,0.8209341,0.16207051,-0.4502504,0.2207181,0.1289942,-0.63718134,0.2606637,0.12096647,-0.585163,0.19556142,0.2515768,-0.6114304,0.2438708,0.23000339,-0.61605924,0.18548986,0.2024179,-0.56707305,0.3085075,0.17045322,-0.5783423,0.18963942,0.10796125,-0.011773975566029549,0.20683333277702332,-0.0025231391191482544
