frame,Ankle.R_x,Ankle.R_y,Ankle.R_z,Knee.R_x,Knee.R_y,Knee.R_z,Hip.R_x,Hip.R_y,Hip.R_z,Hip.L_x,Hip.L_y,Hip.L_z,Knee.L_x,Knee.L_y,Knee.L_z,Ankle.L_x,Ankle.L_y,Ankle.L_z,Wrist.R_x,Wrist.R_y,Wrist.R_z,Elbow.R_x,Elbow.R_y,Elbow.R_z,Shoulder.R_x,Shoulder.R_y,Shoulder.R_z,Shoulder.L_x,Shoulder.L_y,Shoulder.L_z,Elbow.L_x,Elbow.L_y,Elbow.L_z,Wrist.L_x,Wrist.L_y,Wrist.L_z,Neck_x,Neck_y,Neck_z,Head_x,Head_y,Head_z,Nose_x,Nose_y,Nose_z,Eye.L_x,Eye.L_y,Eye.L_z,Eye.R_x,Eye.R_y,Eye.R_z,Ear.L_x,Ear.L_y,Ear.L_z,Ear.R_x,Ear.R_y,Ear.R_z,hip.Center_x,hip.Center_y,hip.Center_z
0,0.7356241,0.14413047,-0.13554727,0.37976858,0.12742803,0.07283067,-0.0065678945,0.08480537,0.01973313,-0.01868555,0.32711464,-0.025271945,0.31110418,0.30185005,-0.27210933,0.4267266,0.3194095,-0.68061954,-0.44378555,-0.40911052,0.09787702,-0.39949027,-0.16937627,0.040778145,-0.4172315,0.092207566,0.09009667,-0.41026342,0.34368485,0.10739854,-0.3627942,0.6012076,0.06680663,-0.33830506,0.8316987,0.14703198,-0.45084253,0.22098336,0.1249907,-0.64235175,0.250775,0.12795214,-0.57871693,0.18900083,0.2546953,-0.6088721,0.2358126,0.2349115,-0.6120275,0.17717066,0.2076125,-0.57185274,0.30270797,0.17290555,-0.5806434,0.1832911,0.110938594,-0.01262672245502472,0.2059600055217743,-0.0027694078162312508
