frame,Ankle.R_x,Ankle.R_y,Ankle.R_z,Knee.R_x,Knee.R_y,Knee.R_z,Hip.R_x,Hip.R_y,Hip.R_z,Hip.L_x,Hip.L_y,Hip.L_z,Knee.L_x,Knee.L_y,Knee.L_z,Ankle.L_x,Ankle.L_y,Ankle.L_z,Wrist.R_x,Wrist.R_y,Wrist.R_z,Elbow.R_x,Elbow.R_y,Elbow.R_z,Shoulder.R_x,Shoulder.R_y,Shoulder.R_z,Shoulder.L_x,Shoulder.L_y,Shoulder.L_z,Elbow.L_x,Elbow.L_y,Elbow.L_z,Wrist.L_x,Wrist.L_y,Wrist.L_z,Neck_x,Neck_y,Neck_z,Head_x,Head_y,Head_z,Nose_x,Nose_y,Nose_z,Eye.L_x,Eye.L_y,Eye.L_z,Eye.R_x,Eye.R_y,Eye.R_z,Ear.L_x,Ear.L_y,Ear.L_z,Ear.R_x,Ear.R_y,Ear.R_z,hip.Center_x,hip.Center_y,hip.Center_z
0,0.7210103,0.12387298,-0.07262272,0.3645788,0.1297219,0.12977414,-0.006419749,0.08672061,0.02746282,-0.021110484,0.32395408,-0.036809735,0.30854622,0.31069374,-0.27614012,0.40598747,0.3267851,-0.6873366,-0.42957744,-0.4047391,0.09530033,-0.3729246,-0.16810586,0.04038362,-0.41591805,0.09147101,0.08038322,-0.4277722,0.33503467,0.08243306,-0.45829225,0.5899036,0.051398207,-0.52623,0.8230923,0.090350114,-0.45545042,0.21950409,0.10711935,-0.64389396,0.25562823,0.11516729,-0.5761124,0.20497105,0.2442064,-0.60555303,0.25039902,0.22123314,-0.61211693,0.18951572,0.20046513,-0.57003546,0.30888483,0.15078951,-0.58534706,0.18431711,0.1023407,-0.013765117153525352,0.20533734560012817,-0.004673457704484463
