frame,Ankle.R_x,Ankle.R_y,Ankle.R_z,Knee.R_x,Knee.R_y,Knee.R_z,Hip.R_x,Hip.R_y,Hip.R_z,Hip.L_x,Hip.L_y,Hip.L_z,Knee.L_x,Knee.L_y,Knee.L_z,Ankle.L_x,Ankle.L_y,Ankle.L_z,Wrist.R_x,Wrist.R_y,Wrist.R_z,Elbow.R_x,Elbow.R_y,Elbow.R_z,Shoulder.R_x,Shoulder.R_y,Shoulder.R_z,Shoulder.L_x,Shoulder.L_y,Shoulder.L_z,Elbow.L_x,Elbow.L_y,Elbow.L_z,Wrist.L_x,Wrist.L_y,Wrist.L_z,Neck_x,Neck_y,Neck_z,Head_x,Head_y,Head_z,Nose_x,Nose_y,Nose_z,Eye.L_x,Eye.L_y,Eye.L_z,Eye.R_x,Eye.R_y,Eye.R_z,Ear.L_x,Ear.L_y,Ear.L_z,Ear.R_x,Ear.R_y,Ear.R_z,hip.Center_x,hip.Center_y,hip.Center_z
0,0.6906747,0.14010395,0.0048943725,0.3281753,0.1454349,0.19126679,-0.010918913,0.08616546,0.027078344,-0.02004413,0.32436466,-0.04244763,0.33528927,0.3257144,-0.24452291,0.38260642,0.34294632,-0.6626339,-0.39384335,-0.39697525,0.093551315,-0.34894943,-0.15818411,0.0375361,-0.41470754,0.09936168,0.077183574,-0.4261216,0.3501782,0.06989949,-0.45938918,0.6051582,0.046792414,-0.56236327,0.8221638,0.10235833,-0.45670694,0.23371832,0.097449064,-0.64245,0.28465003,0.09085427,-0.58945704,0.22531255,0.22293077,-0.6140701,0.27329898,0.19945998,-0.62253845,0.21366222,0.17581713,-0.56854874,0.33200723,0.13452187,-0.5875501,0.20998158,0.08014695,-0.015481521375477314,0.20526506006717682,-0.007684643380343914
