frame,Ankle.R_x,Ankle.R_y,Ankle.R_z,Knee.R_x,Knee.R_y,Knee.R_z,Hip.R_x,Hip.R_y,Hip.R_z,Hip.L_x,Hip.L_y,Hip.L_z,Knee.L_x,Knee.L_y,Knee.L_z,Ankle.L_x,Ankle.L_y,Ankle.L_z,Wrist.R_x,Wrist.R_y,Wrist.R_z,Elbow.R_x,Elbow.R_y,Elbow.R_z,Shoulder.R_x,Shoulder.R_y,Shoulder.R_z,Shoulder.L_x,Shoulder.L_y,Shoulder.L_z,Elbow.L_x,Elbow.L_y,Elbow.L_z,Wrist.L_x,Wrist.L_y,Wrist.L_z,Neck_x,Neck_y,Neck_z,Head_x,Head_y,Head_z,Nose_x,Nose_y,Nose_z,Eye.L_x,Eye.L_y,Eye.L_z,Eye.R_x,Eye.R_y,Eye.R_z,Ear.L_x,Ear.L_y,Ear.L_z,Ear.R_x,Ear.R_y,Ear.R_z,hip.Center_x,hip.Center_y,hip.Center_z
0,0.6767468,0.13289595,0.06695917,0.29869515,0.14513813,0.2201495,-0.013944378,0.083508864,0.019127341,-0.017580634,0.32531184,-0.035316832,0.33893633,0.33093977,-0.23417932,0.39598992,0.35069457,-0.6521413,-0.35719302,-0.40246382,0.06630632,-0.33396244,-0.15761049,0.021431714,-0.41419867,0.095937125,0.0563442,-0.42545706,0.34795055,0.061272472,-0.46211252,0.6018406,0.05477761,-0.5782205,0.81503296,0.09930216,-0.45853424,0.23122126,0.08072512,-0.64427525,0.28799635,0.06578306,-0.59797025,0.23073472,0.20082062,-0.6196329,0.27902198,0.1750272,-0.6305432,0.21904603,0.15330026,-0.5695669,0.33276337,0.10970181,-0.59322715,0.21024498,0.05875407,-0.015762506052851677,0.2044103443622589,-0.008094745688140392
