frame,Ankle.R_x,Ankle.R_y,Ankle.R_z,Knee.R_x,Knee.R_y,Knee.R_z,Hip.R_x,Hip.R_y,Hip.R_z,Hip.L_x,Hip.L_y,Hip.L_z,Knee.L_x,Knee.L_y,Knee.L_z,Ankle.L_x,Ankle.L_y,Ankle.L_z,Wrist.R_x,Wrist.R_y,Wrist.R_z,Elbow.R_x,Elbow.R_y,Elbow.R_z,Shoulder.R_x,Shoulder.R_y,Shoulder.R_z,Shoulder.L_x,Shoulder.L_y,Shoulder.L_z,Elbow.L_x,Elbow.L_y,Elbow.L_z,Wrist.L_x,Wrist.L_y,Wrist.L_z,Neck_x,Neck_y,Neck_z,Head_x,Head_y,Head_z,Nose_x,Nose_y,Nose_z,Eye.L_x,Eye.L_y,Eye.L_z,Eye.R_x,Eye.R_y,Eye.R_z,Ear.L_x,Ear.L_y,Ear.L_z,Ear.R_x,Ear.R_y,Ear.R_z,hip.Center_x,hip.Center_y,hip.Center_z
0,0.64870536,0.131986,0.09125929,0.27360353,0.14542592,0.24583885,-0.017789941,0.08367179,0.019564036,-0.015717605,0.32523438,-0.039170526,0.34529966,0.33591095,-0.22503182,0.38924477,0.35937998,-0.6431065,-0.35904828,-0.39806324,0.0658603,-0.33544695,-0.15153843,0.027327858,-0.41270226,0.10438165,0.05358393,-0.42333412,0.35913098,0.059811193,-0.47074404,0.6098854,0.06159651,-0.5755031,0.8315482,0.09619088,-0.4571116,0.24164742,0.078119695,-0.64095914,0.30256233,0.060775295,-0.6000839,0.2379686,0.1941223,-0.62042683,0.2877739,0.17021416,-0.630884,0.22908652,0.14494321,-0.5674511,0.34466028,0.109664395,-0.59008956,0.22520982,0.051496282,-0.016753774136304855,0.20445308089256287,-0.009803244844079018
