frame,Ankle.R_x,Ankle.R_y,Ankle.R_z,Knee.R_x,Knee.R_y,Knee.R_z,Hip.R_x,Hip.R_y,Hip.R_z,Hip.L_x,Hip.L_y,Hip.L_z,Knee.L_x,Knee.L_y,Knee.L_z,Ankle.L_x,Ankle.L_y,Ankle.L_z,Wrist.R_x,Wrist.R_y,Wrist.R_z,Elbow.R_x,Elbow.R_y,Elbow.R_z,Shoulder.R_x,Shoulder.R_y,Shoulder.R_z,Shoulder.L_x,Shoulder.L_y,Shoulder.L_z,Elbow.L_x,Elbow.L_y,Elbow.L_z,Wrist.L_x,Wrist.L_y,Wrist.L_z,Neck_x,Neck_y,Neck_z,Head_x,Head_y,Head_z,Nose_x,Nose_y,Nose_z,Eye.L_x,Eye.L_y,Eye.L_z,Eye.R_x,Eye.R_y,Eye.R_z,Ear.L_x,Ear.L_y,Ear.L_z,Ear.R_x,Ear.R_y,Ear.R_z,hip.Center_x,hip.Center_y,hip.Center_z
0,0.61772525,0.13716312,0.14067517,0.23620033,0.15375705,0.2778874,-0.022138491,0.08382134,0.020294823,-0.013708286,0.32437238,-0.04487337,0.3704441,0.34283844,-0.18140507,0.40784124,0.36198673,-0.6000347,-0.34990993,-0.38947406,0.049822427,-0.33524615,-0.1419033,0.013236771,-0.41538826,0.112982154,0.045858055,-0.4231435,0.3677489,0.04722252,-0.46771485,0.6196335,0.05026073,-0.58434206,0.83523905,0.08654146,-0.45803455,0.2502313,0.068096794,-0.63895607,0.31285343,0.047939688,-0.60411435,0.24208283,0.18004462,-0.6235793,0.29288563,0.15765013,-0.63248694,0.23543036,0.12909178,-0.5676696,0.3528337,0.102078244,-0.587385,0.23588689,0.03775505,-0.01792338863015175,0.20409685373306274,-0.012289274483919144
