frame,Ankle.R_x,Ankle.R_y,Ankle.R_z,Knee.R_x,Knee.R_y,Knee.R_z,Hip.R_x,Hip.R_y,Hip.R_z,Hip.L_x,Hip.L_y,Hip.L_z,Knee.L_x,Knee.L_y,Knee.L_z,Ankle.L_x,Ankle.L_y,Ankle.L_z,Wrist.R_x,Wrist.R_y,Wrist.R_z,Elbow.R_x,Elbow.R_y,Elbow.R_z,Shoulder.R_x,Shoulder.R_y,Shoulder.R_z,Shoulder.L_x,Shoulder.L_y,Shoulder.L_z,Elbow.L_x,Elbow.L_y,Elbow.L_z,Wrist.L_x,Wrist.L_y,Wrist.L_z,Neck_x,Neck_y,Neck_z,Head_x,Head_y,Head_z,Nose_x,Nose_y,Nose_z,Eye.L_x,Eye.L_y,Eye.L_z,Eye.R_x,Eye.R_y,Eye.R_z,Ear.L_x,Ear.L_y,Ear.L_z,Ear.R_x,Ear.R_y,Ear.R_z,hip.Center_x,hip.Center_y,hip.Center_z
0,0.6480277,0.12994497,0.10566907,0.26630932,0.15391348,0.25144106,-0.018979792,0.08363689,0.019077772,-0.014750843,0.32579997,-0.03869266,0.35713112,0.3282962,-0.21171811,0.40204918,0.35070568,-0.63242185,-0.33895075,-0.39556316,0.051225934,-0.33311063,-0.14753339,0.014793577,-0.41561455,0.10619433,0.049789846,-0.42235368,0.36089662,0.050901018,-0.45761982,0.61489457,0.052099586,-0.5689051,0.83390033,0.083724976,-0.4585951,0.24313444,0.07206188,-0.641652,0.3017216,0.05105566,-0.6048194,0.2387109,0.18670218,-0.6247873,0.28818333,0.1615653,-0.63389635,0.22908142,0.136511,-0.5698941,0.3448472,0.10188715,-0.58990306,0.22431768,0.04462114,-0.016865316778421402,0.2047184258699417,-0.009807444177567959
