frame,Ankle.R_x,Ankle.R_y,Ankle.R_z,Knee.R_x,Knee.R_y,Knee.R_z,Hip.R_x,Hip.R_y,Hip.R_z,Hip.L_x,Hip.L_y,Hip.L_z,Knee.L_x,Knee.L_y,Knee.L_z,Ankle.L_x,Ankle.L_y,Ankle.L_z,Wrist.R_x,Wrist.R_y,Wrist.R_z,Elbow.R_x,Elbow.R_y,Elbow.R_z,Shoulder.R_x,Shoulder.R_y,Shoulder.R_z,Shoulder.L_x,Shoulder.L_y,Shoulder.L_z,Elbow.L_x,Elbow.L_y,Elbow.L_z,Wrist.L_x,Wrist.L_y,Wrist.L_z,Neck_x,Neck_y,Neck_z,Head_x,Head_y,Head_z,Nose_x,Nose_y,Nose_z,Eye.L_x,Eye.L_y,Eye.L_z,Eye.R_x,Eye.R_y,Eye.R_z,Ear.L_x,Ear.L_y,Ear.L_z,Ear.R_x,Ear.R_y,Ear.R_z,hip.Center_x,hip.Center_y,hip.Center_z
0,0.6404987,0.13051501,0.13477993,0.25230345,0.1522991,0.2631224,-0.023265667,0.084147446,0.01832015,-0.012318513,0.32579136,-0.040469445,0.37648806,0.3360085,-0.17334674,0.4264842,0.3587685,-0.59239686,-0.328654,-0.38735595,0.04554907,-0.3346124,-0.1386699,0.010788796,-0.41825575,0.11548896,0.040393673,-0.42038655,0.37129515,0.042231362,-0.44788766,0.6270204,0.044723105,-0.5709691,0.8402489,0.07240159,-0.46006528,0.25291848,0.06198447,-0.6424968,0.3082546,0.033421412,-0.61120665,0.24193522,0.1690224,-0.6316829,0.29152286,0.14436789,-0.63681847,0.23306532,0.11677475,-0.5753854,0.3525438,0.08994651,-0.5873923,0.23320954,0.027634934,-0.01779209077358246,0.2049694061279297,-0.011074647307395935
