frame,Ankle.R_x,Ankle.R_y,Ankle.R_z,Knee.R_x,Knee.R_y,Knee.R_z,Hip.R_x,Hip.R_y,Hip.R_z,Hip.L_x,Hip.L_y,Hip.L_z,Knee.L_x,Knee.L_y,Knee.L_z,Ankle.L_x,Ankle.L_y,Ankle.L_z,Wrist.R_x,Wrist.R_y,Wrist.R_z,Elbow.R_x,Elbow.R_y,Elbow.R_z,Shoulder.R_x,Shoulder.R_y,Shoulder.R_z,Shoulder.L_x,Shoulder.L_y,Shoulder.L_z,Elbow.L_x,Elbow.L_y,Elbow.L_z,Wrist.L_x,Wrist.L_y,Wrist.L_z,Neck_x,Neck_y,Neck_z,Head_x,Head_y,Head_z,Nose_x,Nose_y,Nose_z,Eye.L_x,Eye.L_y,Eye.L_z,Eye.R_x,Eye.R_y,Eye.R_z,Ear.L_x,Ear.L_y,Ear.L_z,Ear.R_x,Ear.R_y,Ear.R_z,hip.Center_x,hip.Center_y,hip.Center_z
0,0.5831009,0.13098635,0.21614113,0.1848407,0.15777566,0.30961815,-0.034225468,0.08607197,0.019607777,-0.0067343162,0.3238682,-0.053977367,0.4030109,0.3599949,-0.04664726,0.48071003,0.36352643,-0.46159515,-0.32154727,-0.36941475,0.029308258,-0.3372086,-0.12178157,-0.01641042,-0.4197699,0.13257368,0.022886716,-0.42086545,0.38815117,0.018953085,-0.44306877,0.64541996,0.023634309,-0.55856746,0.8612822,0.06766455,-0.4601813,0.27017346,0.042288147,-0.6370094,0.3352341,0.01270253,-0.6133882,0.26567268,0.14858805,-0.63022935,0.31646696,0.1239612,-0.6380337,0.25873503,0.09552902,-0.5683328,0.37451613,0.0715594,-0.5864878,0.25630334,0.0074162036,-0.020479891449213028,0.2049700766801834,-0.017184793949127197
