frame,Ankle.R_x,Ankle.R_y,Ankle.R_z,Knee.R_x,Knee.R_y,Knee.R_z,Hip.R_x,Hip.R_y,Hip.R_z,Hip.L_x,Hip.L_y,Hip.L_z,Knee.L_x,Knee.L_y,Knee.L_z,Ankle.L_x,Ankle.L_y,Ankle.L_z,Wrist.R_x,Wrist.R_y,Wrist.R_z,Elbow.R_x,Elbow.R_y,Elbow.R_z,Shoulder.R_x,Shoulder.R_y,Shoulder.R_z,Shoulder.L_x,Shoulder.L_y,Shoulder.L_z,Elbow.L_x,Elbow.L_y,Elbow.L_z,Wrist.L_x,Wrist.L_y,Wrist.L_z,Neck_x,Neck_y,Neck_z,Head_x,Head_y,Head_z,Nose_x,Nose_y,Nose_z,Eye.L_x,Eye.L_y,Eye.L_z,Eye.R_x,Eye.R_y,Eye.R_z,Ear.L_x,Ear.L_y,Ear.L_z,Ear.R_x,Ear.R_y,Ear.R_z,hip.Center_x,hip.Center_y,hip.Center_z
0,0.6493536,0.12500013,0.17598489,0.24809252,0.14462036,0.26908934,-0.028445497,0.085933015,0.021537054,-0.010372286,0.3245035,-0.04752414,0.3948356,0.34713215,-0.116004445,0.46374688,0.35416305,-0.5339623,-0.3309546,-0.37761578,0.034575395,-0.34078813,-0.12884325,-0.002547471,-0.42037994,0.12594339,0.031436514,-0.42150676,0.37970003,0.028783778,-0.4505272,0.63507444,0.035941,-0.57034874,0.85010636,0.06743686,-0.46082455,0.2623664,0.050698355,-0.64147604,0.3172521,0.01986523,-0.612825,0.2516609,0.15659265,-0.63305175,0.30087486,0.13132106,-0.6371237,0.24239561,0.10376031,-0.57553184,0.3621177,0.07786207,-0.58586776,0.24228618,0.015671,-0.01940889097750187,0.20521825551986694,-0.012993542477488518
