frame,Ankle.R_x,Ankle.R_y,Ankle.R_z,Knee.R_x,Knee.R_y,Knee.R_z,Hip.R_x,Hip.R_y,Hip.R_z,Hip.L_x,Hip.L_y,Hip.L_z,Knee.L_x,Knee.L_y,Knee.L_z,Ankle.L_x,Ankle.L_y,Ankle.L_z,Wrist.R_x,Wrist.R_y,Wrist.R_z,Elbow.R_x,Elbow.R_y,Elbow.R_z,Shoulder.R_x,Shoulder.R_y,Shoulder.R_z,Shoulder.L_x,Shoulder.L_y,Shoulder.L_z,Elbow.L_x,Elbow.L_y,Elbow.L_z,Wrist.L_x,Wrist.L_y,Wrist.L_z,Neck_x,Neck_y,Neck_z,Head_x,Head_y,Head_z,Nose_x,Nose_y,Nose_z,Eye.L_x,Eye.L_y,Eye.L_z,Eye.R_x,Eye.R_y,Eye.R_z,Ear.L_x,Ear.L_y,Ear.L_z,Ear.R_x,Ear.R_y,Ear.R_z,hip.Center_x,hip.Center_y,hip.Center_z
0,0.5717309,0.12301316,0.26498628,0.16797659,0.1398383,0.31792334,-0.036519922,0.08470944,0.010585315,-0.0034620778,0.32446,-0.04737888,0.40364546,0.35381138,-0.02521053,0.55301386,0.37124795,-0.41748452,-0.31309026,-0.36913583,0.017958164,-0.3407868,-0.12178244,-0.019953676,-0.42078108,0.13400388,0.012677814,-0.41444898,0.39225996,0.018825121,-0.41801426,0.65121603,0.023798622,-0.52033156,0.8726028,0.065128654,-0.45785755,0.27353877,0.036061514,-0.6320389,0.34623936,0.0074651055,-0.6112679,0.2705496,0.1402351,-0.6256833,0.32297483,0.117613554,-0.63601756,0.26680166,0.08707138,-0.56195456,0.38047478,0.06760019,-0.5849766,0.26579097,-0.0010600835,-0.01999099925160408,0.20458471775054932,-0.018396781757473946
