frame,Ankle.R_x,Ankle.R_y,Ankle.R_z,Knee.R_x,Knee.R_y,Knee.R_z,Hip.R_x,Hip.R_y,Hip.R_z,Hip.L_x,Hip.L_y,Hip.L_z,Knee.L_x,Knee.L_y,Knee.L_z,Ankle.L_x,Ankle.L_y,Ankle.L_z,Wrist.R_x,Wrist.R_y,Wrist.R_z,Elbow.R_x,Elbow.R_y,Elbow.R_z,Shoulder.R_x,Shoulder.R_y,Shoulder.R_z,Shoulder.L_x,Shoulder.L_y,Shoulder.L_z,Elbow.L_x,Elbow.L_y,Elbow.L_z,Wrist.L_x,Wrist.L_y,Wrist.L_z,Neck_x,Neck_y,Neck_z,Head_x,Head_y,Head_z,Nose_x,Nose_y,Nose_z,Eye.L_x,Eye.L_y,Eye.L_z,Eye.R_x,Eye.R_y,Eye.R_z,Ear.L_x,Ear.L_y,Ear.L_z,Ear.R_x,Ear.R_y,Ear.R_z,hip.Center_x,hip.Center_y,hip.Center_z
0,0.55341136,0.11724321,0.3155587,0.14619476,0.12280738,0.32068706,-0.04017628,0.08372715,0.0034228303,-0.00036455813,0.32484305,-0.04124506,0.40521193,0.33920473,0.0064601414,0.5932194,0.36052302,-0.36852893,-0.31557032,-0.3665169,0.016572893,-0.34816253,-0.12143944,-0.030273799,-0.4176919,0.1378274,0.0024828296,-0.40627813,0.3976781,0.010493816,-0.40415037,0.65691656,0.0032533403,-0.49900198,0.8811032,0.045874856,-0.45400566,0.27879333,0.025708161,-0.63357216,0.3499962,-0.0020159762,-0.6081308,0.27624345,0.13038816,-0.62356615,0.32836324,0.10759615,-0.6346464,0.27177918,0.07820162,-0.56193274,0.38513732,0.055099137,-0.5867074,0.2699563,-0.0114116445,-0.020270418375730515,0.20428510010242462,-0.01891111396253109
