frame,Ankle.R_x,Ankle.R_y,Ankle.R_z,Knee.R_x,Knee.R_y,Knee.R_z,Hip.R_x,Hip.R_y,Hip.R_z,Hip.L_x,Hip.L_y,Hip.L_z,Knee.L_x,Knee.L_y,Knee.L_z,Ankle.L_x,Ankle.L_y,Ankle.L_z,Wrist.R_x,Wrist.R_y,Wrist.R_z,Elbow.R_x,Elbow.R_y,Elbow.R_z,Shoulder.R_x,Shoulder.R_y,Shoulder.R_z,Shoulder.L_x,Shoulder.L_y,Shoulder.L_z,Elbow.L_x,Elbow.L_y,Elbow.L_z,Wrist.L_x,Wrist.L_y,Wrist.L_z,Neck_x,Neck_y,Neck_z,Head_x,Head_y,Head_z,Nose_x,Nose_y,Nose_z,Eye.L_x,Eye.L_y,Eye.L_z,Eye.R_x,Eye.R_y,Eye.R_z,Ear.L_x,Ear.L_y,Ear.L_z,Ear.R_x,Ear.R_y,Ear.R_z,hip.Center_x,hip.Center_y,hip.Center_z
0,0.7106151,0.13800508,-0.16098125,0.37771285,0.13481776,0.08214218,-0.0058681164,0.08416657,0.019050077,-0.01990259,0.32791644,-0.026041321,0.3120864,0.30771905,-0.27269065,0.38136244,0.32303464,-0.691468,-0.47489336,-0.40755633,0.11323968,-0.4093401,-0.17220439,0.057569765,-0.4137092,0.09141377,0.09762084,-0.4069562,0.3444373,0.1135085,-0.37372705,0.6035282,0.07247615,-0.35675675,0.83620477,0.14906955,-0.44690734,0.22218335,0.13154414,-0.6356107,0.2628125,0.13090147,-0.5800046,0.19389911,0.25776285,-0.606837,0.24284999,0.23852484,-0.6124238,0.18527377,0.20940249,-0.56367624,0.30932242,0.1796852,-0.577368,0.19229633,0.1138885,-0.012885353527963161,0.20604151487350464,-0.0034956224262714386
