frame,Ankle.R_x,Ankle.R_y,Ankle.R_z,Knee.R_x,Knee.R_y,Knee.R_z,Hip.R_x,Hip.R_y,Hip.R_z,Hip.L_x,Hip.L_y,Hip.L_z,Knee.L_x,Knee.L_y,Knee.L_z,Ankle.L_x,Ankle.L_y,Ankle.L_z,Wrist.R_x,Wrist.R_y,Wrist.R_z,Elbow.R_x,Elbow.R_y,Elbow.R_z,Shoulder.R_x,Shoulder.R_y,Shoulder.R_z,Shoulder.L_x,Shoulder.L_y,Shoulder.L_z,Elbow.L_x,Elbow.L_y,Elbow.L_z,Wrist.L_x,Wrist.L_y,Wrist.L_z,Neck_x,Neck_y,Neck_z,Head_x,Head_y,Head_z,Nose_x,Nose_y,Nose_z,Eye.L_x,Eye.L_y,Eye.L_z,Eye.R_x,Eye.R_y,Eye.R_z,Ear.L_x,Ear.L_y,Ear.L_z,Ear.R_x,Ear.R_y,Ear.R_z,hip.Center_x,hip.Center_y,hip.Center_z
0,0.5225055,0.09430604,0.35646215,0.115837365,0.109530084,0.32594368,-0.04381911,0.08394811,-0.0026667488,0.0023900962,0.32596853,-0.039240975,0.40070072,0.33775917,0.04703571,0.62734044,0.35211974,-0.30620232,-0.32521778,-0.35879728,0.0069636214,-0.35395956,-0.11592663,-0.050586663,-0.42015895,0.1439075,-0.007030558,-0.3993725,0.4051961,0.0048892247,-0.37350175,0.6651259,-0.0009091753,-0.46173975,0.88955986,0.051670194,-0.45269027,0.28650358,0.018109484,-0.6298402,0.3658166,-0.008358539,-0.6073043,0.2891289,0.123005524,-0.62024355,0.34221333,0.100999445,-0.63421535,0.28654772,0.07096399,-0.5562643,0.39680725,0.048850145,-0.58678854,0.28347498,-0.01913204,-0.02071450650691986,0.20495831966400146,-0.020953861996531487
