frame,Ankle.R_x,Ankle.R_y,Ankle.R_z,Knee.R_x,Knee.R_y,Knee.R_z,Hip.R_x,Hip.R_y,Hip.R_z,Hip.L_x,Hip.L_y,Hip.L_z,Knee.L_x,Knee.L_y,Knee.L_z,Ankle.L_x,Ankle.L_y,Ankle.L_z,Wrist.R_x,Wrist.R_y,Wrist.R_z,Elbow.R_x,Elbow.R_y,Elbow.R_z,Shoulder.R_x,Shoulder.R_y,Shoulder.R_z,Shoulder.L_x,Shoulder.L_y,Shoulder.L_z,Elbow.L_x,Elbow.L_y,Elbow.L_z,Wrist.L_x,Wrist.L_y,Wrist.L_z,Neck_x,Neck_y,Neck_z,Head_x,Head_y,Head_z,Nose_x,Nose_y,Nose_z,Eye.L_x,Eye.L_y,Eye.L_z,Eye.R_x,Eye.R_y,Eye.R_z,Ear.L_x,Ear.L_y,Ear.L_z,Ear.R_x,Ear.R_y,Ear.R_z,hip.Center_x,hip.Center_y,hip.Center_z
0,0.4956072,0.09758173,0.40304667,0.09400129,0.106243305,0.33054477,-0.044362552,0.0835883,-0.0075555257,0.0034032057,0.32651576,-0.03813483,0.38652775,0.331882,0.105270416,0.63997877,0.34552953,-0.22821541,-0.32292685,-0.36351,-0.001238502,-0.34895477,-0.12024282,-0.0567263,-0.41717786,0.13965061,-0.018701805,-0.3967787,0.4023504,-0.009766542,-0.35533723,0.6608568,-0.020776834,-0.42513967,0.890639,0.03520391,-0.45118976,0.2829763,0.0045147557,-0.62915474,0.36630666,-0.019516286,-0.604941,0.29159734,0.112459645,-0.61632866,0.3447056,0.08972668,-0.6338707,0.2890506,0.0615886,-0.5525015,0.3952003,0.03397072,-0.5901,0.28167218,-0.030213408,-0.020479673519730568,0.20505203306674957,-0.022845176979899406
