frame,Ankle.R_x,Ankle.R_y,Ankle.R_z,Knee.R_x,Knee.R_y,Knee.R_z,Hip.R_x,Hip.R_y,Hip.R_z,Hip.L_x,Hip.L_y,Hip.L_z,Knee.L_x,Knee.L_y,Knee.L_z,Ankle.L_x,Ankle.L_y,Ankle.L_z,Wrist.R_x,Wrist.R_y,Wrist.R_z,Elbow.R_x,Elbow.R_y,Elbow.R_z,Shoulder.R_x,Shoulder.R_y,Shoulder.R_z,Shoulder.L_x,Shoulder.L_y,Shoulder.L_z,Elbow.L_x,Elbow.L_y,Elbow.L_z,Wrist.L_x,Wrist.L_y,Wrist.L_z,Neck_x,Neck_y,Neck_z,Head_x,Head_y,Head_z,Nose_x,Nose_y,Nose_z,Eye.L_x,Eye.L_y,Eye.L_z,Eye.R_x,Eye.R_y,Eye.R_z,Ear.L_x,Ear.L_y,Ear.L_z,Ear.R_x,Ear.R_y,Ear.R_z,hip.Center_x,hip.Center_y,hip.Center_z
0,0.53160554,0.08570607,0.39353725,0.13045755,0.098279044,0.31577387,-0.043163292,0.08303771,-0.0059514963,0.0010504746,0.32636678,-0.034442913,0.3975299,0.32527506,0.058407377,0.66756207,0.32801864,-0.2627798,-0.31729007,-0.36202735,-0.005695589,-0.34293246,-0.11978665,-0.060974404,-0.41773894,0.13721901,-0.019906972,-0.39523047,0.39990878,-0.00596725,-0.33012864,0.6538324,-0.0190262,-0.35690942,0.8844521,0.06031663,-0.451751,0.2814055,0.005249265,-0.63177705,0.36897552,-0.012428946,-0.5994147,0.295176,0.11774584,-0.61121196,0.3481974,0.09531006,-0.63224524,0.2928285,0.069481626,-0.5509345,0.39624208,0.034613483,-0.5956921,0.28359485,-0.025175016,-0.021056408062577248,0.2047022432088852,-0.020197205245494843
