frame,Ankle.R_x,Ankle.R_y,Ankle.R_z,Knee.R_x,Knee.R_y,Knee.R_z,Hip.R_x,Hip.R_y,Hip.R_z,Hip.L_x,Hip.L_y,Hip.L_z,Knee.L_x,Knee.L_y,Knee.L_z,Ankle.L_x,Ankle.L_y,Ankle.L_z,Wrist.R_x,Wrist.R_y,Wrist.R_z,Elbow.R_x,Elbow.R_y,Elbow.R_z,Shoulder.R_x,Shoulder.R_y,Shoulder.R_z,Shoulder.L_x,Shoulder.L_y,Shoulder.L_z,Elbow.L_x,Elbow.L_y,Elbow.L_z,Wrist.L_x,Wrist.L_y,Wrist.L_z,Neck_x,Neck_y,Neck_z,Head_x,Head_y,Head_z,Nose_x,Nose_y,Nose_z,Eye.L_x,Eye.L_y,Eye.L_z,Eye.R_x,Eye.R_y,Eye.R_z,Ear.L_x,Ear.L_y,Ear.L_z,Ear.R_x,Ear.R_y,Ear.R_z,hip.Center_x,hip.Center_y,hip.Center_z
0,0.50098467,0.06970319,0.43923616,0.108355545,0.099166006,0.3264122,-0.046465583,0.08438112,-0.009336734,0.006297011,0.32611653,-0.038583998,0.353478,0.32088855,0.17181374,0.6933312,0.32648325,-0.07139349,-0.33987227,-0.3543519,-0.007758305,-0.34945995,-0.11253444,-0.07111295,-0.42105037,0.14518192,-0.03150899,-0.39728093,0.40650642,-0.023166616,-0.3080778,0.6539282,-0.04906981,-0.30627647,0.88150394,0.041943826,-0.45357394,0.28735,-0.008108537,-0.6391289,0.36285943,-0.022405291,-0.5954092,0.29578656,0.10849533,-0.6121785,0.34697747,0.08503407,-0.62966317,0.2894726,0.061538003,-0.5586915,0.39771584,0.020655353,-0.59720355,0.28004432,-0.034559853,-0.020084286108613014,0.20524883270263672,-0.02396036684513092
