frame,Ankle.R_x,Ankle.R_y,Ankle.R_z,Knee.R_x,Knee.R_y,Knee.R_z,Hip.R_x,Hip.R_y,Hip.R_z,Hip.L_x,Hip.L_y,Hip.L_z,Knee.L_x,Knee.L_y,Knee.L_z,Ankle.L_x,Ankle.L_y,Ankle.L_z,Wrist.R_x,Wrist.R_y,Wrist.R_z,Elbow.R_x,Elbow.R_y,Elbow.R_z,Shoulder.R_x,Shoulder.R_y,Shoulder.R_z,Shoulder.L_x,Shoulder.L_y,Shoulder.L_z,Elbow.L_x,Elbow.L_y,Elbow.L_z,Wrist.L_x,Wrist.L_y,Wrist.L_z,Neck_x,Neck_y,Neck_z,Head_x,Head_y,Head_z,Nose_x,Nose_y,Nose_z,Eye.L_x,Eye.L_y,Eye.L_z,Eye.R_x,Eye.R_y,Eye.R_z,Ear.L_x,Ear.L_y,Ear.L_z,Ear.R_x,Ear.R_y,Ear.R_z,hip.Center_x,hip.Center_y,hip.Center_z
0,0.46337712,0.0520004,0.51239324,0.0973261,0.09035302,0.32725507,-0.04926929,0.08522099,-0.015354589,0.009620542,0.32726026,-0.0395662,0.2856638,0.3156734,0.25250474,0.6786166,0.31917644,0.10607875,-0.36476523,-0.35430616,-0.020480277,-0.3681765,-0.111237235,-0.084560275,-0.42229706,0.15131657,-0.0470586,-0.39100096,0.41248488,-0.04204487,-0.29320365,0.6578091,-0.06721934,-0.26941425,0.8903959,0.013257119,-0.45121676,0.29343095,-0.025648676,-0.63615644,0.3693381,-0.04258542,-0.5972702,0.29953346,0.08878867,-0.6128285,0.35128778,0.065743126,-0.6295979,0.2942436,0.04039532,-0.55686533,0.40359867,0.004237814,-0.59392124,0.28646165,-0.054954074,-0.019824374467134476,0.20624062418937683,-0.02746039442718029
