frame,Ankle.R_x,Ankle.R_y,Ankle.R_z,Knee.R_x,Knee.R_y,Knee.R_z,Hip.R_x,Hip.R_y,Hip.R_z,Hip.L_x,Hip.L_y,Hip.L_z,Knee.L_x,Knee.L_y,Knee.L_z,Ankle.L_x,Ankle.L_y,Ankle.L_z,Wrist.R_x,Wrist.R_y,Wrist.R_z,Elbow.R_x,Elbow.R_y,Elbow.R_z,Shoulder.R_x,Shoulder.R_y,Shoulder.R_z,Shoulder.L_x,Shoulder.L_y,Shoulder.L_z,Elbow.L_x,Elbow.L_y,Elbow.L_z,Wrist.L_x,Wrist.L_y,Wrist.L_z,Neck_x,Neck_y,Neck_z,Head_x,Head_y,Head_z,Nose_x,Nose_y,Nose_z,Eye.L_x,Eye.L_y,Eye.L_z,Eye.R_x,Eye.R_y,Eye.R_z,Ear.L_x,Ear.L_y,Ear.L_z,Ear.R_x,Ear.R_y,Ear.R_z,hip.Center_x,hip.Center_y,hip.Center_z
0,0.46155107,0.06610909,0.49194327,0.08329095,0.07721073,0.3284635,-0.047090296,0.084163964,-0.024163395,0.009370421,0.32855764,-0.033458024,0.26043218,0.29424474,0.2788056,0.6721177,0.30659276,0.19852038,-0.4353219,-0.34554484,-0.02324132,-0.4025538,-0.10498174,-0.08762249,-0.428615,0.16132896,-0.05101344,-0.38227478,0.41916066,-0.03324554,-0.25917622,0.65419525,-0.05526607,-0.18640451,0.8754107,0.026511353,-0.44854403,0.30238697,-0.02259144,-0.6302073,0.38780558,-0.027253143,-0.5886152,0.30674005,0.09642823,-0.6025094,0.36080253,0.077955276,-0.623244,0.3065766,0.04954823,-0.54731643,0.41511583,0.017502803,-0.59242,0.3041896,-0.04763,-0.01885993778705597,0.2063608020544052,-0.028810709714889526
