frame,Ankle.R_x,Ankle.R_y,Ankle.R_z,Knee.R_x,Knee.R_y,Knee.R_z,Hip.R_x,Hip.R_y,Hip.R_z,Hip.L_x,Hip.L_y,Hip.L_z,Knee.L_x,Knee.L_y,Knee.L_z,Ankle.L_x,Ankle.L_y,Ankle.L_z,Wrist.R_x,Wrist.R_y,Wrist.R_z,Elbow.R_x,Elbow.R_y,Elbow.R_z,Shoulder.R_x,Shoulder.R_y,Shoulder.R_z,Shoulder.L_x,Shoulder.L_y,Shoulder.L_z,Elbow.L_x,Elbow.L_y,Elbow.L_z,Wrist.L_x,Wrist.L_y,Wrist.L_z,Neck_x,Neck_y,Neck_z,Head_x,Head_y,Head_z,Nose_x,Nose_y,Nose_z,Eye.L_x,Eye.L_y,Eye.L_z,Eye.R_x,Eye.R_y,Eye.R_z,Ear.L_x,Ear.L_y,Ear.L_z,Ear.R_x,Ear.R_y,Ear.R_z,hip.Center_x,hip.Center_y,hip.Center_z
0,0.41079602,0.073561296,0.5415921,0.05140142,0.09231456,0.33677185,-0.046010233,0.08381727,-0.025813382,0.0102421995,0.32930422,-0.036577985,0.2183069,0.3021133,0.3049029,0.6383406,0.3069356,0.28132078,-0.4268521,-0.348498,-0.026749972,-0.39931917,-0.110028505,-0.10229172,-0.42788357,0.15719163,-0.068218775,-0.38033384,0.41651687,-0.054161776,-0.24856402,0.6482451,-0.074691445,-0.17404045,0.86926377,0.0075929416,-0.44832203,0.2984194,-0.042032152,-0.6334241,0.37901956,-0.04599182,-0.58923364,0.29691085,0.0763087,-0.60476357,0.35088587,0.058858804,-0.6236738,0.29653227,0.029280713,-0.55126214,0.40844452,-0.00055536255,-0.59277207,0.29684785,-0.06793823,-0.017884016036987305,0.20656074583530426,-0.031195683404803276
