frame,Ankle.R_x,Ankle.R_y,Ankle.R_z,Knee.R_x,Knee.R_y,Knee.R_z,Hip.R_x,Hip.R_y,Hip.R_z,Hip.L_x,Hip.L_y,Hip.L_z,Knee.L_x,Knee.L_y,Knee.L_z,Ankle.L_x,Ankle.L_y,Ankle.L_z,Wrist.R_x,Wrist.R_y,Wrist.R_z,Elbow.R_x,Elbow.R_y,Elbow.R_z,Shoulder.R_x,Shoulder.R_y,Shoulder.R_z,Shoulder.L_x,Shoulder.L_y,Shoulder.L_z,Elbow.L_x,Elbow.L_y,Elbow.L_z,Wrist.L_x,Wrist.L_y,Wrist.L_z,Neck_x,Neck_y,Neck_z,Head_x,Head_y,Head_z,Nose_x,Nose_y,Nose_z,Eye.L_x,Eye.L_y,Eye.L_z,Eye.R_x,Eye.R_y,Eye.R_z,Ear.L_x,Ear.L_y,Ear.L_z,Ear.R_x,Ear.R_y,Ear.R_z,hip.Center_x,hip.Center_y,hip.Center_z
0,0.463049,0.06812524,0.50307757,0.09025552,0.073942594,0.32567078,-0.04589758,0.08355474,-0.027091423,0.0078818165,0.3289388,-0.03147724,0.24823637,0.29428396,0.2867967,0.6654585,0.3009496,0.23933658,-0.45321995,-0.3438707,-0.03005534,-0.41593894,-0.104148254,-0.09658856,-0.42968243,0.16254795,-0.05826395,-0.37908566,0.41893035,-0.035303317,-0.2530449,0.6527089,-0.05460088,-0.16248101,0.87207305,0.016621113,-0.4471471,0.30255228,-0.02694606,-0.6286315,0.38809615,-0.028984852,-0.5879464,0.30422765,0.093172066,-0.6013777,0.35874575,0.075821966,-0.6223298,0.30521157,0.046173133,-0.5456725,0.41423792,0.016591674,-0.5910511,0.30467728,-0.051016234,-0.019007882103323936,0.2062467783689499,-0.02928433194756508
