frame,Ankle.R_x,Ankle.R_y,Ankle.R_z,Knee.R_x,Knee.R_y,Knee.R_z,Hip.R_x,Hip.R_y,Hip.R_z,Hip.L_x,Hip.L_y,Hip.L_z,Knee.L_x,Knee.L_y,Knee.L_z,Ankle.L_x,Ankle.L_y,Ankle.L_z,Wrist.R_x,Wrist.R_y,Wrist.R_z,Elbow.R_x,Elbow.R_y,Elbow.R_z,Shoulder.R_x,Shoulder.R_y,Shoulder.R_z,Shoulder.L_x,Shoulder.L_y,Shoulder.L_z,Elbow.L_x,Elbow.L_y,Elbow.L_z,Wrist.L_x,Wrist.L_y,Wrist.L_z,Neck_x,Neck_y,Neck_z,Head_x,Head_y,Head_z,Nose_x,Nose_y,Nose_z,Eye.L_x,Eye.L_y,Eye.L_z,Eye.R_x,Eye.R_y,Eye.R_z,Ear.L_x,Ear.L_y,Ear.L_z,Ear.R_x,Ear.R_y,Ear.R_z,hip.Center_x,hip.Center_y,hip.Center_z
0,0.4111697,0.0725428,0.54729503,0.057128403,0.082093164,0.3325854,-0.044470042,0.08326028,-0.02886358,0.008189135,0.32892722,-0.033789244,0.21258986,0.3042669,0.30622312,0.6334988,0.3107284,0.31837422,-0.45511183,-0.3488109,-0.021712141,-0.415427,-0.11170503,-0.0972868,-0.4281016,0.15642713,-0.06965015,-0.37990716,0.41377002,-0.053351507,-0.25503454,0.6484635,-0.0707687,-0.17151798,0.87330025,-0.006865052,-0.4474464,0.29627094,-0.04194208,-0.63253456,0.37509912,-0.044293527,-0.58776844,0.29402733,0.07843479,-0.603593,0.34780672,0.060707703,-0.6222428,0.2931873,0.03146621,-0.5504474,0.4053275,0.0009043198,-0.59139997,0.2932555,-0.06590909,-0.018140453845262527,0.20609375834465027,-0.03132641315460205
