frame,Ankle.R_x,Ankle.R_y,Ankle.R_z,Knee.R_x,Knee.R_y,Knee.R_z,Hip.R_x,Hip.R_y,Hip.R_z,Hip.L_x,Hip.L_y,Hip.L_z,Knee.L_x,Knee.L_y,Knee.L_z,Ankle.L_x,Ankle.L_y,Ankle.L_z,Wrist.R_x,Wrist.R_y,Wrist.R_z,Elbow.R_x,Elbow.R_y,Elbow.R_z,Shoulder.R_x,Shoulder.R_y,Shoulder.R_z,Shoulder.L_x,Shoulder.L_y,Shoulder.L_z,Elbow.L_x,Elbow.L_y,Elbow.L_z,Wrist.L_x,Wrist.L_y,Wrist.L_z,Neck_x,Neck_y,Neck_z,Head_x,Head_y,Head_z,Nose_x,Nose_y,Nose_z,Eye.L_x,Eye.L_y,Eye.L_z,Eye.R_x,Eye.R_y,Eye.R_z,Ear.L_x,Ear.L_y,Ear.L_z,Ear.R_x,Ear.R_y,Ear.R_z,hip.Center_x,hip.Center_y,hip.Center_z
0,0.7498357,0.1487005,-0.14527819,0.3875293,0.13120396,0.052547894,-0.003356726,0.08630559,0.023693603,-0.02116778,0.32654622,-0.028145013,0.29925984,0.30515742,-0.2857701,0.40159658,0.33175257,-0.6971376,-0.49191618,-0.39578828,0.102745906,-0.40979505,-0.16783291,0.042565048,-0.4192306,0.093873896,0.09803939,-0.4105164,0.3435498,0.11034764,-0.37472573,0.60243404,0.06692587,-0.37322173,0.8357234,0.14344479,-0.4500734,0.22305137,0.1313202,-0.6382896,0.26250103,0.13768962,-0.57686454,0.19698551,0.26387596,-0.6044038,0.24546488,0.24440941,-0.61118627,0.18704517,0.21707006,-0.5644535,0.31046373,0.18177621,-0.5804336,0.19138773,0.1200064,-0.01226225309073925,0.20642590522766113,-0.002225705422461033
