frame,Ankle.R_x,Ankle.R_y,Ankle.R_z,Knee.R_x,Knee.R_y,Knee.R_z,Hip.R_x,Hip.R_y,Hip.R_z,Hip.L_x,Hip.L_y,Hip.L_z,Knee.L_x,Knee.L_y,Knee.L_z,Ankle.L_x,Ankle.L_y,Ankle.L_z,Wrist.R_x,Wrist.R_y,Wrist.R_z,Elbow.R_x,Elbow.R_y,Elbow.R_z,Shoulder.R_x,Shoulder.R_y,Shoulder.R_z,Shoulder.L_x,Shoulder.L_y,Shoulder.L_z,Elbow.L_x,Elbow.L_y,Elbow.L_z,Wrist.L_x,Wrist.L_y,Wrist.L_z,Neck_x,Neck_y,Neck_z,Head_x,Head_y,Head_z,Nose_x,Nose_y,Nose_z,Eye.L_x,Eye.L_y,Eye.L_z,Eye.R_x,Eye.R_y,Eye.R_z,Ear.L_x,Ear.L_y,Ear.L_z,Ear.R_x,Ear.R_y,Ear.R_z,hip.Center_x,hip.Center_y,hip.Center_z
0,0.41337496,0.06727898,0.53785753,0.054855686,0.078031175,0.3282581,-0.045631804,0.08293525,-0.032654837,0.008528553,0.33011997,-0.031992283,0.19379522,0.2979206,0.31432247,0.6144722,0.29639676,0.3381032,-0.47035396,-0.34626174,-0.023205718,-0.42587233,-0.10918057,-0.09843633,-0.4271961,0.15891367,-0.06597669,-0.37604973,0.4168049,-0.048297357,-0.24915667,0.6505239,-0.07199405,-0.152868,0.8707503,-0.0072848955,-0.44544402,0.29948017,-0.037225366,-0.6323006,0.37816012,-0.036769718,-0.58534694,0.2951064,0.08363564,-0.6019928,0.34914982,0.06725219,-0.6202744,0.29491875,0.037011318,-0.5499597,0.4086185,0.0082169715,-0.59039634,0.2973807,-0.060699552,-0.018551625311374664,0.20652760565280914,-0.03232356160879135
