frame,Ankle.R_x,Ankle.R_y,Ankle.R_z,Knee.R_x,Knee.R_y,Knee.R_z,Hip.R_x,Hip.R_y,Hip.R_z,Hip.L_x,Hip.L_y,Hip.L_z,Knee.L_x,Knee.L_y,Knee.L_z,Ankle.L_x,Ankle.L_y,Ankle.L_z,Wrist.R_x,Wrist.R_y,Wrist.R_z,Elbow.R_x,Elbow.R_y,Elbow.R_z,Shoulder.R_x,Shoulder.R_y,Shoulder.R_z,Shoulder.L_x,Shoulder.L_y,Shoulder.L_z,Elbow.L_x,Elbow.L_y,Elbow.L_z,Wrist.L_x,Wrist.L_y,Wrist.L_z,Neck_x,Neck_y,Neck_z,Head_x,Head_y,Head_z,Nose_x,Nose_y,Nose_z,Eye.L_x,Eye.L_y,Eye.L_z,Eye.R_x,Eye.R_y,Eye.R_z,Ear.L_x,Ear.L_y,Ear.L_z,Ear.R_x,Ear.R_y,Ear.R_z,hip.Center_x,hip.Center_y,hip.Center_z
0,0.46899328,0.080293395,0.4979591,0.09490251,0.071380444,0.3216482,-0.043592166,0.082179256,-0.02940321,0.0048048706,0.3290141,-0.02951881,0.24381307,0.29715773,0.28744596,0.662903,0.3046664,0.25631356,-0.48079258,-0.3428149,-0.012601922,-0.43064034,-0.107295774,-0.08621221,-0.4307735,0.16019592,-0.053818144,-0.37871185,0.41557944,-0.030773794,-0.26023057,0.65233546,-0.053541318,-0.15891273,0.8712573,0.0049266145,-0.4465702,0.29996234,-0.022395153,-0.62778044,0.38408574,-0.025171634,-0.58652645,0.30361426,0.099006265,-0.60035884,0.35764807,0.080337614,-0.6208873,0.30318603,0.05204859,-0.5449209,0.41205555,0.019805107,-0.5895406,0.30065507,-0.04515314,-0.019393647089600563,0.2055966705083847,-0.029461009427905083
