frame,Ankle.R_x,Ankle.R_y,Ankle.R_z,Knee.R_x,Knee.R_y,Knee.R_z,Hip.R_x,Hip.R_y,Hip.R_z,Hip.L_x,Hip.L_y,Hip.L_z,Knee.L_x,Knee.L_y,Knee.L_z,Ankle.L_x,Ankle.L_y,Ankle.L_z,Wrist.R_x,Wrist.R_y,Wrist.R_z,Elbow.R_x,Elbow.R_y,Elbow.R_z,Shoulder.R_x,Shoulder.R_y,Shoulder.R_z,Shoulder.L_x,Shoulder.L_y,Shoulder.L_z,Elbow.L_x,Elbow.L_y,Elbow.L_z,Wrist.L_x,Wrist.L_y,Wrist.L_z,Neck_x,Neck_y,Neck_z,Head_x,Head_y,Head_z,Nose_x,Nose_y,Nose_z,Eye.L_x,Eye.L_y,Eye.L_z,Eye.R_x,Eye.R_y,Eye.R_z,Ear.L_x,Ear.L_y,Ear.L_z,Ear.R_x,Ear.R_y,Ear.R_z,hip.Center_x,hip.Center_y,hip.Center_z
0,0.4212235,0.08200138,0.54727805,0.07026842,0.07735019,0.3285956,-0.04320503,0.08243623,-0.031013913,0.0069287815,0.32861522,-0.03184449,0.19073704,0.2989271,0.31477273,0.6070745,0.30519655,0.37109825,-0.50218076,-0.34110457,-0.022565069,-0.44665533,-0.10637497,-0.09574851,-0.42941537,0.16015105,-0.068409465,-0.37857592,0.4145988,-0.050610065,-0.2603431,0.6509912,-0.08371831,-0.16583931,0.86865956,-0.011954311,-0.44557112,0.29833135,-0.039484788,-0.62907374,0.37843403,-0.041716352,-0.5854674,0.2973272,0.08144815,-0.60065997,0.3513407,0.063450664,-0.61984384,0.2967863,0.034390263,-0.546742,0.40795428,0.0036284206,-0.5889672,0.2961693,-0.062948726,-0.01813812367618084,0.2055257260799408,-0.03142920136451721
