frame,Ankle.R_x,Ankle.R_y,Ankle.R_z,Knee.R_x,Knee.R_y,Knee.R_z,Hip.R_x,Hip.R_y,Hip.R_z,Hip.L_x,Hip.L_y,Hip.L_z,Knee.L_x,Knee.L_y,Knee.L_z,Ankle.L_x,Ankle.L_y,Ankle.L_z,Wrist.R_x,Wrist.R_y,Wrist.R_z,Elbow.R_x,Elbow.R_y,Elbow.R_z,Shoulder.R_x,Shoulder.R_y,Shoulder.R_z,Shoulder.L_x,Shoulder.L_y,Shoulder.L_z,Elbow.L_x,Elbow.L_y,Elbow.L_z,Wrist.L_x,Wrist.L_y,Wrist.L_z,Neck_x,Neck_y,Neck_z,Head_x,Head_y,Head_z,Nose_x,Nose_y,Nose_z,Eye.L_x,Eye.L_y,Eye.L_z,Eye.R_x,Eye.R_y,Eye.R_z,Ear.L_x,Ear.L_y,Ear.L_z,Ear.R_x,Ear.R_y,Ear.R_z,hip.Center_x,hip.Center_y,hip.Center_z
0,0.46160215,0.08455344,0.4952263,0.08424362,0.07462217,0.3250183,-0.04367564,0.08237661,-0.03271528,0.0056841136,0.32921553,-0.029095272,0.21556437,0.29722017,0.30522165,0.6362506,0.30184463,0.30206522,-0.51921654,-0.33597404,-0.016011352,-0.4525733,-0.10350621,-0.087559484,-0.43028498,0.16220982,-0.05270423,-0.37775224,0.41629705,-0.031339187,-0.26893276,0.6568075,-0.065333635,-0.17000413,0.8730653,0.0060403654,-0.4442655,0.30024078,-0.02133184,-0.627035,0.3800596,-0.021629345,-0.58362424,0.2986941,0.101318836,-0.5988877,0.35271627,0.08346543,-0.61783886,0.2981474,0.05419486,-0.5447898,0.4096872,0.023854284,-0.5865211,0.29791218,-0.043018386,-0.01899576187133789,0.20579606294631958,-0.03090527653694153
