frame,Ankle.R_x,Ankle.R_y,Ankle.R_z,Knee.R_x,Knee.R_y,Knee.R_z,Hip.R_x,Hip.R_y,Hip.R_z,Hip.L_x,Hip.L_y,Hip.L_z,Knee.L_x,Knee.L_y,Knee.L_z,Ankle.L_x,Ankle.L_y,Ankle.L_z,Wrist.R_x,Wrist.R_y,Wrist.R_z,Elbow.R_x,Elbow.R_y,Elbow.R_z,Shoulder.R_x,Shoulder.R_y,Shoulder.R_z,Shoulder.L_x,Shoulder.L_y,Shoulder.L_z,Elbow.L_x,Elbow.L_y,Elbow.L_z,Wrist.L_x,Wrist.L_y,Wrist.L_z,Neck_x,Neck_y,Neck_z,Head_x,Head_y,Head_z,Nose_x,Nose_y,Nose_z,Eye.L_x,Eye.L_y,Eye.L_z,Eye.R_x,Eye.R_y,Eye.R_z,Ear.L_x,Ear.L_y,Ear.L_z,Ear.R_x,Ear.R_y,Ear.R_z,hip.Center_x,hip.Center_y,hip.Center_z
0,0.39242792,0.079772726,0.53211266,0.029279763,0.077373795,0.3302017,-0.043695956,0.08205566,-0.038035996,0.009318132,0.3300253,-0.030843109,0.14825882,0.29935074,0.33206266,0.5647023,0.30346924,0.40240973,-0.54428196,-0.33212984,-0.026932912,-0.46339896,-0.10341349,-0.09881456,-0.42654538,0.16049263,-0.066670865,-0.37647235,0.41608998,-0.047874194,-0.2649339,0.655003,-0.09149684,-0.17132162,0.87398154,-0.019195644,-0.44305742,0.2984842,-0.037414864,-0.62867546,0.37166497,-0.0452367,-0.5862122,0.29475808,0.08103154,-0.6029805,0.34787527,0.06143603,-0.6188927,0.29187056,0.032904156,-0.5489609,0.40560782,0.002376346,-0.5845269,0.29064727,-0.06347262,-0.017188912257552147,0.20604047179222107,-0.03443955257534981
