frame,Ankle.R_x,Ankle.R_y,Ankle.R_z,Knee.R_x,Knee.R_y,Knee.R_z,Hip.R_x,Hip.R_y,Hip.R_z,Hip.L_x,Hip.L_y,Hip.L_z,Knee.L_x,Knee.L_y,Knee.L_z,Ankle.L_x,Ankle.L_y,Ankle.L_z,Wrist.R_x,Wrist.R_y,Wrist.R_z,Elbow.R_x,Elbow.R_y,Elbow.R_z,Shoulder.R_x,Shoulder.R_y,Shoulder.R_z,Shoulder.L_x,Shoulder.L_y,Shoulder.L_z,Elbow.L_x,Elbow.L_y,Elbow.L_z,Wrist.L_x,Wrist.L_y,Wrist.L_z,Neck_x,Neck_y,Neck_z,Head_x,Head_y,Head_z,Nose_x,Nose_y,Nose_z,Eye.L_x,Eye.L_y,Eye.L_z,Eye.R_x,Eye.R_y,Eye.R_z,Ear.L_x,Ear.L_y,Ear.L_z,Ear.R_x,Ear.R_y,Ear.R_z,hip.Center_x,hip.Center_y,hip.Center_z
0,0.44825947,0.1020649,0.47444445,0.0578259,0.09701241,0.33751485,-0.04585117,0.08239544,-0.026254244,0.010025388,0.329209,-0.039051082,0.18919851,0.31530887,0.3120637,0.6097128,0.30924314,0.31078634,-0.5642156,-0.32386488,-0.016865775,-0.4755,-0.09822679,-0.0878957,-0.43107218,0.16362187,-0.05066273,-0.38023236,0.4173834,-0.034363247,-0.27702048,0.65983456,-0.0771281,-0.20105642,0.8808482,0.005841182,-0.4451292,0.30143777,-0.021124171,-0.62346745,0.38808113,-0.023729006,-0.5820201,0.31446445,0.10522464,-0.5942049,0.36775923,0.08305838,-0.6177107,0.3122066,0.0591667,-0.5384288,0.41539443,0.017460631,-0.58931065,0.30129024,-0.038928665,-0.017912890762090683,0.20580221712589264,-0.032652661204338074
