frame,Ankle.R_x,Ankle.R_y,Ankle.R_z,Knee.R_x,Knee.R_y,Knee.R_z,Hip.R_x,Hip.R_y,Hip.R_z,Hip.L_x,Hip.L_y,Hip.L_z,Knee.L_x,Knee.L_y,Knee.L_z,Ankle.L_x,Ankle.L_y,Ankle.L_z,Wrist.R_x,Wrist.R_y,Wrist.R_z,Elbow.R_x,Elbow.R_y,Elbow.R_z,Shoulder.R_x,Shoulder.R_y,Shoulder.R_z,Shoulder.L_x,Shoulder.L_y,Shoulder.L_z,Elbow.L_x,Elbow.L_y,Elbow.L_z,Wrist.L_x,Wrist.L_y,Wrist.L_z,Neck_x,Neck_y,Neck_z,Head_x,Head_y,Head_z,Nose_x,Nose_y,Nose_z,Eye.L_x,Eye.L_y,Eye.L_z,Eye.R_x,Eye.R_y,Eye.R_z,Ear.L_x,Ear.L_y,Ear.L_z,Ear.R_x,Ear.R_y,Ear.R_z,hip.Center_x,hip.Center_y,hip.Center_z
0,0.42896062,0.082798325,0.5663344,0.088726625,0.09739783,0.3324557,-0.043822497,0.08247203,-0.022910967,0.007818449,0.32722142,-0.03821402,0.20741357,0.30583087,0.30118936,0.61218673,0.3046904,0.40957305,-0.58350426,-0.32699287,-0.035840794,-0.47976762,-0.105641864,-0.095145494,-0.4296395,0.15357704,-0.06400916,-0.38411695,0.4063292,-0.05084894,-0.28541073,0.6510095,-0.08317492,-0.21125981,0.8744404,-0.006441779,-0.44632217,0.28895083,-0.03687614,-0.62928253,0.36546937,-0.039154455,-0.5818266,0.2969483,0.09024655,-0.5969163,0.3490065,0.06721375,-0.618162,0.29195538,0.045011856,-0.545,0.39798206,-0.00039489847,-0.5913217,0.28045613,-0.053142287,-0.018002023920416832,0.20484672486782074,-0.030562493950128555
