frame,Ankle.R_x,Ankle.R_y,Ankle.R_z,Knee.R_x,Knee.R_y,Knee.R_z,Hip.R_x,Hip.R_y,Hip.R_z,Hip.L_x,Hip.L_y,Hip.L_z,Knee.L_x,Knee.L_y,Knee.L_z,Ankle.L_x,Ankle.L_y,Ankle.L_z,Wrist.R_x,Wrist.R_y,Wrist.R_z,Elbow.R_x,Elbow.R_y,Elbow.R_z,Shoulder.R_x,Shoulder.R_y,Shoulder.R_z,Shoulder.L_x,Shoulder.L_y,Shoulder.L_z,Elbow.L_x,Elbow.L_y,Elbow.L_z,Wrist.L_x,Wrist.L_y,Wrist.L_z,Neck_x,Neck_y,Neck_z,Head_x,Head_y,Head_z,Nose_x,Nose_y,Nose_z,Eye.L_x,Eye.L_y,Eye.L_z,Eye.R_x,Eye.R_y,Eye.R_z,Ear.L_x,Ear.L_y,Ear.L_z,Ear.R_x,Ear.R_y,Ear.R_z,hip.Center_x,hip.Center_y,hip.Center_z
0,0.43861315,0.0837837,0.56448334,0.093339235,0.11486087,0.33705577,-0.045218006,0.083247654,-0.019040734,0.0100464085,0.32722637,-0.041431636,0.20781544,0.30613217,0.30277264,0.6186772,0.30843338,0.38976523,-0.5815261,-0.32679617,-0.031565502,-0.48203766,-0.104198754,-0.09657442,-0.43128824,0.1555261,-0.06665615,-0.3866476,0.40775925,-0.057160877,-0.29290795,0.65445775,-0.09011408,-0.23243876,0.8837863,-0.016880676,-0.44746366,0.29075286,-0.04156655,-0.6259333,0.37020344,-0.05072477,-0.5855803,0.3048535,0.08323538,-0.5981468,0.3564595,0.057782512,-0.620269,0.29925635,0.03672867,-0.54211557,0.4014826,-0.009542158,-0.5900464,0.28333697,-0.060031366,-0.01758579909801483,0.20523701608181,-0.03023618459701538
