frame,Ankle.R_x,Ankle.R_y,Ankle.R_z,Knee.R_x,Knee.R_y,Knee.R_z,Hip.R_x,Hip.R_y,Hip.R_z,Hip.L_x,Hip.L_y,Hip.L_z,Knee.L_x,Knee.L_y,Knee.L_z,Ankle.L_x,Ankle.L_y,Ankle.L_z,Wrist.R_x,Wrist.R_y,Wrist.R_z,Elbow.R_x,Elbow.R_y,Elbow.R_z,Shoulder.R_x,Shoulder.R_y,Shoulder.R_z,Shoulder.L_x,Shoulder.L_y,Shoulder.L_z,Elbow.L_x,Elbow.L_y,Elbow.L_z,Wrist.L_x,Wrist.L_y,Wrist.L_z,Neck_x,Neck_y,Neck_z,Head_x,Head_y,Head_z,Nose_x,Nose_y,Nose_z,Eye.L_x,Eye.L_y,Eye.L_z,Eye.R_x,Eye.R_y,Eye.R_z,Ear.L_x,Ear.L_y,Ear.L_z,Ear.R_x,Ear.R_y,Ear.R_z,hip.Center_x,hip.Center_y,hip.Center_z
0,0.5042274,0.09582046,0.475464,0.116348036,0.113931365,0.3326066,-0.044001654,0.082907826,-0.016931545,0.006760984,0.32756937,-0.040759854,0.23415007,0.3132272,0.28717142,0.65463513,0.31212488,0.28797826,-0.5794666,-0.32849985,-0.022173539,-0.48276612,-0.103878625,-0.08419264,-0.43419257,0.15636039,-0.052885987,-0.3884102,0.40805328,-0.042116977,-0.2953523,0.6545847,-0.07797866,-0.23885587,0.8831283,0.00034630485,-0.44968086,0.29249805,-0.026889257,-0.6265855,0.3786448,-0.033702724,-0.5865012,0.31133872,0.099064514,-0.59769547,0.3634393,0.07394281,-0.6222794,0.3072176,0.05311942,-0.54127604,0.40636563,0.0058521503,-0.59413356,0.29041135,-0.04411445,-0.018620334565639496,0.20523859560489655,-0.02884569950401783
