frame,Ankle.R_x,Ankle.R_y,Ankle.R_z,Knee.R_x,Knee.R_y,Knee.R_z,Hip.R_x,Hip.R_y,Hip.R_z,Hip.L_x,Hip.L_y,Hip.L_z,Knee.L_x,Knee.L_y,Knee.L_z,Ankle.L_x,Ankle.L_y,Ankle.L_z,Wrist.R_x,Wrist.R_y,Wrist.R_z,Elbow.R_x,Elbow.R_y,Elbow.R_z,Shoulder.R_x,Shoulder.R_y,Shoulder.R_z,Shoulder.L_x,Shoulder.L_y,Shoulder.L_z,Elbow.L_x,Elbow.L_y,Elbow.L_z,Wrist.L_x,Wrist.L_y,Wrist.L_z,Neck_x,Neck_y,Neck_z,Head_x,Head_y,Head_z,Nose_x,Nose_y,Nose_z,Eye.L_x,Eye.L_y,Eye.L_z,Eye.R_x,Eye.R_y,Eye.R_z,Ear.L_x,Ear.L_y,Ear.L_z,Ear.R_x,Ear.R_y,Ear.R_z,hip.Center_x,hip.Center_y,hip.Center_z
0,0.45926696,0.079396,0.53874785,0.097784005,0.12318729,0.3388379,-0.04394958,0.082770646,-0.016177578,0.008530459,0.32752788,-0.043369953,0.21671334,0.3048123,0.29796925,0.63365436,0.31367382,0.35550773,-0.5945514,-0.32499477,-0.027437925,-0.48612368,-0.105767906,-0.09067392,-0.43420926,0.15421724,-0.06263447,-0.38832682,0.40543854,-0.05965543,-0.3043706,0.6555031,-0.08694507,-0.25977382,0.89097464,-0.019614749,-0.44910437,0.28943002,-0.04046776,-0.62669367,0.3693118,-0.049989596,-0.5870613,0.30493715,0.08469212,-0.5995387,0.35629487,0.058855634,-0.62145054,0.298948,0.037997242,-0.54305136,0.40092173,-0.008571766,-0.59060633,0.28238344,-0.05844447,-0.017709560692310333,0.20514926314353943,-0.029773764312267303
