frame,Ankle.R_x,Ankle.R_y,Ankle.R_z,Knee.R_x,Knee.R_y,Knee.R_z,Hip.R_x,Hip.R_y,Hip.R_z,Hip.L_x,Hip.L_y,Hip.L_z,Knee.L_x,Knee.L_y,Knee.L_z,Ankle.L_x,Ankle.L_y,Ankle.L_z,Wrist.R_x,Wrist.R_y,Wrist.R_z,Elbow.R_x,Elbow.R_y,Elbow.R_z,Shoulder.R_x,Shoulder.R_y,Shoulder.R_z,Shoulder.L_x,Shoulder.L_y,Shoulder.L_z,Elbow.L_x,Elbow.L_y,Elbow.L_z,Wrist.L_x,Wrist.L_y,Wrist.L_z,Neck_x,Neck_y,Neck_z,Head_x,Head_y,Head_z,Nose_x,Nose_y,Nose_z,Eye.L_x,Eye.L_y,Eye.L_z,Eye.R_x,Eye.R_y,Eye.R_z,Ear.L_x,Ear.L_y,Ear.L_z,Ear.R_x,Ear.R_y,Ear.R_z,hip.Center_x,hip.Center_y,hip.Center_z
0,0.5288295,0.09183112,0.46238503,0.13779843,0.11355066,0.3254813,-0.04232626,0.08217453,-0.016178267,0.004013445,0.32817262,-0.039881002,0.24223082,0.31568053,0.28081504,0.66244125,0.31774798,0.26621562,-0.59547716,-0.32667175,-0.025283433,-0.4891151,-0.10678665,-0.089233786,-0.43586057,0.15214325,-0.056913484,-0.3910736,0.4029372,-0.045923833,-0.30679974,0.65254027,-0.07882454,-0.2614222,0.8828797,0.002494662,-0.45162472,0.2883994,-0.03166255,-0.6251281,0.38078776,-0.041796543,-0.5903276,0.31160486,0.09143461,-0.598955,0.36412805,0.06625184,-0.6254525,0.30902183,0.04483534,-0.5396119,0.40483493,-0.0007066382,-0.5960572,0.29119426,-0.05201222,-0.019156407564878464,0.2051735818386078,-0.028029635548591614
