frame,Ankle.R_x,Ankle.R_y,Ankle.R_z,Knee.R_x,Knee.R_y,Knee.R_z,Hip.R_x,Hip.R_y,Hip.R_z,Hip.L_x,Hip.L_y,Hip.L_z,Knee.L_x,Knee.L_y,Knee.L_z,Ankle.L_x,Ankle.L_y,Ankle.L_z,Wrist.R_x,Wrist.R_y,Wrist.R_z,Elbow.R_x,Elbow.R_y,Elbow.R_z,Shoulder.R_x,Shoulder.R_y,Shoulder.R_z,Shoulder.L_x,Shoulder.L_y,Shoulder.L_z,Elbow.L_x,Elbow.L_y,Elbow.L_z,Wrist.L_x,Wrist.L_y,Wrist.L_z,Neck_x,Neck_y,Neck_z,Head_x,Head_y,Head_z,Nose_x,Nose_y,Nose_z,Eye.L_x,Eye.L_y,Eye.L_z,Eye.R_x,Eye.R_y,Eye.R_z,Ear.L_x,Ear.L_y,Ear.L_z,Ear.R_x,Ear.R_y,Ear.R_z,hip.Center_x,hip.Center_y,hip.Center_z
0,0.74714106,0.14845085,-0.13672869,0.38545525,0.13451141,0.06414131,-0.0037876188,0.086062804,0.023794547,-0.021348935,0.326496,-0.029439002,0.30630603,0.3109392,-0.27895403,0.39838862,0.33917677,-0.6928828,-0.49895066,-0.39107814,0.10445158,-0.41153857,-0.16682836,0.037897058,-0.42073536,0.09456573,0.09526509,-0.41344386,0.34290677,0.10632806,-0.38127315,0.60216635,0.06494361,-0.3891514,0.8358598,0.14009395,-0.4512879,0.2229969,0.12886448,-0.63914126,0.2598244,0.13964772,-0.5731993,0.19802119,0.26555744,-0.60206604,0.24553406,0.24589834,-0.60856056,0.1865065,0.21994907,-0.56486815,0.30987868,0.18087804,-0.5804682,0.18926628,0.12187949,-0.01256827637553215,0.20627939701080322,-0.0028222277760505676
