frame,Ankle.R_x,Ankle.R_y,Ankle.R_z,Knee.R_x,Knee.R_y,Knee.R_z,Hip.R_x,Hip.R_y,Hip.R_z,Hip.L_x,Hip.L_y,Hip.L_z,Knee.L_x,Knee.L_y,Knee.L_z,Ankle.L_x,Ankle.L_y,Ankle.L_z,Wrist.R_x,Wrist.R_y,Wrist.R_z,Elbow.R_x,Elbow.R_y,Elbow.R_z,Shoulder.R_x,Shoulder.R_y,Shoulder.R_z,Shoulder.L_x,Shoulder.L_y,Shoulder.L_z,Elbow.L_x,Elbow.L_y,Elbow.L_z,Wrist.L_x,Wrist.L_y,Wrist.L_z,Neck_x,Neck_y,Neck_z,Head_x,Head_y,Head_z,Nose_x,Nose_y,Nose_z,Eye.L_x,Eye.L_y,Eye.L_z,Eye.R_x,Eye.R_y,Eye.R_z,Ear.L_x,Ear.L_y,Ear.L_z,Ear.R_x,Ear.R_y,Ear.R_z,hip.Center_x,hip.Center_y,hip.Center_z
0,0.72343755,0.1412213,-0.14023358,0.37919497,0.13598931,0.088862196,-0.004100676,0.08579723,0.02258277,-0.022438074,0.32743645,-0.03065051,0.3065709,0.31467557,-0.28012812,0.36986986,0.3412468,-0.6999467,-0.505479,-0.39739683,0.10977627,-0.41206643,-0.17039983,0.060771976,-0.41687334,0.093485974,0.10701464,-0.4097851,0.34510666,0.10967717,-0.3806173,0.6053518,0.07604446,-0.38884574,0.84219027,0.14538352,-0.4482829,0.22485748,0.13515998,-0.6337236,0.27044213,0.13568303,-0.57949966,0.20344451,0.26443768,-0.6049512,0.25260308,0.24388975,-0.6121607,0.19434306,0.21624798,-0.56036544,0.31662938,0.18280853,-0.57699937,0.19770059,0.1204367,-0.013269375078380108,0.2066168338060379,-0.004033870063722134
