frame,Ankle.R_x,Ankle.R_y,Ankle.R_z,Knee.R_x,Knee.R_y,Knee.R_z,Hip.R_x,Hip.R_y,Hip.R_z,Hip.L_x,Hip.L_y,Hip.L_z,Knee.L_x,Knee.L_y,Knee.L_z,Ankle.L_x,Ankle.L_y,Ankle.L_z,Wrist.R_x,Wrist.R_y,Wrist.R_z,Elbow.R_x,Elbow.R_y,Elbow.R_z,Shoulder.R_x,Shoulder.R_y,Shoulder.R_z,Shoulder.L_x,Shoulder.L_y,Shoulder.L_z,Elbow.L_x,Elbow.L_y,Elbow.L_z,Wrist.L_x,Wrist.L_y,Wrist.L_z,Neck_x,Neck_y,Neck_z,Head_x,Head_y,Head_z,Nose_x,Nose_y,Nose_z,Eye.L_x,Eye.L_y,Eye.L_z,Eye.R_x,Eye.R_y,Eye.R_z,Ear.L_x,Ear.L_y,Ear.L_z,Ear.R_x,Ear.R_y,Ear.R_z,hip.Center_x,hip.Center_y,hip.Center_z
0,0.5103165,0.08593481,0.4930845,0.13179377,0.11034983,0.32419947,-0.04063448,0.08109858,-0.018618885,0.002416906,0.32819456,-0.037350915,0.23674151,0.3088247,0.28539467,0.6559989,0.3308501,0.2705745,-0.5787286,-0.3366312,-0.03389292,-0.46677247,-0.11811574,-0.0913151,-0.4327283,0.14509812,-0.06403543,-0.39287496,0.39698446,-0.06214402,-0.32158977,0.6495355,-0.09002168,-0.30246687,0.8898755,-0.026839916,-0.4520645,0.28185472,-0.044127103,-0.63456553,0.36028203,-0.05358368,-0.58968115,0.2972989,0.079255216,-0.6044131,0.34816033,0.053842366,-0.625213,0.29031885,0.03353636,-0.5511219,0.3942359,-0.0148530025,-0.5962282,0.27467537,-0.06370563,-0.019108787178993225,0.20464657247066498,-0.027984900400042534
