frame,Ankle.R_x,Ankle.R_y,Ankle.R_z,Knee.R_x,Knee.R_y,Knee.R_z,Hip.R_x,Hip.R_y,Hip.R_z,Hip.L_x,Hip.L_y,Hip.L_z,Knee.L_x,Knee.L_y,Knee.L_z,Ankle.L_x,Ankle.L_y,Ankle.L_z,Wrist.R_x,Wrist.R_y,Wrist.R_z,Elbow.R_x,Elbow.R_y,Elbow.R_z,Shoulder.R_x,Shoulder.R_y,Shoulder.R_z,Shoulder.L_x,Shoulder.L_y,Shoulder.L_z,Elbow.L_x,Elbow.L_y,Elbow.L_z,Wrist.L_x,Wrist.L_y,Wrist.L_z,Neck_x,Neck_y,Neck_z,Head_x,Head_y,Head_z,Nose_x,Nose_y,Nose_z,Eye.L_x,Eye.L_y,Eye.L_z,Eye.R_x,Eye.R_y,Eye.R_z,Ear.L_x,Ear.L_y,Ear.L_z,Ear.R_x,Ear.R_y,Ear.R_z,hip.Center_x,hip.Center_y,hip.Center_z
0,0.57869905,0.091624275,0.4103501,0.17712727,0.10451729,0.3073915,-0.039206192,0.081331134,-0.015859371,-0.00063834735,0.32784817,-0.03430223,0.27351886,0.31489384,0.2570217,0.6901825,0.33472997,0.20503315,-0.5979971,-0.33009988,-0.029224342,-0.47588778,-0.1186746,-0.091735944,-0.43599367,0.14294729,-0.062331155,-0.39756188,0.39262605,-0.0573282,-0.32387283,0.6443028,-0.086852856,-0.3098486,0.88278353,-0.017460205,-0.4559922,0.27838463,-0.040627435,-0.63960975,0.35737833,-0.04728535,-0.59081966,0.29634982,0.08500206,-0.6060759,0.3468117,0.059089605,-0.6280975,0.28889468,0.040610664,-0.5548985,0.3908524,-0.012041579,-0.60236216,0.27116793,-0.057338737,-0.019922269508242607,0.20458965003490448,-0.02508080005645752
