frame,Ankle.R_x,Ankle.R_y,Ankle.R_z,Knee.R_x,Knee.R_y,Knee.R_z,Hip.R_x,Hip.R_y,Hip.R_z,Hip.L_x,Hip.L_y,Hip.L_z,Knee.L_x,Knee.L_y,Knee.L_z,Ankle.L_x,Ankle.L_y,Ankle.L_z,Wrist.R_x,Wrist.R_y,Wrist.R_z,Elbow.R_x,Elbow.R_y,Elbow.R_z,Shoulder.R_x,Shoulder.R_y,Shoulder.R_z,Shoulder.L_x,Shoulder.L_y,Shoulder.L_z,Elbow.L_x,Elbow.L_y,Elbow.L_z,Wrist.L_x,Wrist.L_y,Wrist.L_z,Neck_x,Neck_y,Neck_z,Head_x,Head_y,Head_z,Nose_x,Nose_y,Nose_z,Eye.L_x,Eye.L_y,Eye.L_z,Eye.R_x,Eye.R_y,Eye.R_z,Ear.L_x,Ear.L_y,Ear.L_z,Ear.R_x,Ear.R_y,Ear.R_z,hip.Center_x,hip.Center_y,hip.Center_z
0,0.58671004,0.0908321,0.3925998,0.18017744,0.10386394,0.30774808,-0.039356947,0.0820691,-0.01623091,-7.0351816e-05,0.32857075,-0.03329155,0.27446726,0.31203407,0.26089928,0.68528986,0.3378193,0.17359437,-0.5915824,-0.32843307,-0.03348348,-0.4674322,-0.12125377,-0.106214814,-0.4369793,0.14233948,-0.07010784,-0.4023397,0.39173055,-0.062849954,-0.3305276,0.64475155,-0.09387396,-0.33281675,0.88051945,-0.015257914,-0.45879602,0.27668503,-0.04663024,-0.6417854,0.3550604,-0.052766215,-0.5958004,0.2875728,0.077777274,-0.6108763,0.3391559,0.054040544,-0.6318151,0.28210258,0.031944703,-0.5581151,0.38734287,-0.013459644,-0.6033516,0.26956868,-0.06610544,-0.01971364952623844,0.20531992614269257,-0.024761229753494263
