frame,Ankle.R_x,Ankle.R_y,Ankle.R_z,Knee.R_x,Knee.R_y,Knee.R_z,Hip.R_x,Hip.R_y,Hip.R_z,Hip.L_x,Hip.L_y,Hip.L_z,Knee.L_x,Knee.L_y,Knee.L_z,Ankle.L_x,Ankle.L_y,Ankle.L_z,Wrist.R_x,Wrist.R_y,Wrist.R_z,Elbow.R_x,Elbow.R_y,Elbow.R_z,Shoulder.R_x,Shoulder.R_y,Shoulder.R_z,Shoulder.L_x,Shoulder.L_y,Shoulder.L_z,Elbow.L_x,Elbow.L_y,Elbow.L_z,Wrist.L_x,Wrist.L_y,Wrist.L_z,Neck_x,Neck_y,Neck_z,Head_x,Head_y,Head_z,Nose_x,Nose_y,Nose_z,Eye.L_x,Eye.L_y,Eye.L_z,Eye.R_x,Eye.R_y,Eye.R_z,Ear.L_x,Ear.L_y,Ear.L_z,Ear.R_x,Ear.R_y,Ear.R_z,hip.Center_x,hip.Center_y,hip.Center_z
0,0.5917141,0.08544681,0.35850078,0.17745082,0.101594105,0.30885088,-0.038852144,0.08136261,-0.017288066,-0.00074316113,0.32967198,-0.032281514,0.28032607,0.30786055,0.2587578,0.6818851,0.330194,0.12864286,-0.5898529,-0.324541,-0.0441473,-0.46138734,-0.12068526,-0.12046696,-0.43807772,0.14362937,-0.076844364,-0.40206337,0.39282024,-0.0676554,-0.3307283,0.6466356,-0.09102991,-0.33685052,0.88437593,-0.01584646,-0.45988065,0.27806807,-0.05214905,-0.6443722,0.35426885,-0.05827699,-0.5976782,0.28597507,0.071619235,-0.6139258,0.3374645,0.048589475,-0.633284,0.28028977,0.025438905,-0.56152844,0.38787237,-0.017785551,-0.6037037,0.26998833,-0.07257591,-0.01979765295982361,0.20551729202270508,-0.024784790351986885
