frame,Ankle.R_x,Ankle.R_y,Ankle.R_z,Knee.R_x,Knee.R_y,Knee.R_z,Hip.R_x,Hip.R_y,Hip.R_z,Hip.L_x,Hip.L_y,Hip.L_z,Knee.L_x,Knee.L_y,Knee.L_z,Ankle.L_x,Ankle.L_y,Ankle.L_z,Wrist.R_x,Wrist.R_y,Wrist.R_z,Elbow.R_x,Elbow.R_y,Elbow.R_z,Shoulder.R_x,Shoulder.R_y,Shoulder.R_z,Shoulder.L_x,Shoulder.L_y,Shoulder.L_z,Elbow.L_x,Elbow.L_y,Elbow.L_z,Wrist.L_x,Wrist.L_y,Wrist.L_z,Neck_x,Neck_y,Neck_z,Head_x,Head_y,Head_z,Nose_x,Nose_y,Nose_z,Eye.L_x,Eye.L_y,Eye.L_z,Eye.R_x,Eye.R_y,Eye.R_z,Ear.L_x,Ear.L_y,Ear.L_z,Ear.R_x,Ear.R_y,Ear.R_z,hip.Center_x,hip.Center_y,hip.Center_z
0,0.5359565,0.08544463,0.46176177,0.14434007,0.10933429,0.32115966,-0.042692848,0.082609996,-0.015315432,0.0031659869,0.32862222,-0.03687657,0.27254614,0.31156155,0.26260045,0.68628603,0.33976603,0.18132831,-0.5959927,-0.32105935,-0.035421416,-0.4675269,-0.11621031,-0.10911941,-0.43649015,0.14800048,-0.07238655,-0.3987549,0.39770806,-0.07389087,-0.33127797,0.65203714,-0.10237992,-0.3416982,0.89074874,-0.030892685,-0.45678344,0.28309265,-0.053273737,-0.64325273,0.358113,-0.054759063,-0.5908968,0.29033735,0.07308556,-0.60858214,0.34169012,0.050750636,-0.6279213,0.28428584,0.028121557,-0.5594574,0.39314637,-0.017404232,-0.6020023,0.27449557,-0.07084366,-0.019763430580496788,0.20561611652374268,-0.026096001267433167
