frame,Ankle.R_x,Ankle.R_y,Ankle.R_z,Knee.R_x,Knee.R_y,Knee.R_z,Hip.R_x,Hip.R_y,Hip.R_z,Hip.L_x,Hip.L_y,Hip.L_z,Knee.L_x,Knee.L_y,Knee.L_z,Ankle.L_x,Ankle.L_y,Ankle.L_z,Wrist.R_x,Wrist.R_y,Wrist.R_z,Elbow.R_x,Elbow.R_y,Elbow.R_z,Shoulder.R_x,Shoulder.R_y,Shoulder.R_z,Shoulder.L_x,Shoulder.L_y,Shoulder.L_z,Elbow.L_x,Elbow.L_y,Elbow.L_z,Wrist.L_x,Wrist.L_y,Wrist.L_z,Neck_x,Neck_y,Neck_z,Head_x,Head_y,Head_z,Nose_x,Nose_y,Nose_z,Eye.L_x,Eye.L_y,Eye.L_z,Eye.R_x,Eye.R_y,Eye.R_z,Ear.L_x,Ear.L_y,Ear.L_z,Ear.R_x,Ear.R_y,Ear.R_z,hip.Center_x,hip.Center_y,hip.Center_z
0,0.54502857,0.08688572,0.46182764,0.15228233,0.12219141,0.3275289,-0.044593364,0.08513212,-0.0069041164,0.006267059,0.32747203,-0.043726124,0.29642966,0.31520948,0.24318281,0.7069366,0.33436695,0.13977301,-0.5875952,-0.32143927,-0.04214487,-0.4494004,-0.12222566,-0.11212094,-0.4323354,0.14439723,-0.07746116,-0.40580714,0.3959844,-0.078219034,-0.3509481,0.65420777,-0.1014963,-0.3778606,0.88872755,-0.022656454,-0.4585321,0.2781456,-0.057476707,-0.6447308,0.3454445,-0.06542401,-0.59896725,0.27645016,0.064866446,-0.616818,0.32767308,0.042411778,-0.63242567,0.2701371,0.0172348,-0.56475484,0.3826365,-0.021224132,-0.5993353,0.26367974,-0.07980032,-0.01916315220296383,0.20630207657814026,-0.025315120816230774
