frame,Ankle.R_x,Ankle.R_y,Ankle.R_z,Knee.R_x,Knee.R_y,Knee.R_z,Hip.R_x,Hip.R_y,Hip.R_z,Hip.L_x,Hip.L_y,Hip.L_z,Knee.L_x,Knee.L_y,Knee.L_z,Ankle.L_x,Ankle.L_y,Ankle.L_z,Wrist.R_x,Wrist.R_y,Wrist.R_z,Elbow.R_x,Elbow.R_y,Elbow.R_z,Shoulder.R_x,Shoulder.R_y,Shoulder.R_z,Shoulder.L_x,Shoulder.L_y,Shoulder.L_z,Elbow.L_x,Elbow.L_y,Elbow.L_z,Wrist.L_x,Wrist.L_y,Wrist.L_z,Neck_x,Neck_y,Neck_z,Head_x,Head_y,Head_z,Nose_x,Nose_y,Nose_z,Eye.L_x,Eye.L_y,Eye.L_z,Eye.R_x,Eye.R_y,Eye.R_z,Ear.L_x,Ear.L_y,Ear.L_z,Ear.R_x,Ear.R_y,Ear.R_z,hip.Center_x,hip.Center_y,hip.Center_z
0,0.54506564,0.089430764,0.46349826,0.15367132,0.12696117,0.32795918,-0.043020487,0.085058674,-0.0036248844,0.004755169,0.3268793,-0.045007296,0.31729957,0.31711513,0.21959224,0.7203346,0.34927306,0.09235236,-0.5712484,-0.3255289,-0.044414014,-0.4298744,-0.12871712,-0.11217708,-0.4316061,0.13907257,-0.07931151,-0.41071457,0.3893599,-0.08008483,-0.36025634,0.6478351,-0.10383105,-0.39036077,0.883238,-0.029806226,-0.46063846,0.2715753,-0.058611978,-0.6453146,0.33668643,-0.07068044,-0.6046014,0.26475433,0.0600096,-0.62240523,0.31620184,0.038190693,-0.63549703,0.25917494,0.010503295,-0.56833243,0.3741092,-0.021366816,-0.59757423,0.2562699,-0.08491961,-0.01913265883922577,0.205968976020813,-0.02431609109044075
