frame,Ankle.R_x,Ankle.R_y,Ankle.R_z,Knee.R_x,Knee.R_y,Knee.R_z,Hip.R_x,Hip.R_y,Hip.R_z,Hip.L_x,Hip.L_y,Hip.L_z,Knee.L_x,Knee.L_y,Knee.L_z,Ankle.L_x,Ankle.L_y,Ankle.L_z,Wrist.R_x,Wrist.R_y,Wrist.R_z,Elbow.R_x,Elbow.R_y,Elbow.R_z,Shoulder.R_x,Shoulder.R_y,Shoulder.R_z,Shoulder.L_x,Shoulder.L_y,Shoulder.L_z,Elbow.L_x,Elbow.L_y,Elbow.L_z,Wrist.L_x,Wrist.L_y,Wrist.L_z,Neck_x,Neck_y,Neck_z,Head_x,Head_y,Head_z,Nose_x,Nose_y,Nose_z,Eye.L_x,Eye.L_y,Eye.L_z,Eye.R_x,Eye.R_y,Eye.R_z,Ear.L_x,Ear.L_y,Ear.L_z,Ear.R_x,Ear.R_y,Ear.R_z,hip.Center_x,hip.Center_y,hip.Center_z
0,0.5972826,0.08856149,0.37133244,0.18830243,0.11714421,0.31134832,-0.04119776,0.08428105,-0.0050115013,0.003012118,0.32721004,-0.039290953,0.33093244,0.30352372,0.20529442,0.72648954,0.33774182,0.059799254,-0.5736484,-0.31893748,-0.05670258,-0.4327426,-0.12228133,-0.121896915,-0.43425536,0.1434144,-0.07895296,-0.40892163,0.3914278,-0.0727691,-0.34864724,0.6474663,-0.09251333,-0.38235256,0.8821412,-0.021772398,-0.46147108,0.27486205,-0.055093147,-0.64266586,0.34366682,-0.07313024,-0.61100584,0.26618737,0.056981564,-0.6267391,0.31868955,0.036155798,-0.639165,0.26301065,0.0056819236,-0.56819904,0.37753516,-0.017991792,-0.595719,0.26301476,-0.08731342,-0.019092820584774017,0.20574554800987244,-0.022151228040456772
