frame,Ankle.R_x,Ankle.R_y,Ankle.R_z,Knee.R_x,Knee.R_y,Knee.R_z,Hip.R_x,Hip.R_y,Hip.R_z,Hip.L_x,Hip.L_y,Hip.L_z,Knee.L_x,Knee.L_y,Knee.L_z,Ankle.L_x,Ankle.L_y,Ankle.L_z,Wrist.R_x,Wrist.R_y,Wrist.R_z,Elbow.R_x,Elbow.R_y,Elbow.R_z,Shoulder.R_x,Shoulder.R_y,Shoulder.R_z,Shoulder.L_x,Shoulder.L_y,Shoulder.L_z,Elbow.L_x,Elbow.L_y,Elbow.L_z,Wrist.L_x,Wrist.L_y,Wrist.L_z,Neck_x,Neck_y,Neck_z,Head_x,Head_y,Head_z,Nose_x,Nose_y,Nose_z,Eye.L_x,Eye.L_y,Eye.L_z,Eye.R_x,Eye.R_y,Eye.R_z,Ear.L_x,Ear.L_y,Ear.L_z,Ear.R_x,Ear.R_y,Ear.R_z,hip.Center_x,hip.Center_y,hip.Center_z
0,0.60455406,0.09752314,0.3694618,0.19357859,0.11397126,0.30633184,-0.039602295,0.08348233,-0.006004894,0.00060658355,0.3276176,-0.03652528,0.34420282,0.31104308,0.18845963,0.7242311,0.3544398,0.004710133,-0.5515405,-0.3199938,-0.039596807,-0.41408667,-0.13066623,-0.13022316,-0.43210515,0.13455193,-0.07927069,-0.41627657,0.38345,-0.06839581,-0.36011666,0.64100397,-0.09795388,-0.40057248,0.8725966,-0.021051325,-0.46504864,0.26618436,-0.054241423,-0.6478836,0.33255106,-0.07744382,-0.615671,0.25984323,0.055164192,-0.6320902,0.31142777,0.03243298,-0.643904,0.25464606,0.0039068246,-0.57390076,0.36866832,-0.023299107,-0.60025793,0.25190544,-0.08900361,-0.019497854635119438,0.205549955368042,-0.02126508578658104
