frame,Ankle.R_x,Ankle.R_y,Ankle.R_z,Knee.R_x,Knee.R_y,Knee.R_z,Hip.R_x,Hip.R_y,Hip.R_z,Hip.L_x,Hip.L_y,Hip.L_z,Knee.L_x,Knee.L_y,Knee.L_z,Ankle.L_x,Ankle.L_y,Ankle.L_z,Wrist.R_x,Wrist.R_y,Wrist.R_z,Elbow.R_x,Elbow.R_y,Elbow.R_z,Shoulder.R_x,Shoulder.R_y,Shoulder.R_z,Shoulder.L_x,Shoulder.L_y,Shoulder.L_z,Elbow.L_x,Elbow.L_y,Elbow.L_z,Wrist.L_x,Wrist.L_y,Wrist.L_z,Neck_x,Neck_y,Neck_z,Head_x,Head_y,Head_z,Nose_x,Nose_y,Nose_z,Eye.L_x,Eye.L_y,Eye.L_z,Eye.R_x,Eye.R_y,Eye.R_z,Ear.L_x,Ear.L_y,Ear.L_z,Ear.R_x,Ear.R_y,Ear.R_z,hip.Center_x,hip.Center_y,hip.Center_z
0,0.5360342,0.09459401,0.48032382,0.1527835,0.10789464,0.3206979,-0.04395498,0.085192755,-0.0063701803,0.004771903,0.32736567,-0.039010823,0.35404876,0.31192845,0.17606105,0.7336617,0.3494792,-0.010517164,-0.52837896,-0.32974467,-0.04681327,-0.39670187,-0.13127032,-0.12704895,-0.42524105,0.13409792,-0.078945726,-0.41760844,0.3857717,-0.071695626,-0.37751296,0.6464709,-0.09247342,-0.41732982,0.87852573,-0.013370062,-0.46285108,0.2668865,-0.056944743,-0.64406466,0.33298272,-0.087812096,-0.6185404,0.2602799,0.04618059,-0.6337425,0.31199294,0.022659045,-0.64407396,0.25509503,-0.006443806,-0.5727916,0.3695671,-0.030027067,-0.5956702,0.25247374,-0.09699814,-0.01959153823554516,0.2062792181968689,-0.02269050106406212
