frame,Ankle.R_x,Ankle.R_y,Ankle.R_z,Knee.R_x,Knee.R_y,Knee.R_z,Hip.R_x,Hip.R_y,Hip.R_z,Hip.L_x,Hip.L_y,Hip.L_z,Knee.L_x,Knee.L_y,Knee.L_z,Ankle.L_x,Ankle.L_y,Ankle.L_z,Wrist.R_x,Wrist.R_y,Wrist.R_z,Elbow.R_x,Elbow.R_y,Elbow.R_z,Shoulder.R_x,Shoulder.R_y,Shoulder.R_z,Shoulder.L_x,Shoulder.L_y,Shoulder.L_z,Elbow.L_x,Elbow.L_y,Elbow.L_z,Wrist.L_x,Wrist.L_y,Wrist.L_z,Neck_x,Neck_y,Neck_z,Head_x,Head_y,Head_z,Nose_x,Nose_y,Nose_z,Eye.L_x,Eye.L_y,Eye.L_z,Eye.R_x,Eye.R_y,Eye.R_z,Ear.L_x,Ear.L_y,Ear.L_z,Ear.R_x,Ear.R_y,Ear.R_z,hip.Center_x,hip.Center_y,hip.Center_z
0,0.593999,0.101851396,0.3829159,0.18652646,0.11560827,0.31055978,-0.03997762,0.08409307,-0.002233745,0.0011863383,0.32649556,-0.03911309,0.36096528,0.31376615,0.15833788,0.73656374,0.34750515,-0.034348533,-0.51916313,-0.33204624,-0.04362551,-0.39595208,-0.13170394,-0.12877104,-0.42850614,0.13181387,-0.0779303,-0.41768083,0.3803357,-0.06950989,-0.37073907,0.6382841,-0.10235091,-0.42319188,0.8663318,-0.02435845,-0.46422115,0.26352414,-0.054256514,-0.64687955,0.3286569,-0.08045491,-0.61612576,0.2570243,0.052945867,-0.6327007,0.30830672,0.029706188,-0.64353293,0.2512715,0.0013487116,-0.5743393,0.36575916,-0.02541956,-0.5983266,0.24855204,-0.09071397,-0.01939564198255539,0.20529431104660034,-0.020673416554927826
