frame,Ankle.R_x,Ankle.R_y,Ankle.R_z,Knee.R_x,Knee.R_y,Knee.R_z,Hip.R_x,Hip.R_y,Hip.R_z,Hip.L_x,Hip.L_y,Hip.L_z,Knee.L_x,Knee.L_y,Knee.L_z,Ankle.L_x,Ankle.L_y,Ankle.L_z,Wrist.R_x,Wrist.R_y,Wrist.R_z,Elbow.R_x,Elbow.R_y,Elbow.R_z,Shoulder.R_x,Shoulder.R_y,Shoulder.R_z,Shoulder.L_x,Shoulder.L_y,Shoulder.L_z,Elbow.L_x,Elbow.L_y,Elbow.L_z,Wrist.L_x,Wrist.L_y,Wrist.L_z,Neck_x,Neck_y,Neck_z,Head_x,Head_y,Head_z,Nose_x,Nose_y,Nose_z,Eye.L_x,Eye.L_y,Eye.L_z,Eye.R_x,Eye.R_y,Eye.R_z,Ear.L_x,Ear.L_y,Ear.L_z,Ear.R_x,Ear.R_y,Ear.R_z,hip.Center_x,hip.Center_y,hip.Center_z
0,0.5763786,0.10797693,0.39055106,0.16727719,0.11982393,0.31852934,-0.039670475,0.08375147,-0.0023989468,0.00035054045,0.32691163,-0.038642794,0.38064542,0.31564134,0.11739553,0.75798786,0.3413576,-0.07939811,-0.50102514,-0.33675134,-0.04637271,-0.38501835,-0.13221934,-0.13297811,-0.42798337,0.12992416,-0.075391,-0.4191698,0.37996474,-0.06500055,-0.3777575,0.6396201,-0.095070295,-0.42520002,0.8701782,-0.018383162,-0.46520707,0.26279658,-0.050955918,-0.647015,0.33030576,-0.0789976,-0.61927235,0.25656113,0.05387122,-0.6350402,0.30843145,0.030956224,-0.6458622,0.25174212,0.0017029513,-0.57496685,0.36619538,-0.022277214,-0.59883964,0.24994679,-0.08945482,-0.019659968093037605,0.20533154904842377,-0.02052086964249611
