frame,Ankle.R_x,Ankle.R_y,Ankle.R_z,Knee.R_x,Knee.R_y,Knee.R_z,Hip.R_x,Hip.R_y,Hip.R_z,Hip.L_x,Hip.L_y,Hip.L_z,Knee.L_x,Knee.L_y,Knee.L_z,Ankle.L_x,Ankle.L_y,Ankle.L_z,Wrist.R_x,Wrist.R_y,Wrist.R_z,Elbow.R_x,Elbow.R_y,Elbow.R_z,Shoulder.R_x,Shoulder.R_y,Shoulder.R_z,Shoulder.L_x,Shoulder.L_y,Shoulder.L_z,Elbow.L_x,Elbow.L_y,Elbow.L_z,Wrist.L_x,Wrist.L_y,Wrist.L_z,Neck_x,Neck_y,Neck_z,Head_x,Head_y,Head_z,Nose_x,Nose_y,Nose_z,Eye.L_x,Eye.L_y,Eye.L_z,Eye.R_x,Eye.R_y,Eye.R_z,Ear.L_x,Ear.L_y,Ear.L_z,Ear.R_x,Ear.R_y,Ear.R_z,hip.Center_x,hip.Center_y,hip.Center_z
0,0.5806631,0.111188,0.39793095,0.17447497,0.12195945,0.32288375,-0.03994791,0.086411685,0.0047470643,0.0018562273,0.32427806,-0.042884253,0.4009648,0.31614897,0.052079976,0.7655305,0.3321145,-0.16900316,-0.4397192,-0.36002317,-0.04908252,-0.361387,-0.13346785,-0.12372941,-0.424892,0.12400657,-0.066355675,-0.4266246,0.37443015,-0.056347992,-0.38782606,0.6347744,-0.08887692,-0.43252984,0.8653045,-0.011251472,-0.4666008,0.2552616,-0.042448815,-0.6412614,0.31801814,-0.08302468,-0.62731135,0.24225515,0.051263765,-0.64127916,0.29444852,0.027419914,-0.6476753,0.23795417,-0.003748469,-0.57657015,0.35434163,-0.017762952,-0.5907761,0.23870987,-0.08855931,-0.019045840948820114,0.20534487068653107,-0.01906859502196312
