frame,Ankle.R_x,Ankle.R_y,Ankle.R_z,Knee.R_x,Knee.R_y,Knee.R_z,Hip.R_x,Hip.R_y,Hip.R_z,Hip.L_x,Hip.L_y,Hip.L_z,Knee.L_x,Knee.L_y,Knee.L_z,Ankle.L_x,Ankle.L_y,Ankle.L_z,Wrist.R_x,Wrist.R_y,Wrist.R_z,Elbow.R_x,Elbow.R_y,Elbow.R_z,Shoulder.R_x,Shoulder.R_y,Shoulder.R_z,Shoulder.L_x,Shoulder.L_y,Shoulder.L_z,Elbow.L_x,Elbow.L_y,Elbow.L_z,Wrist.L_x,Wrist.L_y,Wrist.L_z,Neck_x,Neck_y,Neck_z,Head_x,Head_y,Head_z,Nose_x,Nose_y,Nose_z,Eye.L_x,Eye.L_y,Eye.L_z,Eye.R_x,Eye.R_y,Eye.R_z,Ear.L_x,Ear.L_y,Ear.L_z,Ear.R_x,Ear.R_y,Ear.R_z,hip.Center_x,hip.Center_y,hip.Center_z
0,0.50806576,0.103023045,0.51907665,0.1402769,0.12029552,0.33207655,-0.042528443,0.086849615,0.0033650007,0.0043414147,0.32447633,-0.043828998,0.40169862,0.3148706,0.055265393,0.7526002,0.34334105,-0.18501149,-0.43254152,-0.35881805,-0.048630077,-0.35309938,-0.13344984,-0.12503064,-0.4217502,0.12440008,-0.07541956,-0.42467698,0.3763053,-0.06567874,-0.38746104,0.6370934,-0.093298465,-0.42824104,0.86794984,-0.014949022,-0.46426886,0.25643817,-0.051926516,-0.64187646,0.32007983,-0.08565013,-0.6209332,0.24180305,0.046029486,-0.6362734,0.29425764,0.02413736,-0.64385045,0.23845398,-0.007890865,-0.5742603,0.35550448,-0.022966899,-0.59132063,0.24128588,-0.095294595,-0.01909351348876953,0.20566296577453613,-0.020231999456882477
