frame,Ankle.R_x,Ankle.R_y,Ankle.R_z,Knee.R_x,Knee.R_y,Knee.R_z,Hip.R_x,Hip.R_y,Hip.R_z,Hip.L_x,Hip.L_y,Hip.L_z,Knee.L_x,Knee.L_y,Knee.L_z,Ankle.L_x,Ankle.L_y,Ankle.L_z,Wrist.R_x,Wrist.R_y,Wrist.R_z,Elbow.R_x,Elbow.R_y,Elbow.R_z,Shoulder.R_x,Shoulder.R_y,Shoulder.R_z,Shoulder.L_x,Shoulder.L_y,Shoulder.L_z,Elbow.L_x,Elbow.L_y,Elbow.L_z,Wrist.L_x,Wrist.L_y,Wrist.L_z,Neck_x,Neck_y,Neck_z,Head_x,Head_y,Head_z,Nose_x,Nose_y,Nose_z,Eye.L_x,Eye.L_y,Eye.L_z,Eye.R_x,Eye.R_y,Eye.R_z,Ear.L_x,Ear.L_y,Ear.L_z,Ear.R_x,Ear.R_y,Ear.R_z,hip.Center_x,hip.Center_y,hip.Center_z
0,0.72257423,0.1419511,-0.11978121,0.37455422,0.14022842,0.10048164,-0.004043645,0.08594324,0.023719601,-0.022538343,0.32711577,-0.03209005,0.29878977,0.30932197,-0.28727758,0.36816344,0.33697188,-0.7053234,-0.49857104,-0.39891323,0.113290146,-0.40844828,-0.17184977,0.059407488,-0.4142112,0.09176555,0.10334227,-0.4102314,0.34498802,0.10701632,-0.389485,0.60517174,0.07447454,-0.40181053,0.8452438,0.12936008,-0.44782272,0.22365034,0.13216011,-0.6349731,0.26692948,0.13598786,-0.5768432,0.2023073,0.26404738,-0.6031821,0.25097507,0.24355333,-0.6106915,0.19227523,0.21705605,-0.5608759,0.31433362,0.18049683,-0.5781634,0.19457765,0.12033176,-0.013290993869304657,0.20652949810028076,-0.004185223951935768
