frame,Ankle.R_x,Ankle.R_y,Ankle.R_z,Knee.R_x,Knee.R_y,Knee.R_z,Hip.R_x,Hip.R_y,Hip.R_z,Hip.L_x,Hip.L_y,Hip.L_z,Knee.L_x,Knee.L_y,Knee.L_z,Ankle.L_x,Ankle.L_y,Ankle.L_z,Wrist.R_x,Wrist.R_y,Wrist.R_z,Elbow.R_x,Elbow.R_y,Elbow.R_z,Shoulder.R_x,Shoulder.R_y,Shoulder.R_z,Shoulder.L_x,Shoulder.L_y,Shoulder.L_z,Elbow.L_x,Elbow.L_y,Elbow.L_z,Wrist.L_x,Wrist.L_y,Wrist.L_z,Neck_x,Neck_y,Neck_z,Head_x,Head_y,Head_z,Nose_x,Nose_y,Nose_z,Eye.L_x,Eye.L_y,Eye.L_z,Eye.R_x,Eye.R_y,Eye.R_z,Ear.L_x,Ear.L_y,Ear.L_z,Ear.R_x,Ear.R_y,Ear.R_z,hip.Center_x,hip.Center_y,hip.Center_z
0,0.73928225,0.14237085,-0.13868693,0.38482583,0.13762832,0.071960054,-0.0030773138,0.08725653,0.026499957,-0.022456951,0.32591686,-0.032601047,0.306453,0.30851772,-0.27867377,0.40593866,0.33652553,-0.6904647,-0.4973143,-0.39016923,0.108519726,-0.40824968,-0.16610718,0.044595115,-0.4192648,0.09553568,0.09938155,-0.41444623,0.34403062,0.10308174,-0.39255062,0.60280305,0.056919765,-0.40772745,0.8386551,0.12394114,-0.4511013,0.22452949,0.12920895,-0.6392511,0.26071903,0.13786936,-0.5746621,0.19884002,0.26431206,-0.60366476,0.24622914,0.2445054,-0.609243,0.18731976,0.21809328,-0.5660603,0.3112945,0.18034247,-0.5798161,0.19084822,0.12061894,-0.012767132371664047,0.20658668875694275,-0.0030505452305078506
