frame,Ankle.R_x,Ankle.R_y,Ankle.R_z,Knee.R_x,Knee.R_y,Knee.R_z,Hip.R_x,Hip.R_y,Hip.R_z,Hip.L_x,Hip.L_y,Hip.L_z,Knee.L_x,Knee.L_y,Knee.L_z,Ankle.L_x,Ankle.L_y,Ankle.L_z,Wrist.R_x,Wrist.R_y,Wrist.R_z,Elbow.R_x,Elbow.R_y,Elbow.R_z,Shoulder.R_x,Shoulder.R_y,Shoulder.R_z,Shoulder.L_x,Shoulder.L_y,Shoulder.L_z,Elbow.L_x,Elbow.L_y,Elbow.L_z,Wrist.L_x,Wrist.L_y,Wrist.L_z,Neck_x,Neck_y,Neck_z,Head_x,Head_y,Head_z,Nose_x,Nose_y,Nose_z,Eye.L_x,Eye.L_y,Eye.L_z,Eye.R_x,Eye.R_y,Eye.R_z,Ear.L_x,Ear.L_y,Ear.L_z,Ear.R_x,Ear.R_y,Ear.R_z,hip.Center_x,hip.Center_y,hip.Center_z
0,0.5030038,0.114080645,0.49900937,0.122713745,0.12936425,0.33464256,-0.040982105,0.08546167,0.0031293933,0.002182912,0.32522327,-0.0432544,0.40595376,0.3165271,0.038851194,0.7187596,0.34251285,-0.25310853,-0.39747375,-0.37197256,-0.043520693,-0.3400669,-0.13721079,-0.11429662,-0.4194593,0.11866114,-0.0663906,-0.424347,0.3739125,-0.060560077,-0.38921085,0.6351373,-0.08209568,-0.4276316,0.8715347,-0.016057594,-0.46454388,0.25285223,-0.045394093,-0.6446396,0.31385112,-0.08053267,-0.6216613,0.23968744,0.052863456,-0.6381746,0.2911939,0.029679606,-0.64509183,0.2344155,-0.00066407025,-0.5771046,0.35187018,-0.0192656,-0.59294087,0.23586479,-0.08842808,-0.019399596378207207,0.20534247159957886,-0.020062504336237907
