frame,Ankle.R_x,Ankle.R_y,Ankle.R_z,Knee.R_x,Knee.R_y,Knee.R_z,Hip.R_x,Hip.R_y,Hip.R_z,Hip.L_x,Hip.L_y,Hip.L_z,Knee.L_x,Knee.L_y,Knee.L_z,Ankle.L_x,Ankle.L_y,Ankle.L_z,Wrist.R_x,Wrist.R_y,Wrist.R_z,Elbow.R_x,Elbow.R_y,Elbow.R_z,Shoulder.R_x,Shoulder.R_y,Shoulder.R_z,Shoulder.L_x,Shoulder.L_y,Shoulder.L_z,Elbow.L_x,Elbow.L_y,Elbow.L_z,Wrist.L_x,Wrist.L_y,Wrist.L_z,Neck_x,Neck_y,Neck_z,Head_x,Head_y,Head_z,Nose_x,Nose_y,Nose_z,Eye.L_x,Eye.L_y,Eye.L_z,Eye.R_x,Eye.R_y,Eye.R_z,Ear.L_x,Ear.L_y,Ear.L_z,Ear.R_x,Ear.R_y,Ear.R_z,hip.Center_x,hip.Center_y,hip.Center_z
0,0.518427,0.10889613,0.47844762,0.13371585,0.122467816,0.32949498,-0.037799448,0.08478132,0.0034811592,-0.0005088934,0.3258696,-0.04155301,0.4081182,0.3217028,0.0066771586,0.68845105,0.3505234,-0.31323704,-0.36251432,-0.37726253,-0.045963176,-0.33063942,-0.13667376,-0.11046352,-0.42066476,0.11365018,-0.0528062,-0.42846805,0.3686961,-0.048061915,-0.39961493,0.63018227,-0.07603297,-0.45758808,0.8552959,0.007908076,-0.4668946,0.24778421,-0.0320699,-0.64586675,0.3067947,-0.07146711,-0.625134,0.23239511,0.062331118,-0.6421976,0.2837401,0.038907908,-0.6469688,0.2269643,0.008049581,-0.5810794,0.34594148,-0.008023724,-0.5924267,0.2299487,-0.07800579,-0.019154170528054237,0.20532545447349548,-0.01903592422604561
