frame,Ankle.R_x,Ankle.R_y,Ankle.R_z,Knee.R_x,Knee.R_y,Knee.R_z,Hip.R_x,Hip.R_y,Hip.R_z,Hip.L_x,Hip.L_y,Hip.L_z,Knee.L_x,Knee.L_y,Knee.L_z,Ankle.L_x,Ankle.L_y,Ankle.L_z,Wrist.R_x,Wrist.R_y,Wrist.R_z,Elbow.R_x,Elbow.R_y,Elbow.R_z,Shoulder.R_x,Shoulder.R_y,Shoulder.R_z,Shoulder.L_x,Shoulder.L_y,Shoulder.L_z,Elbow.L_x,Elbow.L_y,Elbow.L_z,Wrist.L_x,Wrist.L_y,Wrist.L_z,Neck_x,Neck_y,Neck_z,Head_x,Head_y,Head_z,Nose_x,Nose_y,Nose_z,Eye.L_x,Eye.L_y,Eye.L_z,Eye.R_x,Eye.R_y,Eye.R_z,Ear.L_x,Ear.L_y,Ear.L_z,Ear.R_x,Ear.R_y,Ear.R_z,hip.Center_x,hip.Center_y,hip.Center_z
0,0.5699451,0.12922858,0.37191987,0.16073972,0.12740536,0.32453614,-0.03498336,0.08433649,0.0040741395,-0.00256915,0.32644868,-0.04131062,0.4063505,0.31591672,0.01762812,0.7216385,0.33478913,-0.26974615,-0.38014466,-0.38027632,-0.0380313,-0.34004283,-0.14178103,-0.1053368,-0.4230454,0.110481024,-0.045735464,-0.42994666,0.36448917,-0.042205654,-0.39845747,0.6251725,-0.077928394,-0.4598145,0.85131204,0.0006800033,-0.46877408,0.24391952,-0.02546301,-0.6442764,0.30365095,-0.070713826,-0.63120645,0.22917876,0.064360216,-0.6464201,0.28080022,0.03994889,-0.6504384,0.22390884,0.009032309,-0.5822767,0.3422033,-0.0041794404,-0.59158754,0.2259826,-0.07437583,-0.01877625472843647,0.20539258420467377,-0.01861824095249176
