frame,Ankle.R_x,Ankle.R_y,Ankle.R_z,Knee.R_x,Knee.R_y,Knee.R_z,Hip.R_x,Hip.R_y,Hip.R_z,Hip.L_x,Hip.L_y,Hip.L_z,Knee.L_x,Knee.L_y,Knee.L_z,Ankle.L_x,Ankle.L_y,Ankle.L_z,Wrist.R_x,Wrist.R_y,Wrist.R_z,Elbow.R_x,Elbow.R_y,Elbow.R_z,Shoulder.R_x,Shoulder.R_y,Shoulder.R_z,Shoulder.L_x,Shoulder.L_y,Shoulder.L_z,Elbow.L_x,Elbow.L_y,Elbow.L_z,Wrist.L_x,Wrist.L_y,Wrist.L_z,Neck_x,Neck_y,Neck_z,Head_x,Head_y,Head_z,Nose_x,Nose_y,Nose_z,Eye.L_x,Eye.L_y,Eye.L_z,Eye.R_x,Eye.R_y,Eye.R_z,Ear.L_x,Ear.L_y,Ear.L_z,Ear.R_x,Ear.R_y,Ear.R_z,hip.Center_x,hip.Center_y,hip.Center_z
0,0.5344082,0.12222076,0.44778708,0.13946766,0.12758009,0.3275866,-0.03523249,0.08512924,0.0062424326,-0.0022803757,0.3268269,-0.04283121,0.4108571,0.31825024,-0.026644953,0.6544877,0.34630182,-0.37653035,-0.3284318,-0.38420776,-0.03627067,-0.31868622,-0.14033069,-0.098686546,-0.42100072,0.10610241,-0.04285493,-0.43300012,0.36184463,-0.041295435,-0.40638494,0.6239315,-0.06448948,-0.47145584,0.85221666,0.0074239303,-0.46998167,0.24034771,-0.023726448,-0.64200604,0.30257583,-0.07291823,-0.6345247,0.22740178,0.06236607,-0.6483682,0.27919436,0.037783563,-0.65198076,0.22247617,0.006422639,-0.5816996,0.3400715,-0.003843218,-0.5900561,0.2243522,-0.074943185,-0.018756434321403503,0.20597806572914124,-0.01829438842833042
