frame,Ankle.R_x,Ankle.R_y,Ankle.R_z,Knee.R_x,Knee.R_y,Knee.R_z,Hip.R_x,Hip.R_y,Hip.R_z,Hip.L_x,Hip.L_y,Hip.L_z,Knee.L_x,Knee.L_y,Knee.L_z,Ankle.L_x,Ankle.L_y,Ankle.L_z,Wrist.R_x,Wrist.R_y,Wrist.R_z,Elbow.R_x,Elbow.R_y,Elbow.R_z,Shoulder.R_x,Shoulder.R_y,Shoulder.R_z,Shoulder.L_x,Shoulder.L_y,Shoulder.L_z,Elbow.L_x,Elbow.L_y,Elbow.L_z,Wrist.L_x,Wrist.L_y,Wrist.L_z,Neck_x,Neck_y,Neck_z,Head_x,Head_y,Head_z,Nose_x,Nose_y,Nose_z,Eye.L_x,Eye.L_y,Eye.L_z,Eye.R_x,Eye.R_y,Eye.R_z,Ear.L_x,Ear.L_y,Ear.L_z,Ear.R_x,Ear.R_y,Ear.R_z,hip.Center_x,hip.Center_y,hip.Center_z
0,0.5779366,0.12982778,0.3522243,0.16694559,0.12637086,0.32028472,-0.03609568,0.08535603,0.0059821345,-0.0008183976,0.32687047,-0.0420971,0.4109598,0.30752495,-0.01334858,0.71539783,0.31470746,-0.3132803,-0.329991,-0.3840131,-0.04645329,-0.31978866,-0.13902035,-0.1044575,-0.41994283,0.106024146,-0.040608138,-0.43763515,0.35950196,-0.034180768,-0.41200948,0.6216296,-0.06251293,-0.48018757,0.8493546,0.00760834,-0.4714705,0.23729806,-0.018419143,-0.64550793,0.2900666,-0.06803377,-0.6349628,0.21271645,0.066061914,-0.6519109,0.26411706,0.0421186,-0.6511038,0.20789365,0.009700388,-0.58902717,0.33043626,0.0029418394,-0.5883059,0.21584965,-0.0705662,-0.018457038328051567,0.20611324906349182,-0.018057482317090034
