frame,Ankle.R_x,Ankle.R_y,Ankle.R_z,Knee.R_x,Knee.R_y,Knee.R_z,Hip.R_x,Hip.R_y,Hip.R_z,Hip.L_x,Hip.L_y,Hip.L_z,Knee.L_x,Knee.L_y,Knee.L_z,Ankle.L_x,Ankle.L_y,Ankle.L_z,Wrist.R_x,Wrist.R_y,Wrist.R_z,Elbow.R_x,Elbow.R_y,Elbow.R_z,Shoulder.R_x,Shoulder.R_y,Shoulder.R_z,Shoulder.L_x,Shoulder.L_y,Shoulder.L_z,Elbow.L_x,Elbow.L_y,Elbow.L_z,Wrist.L_x,Wrist.L_y,Wrist.L_z,Neck_x,Neck_y,Neck_z,Head_x,Head_y,Head_z,Nose_x,Nose_y,Nose_z,Eye.L_x,Eye.L_y,Eye.L_z,Eye.R_x,Eye.R_y,Eye.R_z,Ear.L_x,Ear.L_y,Ear.L_z,Ear.R_x,Ear.R_y,Ear.R_z,hip.Center_x,hip.Center_y,hip.Center_z
0,0.5677785,0.12144825,0.41774222,0.1685738,0.12243816,0.31250352,-0.03189882,0.08348589,0.0036784245,-0.0040308177,0.32646564,-0.034312975,0.40455619,0.30847085,-0.0812694,0.6429351,0.34433493,-0.43232483,-0.28786093,-0.37892428,-0.033313613,-0.30198947,-0.13581783,-0.09454384,-0.42012918,0.10136993,-0.035659708,-0.43513668,0.35557184,-0.022824535,-0.40667462,0.6171419,-0.04808423,-0.49165088,0.8378711,0.02046452,-0.47134763,0.23424605,-0.012489211,-0.6463324,0.2856683,-0.06726089,-0.6343942,0.21513094,0.06969102,-0.6514658,0.26538676,0.043478765,-0.65147495,0.2076514,0.013933964,-0.5890131,0.32884592,0.00048217177,-0.58981454,0.21113181,-0.06686155,-0.017964817583560944,0.20497575402259827,-0.015317275188863277
