frame,Ankle.R_x,Ankle.R_y,Ankle.R_z,Knee.R_x,Knee.R_y,Knee.R_z,Hip.R_x,Hip.R_y,Hip.R_z,Hip.L_x,Hip.L_y,Hip.L_z,Knee.L_x,Knee.L_y,Knee.L_z,Ankle.L_x,Ankle.L_y,Ankle.L_z,Wrist.R_x,Wrist.R_y,Wrist.R_z,Elbow.R_x,Elbow.R_y,Elbow.R_z,Shoulder.R_x,Shoulder.R_y,Shoulder.R_z,Shoulder.L_x,Shoulder.L_y,Shoulder.L_z,Elbow.L_x,Elbow.L_y,Elbow.L_z,Wrist.L_x,Wrist.L_y,Wrist.L_z,Neck_x,Neck_y,Neck_z,Head_x,Head_y,Head_z,Nose_x,Nose_y,Nose_z,Eye.L_x,Eye.L_y,Eye.L_z,Eye.R_x,Eye.R_y,Eye.R_z,Ear.L_x,Ear.L_y,Ear.L_z,Ear.R_x,Ear.R_y,Ear.R_z,hip.Center_x,hip.Center_y,hip.Center_z
0,0.5998658,0.12124926,0.332613,0.18770999,0.115885995,0.30643737,-0.033428006,0.08407386,0.0027946082,-0.0022313371,0.32708493,-0.034046143,0.40913928,0.29518598,-0.056044195,0.7114085,0.30317715,-0.35738242,-0.29536897,-0.37706837,-0.042861823,-0.30704457,-0.13418844,-0.10618213,-0.42017502,0.10222171,-0.035722878,-0.43833363,0.3541096,-0.019023353,-0.40771252,0.6157004,-0.0473573,-0.48823065,0.83821416,0.021109186,-0.4729942,0.23214762,-0.0095292395,-0.6518688,0.27501726,-0.061082736,-0.63367456,0.20471805,0.07543497,-0.6537804,0.2541746,0.04965634,-0.6513877,0.19659048,0.019923948,-0.5955684,0.3209124,0.005789019,-0.59165156,0.20353162,-0.062121667,-0.017829671502113342,0.20557940006256104,-0.015625767409801483
