frame,Ankle.R_x,Ankle.R_y,Ankle.R_z,Knee.R_x,Knee.R_y,Knee.R_z,Hip.R_x,Hip.R_y,Hip.R_z,Hip.L_x,Hip.L_y,Hip.L_z,Knee.L_x,Knee.L_y,Knee.L_z,Ankle.L_x,Ankle.L_y,Ankle.L_z,Wrist.R_x,Wrist.R_y,Wrist.R_z,Elbow.R_x,Elbow.R_y,Elbow.R_z,Shoulder.R_x,Shoulder.R_y,Shoulder.R_z,Shoulder.L_x,Shoulder.L_y,Shoulder.L_z,Elbow.L_x,Elbow.L_y,Elbow.L_z,Wrist.L_x,Wrist.L_y,Wrist.L_z,Neck_x,Neck_y,Neck_z,Head_x,Head_y,Head_z,Nose_x,Nose_y,Nose_z,Eye.L_x,Eye.L_y,Eye.L_z,Eye.R_x,Eye.R_y,Eye.R_z,Ear.L_x,Ear.L_y,Ear.L_z,Ear.R_x,Ear.R_y,Ear.R_z,hip.Center_x,hip.Center_y,hip.Center_z
0,0.6131099,0.116041645,0.37824208,0.20913766,0.11936931,0.29344025,-0.030939236,0.08481811,0.009112626,-0.0055648666,0.32650873,-0.036355525,0.39533508,0.30811724,-0.1199983,0.6123656,0.3398491,-0.48555467,-0.24499963,-0.37559116,-0.03431319,-0.2924269,-0.13505223,-0.09042879,-0.41698766,0.09776881,-0.030211192,-0.4378671,0.35167512,-0.017159723,-0.4252295,0.6137121,-0.03536737,-0.50166965,0.8413918,0.021162115,-0.47119945,0.22925313,-0.0063917288,-0.64780664,0.27261844,-0.060236763,-0.6343985,0.20619375,0.07887513,-0.65274304,0.2552436,0.05134491,-0.6510078,0.19676332,0.023273304,-0.5919415,0.31932893,0.0066215917,-0.5891839,0.19977865,-0.057426624,-0.01825205236673355,0.20566341280937195,-0.01362144947052002
