frame,Ankle.R_x,Ankle.R_y,Ankle.R_z,Knee.R_x,Knee.R_y,Knee.R_z,Hip.R_x,Hip.R_y,Hip.R_z,Hip.L_x,Hip.L_y,Hip.L_z,Knee.L_x,Knee.L_y,Knee.L_z,Ankle.L_x,Ankle.L_y,Ankle.L_z,Wrist.R_x,Wrist.R_y,Wrist.R_z,Elbow.R_x,Elbow.R_y,Elbow.R_z,Shoulder.R_x,Shoulder.R_y,Shoulder.R_z,Shoulder.L_x,Shoulder.L_y,Shoulder.L_z,Elbow.L_x,Elbow.L_y,Elbow.L_z,Wrist.L_x,Wrist.L_y,Wrist.L_z,Neck_x,Neck_y,Neck_z,Head_x,Head_y,Head_z,Nose_x,Nose_y,Nose_z,Eye.L_x,Eye.L_y,Eye.L_z,Eye.R_x,Eye.R_y,Eye.R_z,Ear.L_x,Ear.L_y,Ear.L_z,Ear.R_x,Ear.R_y,Ear.R_z,hip.Center_x,hip.Center_y,hip.Center_z
0,0.6725718,0.110805154,0.2685023,0.2600069,0.10675973,0.25831366,-0.031054046,0.08615829,0.011423962,-0.005113958,0.32678363,-0.035471156,0.39505368,0.29485154,-0.12277686,0.671811,0.29313627,-0.4473402,-0.25345382,-0.3734102,-0.04648403,-0.29973385,-0.13255967,-0.10274211,-0.41540837,0.09868921,-0.023636155,-0.4417159,0.34822398,0.00015262887,-0.43621853,0.6104748,-0.02114539,-0.50405526,0.84282446,0.027847387,-0.4717113,0.22519465,0.007532044,-0.6540356,0.25268528,-0.03974521,-0.63031924,0.19242689,0.101004146,-0.65314907,0.239133,0.07259855,-0.64836246,0.17996103,0.046380557,-0.5991329,0.30563986,0.023336463,-0.59033465,0.18439472,-0.037131697,-0.018084002658724785,0.20647096633911133,-0.01202359702438116
