frame,Ankle.R_x,Ankle.R_y,Ankle.R_z,Knee.R_x,Knee.R_y,Knee.R_z,Hip.R_x,Hip.R_y,Hip.R_z,Hip.L_x,Hip.L_y,Hip.L_z,Knee.L_x,Knee.L_y,Knee.L_z,Ankle.L_x,Ankle.L_y,Ankle.L_z,Wrist.R_x,Wrist.R_y,Wrist.R_z,Elbow.R_x,Elbow.R_y,Elbow.R_z,Shoulder.R_x,Shoulder.R_y,Shoulder.R_z,Shoulder.L_x,Shoulder.L_y,Shoulder.L_z,Elbow.L_x,Elbow.L_y,Elbow.L_z,Wrist.L_x,Wrist.L_y,Wrist.L_z,Neck_x,Neck_y,Neck_z,Head_x,Head_y,Head_z,Nose_x,Nose_y,Nose_z,Eye.L_x,Eye.L_y,Eye.L_z,Eye.R_x,Eye.R_y,Eye.R_z,Ear.L_x,Ear.L_y,Ear.L_z,Ear.R_x,Ear.R_y,Ear.R_z,hip.Center_x,hip.Center_y,hip.Center_z
0,0.65536195,0.11269567,0.33396477,0.24830392,0.11782088,0.2669772,-0.029673427,0.08636912,0.015122855,-0.0065733194,0.32637766,-0.03832822,0.38486025,0.30298573,-0.15565363,0.58148694,0.32808784,-0.53270036,-0.20019108,-0.3661037,-0.02748493,-0.27532196,-0.13259274,-0.08497633,-0.4118188,0.09238561,-0.021396305,-0.44223475,0.3452174,-0.010869644,-0.4429977,0.6068439,-0.02948066,-0.5175553,0.8379947,0.018273994,-0.4711185,0.22225872,0.0011872714,-0.6505035,0.25487196,-0.053130947,-0.63345873,0.19938079,0.09042524,-0.6535593,0.24571794,0.05960826,-0.6504544,0.18541798,0.03583043,-0.5953647,0.30795172,0.009418242,-0.5896293,0.18415427,-0.045864657,-0.01812337338924408,0.206373393535614,-0.011602682061493397
