frame,Ankle.R_x,Ankle.R_y,Ankle.R_z,Knee.R_x,Knee.R_y,Knee.R_z,Hip.R_x,Hip.R_y,Hip.R_z,Hip.L_x,Hip.L_y,Hip.L_z,Knee.L_x,Knee.L_y,Knee.L_z,Ankle.L_x,Ankle.L_y,Ankle.L_z,Wrist.R_x,Wrist.R_y,Wrist.R_z,Elbow.R_x,Elbow.R_y,Elbow.R_z,Shoulder.R_x,Shoulder.R_y,Shoulder.R_z,Shoulder.L_x,Shoulder.L_y,Shoulder.L_z,Elbow.L_x,Elbow.L_y,Elbow.L_z,Wrist.L_x,Wrist.L_y,Wrist.L_z,Neck_x,Neck_y,Neck_z,Head_x,Head_y,Head_z,Nose_x,Nose_y,Nose_z,Eye.L_x,Eye.L_y,Eye.L_z,Eye.R_x,Eye.R_y,Eye.R_z,Ear.L_x,Ear.L_y,Ear.L_z,Ear.R_x,Ear.R_y,Ear.R_z,hip.Center_x,hip.Center_y,hip.Center_z
0,0.709598,0.094215415,0.22616942,0.2979321,0.10130098,0.22554141,-0.024871137,0.090052724,0.026803883,-0.008898897,0.3239153,-0.043899868,0.34326056,0.29261556,-0.23732321,0.5273278,0.3062661,-0.6197399,-0.18274352,-0.36289307,-0.027660746,-0.2820871,-0.13269751,-0.041100636,-0.41604453,0.09286142,4.3935142e-05,-0.44545507,0.33781245,0.004221672,-0.43939665,0.59712553,-0.012481064,-0.52271706,0.82573974,0.020198708,-0.4725812,0.21844606,0.020964622,-0.6502842,0.24281111,-0.027327996,-0.6261532,0.1837004,0.11406241,-0.65068984,0.22936556,0.08525823,-0.6425555,0.17059821,0.05905067,-0.59964573,0.29855847,0.03646697,-0.5831454,0.1780779,-0.022548229,-0.01688501611351967,0.2069840133190155,-0.008547992445528507
