frame,Ankle.R_x,Ankle.R_y,Ankle.R_z,Knee.R_x,Knee.R_y,Knee.R_z,Hip.R_x,Hip.R_y,Hip.R_z,Hip.L_x,Hip.L_y,Hip.L_z,Knee.L_x,Knee.L_y,Knee.L_z,Ankle.L_x,Ankle.L_y,Ankle.L_z,Wrist.R_x,Wrist.R_y,Wrist.R_z,Elbow.R_x,Elbow.R_y,Elbow.R_z,Shoulder.R_x,Shoulder.R_y,Shoulder.R_z,Shoulder.L_x,Shoulder.L_y,Shoulder.L_z,Elbow.L_x,Elbow.L_y,Elbow.L_z,Wrist.L_x,Wrist.L_y,Wrist.L_z,Neck_x,Neck_y,Neck_z,Head_x,Head_y,Head_z,Nose_x,Nose_y,Nose_z,Eye.L_x,Eye.L_y,Eye.L_z,Eye.R_x,Eye.R_y,Eye.R_z,Ear.L_x,Ear.L_y,Ear.L_z,Ear.R_x,Ear.R_y,Ear.R_z,hip.Center_x,hip.Center_y,hip.Center_z
0,0.73905975,0.09510698,0.14992161,0.3280903,0.112693064,0.20131302,-0.01997638,0.09254863,0.034293957,-0.015008163,0.3212653,-0.050336786,0.35309964,0.30619156,-0.21748981,0.603101,0.30211103,-0.5617297,-0.23464149,-0.38330606,-0.034567975,-0.3196843,-0.14712903,-0.037273597,-0.42358252,0.09280542,0.008914186,-0.4442702,0.33645463,0.011173531,-0.4417808,0.59570247,-0.011336452,-0.52485436,0.82420546,0.017750708,-0.47353104,0.21811485,0.03098834,-0.6578921,0.24268362,0.0016675605,-0.6167948,0.18547852,0.13969608,-0.64432573,0.23089442,0.113384046,-0.64010704,0.17171311,0.08732576,-0.59899485,0.29845986,0.05752511,-0.59161335,0.1772238,-0.0011625737,-0.017492271959781647,0.2069069743156433,-0.008021414279937744
