frame,Ankle.R_x,Ankle.R_y,Ankle.R_z,Knee.R_x,Knee.R_y,Knee.R_z,Hip.R_x,Hip.R_y,Hip.R_z,Hip.L_x,Hip.L_y,Hip.L_z,Knee.L_x,Knee.L_y,Knee.L_z,Ankle.L_x,Ankle.L_y,Ankle.L_z,Wrist.R_x,Wrist.R_y,Wrist.R_z,Elbow.R_x,Elbow.R_y,Elbow.R_z,Shoulder.R_x,Shoulder.R_y,Shoulder.R_z,Shoulder.L_x,Shoulder.L_y,Shoulder.L_z,Elbow.L_x,Elbow.L_y,Elbow.L_z,Wrist.L_x,Wrist.L_y,Wrist.L_z,Neck_x,Neck_y,Neck_z,Head_x,Head_y,Head_z,Nose_x,Nose_y,Nose_z,Eye.L_x,Eye.L_y,Eye.L_z,Eye.R_x,Eye.R_y,Eye.R_z,Ear.L_x,Ear.L_y,Ear.L_z,Ear.R_x,Ear.R_y,Ear.R_z,hip.Center_x,hip.Center_y,hip.Center_z
0,0.7421772,0.09015417,0.10988981,0.3328778,0.11187624,0.18142773,-0.019378472,0.087898016,0.024227075,-0.014916979,0.32494143,-0.036295768,0.34711727,0.31001523,-0.22286667,0.57649714,0.30809072,-0.58315283,-0.21406676,-0.3928758,-0.0059543555,-0.30557913,-0.15885714,-0.016444612,-0.4129769,0.08372589,0.0185925,-0.4359874,0.3346308,0.024932524,-0.43848494,0.59409875,0.0021477342,-0.52124375,0.82502735,0.01878626,-0.46755755,0.21328475,0.042224262,-0.6577666,0.23800975,0.01278947,-0.6157084,0.18734947,0.15251747,-0.6426916,0.23207691,0.124200195,-0.6405653,0.17140917,0.10141264,-0.5964687,0.2949398,0.0642696,-0.59355056,0.17076668,0.011786826,-0.017147725448012352,0.20641972124576569,-0.006034346297383308
