frame,Ankle.R_x,Ankle.R_y,Ankle.R_z,Knee.R_x,Knee.R_y,Knee.R_z,Hip.R_x,Hip.R_y,Hip.R_z,Hip.L_x,Hip.L_y,Hip.L_z,Knee.L_x,Knee.L_y,Knee.L_z,Ankle.L_x,Ankle.L_y,Ankle.L_z,Wrist.R_x,Wrist.R_y,Wrist.R_z,Elbow.R_x,Elbow.R_y,Elbow.R_z,Shoulder.R_x,Shoulder.R_y,Shoulder.R_z,Shoulder.L_x,Shoulder.L_y,Shoulder.L_z,Elbow.L_x,Elbow.L_y,Elbow.L_z,Wrist.L_x,Wrist.L_y,Wrist.L_z,Neck_x,Neck_y,Neck_z,Head_x,Head_y,Head_z,Nose_x,Nose_y,Nose_z,Eye.L_x,Eye.L_y,Eye.L_z,Eye.R_x,Eye.R_y,Eye.R_z,Ear.L_x,Ear.L_y,Ear.L_z,Ear.R_x,Ear.R_y,Ear.R_z,hip.Center_x,hip.Center_y,hip.Center_z
0,0.73510593,0.107561365,0.10846281,0.3295431,0.11089321,0.18649453,-0.01868891,0.089978345,0.028788049,-0.015051325,0.3250422,-0.040980347,0.32326669,0.29949898,-0.26131186,0.47710282,0.29865003,-0.6591022,-0.1397041,-0.36574924,0.009222808,-0.26268992,-0.14711662,-0.0033943038,-0.40362555,0.07994256,0.024447389,-0.43809178,0.3349292,0.022766355,-0.44367164,0.59480554,0.0006656996,-0.5325389,0.82315916,0.022984,-0.46640682,0.21020016,0.04171003,-0.6541448,0.22306423,-0.0017588416,-0.6201199,0.17330045,0.14067297,-0.6483469,0.21629567,0.11077039,-0.63900554,0.15645853,0.08734417,-0.60266733,0.284447,0.055805475,-0.58439773,0.16170141,0.0022924244,-0.01687011681497097,0.20751026272773743,-0.0060961488634347916
