frame,Ankle.R_x,Ankle.R_y,Ankle.R_z,Knee.R_x,Knee.R_y,Knee.R_z,Hip.R_x,Hip.R_y,Hip.R_z,Hip.L_x,Hip.L_y,Hip.L_z,Knee.L_x,Knee.L_y,Knee.L_z,Ankle.L_x,Ankle.L_y,Ankle.L_z,Wrist.R_x,Wrist.R_y,Wrist.R_z,Elbow.R_x,Elbow.R_y,Elbow.R_z,Shoulder.R_x,Shoulder.R_y,Shoulder.R_z,Shoulder.L_x,Shoulder.L_y,Shoulder.L_z,Elbow.L_x,Elbow.L_y,Elbow.L_z,Wrist.L_x,Wrist.L_y,Wrist.L_z,Neck_x,Neck_y,Neck_z,Head_x,Head_y,Head_z,Nose_x,Nose_y,Nose_z,Eye.L_x,Eye.L_y,Eye.L_z,Eye.R_x,Eye.R_y,Eye.R_z,Ear.L_x,Ear.L_y,Ear.L_z,Ear.R_x,Ear.R_y,Ear.R_z,hip.Center_x,hip.Center_y,hip.Center_z
0,0.73210496,0.13723612,-0.13545278,0.3837045,0.13697758,0.08279908,-0.0021107297,0.08955395,0.032824535,-0.02459028,0.32347703,-0.03952511,0.2963868,0.3058435,-0.28974256,0.4036816,0.33111024,-0.69886386,-0.48304158,-0.39335957,0.10682084,-0.40366033,-0.16287033,0.055111524,-0.4160016,0.0988098,0.103360556,-0.41465366,0.34603226,0.10046132,-0.4033522,0.6039302,0.053766247,-0.4257732,0.84172463,0.109896675,-0.44936347,0.22763002,0.12927623,-0.6365098,0.26470128,0.13435747,-0.57512,0.19965778,0.26063073,-0.60381526,0.24742818,0.24145828,-0.6083715,0.18931143,0.21326202,-0.5649829,0.31435654,0.1801151,-0.5763608,0.19585572,0.116921216,-0.013350504450500011,0.20651549100875854,-0.003350287675857544
