frame,Ankle.R_x,Ankle.R_y,Ankle.R_z,Knee.R_x,Knee.R_y,Knee.R_z,Hip.R_x,Hip.R_y,Hip.R_z,Hip.L_x,Hip.L_y,Hip.L_z,Knee.L_x,Knee.L_y,Knee.L_z,Ankle.L_x,Ankle.L_y,Ankle.L_z,Wrist.R_x,Wrist.R_y,Wrist.R_z,Elbow.R_x,Elbow.R_y,Elbow.R_z,Shoulder.R_x,Shoulder.R_y,Shoulder.R_z,Shoulder.L_x,Shoulder.L_y,Shoulder.L_z,Elbow.L_x,Elbow.L_y,Elbow.L_z,Wrist.L_x,Wrist.L_y,Wrist.L_z,Neck_x,Neck_y,Neck_z,Head_x,Head_y,Head_z,Nose_x,Nose_y,Nose_z,Eye.L_x,Eye.L_y,Eye.L_z,Eye.R_x,Eye.R_y,Eye.R_z,Ear.L_x,Ear.L_y,Ear.L_z,Ear.R_x,Ear.R_y,Ear.R_z,hip.Center_x,hip.Center_y,hip.Center_z
0,0.72331566,0.14514855,-0.10187665,0.37226,0.14056091,0.11403997,-0.0034140274,0.08633499,0.024505388,-0.023843218,0.3260873,-0.033480834,0.2884973,0.31433144,-0.29546866,0.37166095,0.34240228,-0.71187913,-0.5016113,-0.39927915,0.11726913,-0.40493202,-0.17523248,0.06203824,-0.41525346,0.08951422,0.09960891,-0.41377538,0.34059292,0.10509594,-0.4082892,0.6013114,0.074550174,-0.44598812,0.8387518,0.12976727,-0.44875264,0.22059213,0.12994012,-0.63488936,0.26560453,0.14029044,-0.5727901,0.20040342,0.26614898,-0.5992586,0.24932945,0.24655683,-0.6083846,0.19066258,0.22041097,-0.5589157,0.31221676,0.18196733,-0.57932717,0.19251055,0.12244284,-0.013628622516989708,0.2062111496925354,-0.004487723112106323
