frame,Ankle.R_x,Ankle.R_y,Ankle.R_z,Knee.R_x,Knee.R_y,Knee.R_z,Hip.R_x,Hip.R_y,Hip.R_z,Hip.L_x,Hip.L_y,Hip.L_z,Knee.L_x,Knee.L_y,Knee.L_z,Ankle.L_x,Ankle.L_y,Ankle.L_z,Wrist.R_x,Wrist.R_y,Wrist.R_z,Elbow.R_x,Elbow.R_y,Elbow.R_z,Shoulder.R_x,Shoulder.R_y,Shoulder.R_z,Shoulder.L_x,Shoulder.L_y,Shoulder.L_z,Elbow.L_x,Elbow.L_y,Elbow.L_z,Wrist.L_x,Wrist.L_y,Wrist.L_z,Neck_x,Neck_y,Neck_z,Head_x,Head_y,Head_z,Nose_x,Nose_y,Nose_z,Eye.L_x,Eye.L_y,Eye.L_z,Eye.R_x,Eye.R_y,Eye.R_z,Ear.L_x,Ear.L_y,Ear.L_z,Ear.R_x,Ear.R_y,Ear.R_z,hip.Center_x,hip.Center_y,hip.Center_z
0,0.74116147,0.11021995,0.050872993,0.34411192,0.10755625,0.1662812,-0.015415473,0.09009684,0.030427158,-0.017997077,0.32434285,-0.040854387,0.3161917,0.30564252,-0.2694497,0.4573176,0.2940042,-0.6720358,-0.11995196,-0.36007935,0.033698745,-0.25531223,-0.1488387,0.015907837,-0.40176722,0.07632345,0.038264807,-0.43596172,0.33259824,0.029203162,-0.44112188,0.59257936,0.0056484593,-0.52938247,0.8220216,0.026315728,-0.46440697,0.2081899,0.05148112,-0.6523664,0.21912444,0.0093881,-0.6171286,0.17920196,0.15451646,-0.6453401,0.22022615,0.121971704,-0.6369324,0.15879694,0.10275782,-0.599591,0.28375387,0.06197375,-0.5832241,0.15750855,0.016972467,-0.016706274822354317,0.20721983909606934,-0.0052136145532131195
