frame,Ankle.R_x,Ankle.R_y,Ankle.R_z,Knee.R_x,Knee.R_y,Knee.R_z,Hip.R_x,Hip.R_y,Hip.R_z,Hip.L_x,Hip.L_y,Hip.L_z,Knee.L_x,Knee.L_y,Knee.L_z,Ankle.L_x,Ankle.L_y,Ankle.L_z,Wrist.R_x,Wrist.R_y,Wrist.R_z,Elbow.R_x,Elbow.R_y,Elbow.R_z,Shoulder.R_x,Shoulder.R_y,Shoulder.R_z,Shoulder.L_x,Shoulder.L_y,Shoulder.L_z,Elbow.L_x,Elbow.L_y,Elbow.L_z,Wrist.L_x,Wrist.L_y,Wrist.L_z,Neck_x,Neck_y,Neck_z,Head_x,Head_y,Head_z,Nose_x,Nose_y,Nose_z,Eye.L_x,Eye.L_y,Eye.L_z,Eye.R_x,Eye.R_y,Eye.R_z,Ear.L_x,Ear.L_y,Ear.L_z,Ear.R_x,Ear.R_y,Ear.R_z,hip.Center_x,hip.Center_y,hip.Center_z
0,0.7493423,0.08336343,0.024537886,0.35625583,0.11563116,0.14460081,-0.01163093,0.089714885,0.03283548,-0.020508919,0.3225117,-0.04129159,0.33236638,0.30814642,-0.24535029,0.5142059,0.28202254,-0.6283339,-0.15850973,-0.37383312,0.06628152,-0.2790981,-0.15989572,0.019853657,-0.40648654,0.0747406,0.044497114,-0.4348903,0.32635275,0.0368235,-0.43970296,0.58342624,-0.003035449,-0.5103105,0.8170746,0.016020957,-0.46346587,0.20560053,0.060923766,-0.65544343,0.23151213,0.03861785,-0.6061113,0.17864238,0.17461276,-0.63478625,0.22345029,0.14888112,-0.6335377,0.16337998,0.12483984,-0.59202147,0.28760394,0.08797329,-0.5913258,0.16496122,0.03322584,-0.01606992445886135,0.2061132937669754,-0.004228055477142334
