frame,Ankle.R_x,Ankle.R_y,Ankle.R_z,Knee.R_x,Knee.R_y,Knee.R_z,Hip.R_x,Hip.R_y,Hip.R_z,Hip.L_x,Hip.L_y,Hip.L_z,Knee.L_x,Knee.L_y,Knee.L_z,Ankle.L_x,Ankle.L_y,Ankle.L_z,Wrist.R_x,Wrist.R_y,Wrist.R_z,Elbow.R_x,Elbow.R_y,Elbow.R_z,Shoulder.R_x,Shoulder.R_y,Shoulder.R_z,Shoulder.L_x,Shoulder.L_y,Shoulder.L_z,Elbow.L_x,Elbow.L_y,Elbow.L_z,Wrist.L_x,Wrist.L_y,Wrist.L_z,Neck_x,Neck_y,Neck_z,Head_x,Head_y,Head_z,Nose_x,Nose_y,Nose_z,Eye.L_x,Eye.L_y,Eye.L_z,Eye.R_x,Eye.R_y,Eye.R_z,Ear.L_x,Ear.L_y,Ear.L_z,Ear.R_x,Ear.R_y,Ear.R_z,hip.Center_x,hip.Center_y,hip.Center_z
0,0.74294925,0.10491145,-0.05109621,0.3691399,0.1131921,0.12113407,-0.010289779,0.09363048,0.0414427,-0.022769006,0.3203317,-0.049009915,0.316335,0.30562365,-0.2687878,0.4840849,0.27781162,-0.65778726,-0.08811812,-0.33526695,0.11642784,-0.23963282,-0.14381826,0.06296348,-0.39441445,0.07632427,0.06475885,-0.43278733,0.33178315,0.03866365,-0.43134165,0.5897476,-0.0034246668,-0.49788654,0.82420135,0.024999017,-0.45935535,0.20754789,0.06901705,-0.6482844,0.2122814,0.028979966,-0.6080098,0.16819486,0.17120549,-0.6395402,0.20856598,0.14131865,-0.62720877,0.14897645,0.118972,-0.5991014,0.27797663,0.08385815,-0.5754509,0.15561706,0.0327968,-0.016529392451047897,0.2069810926914215,-0.003783607855439186
