frame,Ankle.R_x,Ankle.R_y,Ankle.R_z,Knee.R_x,Knee.R_y,Knee.R_z,Hip.R_x,Hip.R_y,Hip.R_z,Hip.L_x,Hip.L_y,Hip.L_z,Knee.L_x,Knee.L_y,Knee.L_z,Ankle.L_x,Ankle.L_y,Ankle.L_z,Wrist.R_x,Wrist.R_y,Wrist.R_z,Elbow.R_x,Elbow.R_y,Elbow.R_z,Shoulder.R_x,Shoulder.R_y,Shoulder.R_z,Shoulder.L_x,Shoulder.L_y,Shoulder.L_z,Elbow.L_x,Elbow.L_y,Elbow.L_z,Wrist.L_x,Wrist.L_y,Wrist.L_z,Neck_x,Neck_y,Neck_z,Head_x,Head_y,Head_z,Nose_x,Nose_y,Nose_z,Eye.L_x,Eye.L_y,Eye.L_z,Eye.R_x,Eye.R_y,Eye.R_z,Ear.L_x,Ear.L_y,Ear.L_z,Ear.R_x,Ear.R_y,Ear.R_z,hip.Center_x,hip.Center_y,hip.Center_z
0,0.7635549,0.096201114,-0.10320091,0.39097854,0.12149601,0.069506444,-0.004121908,0.10691943,0.062095318,-0.02909899,0.310425,-0.06811877,0.31325775,0.30176723,-0.2764532,0.4987221,0.26510742,-0.6548896,-0.06552265,-0.30800575,0.15118825,-0.2212858,-0.12630779,0.082159035,-0.39198613,0.08099065,0.07757431,-0.4384806,0.3330197,0.040571865,-0.42758673,0.58928895,-0.015478259,-0.47953296,0.8245458,0.022794124,-0.4604481,0.20973362,0.076853625,-0.6471287,0.21152724,0.03881175,-0.605718,0.16919667,0.18159701,-0.6379084,0.20884767,0.15149626,-0.6245207,0.14934699,0.1294389,-0.59887636,0.27862725,0.09320485,-0.57334006,0.15608728,0.04327111,-0.01661044918000698,0.20867222547531128,-0.0030117277055978775
