frame,Ankle.R_x,Ankle.R_y,Ankle.R_z,Knee.R_x,Knee.R_y,Knee.R_z,Hip.R_x,Hip.R_y,Hip.R_z,Hip.L_x,Hip.L_y,Hip.L_z,Knee.L_x,Knee.L_y,Knee.L_z,Ankle.L_x,Ankle.L_y,Ankle.L_z,Wrist.R_x,Wrist.R_y,Wrist.R_z,Elbow.R_x,Elbow.R_y,Elbow.R_z,Shoulder.R_x,Shoulder.R_y,Shoulder.R_z,Shoulder.L_x,Shoulder.L_y,Shoulder.L_z,Elbow.L_x,Elbow.L_y,Elbow.L_z,Wrist.L_x,Wrist.L_y,Wrist.L_z,Neck_x,Neck_y,Neck_z,Head_x,Head_y,Head_z,Nose_x,Nose_y,Nose_z,Eye.L_x,Eye.L_y,Eye.L_z,Eye.R_x,Eye.R_y,Eye.R_z,Ear.L_x,Ear.L_y,Ear.L_z,Ear.R_x,Ear.R_y,Ear.R_z,hip.Center_x,hip.Center_y,hip.Center_z
0,0.78077763,0.048044816,-0.10734056,0.39369264,0.10939967,0.028187357,-0.0018866947,0.10622792,0.061355293,-0.02957457,0.31319737,-0.065492935,0.3251489,0.30508202,-0.2611937,0.5240777,0.282618,-0.633923,-0.011913942,-0.26621976,0.20418379,-0.19348773,-0.11526783,0.12018338,-0.38362736,0.074277975,0.10305832,-0.43971747,0.32459173,0.05583514,-0.4246235,0.5788389,-0.009592272,-0.43427652,0.8233125,0.0053932066,-0.45720476,0.2020968,0.09625876,-0.6429994,0.20154601,0.053942546,-0.6056425,0.1699351,0.20066956,-0.63633734,0.20770581,0.16660221,-0.6236033,0.14637494,0.14966287,-0.5943411,0.2718662,0.10405991,-0.57050675,0.1450291,0.064395145,-0.015730632469058037,0.2097126543521881,-0.0020688213407993317
