frame,Ankle.R_x,Ankle.R_y,Ankle.R_z,Knee.R_x,Knee.R_y,Knee.R_z,Hip.R_x,Hip.R_y,Hip.R_z,Hip.L_x,Hip.L_y,Hip.L_z,Knee.L_x,Knee.L_y,Knee.L_z,Ankle.L_x,Ankle.L_y,Ankle.L_z,Wrist.R_x,Wrist.R_y,Wrist.R_z,Elbow.R_x,Elbow.R_y,Elbow.R_z,Shoulder.R_x,Shoulder.R_y,Shoulder.R_z,Shoulder.L_x,Shoulder.L_y,Shoulder.L_z,Elbow.L_x,Elbow.L_y,Elbow.L_z,Wrist.L_x,Wrist.L_y,Wrist.L_z,Neck_x,Neck_y,Neck_z,Head_x,Head_y,Head_z,Nose_x,Nose_y,Nose_z,Eye.L_x,Eye.L_y,Eye.L_z,Eye.R_x,Eye.R_y,Eye.R_z,Ear.L_x,Ear.L_y,Ear.L_z,Ear.R_x,Ear.R_y,Ear.R_z,hip.Center_x,hip.Center_y,hip.Center_z
0,0.7696468,0.048590705,-0.15889783,0.39807826,0.11876014,0.016561849,-0.0019830056,0.1081503,0.06321439,-0.029128268,0.31331608,-0.06676126,0.3363897,0.2990119,-0.24784751,0.54170614,0.2736123,-0.6200121,0.027070832,-0.21352184,0.2555742,-0.17549577,-0.09655763,0.1611295,-0.3787717,0.07685143,0.11524479,-0.43793127,0.32924506,0.052993387,-0.41167444,0.5861754,-0.0039679855,-0.4094936,0.8330283,0.0049680662,-0.45603484,0.20440082,0.09987409,-0.6402354,0.19617902,0.055311054,-0.6061119,0.16700819,0.20361978,-0.63752633,0.20322642,0.16839325,-0.62120545,0.14243832,0.15214258,-0.5963692,0.26949325,0.10683322,-0.5654582,0.14342886,0.06857708,-0.015555636957287788,0.21073319017887115,-0.0017734356224536896
