frame,Ankle.R_x,Ankle.R_y,Ankle.R_z,Knee.R_x,Knee.R_y,Knee.R_z,Hip.R_x,Hip.R_y,Hip.R_z,Hip.L_x,Hip.L_y,Hip.L_z,Knee.L_x,Knee.L_y,Knee.L_z,Ankle.L_x,Ankle.L_y,Ankle.L_z,Wrist.R_x,Wrist.R_y,Wrist.R_z,Elbow.R_x,Elbow.R_y,Elbow.R_z,Shoulder.R_x,Shoulder.R_y,Shoulder.R_z,Shoulder.L_x,Shoulder.L_y,Shoulder.L_z,Elbow.L_x,Elbow.L_y,Elbow.L_z,Wrist.L_x,Wrist.L_y,Wrist.L_z,Neck_x,Neck_y,Neck_z,Head_x,Head_y,Head_z,Nose_x,Nose_y,Nose_z,Eye.L_x,Eye.L_y,Eye.L_z,Eye.R_x,Eye.R_y,Eye.R_z,Ear.L_x,Ear.L_y,Ear.L_z,Ear.R_x,Ear.R_y,Ear.R_z,hip.Center_x,hip.Center_y,hip.Center_z
0,0.72532487,0.0900524,-0.26806968,0.40194008,0.12954639,-0.010009983,0.0014772897,0.11152982,0.06810968,-0.032135185,0.3088446,-0.07145119,0.32752058,0.3045357,-0.2580761,0.5370104,0.28200755,-0.6267728,0.024820492,-0.2101507,0.26044726,-0.17533349,-0.09157466,0.16448332,-0.37805948,0.08143727,0.11675997,-0.43505898,0.33402944,0.05327327,-0.4001536,0.58958846,-0.0059665656,-0.39799926,0.8358063,0.007434466,-0.45474252,0.20981377,0.10033051,-0.6344812,0.20603038,0.047572464,-0.61001045,0.17540279,0.19784133,-0.6385973,0.21239725,0.16097996,-0.62244856,0.15137166,0.14541411,-0.5926757,0.27818063,0.10232575,-0.56156415,0.15182802,0.06523958,-0.015328947454690933,0.21018721163272858,-0.0016707517206668854
