frame,Ankle.R_x,Ankle.R_y,Ankle.R_z,Knee.R_x,Knee.R_y,Knee.R_z,Hip.R_x,Hip.R_y,Hip.R_z,Hip.L_x,Hip.L_y,Hip.L_z,Knee.L_x,Knee.L_y,Knee.L_z,Ankle.L_x,Ankle.L_y,Ankle.L_z,Wrist.R_x,Wrist.R_y,Wrist.R_z,Elbow.R_x,Elbow.R_y,Elbow.R_z,Shoulder.R_x,Shoulder.R_y,Shoulder.R_z,Shoulder.L_x,Shoulder.L_y,Shoulder.L_z,Elbow.L_x,Elbow.L_y,Elbow.L_z,Wrist.L_x,Wrist.L_y,Wrist.L_z,Neck_x,Neck_y,Neck_z,Head_x,Head_y,Head_z,Nose_x,Nose_y,Nose_z,Eye.L_x,Eye.L_y,Eye.L_z,Eye.R_x,Eye.R_y,Eye.R_z,Ear.L_x,Ear.L_y,Ear.L_z,Ear.R_x,Ear.R_y,Ear.R_z,hip.Center_x,hip.Center_y,hip.Center_z
0,0.75288814,0.07123377,-0.21201074,0.4005836,0.13092993,0.0024980821,0.00063755235,0.11340876,0.06967067,-0.032306872,0.30868056,-0.07216492,0.33519885,0.30074528,-0.24647692,0.5532398,0.2695724,-0.609859,0.05660367,-0.12422357,0.30615824,-0.16163419,-0.07174721,0.19202593,-0.37702474,0.07827129,0.12025975,-0.43265584,0.33002007,0.03919382,-0.3653423,0.5793255,-0.027030192,-0.32323027,0.8204881,-0.0019586599,-0.45635408,0.20522353,0.09346284,-0.6477583,0.19877513,0.053064425,-0.60450596,0.16858627,0.19812758,-0.6379489,0.20503102,0.1651942,-0.62297297,0.14438286,0.14760235,-0.60037327,0.27131778,0.10180631,-0.5725726,0.14566769,0.060880914,-0.015834659337997437,0.21104466915130615,-0.0012471266090869904
