frame,Ankle.R_x,Ankle.R_y,Ankle.R_z,Knee.R_x,Knee.R_y,Knee.R_z,Hip.R_x,Hip.R_y,Hip.R_z,Hip.L_x,Hip.L_y,Hip.L_z,Knee.L_x,Knee.L_y,Knee.L_z,Ankle.L_x,Ankle.L_y,Ankle.L_z,Wrist.R_x,Wrist.R_y,Wrist.R_z,Elbow.R_x,Elbow.R_y,Elbow.R_z,Shoulder.R_x,Shoulder.R_y,Shoulder.R_z,Shoulder.L_x,Shoulder.L_y,Shoulder.L_z,Elbow.L_x,Elbow.L_y,Elbow.L_z,Wrist.L_x,Wrist.L_y,Wrist.L_z,Neck_x,Neck_y,Neck_z,Head_x,Head_y,Head_z,Nose_x,Nose_y,Nose_z,Eye.L_x,Eye.L_y,Eye.L_z,Eye.R_x,Eye.R_y,Eye.R_z,Ear.L_x,Ear.L_y,Ear.L_z,Ear.R_x,Ear.R_y,Ear.R_z,hip.Center_x,hip.Center_y,hip.Center_z
0,0.71897787,0.13688765,-0.09205233,0.365312,0.13601702,0.123596996,-0.0060795625,0.08609463,0.024765965,-0.022422412,0.32676718,-0.034718093,0.30260953,0.31579992,-0.28547642,0.365744,0.3396894,-0.7067559,-0.48379868,-0.40102065,0.11359155,-0.39531636,-0.17282076,0.05829751,-0.4111289,0.09156999,0.1008148,-0.4149744,0.34326172,0.10413707,-0.41857162,0.60305554,0.067755245,-0.46495694,0.8408836,0.11598702,-0.44811177,0.223427,0.13027368,-0.6349281,0.26946282,0.1370764,-0.57512724,0.2049737,0.2643697,-0.6013735,0.25377777,0.2440562,-0.61001027,0.19500558,0.21803984,-0.55956024,0.31629446,0.1798379,-0.57914335,0.19632305,0.120525025,-0.014250987209379673,0.20643091201782227,-0.004976063966751099
