frame,Ankle.R_x,Ankle.R_y,Ankle.R_z,Knee.R_x,Knee.R_y,Knee.R_z,Hip.R_x,Hip.R_y,Hip.R_z,Hip.L_x,Hip.L_y,Hip.L_z,Knee.L_x,Knee.L_y,Knee.L_z,Ankle.L_x,Ankle.L_y,Ankle.L_z,Wrist.R_x,Wrist.R_y,Wrist.R_z,Elbow.R_x,Elbow.R_y,Elbow.R_z,Shoulder.R_x,Shoulder.R_y,Shoulder.R_z,Shoulder.L_x,Shoulder.L_y,Shoulder.L_z,Elbow.L_x,Elbow.L_y,Elbow.L_z,Wrist.L_x,Wrist.L_y,Wrist.L_z,Neck_x,Neck_y,Neck_z,Head_x,Head_y,Head_z,Nose_x,Nose_y,Nose_z,Eye.L_x,Eye.L_y,Eye.L_z,Eye.R_x,Eye.R_y,Eye.R_z,Ear.L_x,Ear.L_y,Ear.L_z,Ear.R_x,Ear.R_y,Ear.R_z,hip.Center_x,hip.Center_y,hip.Center_z
0,0.7367145,0.09336405,-0.24818975,0.40121084,0.14774065,-0.008397873,0.0024291037,0.11115856,0.068688415,-0.032721687,0.30863634,-0.068941474,0.33705044,0.30087683,-0.2394189,0.55419606,0.2783502,-0.60255957,0.045714404,-0.0766117,0.3435495,-0.16629405,-0.066775955,0.20915468,-0.37948778,0.07746684,0.11838662,-0.42565528,0.3313311,0.03458693,-0.3342978,0.5715947,-0.0410193,-0.26826894,0.8021027,0.007192124,-0.45528045,0.20594609,0.08991255,-0.6527449,0.20296474,0.060749345,-0.5964956,0.16415608,0.1983914,-0.6327362,0.20223136,0.1711393,-0.6195123,0.1429865,0.14859602,-0.60096467,0.2723121,0.10919011,-0.57746756,0.15005502,0.058143675,-0.015146291814744473,0.20989744365215302,-0.0001265294849872589
