frame,Ankle.R_x,Ankle.R_y,Ankle.R_z,Knee.R_x,Knee.R_y,Knee.R_z,Hip.R_x,Hip.R_y,Hip.R_z,Hip.L_x,Hip.L_y,Hip.L_z,Knee.L_x,Knee.L_y,Knee.L_z,Ankle.L_x,Ankle.L_y,Ankle.L_z,Wrist.R_x,Wrist.R_y,Wrist.R_z,Elbow.R_x,Elbow.R_y,Elbow.R_z,Shoulder.R_x,Shoulder.R_y,Shoulder.R_z,Shoulder.L_x,Shoulder.L_y,Shoulder.L_z,Elbow.L_x,Elbow.L_y,Elbow.L_z,Wrist.L_x,Wrist.L_y,Wrist.L_z,Neck_x,Neck_y,Neck_z,Head_x,Head_y,Head_z,Nose_x,Nose_y,Nose_z,Eye.L_x,Eye.L_y,Eye.L_z,Eye.R_x,Eye.R_y,Eye.R_z,Ear.L_x,Ear.L_y,Ear.L_z,Ear.R_x,Ear.R_y,Ear.R_z,hip.Center_x,hip.Center_y,hip.Center_z
0,0.71745986,0.09461983,-0.2704123,0.40290478,0.1748545,-0.013065047,0.0052143177,0.1316635,0.08722505,-0.036837384,0.2910695,-0.09098174,0.33486882,0.30243498,-0.24356776,0.56742984,0.27899775,-0.59505683,0.021517316,-0.060301263,0.3554258,-0.18730436,-0.05400966,0.21782131,-0.3896995,0.08987796,0.111843035,-0.4268174,0.33711,0.009830177,-0.29813161,0.5604892,-0.061996065,-0.18837234,0.76786745,0.0022919914,-0.4607744,0.21605736,0.07491539,-0.6615174,0.21731827,0.05836387,-0.5926339,0.17401317,0.18859646,-0.6311108,0.21272936,0.16618711,-0.6200721,0.15460482,0.1402396,-0.6053874,0.28477156,0.10369675,-0.58670187,0.16452023,0.046731442,-0.015811532735824585,0.21136650443077087,-0.0018783435225486755
