frame,Ankle.R_x,Ankle.R_y,Ankle.R_z,Knee.R_x,Knee.R_y,Knee.R_z,Hip.R_x,Hip.R_y,Hip.R_z,Hip.L_x,Hip.L_y,Hip.L_z,Knee.L_x,Knee.L_y,Knee.L_z,Ankle.L_x,Ankle.L_y,Ankle.L_z,Wrist.R_x,Wrist.R_y,Wrist.R_z,Elbow.R_x,Elbow.R_y,Elbow.R_z,Shoulder.R_x,Shoulder.R_y,Shoulder.R_z,Shoulder.L_x,Shoulder.L_y,Shoulder.L_z,Elbow.L_x,Elbow.L_y,Elbow.L_z,Wrist.L_x,Wrist.L_y,Wrist.L_z,Neck_x,Neck_y,Neck_z,Head_x,Head_y,Head_z,Nose_x,Nose_y,Nose_z,Eye.L_x,Eye.L_y,Eye.L_z,Eye.R_x,Eye.R_y,Eye.R_z,Ear.L_x,Ear.L_y,Ear.L_z,Ear.R_x,Ear.R_y,Ear.R_z,hip.Center_x,hip.Center_y,hip.Center_z
0,0.6677461,0.10433759,-0.38155982,0.39940578,0.164238,-0.06876792,0.012246387,0.13281535,0.08674132,-0.04123769,0.29320207,-0.08916459,0.32006586,0.3031011,-0.26849556,0.5482304,0.27816674,-0.6250413,0.06290689,-0.03094316,0.31590587,-0.16057438,-0.045457255,0.20221396,-0.38523328,0.08552018,0.123191215,-0.43000138,0.3339147,0.021516759,-0.30605087,0.5606861,-0.053256836,-0.20829311,0.77487296,0.01298672,-0.46190977,0.21263222,0.08543394,-0.6572674,0.21500754,0.04753527,-0.60650045,0.17451896,0.18772706,-0.64142245,0.21311113,0.15910544,-0.62762576,0.15396345,0.13634223,-0.60674345,0.2836316,0.098709956,-0.58186436,0.16100538,0.04737982,-0.014495651237666607,0.21300870180130005,-0.0012116357684135437
