frame,Ankle.R_x,Ankle.R_y,Ankle.R_z,Knee.R_x,Knee.R_y,Knee.R_z,Hip.R_x,Hip.R_y,Hip.R_z,Hip.L_x,Hip.L_y,Hip.L_z,Knee.L_x,Knee.L_y,Knee.L_z,Ankle.L_x,Ankle.L_y,Ankle.L_z,Wrist.R_x,Wrist.R_y,Wrist.R_z,Elbow.R_x,Elbow.R_y,Elbow.R_z,Shoulder.R_x,Shoulder.R_y,Shoulder.R_z,Shoulder.L_x,Shoulder.L_y,Shoulder.L_z,Elbow.L_x,Elbow.L_y,Elbow.L_z,Wrist.L_x,Wrist.L_y,Wrist.L_z,Neck_x,Neck_y,Neck_z,Head_x,Head_y,Head_z,Nose_x,Nose_y,Nose_z,Eye.L_x,Eye.L_y,Eye.L_z,Eye.R_x,Eye.R_y,Eye.R_z,Ear.L_x,Ear.L_y,Ear.L_z,Ear.R_x,Ear.R_y,Ear.R_z,hip.Center_x,hip.Center_y,hip.Center_z
0,0.7158795,0.10194416,-0.29723513,0.40287006,0.16552985,-0.030979615,0.0065212892,0.13191494,0.08714081,-0.038199577,0.29161614,-0.09003362,0.32999086,0.31003517,-0.25038868,0.580747,0.28600445,-0.5898644,0.015143781,-0.021558711,0.3623972,-0.18509693,-0.049872797,0.2138974,-0.39484733,0.087709315,0.11333522,-0.42672706,0.33290836,0.004871914,-0.2751161,0.543239,-0.06795957,-0.13565186,0.73428327,-0.0055743326,-0.46418086,0.2132788,0.07169675,-0.6657303,0.20482966,0.058710814,-0.59290415,0.18971887,0.19315192,-0.63271105,0.2225995,0.16424644,-0.62094986,0.16056445,0.15032303,-0.6100675,0.2811229,0.088241376,-0.58968407,0.15222424,0.05568189,-0.015839144587516785,0.21176554262638092,-0.0014464035630226135
