frame,Ankle.R_x,Ankle.R_y,Ankle.R_z,Knee.R_x,Knee.R_y,Knee.R_z,Hip.R_x,Hip.R_y,Hip.R_z,Hip.L_x,Hip.L_y,Hip.L_z,Knee.L_x,Knee.L_y,Knee.L_z,Ankle.L_x,Ankle.L_y,Ankle.L_z,Wrist.R_x,Wrist.R_y,Wrist.R_z,Elbow.R_x,Elbow.R_y,Elbow.R_z,Shoulder.R_x,Shoulder.R_y,Shoulder.R_z,Shoulder.L_x,Shoulder.L_y,Shoulder.L_z,Elbow.L_x,Elbow.L_y,Elbow.L_z,Wrist.L_x,Wrist.L_y,Wrist.L_z,Neck_x,Neck_y,Neck_z,Head_x,Head_y,Head_z,Nose_x,Nose_y,Nose_z,Eye.L_x,Eye.L_y,Eye.L_z,Eye.R_x,Eye.R_y,Eye.R_z,Ear.L_x,Ear.L_y,Ear.L_z,Ear.R_x,Ear.R_y,Ear.R_z,hip.Center_x,hip.Center_y,hip.Center_z
0,0.6587354,0.11554034,-0.4170231,0.39334244,0.1484285,-0.0957532,0.0110365115,0.11921693,0.07557342,-0.038975053,0.30457103,-0.07474969,0.32832968,0.32001024,-0.2489809,0.5793843,0.29643694,-0.59159696,0.01690458,0.03549951,0.35179356,-0.17217822,-0.038797356,0.2036186,-0.39880934,0.074008375,0.10833409,-0.42192045,0.32680964,0.011767234,-0.24599887,0.523525,-0.048849974,-0.092476495,0.7083223,0.0039472124,-0.4663788,0.20449266,0.06964915,-0.66800416,0.21907236,0.047469825,-0.6042752,0.1816865,0.18226269,-0.63813436,0.22215359,0.15528901,-0.6337097,0.16048864,0.13574852,-0.6045382,0.2845341,0.086376846,-0.5987723,0.1571188,0.041913725,-0.013969270512461662,0.2118939757347107,0.00041186437010765076
