frame,Ankle.R_x,Ankle.R_y,Ankle.R_z,Knee.R_x,Knee.R_y,Knee.R_z,Hip.R_x,Hip.R_y,Hip.R_z,Hip.L_x,Hip.L_y,Hip.L_z,Knee.L_x,Knee.L_y,Knee.L_z,Ankle.L_x,Ankle.L_y,Ankle.L_z,Wrist.R_x,Wrist.R_y,Wrist.R_z,Elbow.R_x,Elbow.R_y,Elbow.R_z,Shoulder.R_x,Shoulder.R_y,Shoulder.R_z,Shoulder.L_x,Shoulder.L_y,Shoulder.L_z,Elbow.L_x,Elbow.L_y,Elbow.L_z,Wrist.L_x,Wrist.L_y,Wrist.L_z,Neck_x,Neck_y,Neck_z,Head_x,Head_y,Head_z,Nose_x,Nose_y,Nose_z,Eye.L_x,Eye.L_y,Eye.L_z,Eye.R_x,Eye.R_y,Eye.R_z,Ear.L_x,Ear.L_y,Ear.L_z,Ear.R_x,Ear.R_y,Ear.R_z,hip.Center_x,hip.Center_y,hip.Center_z
0,0.7139764,0.10218384,-0.317302,0.4018805,0.15339106,-0.0469214,0.0071282694,0.120031506,0.07684542,-0.037411667,0.30239153,-0.078002185,0.3363262,0.31854355,-0.23590128,0.59405845,0.28237247,-0.56993353,-0.015608417,-0.014200833,0.3788945,-0.20178169,-0.049504954,0.2150795,-0.40699506,0.08427482,0.10411516,-0.42102343,0.332514,0.0023865048,-0.25036162,0.5306922,-0.06316528,-0.09138566,0.70998156,-0.01357082,-0.46717298,0.21224222,0.06359477,-0.6711685,0.2127366,0.060586564,-0.58846897,0.18301553,0.18594778,-0.6288242,0.2198889,0.16350338,-0.6211482,0.15888792,0.14343774,-0.6098539,0.28428596,0.09101478,-0.5979691,0.15784797,0.046544902,-0.015141699463129044,0.21121151745319366,-0.0005783811211585999
