frame,Ankle.R_x,Ankle.R_y,Ankle.R_z,Knee.R_x,Knee.R_y,Knee.R_z,Hip.R_x,Hip.R_y,Hip.R_z,Hip.L_x,Hip.L_y,Hip.L_z,Knee.L_x,Knee.L_y,Knee.L_z,Ankle.L_x,Ankle.L_y,Ankle.L_z,Wrist.R_x,Wrist.R_y,Wrist.R_z,Elbow.R_x,Elbow.R_y,Elbow.R_z,Shoulder.R_x,Shoulder.R_y,Shoulder.R_z,Shoulder.L_x,Shoulder.L_y,Shoulder.L_z,Elbow.L_x,Elbow.L_y,Elbow.L_z,Wrist.L_x,Wrist.L_y,Wrist.L_z,Neck_x,Neck_y,Neck_z,Head_x,Head_y,Head_z,Nose_x,Nose_y,Nose_z,Eye.L_x,Eye.L_y,Eye.L_z,Eye.R_x,Eye.R_y,Eye.R_z,Ear.L_x,Ear.L_y,Ear.L_z,Ear.R_x,Ear.R_y,Ear.R_z,hip.Center_x,hip.Center_y,hip.Center_z
0,0.6570901,0.11822767,-0.42983857,0.3897827,0.1278666,-0.10548328,0.006445306,0.10665565,0.062531516,-0.034018163,0.31451714,-0.059084203,0.33630344,0.3231623,-0.23428768,0.5887386,0.29198727,-0.57792616,-0.05930082,0.09139283,0.36675707,-0.18323985,-0.054770082,0.20678085,-0.40128404,0.07054783,0.099420294,-0.41679165,0.3292881,0.013626036,-0.23189701,0.5189907,-0.056345254,-0.0579957,0.6790063,0.008747669,-0.4657678,0.204246,0.06565332,-0.67037725,0.22091693,0.048034385,-0.6033044,0.18609996,0.18164057,-0.6367992,0.22670859,0.15443301,-0.6350152,0.16419706,0.13705231,-0.603574,0.28562367,0.08268762,-0.6031615,0.15656099,0.04196162,-0.013786428608000278,0.21058639883995056,0.0017236564308404922
