frame,Ankle.R_x,Ankle.R_y,Ankle.R_z,Knee.R_x,Knee.R_y,Knee.R_z,Hip.R_x,Hip.R_y,Hip.R_z,Hip.L_x,Hip.L_y,Hip.L_z,Knee.L_x,Knee.L_y,Knee.L_z,Ankle.L_x,Ankle.L_y,Ankle.L_z,Wrist.R_x,Wrist.R_y,Wrist.R_z,Elbow.R_x,Elbow.R_y,Elbow.R_z,Shoulder.R_x,Shoulder.R_y,Shoulder.R_z,Shoulder.L_x,Shoulder.L_y,Shoulder.L_z,Elbow.L_x,Elbow.L_y,Elbow.L_z,Wrist.L_x,Wrist.L_y,Wrist.L_z,Neck_x,Neck_y,Neck_z,Head_x,Head_y,Head_z,Nose_x,Nose_y,Nose_z,Eye.L_x,Eye.L_y,Eye.L_z,Eye.R_x,Eye.R_y,Eye.R_z,Ear.L_x,Ear.L_y,Ear.L_z,Ear.R_x,Ear.R_y,Ear.R_z,hip.Center_x,hip.Center_y,hip.Center_z
0,0.71726984,0.11638087,-0.3295421,0.39884305,0.13297477,-0.057493713,0.0022605949,0.106558055,0.062309615,-0.032246303,0.31465134,-0.06139138,0.34499142,0.3202366,-0.2204399,0.60180193,0.2948774,-0.56032616,-0.049420077,0.05554638,0.37462807,-0.19348416,-0.06294864,0.2080544,-0.40304643,0.074143,0.0989316,-0.41901618,0.33193964,0.011664636,-0.2407808,0.52403015,-0.06625887,-0.066979684,0.6854012,-0.0058431253,-0.46625063,0.20689274,0.06639564,-0.67240834,0.21786596,0.06053054,-0.5959788,0.18492037,0.18930477,-0.63224965,0.22453906,0.1644525,-0.6296036,0.16221498,0.14669713,-0.60558414,0.28468946,0.09083812,-0.60368025,0.15570262,0.049915574,-0.014992853626608849,0.2106046974658966,0.0004591178148984909
