frame,Ankle.R_x,Ankle.R_y,Ankle.R_z,Knee.R_x,Knee.R_y,Knee.R_z,Hip.R_x,Hip.R_y,Hip.R_z,Hip.L_x,Hip.L_y,Hip.L_z,Knee.L_x,Knee.L_y,Knee.L_z,Ankle.L_x,Ankle.L_y,Ankle.L_z,Wrist.R_x,Wrist.R_y,Wrist.R_z,Elbow.R_x,Elbow.R_y,Elbow.R_z,Shoulder.R_x,Shoulder.R_y,Shoulder.R_z,Shoulder.L_x,Shoulder.L_y,Shoulder.L_z,Elbow.L_x,Elbow.L_y,Elbow.L_z,Wrist.L_x,Wrist.L_y,Wrist.L_z,Neck_x,Neck_y,Neck_z,Head_x,Head_y,Head_z,Nose_x,Nose_y,Nose_z,Eye.L_x,Eye.L_y,Eye.L_z,Eye.R_x,Eye.R_y,Eye.R_z,Ear.L_x,Ear.L_y,Ear.L_z,Ear.R_x,Ear.R_y,Ear.R_z,hip.Center_x,hip.Center_y,hip.Center_z
0,0.70625174,0.102914035,-0.34111318,0.39771685,0.12318758,-0.055539723,-0.0012945463,0.10485838,0.06075843,-0.028687555,0.31645778,-0.05838056,0.35365668,0.31936324,-0.2066354,0.6095851,0.29533902,-0.5499789,-0.111946,0.09715323,0.38088778,-0.21217023,-0.06601224,0.22221045,-0.4057921,0.07686158,0.08984393,-0.41653582,0.33532256,0.0019230181,-0.22726604,0.5184951,-0.075842075,-0.042007238,0.6565952,0.0010825191,-0.46673837,0.21074772,0.05687876,-0.6744934,0.23197515,0.05697239,-0.59535766,0.19465055,0.18278843,-0.6302008,0.23612703,0.1592837,-0.63191926,0.17384383,0.14162058,-0.6027142,0.2942999,0.08471294,-0.6100862,0.16559833,0.04347549,-0.014991050586104393,0.21065807342529297,0.001188935711979866
