frame,Ankle.R_x,Ankle.R_y,Ankle.R_z,Knee.R_x,Knee.R_y,Knee.R_z,Hip.R_x,Hip.R_y,Hip.R_z,Hip.L_x,Hip.L_y,Hip.L_z,Knee.L_x,Knee.L_y,Knee.L_z,Ankle.L_x,Ankle.L_y,Ankle.L_z,Wrist.R_x,Wrist.R_y,Wrist.R_z,Elbow.R_x,Elbow.R_y,Elbow.R_z,Shoulder.R_x,Shoulder.R_y,Shoulder.R_z,Shoulder.L_x,Shoulder.L_y,Shoulder.L_z,Elbow.L_x,Elbow.L_y,Elbow.L_z,Wrist.L_x,Wrist.L_y,Wrist.L_z,Neck_x,Neck_y,Neck_z,Head_x,Head_y,Head_z,Nose_x,Nose_y,Nose_z,Eye.L_x,Eye.L_y,Eye.L_z,Eye.R_x,Eye.R_y,Eye.R_z,Ear.L_x,Ear.L_y,Ear.L_z,Ear.R_x,Ear.R_y,Ear.R_z,hip.Center_x,hip.Center_y,hip.Center_z
0,0.6269552,0.10407836,-0.44818327,0.3871384,0.11923753,-0.10448633,0.0013541912,0.10525083,0.061468408,-0.026944995,0.31669652,-0.05620898,0.34726214,0.31092137,-0.22045015,0.5992212,0.27749962,-0.5649938,-0.18047583,0.1285419,0.3756757,-0.23112963,-0.05835577,0.22347994,-0.41169056,0.08023028,0.07671356,-0.41047657,0.34145007,0.0058490653,-0.1992171,0.49843648,-0.06973266,-0.011346373,0.6280582,0.008891005,-0.4675399,0.21628642,0.052929215,-0.67455375,0.2427392,0.051359057,-0.599535,0.19066538,0.17472862,-0.6328523,0.23512527,0.15487993,-0.6355753,0.17508747,0.13076742,-0.6022443,0.29976967,0.0873661,-0.61132705,0.17619029,0.032762535,-0.012795401737093925,0.21097368001937866,0.002629714086651802
