frame,Ankle.R_x,Ankle.R_y,Ankle.R_z,Knee.R_x,Knee.R_y,Knee.R_z,Hip.R_x,Hip.R_y,Hip.R_z,Hip.L_x,Hip.L_y,Hip.L_z,Knee.L_x,Knee.L_y,Knee.L_z,Ankle.L_x,Ankle.L_y,Ankle.L_z,Wrist.R_x,Wrist.R_y,Wrist.R_z,Elbow.R_x,Elbow.R_y,Elbow.R_z,Shoulder.R_x,Shoulder.R_y,Shoulder.R_z,Shoulder.L_x,Shoulder.L_y,Shoulder.L_z,Elbow.L_x,Elbow.L_y,Elbow.L_z,Wrist.L_x,Wrist.L_y,Wrist.L_z,Neck_x,Neck_y,Neck_z,Head_x,Head_y,Head_z,Nose_x,Nose_y,Nose_z,Eye.L_x,Eye.L_y,Eye.L_z,Eye.R_x,Eye.R_y,Eye.R_z,Ear.L_x,Ear.L_y,Ear.L_z,Ear.R_x,Ear.R_y,Ear.R_z,hip.Center_x,hip.Center_y,hip.Center_z
0,0.70335156,0.08761816,-0.34368643,0.3964869,0.11933978,-0.058768816,-0.0021008162,0.10441611,0.059870422,-0.025825985,0.3165774,-0.056580044,0.35596782,0.3126605,-0.20406753,0.6224372,0.28305507,-0.53753006,-0.17952152,0.13130605,0.40573972,-0.25141537,-0.039702695,0.24041598,-0.42059892,0.08651967,0.072908826,-0.41140413,0.3427492,-0.004652773,-0.20124196,0.49921253,-0.07920471,-0.014605362,0.63392353,-0.005055752,-0.4701801,0.22082119,0.045461506,-0.6762934,0.24998465,0.056393694,-0.5919073,0.19191533,0.1698297,-0.62634146,0.23723377,0.15507005,-0.6312281,0.17855567,0.12829445,-0.6011844,0.3053258,0.08862872,-0.61503243,0.18484771,0.029322706,-0.013963400386273861,0.21049675345420837,0.0016451887786388397
