frame,Ankle.R_x,Ankle.R_y,Ankle.R_z,Knee.R_x,Knee.R_y,Knee.R_z,Hip.R_x,Hip.R_y,Hip.R_z,Hip.L_x,Hip.L_y,Hip.L_z,Knee.L_x,Knee.L_y,Knee.L_z,Ankle.L_x,Ankle.L_y,Ankle.L_z,Wrist.R_x,Wrist.R_y,Wrist.R_z,Elbow.R_x,Elbow.R_y,Elbow.R_z,Shoulder.R_x,Shoulder.R_y,Shoulder.R_z,Shoulder.L_x,Shoulder.L_y,Shoulder.L_z,Elbow.L_x,Elbow.L_y,Elbow.L_z,Wrist.L_x,Wrist.L_y,Wrist.L_z,Neck_x,Neck_y,Neck_z,Head_x,Head_y,Head_z,Nose_x,Nose_y,Nose_z,Eye.L_x,Eye.L_y,Eye.L_z,Eye.R_x,Eye.R_y,Eye.R_z,Ear.L_x,Ear.L_y,Ear.L_z,Ear.R_x,Ear.R_y,Ear.R_z,hip.Center_x,hip.Center_y,hip.Center_z
0,0.610121,0.08742899,-0.46832806,0.3831592,0.09485163,-0.114699155,-0.0018215084,0.10046662,0.052952558,-0.021273527,0.321123,-0.046263687,0.34783095,0.2982852,-0.22452986,0.6044646,0.2611356,-0.56602323,-0.3381196,0.14332509,0.332141,-0.2829267,-0.07179654,0.23585312,-0.4243752,0.09103895,0.07366387,-0.40933082,0.34590536,-0.0008699186,-0.19010122,0.47340068,-0.1076927,-0.017220153,0.5904553,0.004042164,-0.4702954,0.22458144,0.04929387,-0.67476773,0.24647197,0.04860485,-0.5986039,0.19493467,0.17186753,-0.6332822,0.23889215,0.15252288,-0.6340257,0.17903976,0.12750043,-0.604428,0.3057744,0.08604502,-0.6093858,0.1826804,0.02986775,-0.011547517962753773,0.21079480648040771,0.0033444352447986603
