frame,Ankle.R_x,Ankle.R_y,Ankle.R_z,Knee.R_x,Knee.R_y,Knee.R_z,Hip.R_x,Hip.R_y,Hip.R_z,Hip.L_x,Hip.L_y,Hip.L_z,Knee.L_x,Knee.L_y,Knee.L_z,Ankle.L_x,Ankle.L_y,Ankle.L_z,Wrist.R_x,Wrist.R_y,Wrist.R_z,Elbow.R_x,Elbow.R_y,Elbow.R_z,Shoulder.R_x,Shoulder.R_y,Shoulder.R_z,Shoulder.L_x,Shoulder.L_y,Shoulder.L_z,Elbow.L_x,Elbow.L_y,Elbow.L_z,Wrist.L_x,Wrist.L_y,Wrist.L_z,Neck_x,Neck_y,Neck_z,Head_x,Head_y,Head_z,Nose_x,Nose_y,Nose_z,Eye.L_x,Eye.L_y,Eye.L_z,Eye.R_x,Eye.R_y,Eye.R_z,Ear.L_x,Ear.L_y,Ear.L_z,Ear.R_x,Ear.R_y,Ear.R_z,hip.Center_x,hip.Center_y,hip.Center_z
0,0.68989307,0.0841022,-0.3647571,0.3913017,0.11154717,-0.070463285,-0.0032956996,0.108564965,0.065743655,-0.023499941,0.3136445,-0.061117988,0.35133892,0.30431935,-0.21721847,0.6113164,0.27341318,-0.55620676,-0.34551817,0.14469075,0.342743,-0.2992701,-0.069859155,0.24156716,-0.42279705,0.09195828,0.0664957,-0.41039693,0.34412807,-0.013636295,-0.19057292,0.46722507,-0.12123133,-0.026929194,0.592201,-0.008550566,-0.46948034,0.22337712,0.04039355,-0.674021,0.24343565,0.04241185,-0.59680504,0.18956569,0.16384488,-0.63196826,0.23340642,0.1460113,-0.63199353,0.17441824,0.11924302,-0.6042414,0.30225185,0.08097394,-0.60806865,0.18087284,0.021839166,-0.01339782029390335,0.21110473573207855,0.0023128334432840347
