frame,Ankle.R_x,Ankle.R_y,Ankle.R_z,Knee.R_x,Knee.R_y,Knee.R_z,Hip.R_x,Hip.R_y,Hip.R_z,Hip.L_x,Hip.L_y,Hip.L_z,Knee.L_x,Knee.L_y,Knee.L_z,Ankle.L_x,Ankle.L_y,Ankle.L_z,Wrist.R_x,Wrist.R_y,Wrist.R_z,Elbow.R_x,Elbow.R_y,Elbow.R_z,Shoulder.R_x,Shoulder.R_y,Shoulder.R_z,Shoulder.L_x,Shoulder.L_y,Shoulder.L_z,Elbow.L_x,Elbow.L_y,Elbow.L_z,Wrist.L_x,Wrist.L_y,Wrist.L_z,Neck_x,Neck_y,Neck_z,Head_x,Head_y,Head_z,Nose_x,Nose_y,Nose_z,Eye.L_x,Eye.L_y,Eye.L_z,Eye.R_x,Eye.R_y,Eye.R_z,Ear.L_x,Ear.L_y,Ear.L_z,Ear.R_x,Ear.R_y,Ear.R_z,hip.Center_x,hip.Center_y,hip.Center_z
0,0.6840275,0.087724224,-0.3870269,0.3881963,0.117847905,-0.0905757,0.0020719306,0.11353294,0.07124452,-0.027947439,0.3100879,-0.06644529,0.34624246,0.30647004,-0.22581184,0.61476946,0.26806787,-0.55600667,-0.35034615,0.15219648,0.32862607,-0.28313532,-0.06004838,0.2380145,-0.4239765,0.09680073,0.07343031,-0.4115559,0.34404874,-0.01598867,-0.19475883,0.46100008,-0.13572727,-0.03511534,0.5778189,-0.010032283,-0.47153,0.22777593,0.04073652,-0.67615473,0.24413633,0.0290465,-0.60425246,0.2003431,0.1574238,-0.639736,0.24200489,0.13469741,-0.636737,0.18142271,0.11189903,-0.61023355,0.3074034,0.06718437,-0.6078471,0.18262815,0.015960354,-0.012937754392623901,0.2118104100227356,0.0023996159434318542
