frame,Ankle.R_x,Ankle.R_y,Ankle.R_z,Knee.R_x,Knee.R_y,Knee.R_z,Hip.R_x,Hip.R_y,Hip.R_z,Hip.L_x,Hip.L_y,Hip.L_z,Knee.L_x,Knee.L_y,Knee.L_z,Ankle.L_x,Ankle.L_y,Ankle.L_z,Wrist.R_x,Wrist.R_y,Wrist.R_z,Elbow.R_x,Elbow.R_y,Elbow.R_z,Shoulder.R_x,Shoulder.R_y,Shoulder.R_z,Shoulder.L_x,Shoulder.L_y,Shoulder.L_z,Elbow.L_x,Elbow.L_y,Elbow.L_z,Wrist.L_x,Wrist.L_y,Wrist.L_z,Neck_x,Neck_y,Neck_z,Head_x,Head_y,Head_z,Nose_x,Nose_y,Nose_z,Eye.L_x,Eye.L_y,Eye.L_z,Eye.R_x,Eye.R_y,Eye.R_z,Ear.L_x,Ear.L_y,Ear.L_z,Ear.R_x,Ear.R_y,Ear.R_z,hip.Center_x,hip.Center_y,hip.Center_z
0,0.6175048,0.0784342,-0.46876138,0.37563857,0.10025296,-0.12839088,0.004445454,0.1079609,0.06512566,-0.026006222,0.31354517,-0.059043065,0.34170341,0.29967186,-0.23395771,0.5925342,0.2581755,-0.573709,-0.38291383,0.13098812,0.32880396,-0.30894327,-0.07669157,0.237117,-0.42938226,0.10544212,0.08335907,-0.40886608,0.35083425,0.0023666779,-0.19804549,0.4674722,-0.12630896,-0.041614205,0.5703051,0.012556396,-0.46961233,0.23528215,0.054345865,-0.6674633,0.25090966,0.03128207,-0.60534704,0.2117706,0.16665049,-0.63905406,0.2526817,0.13989462,-0.6346308,0.19120663,0.11976473,-0.6046879,0.31567067,0.0723627,-0.5986048,0.1893666,0.026187096,-0.010780383832752705,0.21075303852558136,0.003041297197341919
