frame,Ankle.R_x,Ankle.R_y,Ankle.R_z,Knee.R_x,Knee.R_y,Knee.R_z,Hip.R_x,Hip.R_y,Hip.R_z,Hip.L_x,Hip.L_y,Hip.L_z,Knee.L_x,Knee.L_y,Knee.L_z,Ankle.L_x,Ankle.L_y,Ankle.L_z,Wrist.R_x,Wrist.R_y,Wrist.R_z,Elbow.R_x,Elbow.R_y,Elbow.R_z,Shoulder.R_x,Shoulder.R_y,Shoulder.R_z,Shoulder.L_x,Shoulder.L_y,Shoulder.L_z,Elbow.L_x,Elbow.L_y,Elbow.L_z,Wrist.L_x,Wrist.L_y,Wrist.L_z,Neck_x,Neck_y,Neck_z,Head_x,Head_y,Head_z,Nose_x,Nose_y,Nose_z,Eye.L_x,Eye.L_y,Eye.L_z,Eye.R_x,Eye.R_y,Eye.R_z,Ear.L_x,Ear.L_y,Ear.L_z,Ear.R_x,Ear.R_y,Ear.R_z,hip.Center_x,hip.Center_y,hip.Center_z
0,0.73336643,0.13249582,-0.102104284,0.3806037,0.1363288,0.11009347,-0.0018991727,0.093270615,0.039896667,-0.028068654,0.3205125,-0.049141973,0.29097375,0.31537434,-0.29573247,0.39770305,0.33430606,-0.7061747,-0.45843956,-0.40310174,0.10599372,-0.38650176,-0.16976397,0.055647135,-0.41571832,0.09233818,0.09762554,-0.42497936,0.33891782,0.09102749,-0.43465623,0.597286,0.048120663,-0.48312575,0.83486533,0.089652665,-0.453418,0.22145836,0.12060566,-0.63879466,0.26074865,0.12853502,-0.5745895,0.20424038,0.25751323,-0.6026576,0.25110048,0.23544213,-0.6096973,0.19099289,0.21227556,-0.56468767,0.31192175,0.16755083,-0.58057076,0.18876955,0.11461173,-0.014983913861215115,0.20689156651496887,-0.004622653126716614
