frame,Ankle.R_x,Ankle.R_y,Ankle.R_z,Knee.R_x,Knee.R_y,Knee.R_z,Hip.R_x,Hip.R_y,Hip.R_z,Hip.L_x,Hip.L_y,Hip.L_z,Knee.L_x,Knee.L_y,Knee.L_z,Ankle.L_x,Ankle.L_y,Ankle.L_z,Wrist.R_x,Wrist.R_y,Wrist.R_z,Elbow.R_x,Elbow.R_y,Elbow.R_z,Shoulder.R_x,Shoulder.R_y,Shoulder.R_z,Shoulder.L_x,Shoulder.L_y,Shoulder.L_z,Elbow.L_x,Elbow.L_y,Elbow.L_z,Wrist.L_x,Wrist.L_y,Wrist.L_z,Neck_x,Neck_y,Neck_z,Head_x,Head_y,Head_z,Nose_x,Nose_y,Nose_z,Eye.L_x,Eye.L_y,Eye.L_z,Eye.R_x,Eye.R_y,Eye.R_z,Ear.L_x,Ear.L_y,Ear.L_z,Ear.R_x,Ear.R_y,Ear.R_z,hip.Center_x,hip.Center_y,hip.Center_z
0,0.72871137,0.1343843,-0.07369255,0.37109745,0.13324325,0.12744033,-0.003091942,0.09013095,0.03407455,-0.027012467,0.32209074,-0.04447996,0.28793788,0.32177398,-0.29589853,0.36569515,0.34407377,-0.71192116,-0.47668892,-0.39837086,0.10217082,-0.38944265,-0.17021336,0.05389713,-0.41549185,0.09237524,0.095900714,-0.4215025,0.3396199,0.095029935,-0.43267247,0.5982362,0.05944027,-0.48151433,0.834633,0.10580591,-0.45137548,0.22277515,0.12164364,-0.6331431,0.27506974,0.12758826,-0.576649,0.2089298,0.25538945,-0.6005197,0.2585758,0.23467796,-0.6116076,0.20009165,0.2090385,-0.55639523,0.31883037,0.17009766,-0.58032954,0.19932255,0.112044185,-0.015052204951643944,0.2061108499765396,-0.005202705040574074
