frame,Ankle.R_x,Ankle.R_y,Ankle.R_z,Knee.R_x,Knee.R_y,Knee.R_z,Hip.R_x,Hip.R_y,Hip.R_z,Hip.L_x,Hip.L_y,Hip.L_z,Knee.L_x,Knee.L_y,Knee.L_z,Ankle.L_x,Ankle.L_y,Ankle.L_z,Wrist.R_x,Wrist.R_y,Wrist.R_z,Elbow.R_x,Elbow.R_y,Elbow.R_z,Shoulder.R_x,Shoulder.R_y,Shoulder.R_z,Shoulder.L_x,Shoulder.L_y,Shoulder.L_z,Elbow.L_x,Elbow.L_y,Elbow.L_z,Wrist.L_x,Wrist.L_y,Wrist.L_z,Neck_x,Neck_y,Neck_z,Head_x,Head_y,Head_z,Nose_x,Nose_y,Nose_z,Eye.L_x,Eye.L_y,Eye.L_z,Eye.R_x,Eye.R_y,Eye.R_z,Ear.L_x,Ear.L_y,Ear.L_z,Ear.R_x,Ear.R_y,Ear.R_z,hip.Center_x,hip.Center_y,hip.Center_z
0,0.68363863,0.073135436,-0.3942303,0.38350835,0.13873704,-0.10628559,0.010502796,0.13574873,0.09005974,-0.033665486,0.29168385,-0.08895368,0.33974582,0.3047584,-0.24095602,0.61886233,0.26097143,-0.558646,-0.33555654,0.16523288,0.31368372,-0.291849,-0.045671634,0.21072286,-0.4401232,0.112316616,0.06699288,-0.42265642,0.344077,-0.024738677,-0.21605563,0.4550948,-0.1584154,-0.0656962,0.54695714,-0.00754482,-0.47888148,0.23552649,0.034225594,-0.67381686,0.24695826,0.014284536,-0.60701513,0.20553452,0.1472655,-0.64348304,0.24546303,0.12257876,-0.63560086,0.1854263,0.09935798,-0.6140633,0.31342036,0.057054624,-0.6013369,0.1894603,0.0054806434,-0.011581344529986382,0.2137162983417511,0.0005530305206775665
