frame,Ankle.R_x,Ankle.R_y,Ankle.R_z,Knee.R_x,Knee.R_y,Knee.R_z,Hip.R_x,Hip.R_y,Hip.R_z,Hip.L_x,Hip.L_y,Hip.L_z,Knee.L_x,Knee.L_y,Knee.L_z,Ankle.L_x,Ankle.L_y,Ankle.L_z,Wrist.R_x,Wrist.R_y,Wrist.R_z,Elbow.R_x,Elbow.R_y,Elbow.R_z,Shoulder.R_x,Shoulder.R_y,Shoulder.R_z,Shoulder.L_x,Shoulder.L_y,Shoulder.L_z,Elbow.L_x,Elbow.L_y,Elbow.L_z,Wrist.L_x,Wrist.L_y,Wrist.L_z,Neck_x,Neck_y,Neck_z,Head_x,Head_y,Head_z,Nose_x,Nose_y,Nose_z,Eye.L_x,Eye.L_y,Eye.L_z,Eye.R_x,Eye.R_y,Eye.R_z,Ear.L_x,Ear.L_y,Ear.L_z,Ear.R_x,Ear.R_y,Ear.R_z,hip.Center_x,hip.Center_y,hip.Center_z
0,0.6195642,0.07241958,-0.4598952,0.3749697,0.13315696,-0.12606984,0.014025207,0.14197841,0.094035015,-0.03763661,0.2855191,-0.094472274,0.33021033,0.30385908,-0.25137645,0.60019666,0.25526822,-0.57546425,-0.35417393,0.14291692,0.34650928,-0.29784313,-0.055877853,0.22959018,-0.43013817,0.111991666,0.078449056,-0.4164382,0.34569654,-0.023172135,-0.19825506,0.44899827,-0.14339219,-0.03504333,0.5596615,-0.020328427,-0.4739008,0.23760101,0.040938865,-0.67156684,0.25416046,0.019077979,-0.6079099,0.21283606,0.15339556,-0.6425079,0.2534777,0.12776932,-0.6367862,0.19283831,0.10570147,-0.6096814,0.3187586,0.06113556,-0.6014904,0.19337906,0.012016203,-0.0118057020008564,0.2137487530708313,-0.0002186298370361328
