frame,Ankle.R_x,Ankle.R_y,Ankle.R_z,Knee.R_x,Knee.R_y,Knee.R_z,Hip.R_x,Hip.R_y,Hip.R_z,Hip.L_x,Hip.L_y,Hip.L_z,Knee.L_x,Knee.L_y,Knee.L_z,Ankle.L_x,Ankle.L_y,Ankle.L_z,Wrist.R_x,Wrist.R_y,Wrist.R_z,Elbow.R_x,Elbow.R_y,Elbow.R_z,Shoulder.R_x,Shoulder.R_y,Shoulder.R_z,Shoulder.L_x,Shoulder.L_y,Shoulder.L_z,Elbow.L_x,Elbow.L_y,Elbow.L_z,Wrist.L_x,Wrist.L_y,Wrist.L_z,Neck_x,Neck_y,Neck_z,Head_x,Head_y,Head_z,Nose_x,Nose_y,Nose_z,Eye.L_x,Eye.L_y,Eye.L_z,Eye.R_x,Eye.R_y,Eye.R_z,Ear.L_x,Ear.L_y,Ear.L_z,Ear.R_x,Ear.R_y,Ear.R_z,hip.Center_x,hip.Center_y,hip.Center_z
0,0.6279873,0.052988097,-0.44981548,0.37905467,0.13090998,-0.12102582,0.012409344,0.13607857,0.090182506,-0.03548795,0.29223135,-0.089239515,0.3383139,0.29846406,-0.24163733,0.61503154,0.24910516,-0.56188715,-0.3194964,0.18913758,0.3273202,-0.30180022,-0.037987005,0.25620973,-0.43397486,0.116412014,0.088185534,-0.41168436,0.34498978,-0.029246408,-0.18541144,0.43154994,-0.15162589,-0.014970051,0.5358168,-0.030877069,-0.47364706,0.23900554,0.04027086,-0.6707191,0.25067747,0.014102661,-0.60944915,0.21431634,0.15104692,-0.6444223,0.25356102,0.123537265,-0.6366113,0.19245169,0.10320148,-0.61144876,0.31815958,0.05600661,-0.5988805,0.19160214,0.0104711205,-0.01153930276632309,0.21415495872497559,0.0004714950919151306
