frame,Ankle.R_x,Ankle.R_y,Ankle.R_z,Knee.R_x,Knee.R_y,Knee.R_z,Hip.R_x,Hip.R_y,Hip.R_z,Hip.L_x,Hip.L_y,Hip.L_z,Knee.L_x,Knee.L_y,Knee.L_z,Ankle.L_x,Ankle.L_y,Ankle.L_z,Wrist.R_x,Wrist.R_y,Wrist.R_z,Elbow.R_x,Elbow.R_y,Elbow.R_z,Shoulder.R_x,Shoulder.R_y,Shoulder.R_z,Shoulder.L_x,Shoulder.L_y,Shoulder.L_z,Elbow.L_x,Elbow.L_y,Elbow.L_z,Wrist.L_x,Wrist.L_y,Wrist.L_z,Neck_x,Neck_y,Neck_z,Head_x,Head_y,Head_z,Nose_x,Nose_y,Nose_z,Eye.L_x,Eye.L_y,Eye.L_z,Eye.R_x,Eye.R_y,Eye.R_z,Ear.L_x,Ear.L_y,Ear.L_z,Ear.R_x,Ear.R_y,Ear.R_z,hip.Center_x,hip.Center_y,hip.Center_z
0,0.6408947,0.048041724,-0.4290271,0.38258865,0.12675355,-0.10889133,0.008133932,0.12609571,0.0837034,-0.029977184,0.3001636,-0.08009023,0.34651121,0.28621584,-0.22888422,0.6252098,0.24141233,-0.5472585,-0.3163084,0.21418786,0.3172011,-0.3384438,-0.021178795,0.28096056,-0.43942457,0.12389383,0.085915975,-0.40484017,0.3430923,-0.04133732,-0.17408106,0.42499232,-0.15722515,0.00044749537,0.52473265,-0.03803815,-0.47126606,0.24115726,0.03154354,-0.67119455,0.2489586,0.016341396,-0.5993856,0.22161302,0.14968294,-0.6367659,0.2588025,0.12269707,-0.6297256,0.19671623,0.10557868,-0.60997057,0.31913525,0.049035784,-0.59900427,0.19051898,0.010661501,-0.010921625420451164,0.2131296545267105,0.0018065832555294037
