frame,Ankle.R_x,Ankle.R_y,Ankle.R_z,Knee.R_x,Knee.R_y,Knee.R_z,Hip.R_x,Hip.R_y,Hip.R_z,Hip.L_x,Hip.L_y,Hip.L_z,Knee.L_x,Knee.L_y,Knee.L_z,Ankle.L_x,Ankle.L_y,Ankle.L_z,Wrist.R_x,Wrist.R_y,Wrist.R_z,Elbow.R_x,Elbow.R_y,Elbow.R_z,Shoulder.R_x,Shoulder.R_y,Shoulder.R_z,Shoulder.L_x,Shoulder.L_y,Shoulder.L_z,Elbow.L_x,Elbow.L_y,Elbow.L_z,Wrist.L_x,Wrist.L_y,Wrist.L_z,Neck_x,Neck_y,Neck_z,Head_x,Head_y,Head_z,Nose_x,Nose_y,Nose_z,Eye.L_x,Eye.L_y,Eye.L_z,Eye.R_x,Eye.R_y,Eye.R_z,Ear.L_x,Ear.L_y,Ear.L_z,Ear.R_x,Ear.R_y,Ear.R_z,hip.Center_x,hip.Center_y,hip.Center_z
0,0.6536466,0.054585885,-0.4127713,0.38473892,0.13844344,-0.1020743,0.005328522,0.12238201,0.080245,-0.028062113,0.30469435,-0.07682117,0.34933993,0.28509307,-0.22462478,0.6201875,0.24387956,-0.5499746,-0.25611135,0.20967335,0.3085175,-0.28508407,-0.022615587,0.25275528,-0.43217856,0.108254135,0.077002145,-0.41104168,0.33942458,-0.03893517,-0.18400037,0.43570906,-0.14919673,0.004880108,0.5310613,-0.0463792,-0.47303137,0.23056504,0.029261338,-0.6723123,0.24285977,0.010686281,-0.60537356,0.19202262,0.13966617,-0.6417257,0.23362038,0.11849282,-0.63388157,0.17549694,0.09082641,-0.61235476,0.30642,0.05785636,-0.59955335,0.18605539,-0.002350904,-0.011366795748472214,0.21353818476200104,0.0017119161784648895
