frame,Ankle.R_x,Ankle.R_y,Ankle.R_z,Knee.R_x,Knee.R_y,Knee.R_z,Hip.R_x,Hip.R_y,Hip.R_z,Hip.L_x,Hip.L_y,Hip.L_z,Knee.L_x,Knee.L_y,Knee.L_z,Ankle.L_x,Ankle.L_y,Ankle.L_z,Wrist.R_x,Wrist.R_y,Wrist.R_z,Elbow.R_x,Elbow.R_y,Elbow.R_z,Shoulder.R_x,Shoulder.R_y,Shoulder.R_z,Shoulder.L_x,Shoulder.L_y,Shoulder.L_z,Elbow.L_x,Elbow.L_y,Elbow.L_z,Wrist.L_x,Wrist.L_y,Wrist.L_z,Neck_x,Neck_y,Neck_z,Head_x,Head_y,Head_z,Nose_x,Nose_y,Nose_z,Eye.L_x,Eye.L_y,Eye.L_z,Eye.R_x,Eye.R_y,Eye.R_z,Ear.L_x,Ear.L_y,Ear.L_z,Ear.R_x,Ear.R_y,Ear.R_z,hip.Center_x,hip.Center_y,hip.Center_z
0,0.6423899,0.025259258,-0.41195035,0.3843095,0.12117382,-0.09668511,0.0029210155,0.12105117,0.0802162,-0.023531133,0.30413562,-0.07697351,0.35879666,0.27898252,-0.21130538,0.61988276,0.23760939,-0.54185855,-0.23707141,0.22675858,0.2917665,-0.28058666,-0.006660746,0.2549056,-0.43248278,0.114381775,0.07937534,-0.41606426,0.33960038,-0.040159784,-0.18552941,0.4319573,-0.14128149,0.01948352,0.50517887,-0.051043667,-0.47439396,0.2318707,0.028506378,-0.6713344,0.22702226,0.0077466695,-0.6020532,0.20031342,0.14266622,-0.6413739,0.23547523,0.115820214,-0.62881047,0.17490116,0.09673327,-0.6171243,0.3006015,0.04565447,-0.5945888,0.17506605,0.0029015392,-0.010305059142410755,0.21259339153766632,0.001621343195438385
