frame,Ankle.R_x,Ankle.R_y,Ankle.R_z,Knee.R_x,Knee.R_y,Knee.R_z,Hip.R_x,Hip.R_y,Hip.R_z,Hip.L_x,Hip.L_y,Hip.L_z,Knee.L_x,Knee.L_y,Knee.L_z,Ankle.L_x,Ankle.L_y,Ankle.L_z,Wrist.R_x,Wrist.R_y,Wrist.R_z,Elbow.R_x,Elbow.R_y,Elbow.R_z,Shoulder.R_x,Shoulder.R_y,Shoulder.R_z,Shoulder.L_x,Shoulder.L_y,Shoulder.L_z,Elbow.L_x,Elbow.L_y,Elbow.L_z,Wrist.L_x,Wrist.L_y,Wrist.L_z,Neck_x,Neck_y,Neck_z,Head_x,Head_y,Head_z,Nose_x,Nose_y,Nose_z,Eye.L_x,Eye.L_y,Eye.L_z,Eye.R_x,Eye.R_y,Eye.R_z,Ear.L_x,Ear.L_y,Ear.L_z,Ear.R_x,Ear.R_y,Ear.R_z,hip.Center_x,hip.Center_y,hip.Center_z
0,0.63817793,0.04187147,-0.41612852,0.38636923,0.11939598,-0.090656914,0.00029720576,0.116564155,0.075538926,-0.022357414,0.30793935,-0.071927816,0.35985267,0.2883532,-0.20649037,0.61853534,0.24431807,-0.5392278,-0.33002383,0.22725216,0.3049969,-0.3316353,-0.010642723,0.2795827,-0.44077897,0.1274502,0.08217336,-0.40722814,0.3475989,-0.044526488,-0.17723301,0.42623702,-0.16377114,-0.0040221075,0.50737727,-0.030002713,-0.47228667,0.24463877,0.02899949,-0.6703278,0.25113514,0.015275076,-0.5980124,0.2258879,0.14900853,-0.6357071,0.26251772,0.12174797,-0.62820023,0.20028289,0.105377,-0.6098027,0.32242692,0.047466382,-0.5973303,0.19350278,0.0102375895,-0.011030104011297226,0.21225175261497498,0.0018055550754070282
