frame,Ankle.R_x,Ankle.R_y,Ankle.R_z,Knee.R_x,Knee.R_y,Knee.R_z,Hip.R_x,Hip.R_y,Hip.R_z,Hip.L_x,Hip.L_y,Hip.L_z,Knee.L_x,Knee.L_y,Knee.L_z,Ankle.L_x,Ankle.L_y,Ankle.L_z,Wrist.R_x,Wrist.R_y,Wrist.R_z,Elbow.R_x,Elbow.R_y,Elbow.R_z,Shoulder.R_x,Shoulder.R_y,Shoulder.R_z,Shoulder.L_x,Shoulder.L_y,Shoulder.L_z,Elbow.L_x,Elbow.L_y,Elbow.L_z,Wrist.L_x,Wrist.L_y,Wrist.L_z,Neck_x,Neck_y,Neck_z,Head_x,Head_y,Head_z,Nose_x,Nose_y,Nose_z,Eye.L_x,Eye.L_y,Eye.L_z,Eye.R_x,Eye.R_y,Eye.R_z,Ear.L_x,Ear.L_y,Ear.L_z,Ear.R_x,Ear.R_y,Ear.R_z,hip.Center_x,hip.Center_y,hip.Center_z
0,0.6515222,0.046668824,-0.40836433,0.385629,0.11760792,-0.09167802,0.0015122264,0.11924952,0.078374855,-0.022481635,0.3059872,-0.07499971,0.36064368,0.28317383,-0.20667452,0.6279454,0.2478894,-0.5353567,-0.33987984,0.22180787,0.29440123,-0.34287077,-0.016430113,0.27383894,-0.442265,0.13134558,0.080309264,-0.41083777,0.35090894,-0.04351966,-0.18134454,0.42222017,-0.16836838,-0.010995417,0.490922,-0.026005415,-0.47466448,0.24730511,0.028770052,-0.67487085,0.23570962,0.025385167,-0.59254646,0.23995434,0.15549086,-0.63480127,0.26841336,0.12492109,-0.62341696,0.20497863,0.119327135,-0.61814743,0.31516516,0.039901197,-0.5983441,0.18311118,0.024769083,-0.010484704747796059,0.2126183658838272,0.001687571406364441
