frame,Ankle.R_x,Ankle.R_y,Ankle.R_z,Knee.R_x,Knee.R_y,Knee.R_z,Hip.R_x,Hip.R_y,Hip.R_z,Hip.L_x,Hip.L_y,Hip.L_z,Knee.L_x,Knee.L_y,Knee.L_z,Ankle.L_x,Ankle.L_y,Ankle.L_z,Wrist.R_x,Wrist.R_y,Wrist.R_z,Elbow.R_x,Elbow.R_y,Elbow.R_z,Shoulder.R_x,Shoulder.R_y,Shoulder.R_z,Shoulder.L_x,Shoulder.L_y,Shoulder.L_z,Elbow.L_x,Elbow.L_y,Elbow.L_z,Wrist.L_x,Wrist.L_y,Wrist.L_z,Neck_x,Neck_y,Neck_z,Head_x,Head_y,Head_z,Nose_x,Nose_y,Nose_z,Eye.L_x,Eye.L_y,Eye.L_z,Eye.R_x,Eye.R_y,Eye.R_z,Ear.L_x,Ear.L_y,Ear.L_z,Ear.R_x,Ear.R_y,Ear.R_z,hip.Center_x,hip.Center_y,hip.Center_z
0,0.71177423,0.12821482,-0.068042524,0.3602004,0.1365025,0.14331609,-0.0055179633,0.08754521,0.028828382,-0.023508035,0.32394713,-0.039866548,0.30472887,0.31973636,-0.28047118,0.36203873,0.3410045,-0.69963604,-0.46771505,-0.39796373,0.105407745,-0.38494372,-0.16865529,0.05451673,-0.4159685,0.0940977,0.092700936,-0.4218388,0.34224582,0.08858136,-0.43731356,0.6002066,0.06151795,-0.49509653,0.8356371,0.10535441,-0.4521401,0.22587372,0.116280064,-0.63522756,0.2783723,0.12189742,-0.57545996,0.22264679,0.25301868,-0.599738,0.27046567,0.22900452,-0.6119302,0.21019632,0.20870553,-0.5570768,0.32452273,0.1584678,-0.5835365,0.20105718,0.110988826,-0.01451299898326397,0.20574617385864258,-0.005519082769751549
