frame,Ankle.R_x,Ankle.R_y,Ankle.R_z,Knee.R_x,Knee.R_y,Knee.R_z,Hip.R_x,Hip.R_y,Hip.R_z,Hip.L_x,Hip.L_y,Hip.L_z,Knee.L_x,Knee.L_y,Knee.L_z,Ankle.L_x,Ankle.L_y,Ankle.L_z,Wrist.R_x,Wrist.R_y,Wrist.R_z,Elbow.R_x,Elbow.R_y,Elbow.R_z,Shoulder.R_x,Shoulder.R_y,Shoulder.R_z,Shoulder.L_x,Shoulder.L_y,Shoulder.L_z,Elbow.L_x,Elbow.L_y,Elbow.L_z,Wrist.L_x,Wrist.L_y,Wrist.L_z,Neck_x,Neck_y,Neck_z,Head_x,Head_y,Head_z,Nose_x,Nose_y,Nose_z,Eye.L_x,Eye.L_y,Eye.L_z,Eye.R_x,Eye.R_y,Eye.R_z,Ear.L_x,Ear.L_y,Ear.L_z,Ear.R_x,Ear.R_y,Ear.R_z,hip.Center_x,hip.Center_y,hip.Center_z
0,0.7234942,0.12714474,-0.09118772,0.37566411,0.13364632,0.12718366,-0.0024425555,0.09441258,0.041394398,-0.02809959,0.32011726,-0.05207882,0.3018998,0.31850845,-0.28524694,0.39863303,0.33891496,-0.6989441,-0.44276184,-0.41162938,0.09231315,-0.37423417,-0.1753897,0.052573014,-0.41332582,0.0861648,0.09143844,-0.4324557,0.33246234,0.07978604,-0.4525176,0.5906855,0.045620658,-0.5076332,0.8265331,0.089102685,-0.45625216,0.21490435,0.11149931,-0.6406735,0.259203,0.117687695,-0.57981217,0.20032202,0.24733391,-0.60614055,0.24801928,0.22512051,-0.61484414,0.18823372,0.20165879,-0.5654551,0.30770186,0.15771265,-0.5846942,0.18528304,0.10409206,-0.015271073207259178,0.20726493000984192,-0.005342211574316025
