frame,Ankle.R_x,Ankle.R_y,Ankle.R_z,Knee.R_x,Knee.R_y,Knee.R_z,Hip.R_x,Hip.R_y,Hip.R_z,Hip.L_x,Hip.L_y,Hip.L_z,Knee.L_x,Knee.L_y,Knee.L_z,Ankle.L_x,Ankle.L_y,Ankle.L_z,Wrist.R_x,Wrist.R_y,Wrist.R_z,Elbow.R_x,Elbow.R_y,Elbow.R_z,Shoulder.R_x,Shoulder.R_y,Shoulder.R_z,Shoulder.L_x,Shoulder.L_y,Shoulder.L_z,Elbow.L_x,Elbow.L_y,Elbow.L_z,Wrist.L_x,Wrist.L_y,Wrist.L_z,Neck_x,Neck_y,Neck_z,Head_x,Head_y,Head_z,Nose_x,Nose_y,Nose_z,Eye.L_x,Eye.L_y,Eye.L_z,Eye.R_x,Eye.R_y,Eye.R_z,Ear.L_x,Ear.L_y,Ear.L_z,Ear.R_x,Ear.R_y,Ear.R_z,hip.Center_x,hip.Center_y,hip.Center_z
0,0.3780405,0.106576,0.07498788,0.06951851,0.10560802,0.31661615,-0.039446857,0.08271734,-0.033689335,0.00031839576,0.33426794,0.00053173216,0.2671158,0.28933755,-0.29566777,0.39426616,0.26709408,-0.7233049,0.06411679,-0.10839512,0.07183138,-0.18460524,-0.050104257,0.030408181,-0.4043542,0.123947114,-0.004708525,-0.34724554,0.3831936,0.09478354,-0.08169029,0.45950934,0.11380055,0.16554753,0.49437577,0.14213765,-0.44710764,0.2588648,0.049723677,-0.62450176,0.34946054,0.09393314,-0.58522004,0.289678,-0.04189495,-0.63008106,0.29113063,-0.00055439025,-0.58488524,0.3381095,-0.008415706,-0.623636,0.24743819,0.092361555,-0.53310955,0.34913468,0.076264486,-0.019564229995012283,0.20849263668060303,-0.016578800976276398
