frame,Ankle.R_x,Ankle.R_y,Ankle.R_z,Knee.R_x,Knee.R_y,Knee.R_z,Hip.R_x,Hip.R_y,Hip.R_z,Hip.L_x,Hip.L_y,Hip.L_z,Knee.L_x,Knee.L_y,Knee.L_z,Ankle.L_x,Ankle.L_y,Ankle.L_z,Wrist.R_x,Wrist.R_y,Wrist.R_z,Elbow.R_x,Elbow.R_y,Elbow.R_z,Shoulder.R_x,Shoulder.R_y,Shoulder.R_z,Shoulder.L_x,Shoulder.L_y,Shoulder.L_z,Elbow.L_x,Elbow.L_y,Elbow.L_z,Wrist.L_x,Wrist.L_y,Wrist.L_z,Neck_x,Neck_y,Neck_z,Head_x,Head_y,Head_z,Nose_x,Nose_y,Nose_z,Eye.L_x,Eye.L_y,Eye.L_z,Eye.R_x,Eye.R_y,Eye.R_z,Ear.L_x,Ear.L_y,Ear.L_z,Ear.R_x,Ear.R_y,Ear.R_z,hip.Center_x,hip.Center_y,hip.Center_z
0,0.36187282,0.082207695,0.07595953,0.064272724,0.1199513,0.325193,-0.040253714,0.081595585,-0.027054911,0.0010230156,0.3322663,-0.0080381045,0.29885694,0.30125928,-0.27223966,0.3973721,0.28855264,-0.706053,-0.033561178,-0.17712288,0.11162796,-0.23414905,-0.05124286,0.009390093,-0.42126945,0.1485699,-0.014604301,-0.3571087,0.40065506,0.0878333,-0.11008321,0.501346,0.13882765,0.113393754,0.5544348,0.23322996,-0.45154095,0.27870253,0.041950315,-0.61332935,0.37458736,0.093034916,-0.5834553,0.31514794,-0.04506168,-0.6263491,0.31884795,-0.0025022812,-0.5780451,0.3624567,-0.0109237395,-0.61965096,0.27372584,0.08970346,-0.5222868,0.36796403,0.07175997,-0.019615348428487778,0.20693093538284302,-0.017546508461236954
