frame,Ankle.R_x,Ankle.R_y,Ankle.R_z,Knee.R_x,Knee.R_y,Knee.R_z,Hip.R_x,Hip.R_y,Hip.R_z,Hip.L_x,Hip.L_y,Hip.L_z,Knee.L_x,Knee.L_y,Knee.L_z,Ankle.L_x,Ankle.L_y,Ankle.L_z,Wrist.R_x,Wrist.R_y,Wrist.R_z,Elbow.R_x,Elbow.R_y,Elbow.R_z,Shoulder.R_x,Shoulder.R_y,Shoulder.R_z,Shoulder.L_x,Shoulder.L_y,Shoulder.L_z,Elbow.L_x,Elbow.L_y,Elbow.L_z,Wrist.L_x,Wrist.L_y,Wrist.L_z,Neck_x,Neck_y,Neck_z,Head_x,Head_y,Head_z,Nose_x,Nose_y,Nose_z,Eye.L_x,Eye.L_y,Eye.L_z,Eye.R_x,Eye.R_y,Eye.R_z,Ear.L_x,Ear.L_y,Ear.L_z,Ear.R_x,Ear.R_y,Ear.R_z,hip.Center_x,hip.Center_y,hip.Center_z
0,0.24516003,0.044243243,0.08819945,-0.012987916,0.18673848,0.32503173,-0.049578167,0.07901477,-0.0055148485,0.0097177,0.32113245,-0.03580839,0.3853001,0.34866035,-0.14847013,0.41093677,0.35149193,-0.5730476,-0.6155723,-0.20377593,0.17448302,-0.49655125,-0.044687312,0.019861601,-0.43461245,0.21273102,-0.018853694,-0.36924356,0.44016817,0.054489896,-0.34336054,0.6507228,0.20284587,-0.35717365,0.7392231,0.4290071,-0.43564034,0.3287547,0.031087628,-0.55475974,0.43936318,0.11928344,-0.5850506,0.35849506,-0.0049791127,-0.60657084,0.37136436,0.04857337,-0.56563544,0.40976527,0.014341867,-0.5609822,0.3439169,0.13578646,-0.47998714,0.4238773,0.0641513,-0.01993023417890072,0.20007361471652985,-0.020661618560552597
