frame,Ankle.R_x,Ankle.R_y,Ankle.R_z,Knee.R_x,Knee.R_y,Knee.R_z,Hip.R_x,Hip.R_y,Hip.R_z,Hip.L_x,Hip.L_y,Hip.L_z,Knee.L_x,Knee.L_y,Knee.L_z,Ankle.L_x,Ankle.L_y,Ankle.L_z,Wrist.R_x,Wrist.R_y,Wrist.R_z,Elbow.R_x,Elbow.R_y,Elbow.R_z,Shoulder.R_x,Shoulder.R_y,Shoulder.R_z,Shoulder.L_x,Shoulder.L_y,Shoulder.L_z,Elbow.L_x,Elbow.L_y,Elbow.L_z,Wrist.L_x,Wrist.L_y,Wrist.L_z,Neck_x,Neck_y,Neck_z,Head_x,Head_y,Head_z,Nose_x,Nose_y,Nose_z,Eye.L_x,Eye.L_y,Eye.L_z,Eye.R_x,Eye.R_y,Eye.R_z,Ear.L_x,Ear.L_y,Ear.L_z,Ear.R_x,Ear.R_y,Ear.R_z,hip.Center_x,hip.Center_y,hip.Center_z
0,0.19778639,0.04468149,0.057168156,0.0023064434,0.21097793,0.33389458,-0.057101212,0.08475107,0.012207774,0.012782446,0.3172449,-0.0592826,0.40330708,0.36459157,-0.0779216,0.44129023,0.37127557,-0.49583247,-0.72574085,-0.18156128,0.1146414,-0.5538774,0.0008184128,0.050649982,-0.42996112,0.22624674,-0.0011377437,-0.3576967,0.46612924,0.024150206,-0.419102,0.6537124,0.17879824,-0.5050995,0.77381516,0.3855363,-0.4223555,0.35393333,0.030644985,-0.56271684,0.46978858,0.098411515,-0.5814081,0.32183844,0.07291166,-0.5874388,0.36287695,0.11406013,-0.5887872,0.37547404,0.049911506,-0.50909853,0.41170695,0.15620865,-0.514416,0.43888927,0.024204817,-0.022159382700920105,0.2009979784488678,-0.02353741228580475
