frame,Ankle.R_x,Ankle.R_y,Ankle.R_z,Knee.R_x,Knee.R_y,Knee.R_z,Hip.R_x,Hip.R_y,Hip.R_z,Hip.L_x,Hip.L_y,Hip.L_z,Knee.L_x,Knee.L_y,Knee.L_z,Ankle.L_x,Ankle.L_y,Ankle.L_z,Wrist.R_x,Wrist.R_y,Wrist.R_z,Elbow.R_x,Elbow.R_y,Elbow.R_z,Shoulder.R_x,Shoulder.R_y,Shoulder.R_z,Shoulder.L_x,Shoulder.L_y,Shoulder.L_z,Elbow.L_x,Elbow.L_y,Elbow.L_z,Wrist.L_x,Wrist.L_y,Wrist.L_z,Neck_x,Neck_y,Neck_z,Head_x,Head_y,Head_z,Nose_x,Nose_y,Nose_z,Eye.L_x,Eye.L_y,Eye.L_z,Eye.R_x,Eye.R_y,Eye.R_z,Ear.L_x,Ear.L_y,Ear.L_z,Ear.R_x,Ear.R_y,Ear.R_z,hip.Center_x,hip.Center_y,hip.Center_z
0,0.09927239,0.056626864,0.018755818,0.009555169,0.23964058,0.33490035,-0.060762346,0.08746726,0.015953973,0.018758273,0.31359297,-0.07229103,0.38000283,0.38918415,0.08995252,0.4143424,0.38234505,-0.32121202,-0.8011693,-0.117715955,0.0679866,-0.6048162,0.051289875,0.047993667,-0.43195692,0.24464513,0.025989635,-0.3666446,0.46765572,0.025327243,-0.49773163,0.66234016,0.11188101,-0.66426104,0.8209163,0.22622441,-0.4151171,0.3603061,0.054461177,-0.5586005,0.44776934,0.14540786,-0.52683085,0.29964334,0.16837889,-0.5341521,0.35029605,0.19594054,-0.5609347,0.33757725,0.1377163,-0.47141388,0.42934936,0.18707603,-0.5297902,0.40456456,0.06680056,-0.021002035588026047,0.20053011178970337,-0.028168529272079468
