frame,Ankle.R_x,Ankle.R_y,Ankle.R_z,Knee.R_x,Knee.R_y,Knee.R_z,Hip.R_x,Hip.R_y,Hip.R_z,Hip.L_x,Hip.L_y,Hip.L_z,Knee.L_x,Knee.L_y,Knee.L_z,Ankle.L_x,Ankle.L_y,Ankle.L_z,Wrist.R_x,Wrist.R_y,Wrist.R_z,Elbow.R_x,Elbow.R_y,Elbow.R_z,Shoulder.R_x,Shoulder.R_y,Shoulder.R_z,Shoulder.L_x,Shoulder.L_y,Shoulder.L_z,Elbow.L_x,Elbow.L_y,Elbow.L_z,Wrist.L_x,Wrist.L_y,Wrist.L_z,Neck_x,Neck_y,Neck_z,Head_x,Head_y,Head_z,Nose_x,Nose_y,Nose_z,Eye.L_x,Eye.L_y,Eye.L_z,Eye.R_x,Eye.R_y,Eye.R_z,Ear.L_x,Ear.L_y,Ear.L_z,Ear.R_x,Ear.R_y,Ear.R_z,hip.Center_x,hip.Center_y,hip.Center_z
0,0.047622085,0.058623344,0.010460179,0.041338366,0.22577852,0.35627472,-0.06317922,0.09027907,0.015036207,0.02615027,0.3154248,-0.0815293,0.3018838,0.3575483,0.23301479,0.464384,0.38243613,-0.15560785,-0.8204799,-0.0927325,0.07006443,-0.60889816,0.05975823,0.05343405,-0.4244292,0.2509613,0.06022109,-0.37989542,0.45931175,0.034546256,-0.53929996,0.6613756,0.04554188,-0.70089066,0.8538734,0.11307415,-0.40625414,0.35435894,0.0787154,-0.5438889,0.41466987,0.16021688,-0.48888245,0.27459818,0.20200656,-0.5047548,0.32684776,0.22305463,-0.526419,0.30327833,0.16576228,-0.45381248,0.41476095,0.20780419,-0.5042912,0.3671613,0.08829899,-0.018514472991228104,0.20285193622112274,-0.03324654698371887
