frame,Ankle.R_x,Ankle.R_y,Ankle.R_z,Knee.R_x,Knee.R_y,Knee.R_z,Hip.R_x,Hip.R_y,Hip.R_z,Hip.L_x,Hip.L_y,Hip.L_z,Knee.L_x,Knee.L_y,Knee.L_z,Ankle.L_x,Ankle.L_y,Ankle.L_z,Wrist.R_x,Wrist.R_y,Wrist.R_z,Elbow.R_x,Elbow.R_y,Elbow.R_z,Shoulder.R_x,Shoulder.R_y,Shoulder.R_z,Shoulder.L_x,Shoulder.L_y,Shoulder.L_z,Elbow.L_x,Elbow.L_y,Elbow.L_z,Wrist.L_x,Wrist.L_y,Wrist.L_z,Neck_x,Neck_y,Neck_z,Head_x,Head_y,Head_z,Nose_x,Nose_y,Nose_z,Eye.L_x,Eye.L_y,Eye.L_z,Eye.R_x,Eye.R_y,Eye.R_z,Ear.L_x,Ear.L_y,Ear.L_z,Ear.R_x,Ear.R_y,Ear.R_z,hip.Center_x,hip.Center_y,hip.Center_z
0,0.07700484,-0.010063492,0.013918007,0.005006528,0.1646061,0.35819957,-0.057306267,0.08210304,-0.008804644,0.026150431,0.32710642,-0.066921756,0.075184055,0.31758904,0.3282396,0.375283,0.48957545,0.08522689,-0.80690175,-0.12196803,0.10218301,-0.60332704,0.023195192,0.02295003,-0.43105036,0.22545445,0.05021993,-0.3814097,0.45726833,0.032037534,-0.409833,0.71757954,0.06959174,-0.464656,0.89987767,0.24884732,-0.4217035,0.34132195,0.070057474,-0.56858695,0.2944133,0.1716204,-0.45500356,0.3701576,0.24799165,-0.5114905,0.37461656,0.22973718,-0.48016077,0.31789678,0.2400052,-0.53978634,0.3821411,0.13596988,-0.48119935,0.2589324,0.15456547,-0.015577917918562889,0.20460473001003265,-0.037863198667764664
