frame,Ankle.R_x,Ankle.R_y,Ankle.R_z,Knee.R_x,Knee.R_y,Knee.R_z,Hip.R_x,Hip.R_y,Hip.R_z,Hip.L_x,Hip.L_y,Hip.L_z,Knee.L_x,Knee.L_y,Knee.L_z,Ankle.L_x,Ankle.L_y,Ankle.L_z,Wrist.R_x,Wrist.R_y,Wrist.R_z,Elbow.R_x,Elbow.R_y,Elbow.R_z,Shoulder.R_x,Shoulder.R_y,Shoulder.R_z,Shoulder.L_x,Shoulder.L_y,Shoulder.L_z,Elbow.L_x,Elbow.L_y,Elbow.L_z,Wrist.L_x,Wrist.L_y,Wrist.L_z,Neck_x,Neck_y,Neck_z,Head_x,Head_y,Head_z,Nose_x,Nose_y,Nose_z,Eye.L_x,Eye.L_y,Eye.L_z,Eye.R_x,Eye.R_y,Eye.R_z,Ear.L_x,Ear.L_y,Ear.L_z,Ear.R_x,Ear.R_y,Ear.R_z,hip.Center_x,hip.Center_y,hip.Center_z
0,0.13864134,-0.021122409,0.015349214,-0.021201067,0.0948373,0.35008425,-0.05608702,0.0820604,-0.030813865,0.029211035,0.33400568,-0.047303356,0.029336186,0.2435637,0.34246606,0.3002511,0.48916453,0.14606678,-0.80933315,-0.09146011,0.12193978,-0.6067566,0.032729995,0.0121543035,-0.4290833,0.228832,0.04472249,-0.36273172,0.46797252,0.04224406,-0.34684047,0.7234476,0.11090936,-0.36060983,0.90431714,0.29907265,-0.41601065,0.3466433,0.06925729,-0.5511101,0.28583673,0.18832314,-0.44513404,0.38493434,0.24323127,-0.5022644,0.37983245,0.23044237,-0.46224254,0.32995263,0.24452245,-0.53933656,0.37099862,0.14022917,-0.46119967,0.2604964,0.16654818,-0.01343799289315939,0.20803304016590118,-0.039058610796928406
