frame,Ankle.R_x,Ankle.R_y,Ankle.R_z,Knee.R_x,Knee.R_y,Knee.R_z,Hip.R_x,Hip.R_y,Hip.R_z,Hip.L_x,Hip.L_y,Hip.L_z,Knee.L_x,Knee.L_y,Knee.L_z,Ankle.L_x,Ankle.L_y,Ankle.L_z,Wrist.R_x,Wrist.R_y,Wrist.R_z,Elbow.R_x,Elbow.R_y,Elbow.R_z,Shoulder.R_x,Shoulder.R_y,Shoulder.R_z,Shoulder.L_x,Shoulder.L_y,Shoulder.L_z,Elbow.L_x,Elbow.L_y,Elbow.L_z,Wrist.L_x,Wrist.L_y,Wrist.L_z,Neck_x,Neck_y,Neck_z,Head_x,Head_y,Head_z,Nose_x,Nose_y,Nose_z,Eye.L_x,Eye.L_y,Eye.L_z,Eye.R_x,Eye.R_y,Eye.R_z,Ear.L_x,Ear.L_y,Ear.L_z,Ear.R_x,Ear.R_y,Ear.R_z,hip.Center_x,hip.Center_y,hip.Center_z
0,0.24885558,-0.037123237,0.069802076,-0.022399437,0.07435872,0.34062636,-0.054965116,0.08293807,-0.040385827,0.029556772,0.3341909,-0.03756104,0.024215389,0.23591746,0.34249505,0.28563938,0.451882,0.11853461,-0.8617557,-0.042397093,0.11595533,-0.63933676,0.06283308,0.026085505,-0.4376161,0.23157232,0.042265624,-0.35612005,0.46511647,0.06050695,-0.33099386,0.7071031,0.15445577,-0.34213778,0.9043002,0.32526377,-0.41870207,0.3451703,0.07753942,-0.54649484,0.28073713,0.20683986,-0.44579446,0.39092913,0.24687417,-0.5024674,0.3808956,0.238119,-0.4589443,0.3352991,0.25464153,-0.54181886,0.36113074,0.15202177,-0.45729625,0.2590561,0.1833741,-0.012704172171652317,0.20856449007987976,-0.03897343575954437
