frame,Ankle.R_x,Ankle.R_y,Ankle.R_z,Knee.R_x,Knee.R_y,Knee.R_z,Hip.R_x,Hip.R_y,Hip.R_z,Hip.L_x,Hip.L_y,Hip.L_z,Knee.L_x,Knee.L_y,Knee.L_z,Ankle.L_x,Ankle.L_y,Ankle.L_z,Wrist.R_x,Wrist.R_y,Wrist.R_z,Elbow.R_x,Elbow.R_y,Elbow.R_z,Shoulder.R_x,Shoulder.R_y,Shoulder.R_z,Shoulder.L_x,Shoulder.L_y,Shoulder.L_z,Elbow.L_x,Elbow.L_y,Elbow.L_z,Wrist.L_x,Wrist.L_y,Wrist.L_z,Neck_x,Neck_y,Neck_z,Head_x,Head_y,Head_z,Nose_x,Nose_y,Nose_z,Eye.L_x,Eye.L_y,Eye.L_z,Eye.R_x,Eye.R_y,Eye.R_z,Ear.L_x,Ear.L_y,Ear.L_z,Ear.R_x,Ear.R_y,Ear.R_z,hip.Center_x,hip.Center_y,hip.Center_z
0,0.24826628,-0.03266711,0.099372506,-0.04524646,0.061942697,0.32643571,-0.05022618,0.08314466,-0.043697275,0.025178714,0.3349911,-0.032463774,0.029731676,0.22267216,0.34285942,0.31332815,0.4073642,0.13222869,-0.88058054,0.037123047,0.15098059,-0.6477271,0.06143189,0.034414284,-0.43564665,0.21434465,0.056445498,-0.36746866,0.4487654,0.072187334,-0.3440613,0.7004963,0.1444067,-0.372083,0.8994605,0.31166393,-0.41998506,0.32623133,0.09382547,-0.5392184,0.26602185,0.23702733,-0.43790317,0.37940896,0.2618605,-0.4946281,0.36854863,0.25723052,-0.44974124,0.32456443,0.2746681,-0.53972006,0.34154052,0.17610058,-0.4506698,0.24239591,0.20912054,-0.012523734010756016,0.20906788110733032,-0.038080524653196335
