frame,Ankle.R_x,Ankle.R_y,Ankle.R_z,Knee.R_x,Knee.R_y,Knee.R_z,Hip.R_x,Hip.R_y,Hip.R_z,Hip.L_x,Hip.L_y,Hip.L_z,Knee.L_x,Knee.L_y,Knee.L_z,Ankle.L_x,Ankle.L_y,Ankle.L_z,Wrist.R_x,Wrist.R_y,Wrist.R_z,Elbow.R_x,Elbow.R_y,Elbow.R_z,Shoulder.R_x,Shoulder.R_y,Shoulder.R_z,Shoulder.L_x,Shoulder.L_y,Shoulder.L_z,Elbow.L_x,Elbow.L_y,Elbow.L_z,Wrist.L_x,Wrist.L_y,Wrist.L_z,Neck_x,Neck_y,Neck_z,Head_x,Head_y,Head_z,Nose_x,Nose_y,Nose_z,Eye.L_x,Eye.L_y,Eye.L_z,Eye.R_x,Eye.R_y,Eye.R_z,Ear.L_x,Ear.L_y,Ear.L_z,Ear.R_x,Ear.R_y,Ear.R_z,hip.Center_x,hip.Center_y,hip.Center_z
0,0.39563125,0.07711289,-0.7348343,0.22621448,0.10585003,-0.34799477,-0.006418339,0.08024507,-0.01378937,0.010262752,0.31954378,0.027154503,0.2037454,0.3024799,-0.3447624,0.37629676,0.29753375,-0.74481875,-0.24718827,-0.10657419,0.15190563,-0.27384666,-0.10920251,-0.091830485,-0.3837081,0.082008705,0.09051985,-0.39517313,0.32173637,0.11453648,-0.4125389,0.53325844,-0.06175147,-0.30563736,0.6149878,0.12730059,-0.4299749,0.19176914,0.13543074,-0.62424487,0.20809701,0.14547452,-0.50883627,0.19704306,0.04614915,-0.56293577,0.17460287,0.060508654,-0.54416144,0.234526,0.07662895,-0.5792925,0.11747918,0.14045313,-0.54482865,0.24626942,0.17477998,0.001922206487506628,0.19989442825317383,0.006682566832751036
