frame,Ankle.R_x,Ankle.R_y,Ankle.R_z,Knee.R_x,Knee.R_y,Knee.R_z,Hip.R_x,Hip.R_y,Hip.R_z,Hip.L_x,Hip.L_y,Hip.L_z,Knee.L_x,Knee.L_y,Knee.L_z,Ankle.L_x,Ankle.L_y,Ankle.L_z,Wrist.R_x,Wrist.R_y,Wrist.R_z,Elbow.R_x,Elbow.R_y,Elbow.R_z,Shoulder.R_x,Shoulder.R_y,Shoulder.R_z,Shoulder.L_x,Shoulder.L_y,Shoulder.L_z,Elbow.L_x,Elbow.L_y,Elbow.L_z,Wrist.L_x,Wrist.L_y,Wrist.L_z,Neck_x,Neck_y,Neck_z,Head_x,Head_y,Head_z,Nose_x,Nose_y,Nose_z,Eye.L_x,Eye.L_y,Eye.L_z,Eye.R_x,Eye.R_y,Eye.R_z,Ear.L_x,Ear.L_y,Ear.L_z,Ear.R_x,Ear.R_y,Ear.R_z,hip.Center_x,hip.Center_y,hip.Center_z
0,0.27529132,-0.0066287867,0.068306595,-0.037555844,0.0013301698,0.29935357,-0.04192409,0.08385682,-0.064330995,0.019073417,0.33450606,-0.008552775,-0.006187748,0.1673468,0.33402938,0.24021687,0.39219004,0.120480224,-0.58018357,0.44512007,0.16479671,-0.5353066,0.21414608,0.27438018,-0.4266956,0.16524982,0.05560467,-0.39913696,0.40347147,0.050086856,-0.41295838,0.6272824,0.1855693,-0.55508465,0.803159,0.30376077,-0.43530166,0.27525946,0.06637091,-0.53992414,0.23220971,0.2358731,-0.46304527,0.35824066,0.2038382,-0.5166707,0.33908412,0.21300228,-0.46225363,0.31134897,0.23554732,-0.5642095,0.2789291,0.15381815,-0.45264205,0.21308184,0.20187885,-0.011425335891544819,0.20918144285678864,-0.03644188493490219
