frame,Ankle.R_x,Ankle.R_y,Ankle.R_z,Knee.R_x,Knee.R_y,Knee.R_z,Hip.R_x,Hip.R_y,Hip.R_z,Hip.L_x,Hip.L_y,Hip.L_z,Knee.L_x,Knee.L_y,Knee.L_z,Ankle.L_x,Ankle.L_y,Ankle.L_z,Wrist.R_x,Wrist.R_y,Wrist.R_z,Elbow.R_x,Elbow.R_y,Elbow.R_z,Shoulder.R_x,Shoulder.R_y,Shoulder.R_z,Shoulder.L_x,Shoulder.L_y,Shoulder.L_z,Elbow.L_x,Elbow.L_y,Elbow.L_z,Wrist.L_x,Wrist.L_y,Wrist.L_z,Neck_x,Neck_y,Neck_z,Head_x,Head_y,Head_z,Nose_x,Nose_y,Nose_z,Eye.L_x,Eye.L_y,Eye.L_z,Eye.R_x,Eye.R_y,Eye.R_z,Ear.L_x,Ear.L_y,Ear.L_z,Ear.R_x,Ear.R_y,Ear.R_z,hip.Center_x,hip.Center_y,hip.Center_z
0,0.23219691,0.0033252998,0.03881742,-0.03593398,0.019899912,0.3038846,-0.040527567,0.0815892,-0.061415303,0.017158348,0.33548132,-0.012073811,-0.013703428,0.19334164,0.3338702,0.1911791,0.40387005,0.08980601,-0.40474093,0.5025612,0.1838154,-0.42308682,0.2611786,0.2815075,-0.43369505,0.1691058,0.049903184,-0.4104513,0.4039414,0.029854516,-0.37336016,0.62450314,0.17381649,-0.50653327,0.7217759,0.37015617,-0.44383928,0.27943534,0.04934087,-0.54556376,0.2609738,0.22171225,-0.46487156,0.38076553,0.17335585,-0.5190244,0.3639593,0.18470764,-0.4651254,0.3383234,0.21084201,-0.5678025,0.29777583,0.13450128,-0.45715424,0.23497891,0.1899263,-0.011684609577059746,0.20853525400161743,-0.036744557321071625
