frame,Ankle.R_x,Ankle.R_y,Ankle.R_z,Knee.R_x,Knee.R_y,Knee.R_z,Hip.R_x,Hip.R_y,Hip.R_z,Hip.L_x,Hip.L_y,Hip.L_z,Knee.L_x,Knee.L_y,Knee.L_z,Ankle.L_x,Ankle.L_y,Ankle.L_z,Wrist.R_x,Wrist.R_y,Wrist.R_z,Elbow.R_x,Elbow.R_y,Elbow.R_z,Shoulder.R_x,Shoulder.R_y,Shoulder.R_z,Shoulder.L_x,Shoulder.L_y,Shoulder.L_z,Elbow.L_x,Elbow.L_y,Elbow.L_z,Wrist.L_x,Wrist.L_y,Wrist.L_z,Neck_x,Neck_y,Neck_z,Head_x,Head_y,Head_z,Nose_x,Nose_y,Nose_z,Eye.L_x,Eye.L_y,Eye.L_z,Eye.R_x,Eye.R_y,Eye.R_z,Ear.L_x,Ear.L_y,Ear.L_z,Ear.R_x,Ear.R_y,Ear.R_z,hip.Center_x,hip.Center_y,hip.Center_z
0,0.18379031,0.039254736,0.011718888,-0.04580244,0.0056363824,0.31186062,-0.046136595,0.080624506,-0.05239819,0.024824914,0.33905205,-0.026632598,-0.051473517,0.2020665,0.31879705,0.13439764,0.4302161,0.06138981,-0.060398057,0.5083413,0.23254915,-0.20513277,0.2892619,0.21989866,-0.39273667,0.19190893,0.07277101,-0.39983988,0.42853114,0.008879012,-0.30506316,0.6113157,0.18180408,-0.316665,0.55894744,0.4327156,-0.43388554,0.30173242,0.04003534,-0.5571804,0.2866197,0.1949412,-0.48013207,0.40858585,0.14538781,-0.53464705,0.3884659,0.15336224,-0.48134643,0.36834472,0.18533987,-0.5745436,0.31551215,0.1022836,-0.4655103,0.2664005,0.17280911,-0.0106558408588171,0.20983827114105225,-0.03951539471745491
