frame,Ankle.R_x,Ankle.R_y,Ankle.R_z,Knee.R_x,Knee.R_y,Knee.R_z,Hip.R_x,Hip.R_y,Hip.R_z,Hip.L_x,Hip.L_y,Hip.L_z,Knee.L_x,Knee.L_y,Knee.L_z,Ankle.L_x,Ankle.L_y,Ankle.L_z,Wrist.R_x,Wrist.R_y,Wrist.R_z,Elbow.R_x,Elbow.R_y,Elbow.R_z,Shoulder.R_x,Shoulder.R_y,Shoulder.R_z,Shoulder.L_x,Shoulder.L_y,Shoulder.L_z,Elbow.L_x,Elbow.L_y,Elbow.L_z,Wrist.L_x,Wrist.L_y,Wrist.L_z,Neck_x,Neck_y,Neck_z,Head_x,Head_y,Head_z,Nose_x,Nose_y,Nose_z,Eye.L_x,Eye.L_y,Eye.L_z,Eye.R_x,Eye.R_y,Eye.R_z,Ear.L_x,Ear.L_y,Ear.L_z,Ear.R_x,Ear.R_y,Ear.R_z,hip.Center_x,hip.Center_y,hip.Center_z
0,0.13556574,0.04135979,-0.027187984,-0.06313798,0.011079239,0.30431163,-0.05175911,0.082264945,-0.039525613,0.025494378,0.34353507,-0.04511905,-0.04923315,0.22444691,0.29592556,0.06780852,0.4673619,0.011264287,0.14981103,0.3010462,0.19763015,-0.07377648,0.16074489,0.17566721,-0.33560145,0.16800441,0.17836985,-0.37720507,0.41101345,0.10563068,-0.1706879,0.51980543,0.22700831,-0.00013453327,0.53946507,0.4240187,-0.40377226,0.29857793,0.1416548,-0.5722308,0.39810783,0.15583535,-0.4499651,0.41851914,0.06376508,-0.5052912,0.39718854,0.065666646,-0.48160732,0.4463225,0.10375195,-0.5329616,0.3213531,0.12051383,-0.48562738,0.41858697,0.20944324,-0.013132365420460701,0.21290001273155212,-0.04232233017683029
