frame,Ankle.R_x,Ankle.R_y,Ankle.R_z,Knee.R_x,Knee.R_y,Knee.R_z,Hip.R_x,Hip.R_y,Hip.R_z,Hip.L_x,Hip.L_y,Hip.L_z,Knee.L_x,Knee.L_y,Knee.L_z,Ankle.L_x,Ankle.L_y,Ankle.L_z,Wrist.R_x,Wrist.R_y,Wrist.R_z,Elbow.R_x,Elbow.R_y,Elbow.R_z,Shoulder.R_x,Shoulder.R_y,Shoulder.R_z,Shoulder.L_x,Shoulder.L_y,Shoulder.L_z,Elbow.L_x,Elbow.L_y,Elbow.L_z,Wrist.L_x,Wrist.L_y,Wrist.L_z,Neck_x,Neck_y,Neck_z,Head_x,Head_y,Head_z,Nose_x,Nose_y,Nose_z,Eye.L_x,Eye.L_y,Eye.L_z,Eye.R_x,Eye.R_y,Eye.R_z,Ear.L_x,Ear.L_y,Ear.L_z,Ear.R_x,Ear.R_y,Ear.R_z,hip.Center_x,hip.Center_y,hip.Center_z
0,0.1118701,0.03894161,-0.044505473,-0.08629342,0.0029602791,0.27860588,-0.04177333,0.07858611,-0.05168639,0.014484663,0.34340027,-0.035872605,-0.07624658,0.24379154,0.28877226,0.0237822,0.48079684,0.00022750636,0.17112921,0.20895264,0.17683871,-0.07084249,0.10326879,0.15780078,-0.3311923,0.12752451,0.16353977,-0.36020672,0.38661364,0.13922389,-0.1467552,0.51127326,0.24117205,0.068567425,0.59861434,0.3592509,-0.3933401,0.26829362,0.15727991,-0.55194116,0.3819007,0.19000463,-0.43210348,0.39335337,0.09517639,-0.4893564,0.37902096,0.09801501,-0.45841503,0.4216866,0.13794118,-0.5244982,0.30435112,0.14863989,-0.4626463,0.38701668,0.2410347,-0.013644333928823471,0.2109931856393814,-0.04377949982881546
