frame,Ankle.R_x,Ankle.R_y,Ankle.R_z,Knee.R_x,Knee.R_y,Knee.R_z,Hip.R_x,Hip.R_y,Hip.R_z,Hip.L_x,Hip.L_y,Hip.L_z,Knee.L_x,Knee.L_y,Knee.L_z,Ankle.L_x,Ankle.L_y,Ankle.L_z,Wrist.R_x,Wrist.R_y,Wrist.R_z,Elbow.R_x,Elbow.R_y,Elbow.R_z,Shoulder.R_x,Shoulder.R_y,Shoulder.R_z,Shoulder.L_x,Shoulder.L_y,Shoulder.L_z,Elbow.L_x,Elbow.L_y,Elbow.L_z,Wrist.L_x,Wrist.L_y,Wrist.L_z,Neck_x,Neck_y,Neck_z,Head_x,Head_y,Head_z,Nose_x,Nose_y,Nose_z,Eye.L_x,Eye.L_y,Eye.L_z,Eye.R_x,Eye.R_y,Eye.R_z,Ear.L_x,Ear.L_y,Ear.L_z,Ear.R_x,Ear.R_y,Ear.R_z,hip.Center_x,hip.Center_y,hip.Center_z
0,0.09254728,0.021512978,-0.048524525,-0.101560794,-0.0009190076,0.27251348,-0.041513104,0.08189516,-0.07159002,0.014136221,0.34266058,-0.021693168,-0.10695052,0.24808486,0.29302353,0.009067743,0.48301268,0.012355552,0.1747941,0.14762622,0.1558691,-0.07325524,0.060263798,0.1220819,-0.33780274,0.11799371,0.08139444,-0.33864972,0.39439029,0.12013838,-0.13074079,0.5374019,0.23500052,0.08637573,0.65865797,0.31069914,-0.38870507,0.26263803,0.119264185,-0.49475968,0.3226463,0.28842118,-0.40221202,0.39699194,0.19268966,-0.45824802,0.39268887,0.20928088,-0.4057628,0.37740776,0.24538994,-0.51507527,0.315183,0.19592309,-0.40903768,0.2743167,0.27478695,-0.01368844136595726,0.2122778594493866,-0.04664159566164017
