frame,Ankle.R_x,Ankle.R_y,Ankle.R_z,Knee.R_x,Knee.R_y,Knee.R_z,Hip.R_x,Hip.R_y,Hip.R_z,Hip.L_x,Hip.L_y,Hip.L_z,Knee.L_x,Knee.L_y,Knee.L_z,Ankle.L_x,Ankle.L_y,Ankle.L_z,Wrist.R_x,Wrist.R_y,Wrist.R_z,Elbow.R_x,Elbow.R_y,Elbow.R_z,Shoulder.R_x,Shoulder.R_y,Shoulder.R_z,Shoulder.L_x,Shoulder.L_y,Shoulder.L_z,Elbow.L_x,Elbow.L_y,Elbow.L_z,Wrist.L_x,Wrist.L_y,Wrist.L_z,Neck_x,Neck_y,Neck_z,Head_x,Head_y,Head_z,Nose_x,Nose_y,Nose_z,Eye.L_x,Eye.L_y,Eye.L_z,Eye.R_x,Eye.R_y,Eye.R_z,Ear.L_x,Ear.L_y,Ear.L_z,Ear.R_x,Ear.R_y,Ear.R_z,hip.Center_x,hip.Center_y,hip.Center_z
0,0.10908253,0.0010233645,-0.027698744,-0.046574317,0.07693464,0.3038722,-0.034753866,0.07599118,-0.061554007,-0.0035413455,0.34148613,-0.026063556,-0.086435065,0.24282084,0.2902738,0.016276903,0.45185223,-0.0113747325,0.1735634,-0.099006735,0.1390091,-0.07511376,-0.033379022,0.088256374,-0.31961596,0.08781381,0.088931076,-0.32037678,0.3673627,0.15292972,-0.15120445,0.547852,0.26313078,-0.045140732,0.687287,0.4540763,-0.36697242,0.2288285,0.158965,-0.40662682,0.30030775,0.35523704,-0.325881,0.33148518,0.23185472,-0.37017375,0.351538,0.2642996,-0.32175833,0.31261033,0.28464088,-0.45625764,0.30687007,0.27511784,-0.35944337,0.21980113,0.3225296,-0.019147606566548347,0.20873865485191345,-0.04380878061056137
