frame,Ankle.R_x,Ankle.R_y,Ankle.R_z,Knee.R_x,Knee.R_y,Knee.R_z,Hip.R_x,Hip.R_y,Hip.R_z,Hip.L_x,Hip.L_y,Hip.L_z,Knee.L_x,Knee.L_y,Knee.L_z,Ankle.L_x,Ankle.L_y,Ankle.L_z,Wrist.R_x,Wrist.R_y,Wrist.R_z,Elbow.R_x,Elbow.R_y,Elbow.R_z,Shoulder.R_x,Shoulder.R_y,Shoulder.R_z,Shoulder.L_x,Shoulder.L_y,Shoulder.L_z,Elbow.L_x,Elbow.L_y,Elbow.L_z,Wrist.L_x,Wrist.L_y,Wrist.L_z,Neck_x,Neck_y,Neck_z,Head_x,Head_y,Head_z,Nose_x,Nose_y,Nose_z,Eye.L_x,Eye.L_y,Eye.L_z,Eye.R_x,Eye.R_y,Eye.R_z,Ear.L_x,Ear.L_y,Ear.L_z,Ear.R_x,Ear.R_y,Ear.R_z,hip.Center_x,hip.Center_y,hip.Center_z
0,0.11967509,-0.026268857,-0.038209867,-0.05441095,0.027166648,0.29105604,-0.043719508,0.08068092,-0.06670347,0.005770883,0.3400831,-0.02165872,-0.088278286,0.2580857,0.2892187,0.018456038,0.46372214,-0.015733363,0.11851309,-0.17705525,0.12772344,-0.11194586,-0.062333256,0.08767671,-0.32308656,0.11208849,0.08496116,-0.3098538,0.38414308,0.16350989,-0.20829754,0.5781859,0.3092765,-0.14581738,0.7102586,0.5228138,-0.3576806,0.25089726,0.16151308,-0.39308763,0.3068558,0.36381674,-0.3080069,0.346914,0.24602765,-0.35183138,0.36561972,0.2796298,-0.30593598,0.32235694,0.29654402,-0.4399557,0.32461008,0.2840238,-0.34927815,0.22830102,0.32384497,-0.018974311649799347,0.21038201451301575,-0.04418109357357025
