frame,Ankle.R_x,Ankle.R_y,Ankle.R_z,Knee.R_x,Knee.R_y,Knee.R_z,Hip.R_x,Hip.R_y,Hip.R_z,Hip.L_x,Hip.L_y,Hip.L_z,Knee.L_x,Knee.L_y,Knee.L_z,Ankle.L_x,Ankle.L_y,Ankle.L_z,Wrist.R_x,Wrist.R_y,Wrist.R_z,Elbow.R_x,Elbow.R_y,Elbow.R_z,Shoulder.R_x,Shoulder.R_y,Shoulder.R_z,Shoulder.L_x,Shoulder.L_y,Shoulder.L_z,Elbow.L_x,Elbow.L_y,Elbow.L_z,Wrist.L_x,Wrist.L_y,Wrist.L_z,Neck_x,Neck_y,Neck_z,Head_x,Head_y,Head_z,Nose_x,Nose_y,Nose_z,Eye.L_x,Eye.L_y,Eye.L_z,Eye.R_x,Eye.R_y,Eye.R_z,Ear.L_x,Ear.L_y,Ear.L_z,Ear.R_x,Ear.R_y,Ear.R_z,hip.Center_x,hip.Center_y,hip.Center_z
0,0.104605354,-0.059662692,-0.035483655,-0.070070714,0.038407568,0.29349604,-0.053517997,0.08256945,-0.06333683,0.016028091,0.33903643,-0.024697477,-0.099803954,0.27205005,0.27485934,0.017808458,0.4813314,-0.033445157,0.045520604,-0.24285483,0.12745753,-0.1514819,-0.07338807,0.0999813,-0.3297165,0.13198759,0.09522875,-0.31496623,0.39764965,0.17900395,-0.26615348,0.60656905,0.32760948,-0.21869335,0.76498365,0.5268558,-0.35307872,0.26938793,0.17290789,-0.37344202,0.32182205,0.3747608,-0.2967577,0.36956856,0.2538275,-0.33905193,0.38517213,0.29108572,-0.2907518,0.34307373,0.30326015,-0.42536223,0.340917,0.29856646,-0.32932192,0.24686028,0.32904777,-0.018744952976703644,0.21080294251441956,-0.04401715099811554
