frame,Ankle.R_x,Ankle.R_y,Ankle.R_z,Knee.R_x,Knee.R_y,Knee.R_z,Hip.R_x,Hip.R_y,Hip.R_z,Hip.L_x,Hip.L_y,Hip.L_z,Knee.L_x,Knee.L_y,Knee.L_z,Ankle.L_x,Ankle.L_y,Ankle.L_z,Wrist.R_x,Wrist.R_y,Wrist.R_z,Elbow.R_x,Elbow.R_y,Elbow.R_z,Shoulder.R_x,Shoulder.R_y,Shoulder.R_z,Shoulder.L_x,Shoulder.L_y,Shoulder.L_z,Elbow.L_x,Elbow.L_y,Elbow.L_z,Wrist.L_x,Wrist.L_y,Wrist.L_z,Neck_x,Neck_y,Neck_z,Head_x,Head_y,Head_z,Nose_x,Nose_y,Nose_z,Eye.L_x,Eye.L_y,Eye.L_z,Eye.R_x,Eye.R_y,Eye.R_z,Ear.L_x,Ear.L_y,Ear.L_z,Ear.R_x,Ear.R_y,Ear.R_z,hip.Center_x,hip.Center_y,hip.Center_z
0,0.1154588,-0.048021436,-0.021054229,-0.10747725,0.031806875,0.28417864,-0.06349297,0.08950624,-0.0646037,0.032614183,0.33613405,-0.023209466,-0.099222615,0.25658053,0.27367124,0.025830071,0.4752734,-0.02253253,-0.12516816,-0.347885,0.11903155,-0.21928197,-0.10674439,0.100474484,-0.32780057,0.1420841,0.116912715,-0.32204917,0.39960718,0.18700156,-0.33842725,0.62267447,0.3201632,-0.35097513,0.8037124,0.50226116,-0.3398466,0.27789828,0.18459192,-0.33456847,0.33763394,0.37937048,-0.26195204,0.3792341,0.2530455,-0.3011066,0.3977403,0.29236734,-0.2546652,0.35308316,0.30264917,-0.3892142,0.3584317,0.3069186,-0.29692638,0.25908476,0.3322336,-0.015439392998814583,0.2128201425075531,-0.04390658438205719
