frame,Ankle.R_x,Ankle.R_y,Ankle.R_z,Knee.R_x,Knee.R_y,Knee.R_z,Hip.R_x,Hip.R_y,Hip.R_z,Hip.L_x,Hip.L_y,Hip.L_z,Knee.L_x,Knee.L_y,Knee.L_z,Ankle.L_x,Ankle.L_y,Ankle.L_z,Wrist.R_x,Wrist.R_y,Wrist.R_z,Elbow.R_x,Elbow.R_y,Elbow.R_z,Shoulder.R_x,Shoulder.R_y,Shoulder.R_z,Shoulder.L_x,Shoulder.L_y,Shoulder.L_z,Elbow.L_x,Elbow.L_y,Elbow.L_z,Wrist.L_x,Wrist.L_y,Wrist.L_z,Neck_x,Neck_y,Neck_z,Head_x,Head_y,Head_z,Nose_x,Nose_y,Nose_z,Eye.L_x,Eye.L_y,Eye.L_z,Eye.R_x,Eye.R_y,Eye.R_z,Ear.L_x,Ear.L_y,Ear.L_z,Ear.R_x,Ear.R_y,Ear.R_z,hip.Center_x,hip.Center_y,hip.Center_z
0,0.14239863,-0.03206987,0.010560752,-0.12489528,0.057792675,0.27575833,-0.063738525,0.090022795,-0.066382155,0.032057267,0.33639598,-0.019581323,-0.0993763,0.23905542,0.2740119,0.049959123,0.47747558,0.0036470178,-0.24106759,-0.3841387,0.14247179,-0.2789121,-0.13075434,0.09987917,-0.33272713,0.1340917,0.119865365,-0.32045686,0.3939213,0.18648545,-0.35957128,0.63557744,0.273827,-0.43223393,0.8320629,0.42230386,-0.3402933,0.27236238,0.19105813,-0.34107402,0.36995074,0.37168118,-0.2677192,0.3824255,0.23949079,-0.30863288,0.40808287,0.27278286,-0.25967348,0.37056416,0.2945259,-0.39402488,0.3678499,0.2961358,-0.29748744,0.28340614,0.34689623,-0.015840629115700722,0.2132093906402588,-0.04298174008727074
