frame,Ankle.R_x,Ankle.R_y,Ankle.R_z,Knee.R_x,Knee.R_y,Knee.R_z,Hip.R_x,Hip.R_y,Hip.R_z,Hip.L_x,Hip.L_y,Hip.L_z,Knee.L_x,Knee.L_y,Knee.L_z,Ankle.L_x,Ankle.L_y,Ankle.L_z,Wrist.R_x,Wrist.R_y,Wrist.R_z,Elbow.R_x,Elbow.R_y,Elbow.R_z,Shoulder.R_x,Shoulder.R_y,Shoulder.R_z,Shoulder.L_x,Shoulder.L_y,Shoulder.L_z,Elbow.L_x,Elbow.L_y,Elbow.L_z,Wrist.L_x,Wrist.L_y,Wrist.L_z,Neck_x,Neck_y,Neck_z,Head_x,Head_y,Head_z,Nose_x,Nose_y,Nose_z,Eye.L_x,Eye.L_y,Eye.L_z,Eye.R_x,Eye.R_y,Eye.R_z,Ear.L_x,Ear.L_y,Ear.L_z,Ear.R_x,Ear.R_y,Ear.R_z,hip.Center_x,hip.Center_y,hip.Center_z
0,0.37513536,0.06433812,-0.53900427,0.38757604,0.09729865,-0.14439599,0.010674141,0.082103245,0.009486612,-0.018561963,0.32396698,-0.004380956,0.18671823,0.28722426,-0.3590267,0.39425611,0.2787992,-0.73298925,-0.18008913,-0.04207651,0.15565112,-0.21246694,-0.031246375,-0.08637719,-0.3924492,0.08892247,0.09017563,-0.40029532,0.32411873,0.09010573,-0.33102342,0.46960095,-0.13078028,-0.20402087,0.503005,0.05755149,-0.43714583,0.19767714,0.12421906,-0.62437755,0.22217819,0.13442093,-0.51141906,0.20688197,0.032909006,-0.5665274,0.18756303,0.047193855,-0.54384106,0.24550372,0.06475946,-0.58556366,0.1301849,0.12504615,-0.5416552,0.25421134,0.16318391,-0.003943910822272301,0.2030351161956787,0.0025528280530124903
