frame,Ankle.R_x,Ankle.R_y,Ankle.R_z,Knee.R_x,Knee.R_y,Knee.R_z,Hip.R_x,Hip.R_y,Hip.R_z,Hip.L_x,Hip.L_y,Hip.L_z,Knee.L_x,Knee.L_y,Knee.L_z,Ankle.L_x,Ankle.L_y,Ankle.L_z,Wrist.R_x,Wrist.R_y,Wrist.R_z,Elbow.R_x,Elbow.R_y,Elbow.R_z,Shoulder.R_x,Shoulder.R_y,Shoulder.R_z,Shoulder.L_x,Shoulder.L_y,Shoulder.L_z,Elbow.L_x,Elbow.L_y,Elbow.L_z,Wrist.L_x,Wrist.L_y,Wrist.L_z,Neck_x,Neck_y,Neck_z,Head_x,Head_y,Head_z,Nose_x,Nose_y,Nose_z,Eye.L_x,Eye.L_y,Eye.L_z,Eye.R_x,Eye.R_y,Eye.R_z,Ear.L_x,Ear.L_y,Ear.L_z,Ear.R_x,Ear.R_y,Ear.R_z,hip.Center_x,hip.Center_y,hip.Center_z
0,0.17764832,0.01927071,0.0074295085,-0.084762506,0.037789296,0.28705668,-0.05397764,0.08355628,-0.059822857,0.019150479,0.33717903,-0.022035543,-0.07652878,0.23322849,0.28974372,0.08369721,0.46969244,0.024171172,-0.32995403,-0.3668045,0.17645083,-0.33779967,-0.13002545,0.07021977,-0.3619349,0.1373953,0.08929328,-0.34661627,0.39774147,0.14504227,-0.38373962,0.6522364,0.18052,-0.43953443,0.85866714,0.3197551,-0.3697,0.2757841,0.1590307,-0.36597383,0.38695002,0.33222818,-0.2956998,0.37584,0.19930623,-0.33283782,0.4095068,0.229351,-0.2874515,0.37049794,0.25517622,-0.42020002,0.3800302,0.2578794,-0.33133268,0.29509574,0.31846577,-0.017413578927516937,0.21036764979362488,-0.040929198265075684
