frame,Ankle.R_x,Ankle.R_y,Ankle.R_z,Knee.R_x,Knee.R_y,Knee.R_z,Hip.R_x,Hip.R_y,Hip.R_z,Hip.L_x,Hip.L_y,Hip.L_z,Knee.L_x,Knee.L_y,Knee.L_z,Ankle.L_x,Ankle.L_y,Ankle.L_z,Wrist.R_x,Wrist.R_y,Wrist.R_z,Elbow.R_x,Elbow.R_y,Elbow.R_z,Shoulder.R_x,Shoulder.R_y,Shoulder.R_z,Shoulder.L_x,Shoulder.L_y,Shoulder.L_z,Elbow.L_x,Elbow.L_y,Elbow.L_z,Wrist.L_x,Wrist.L_y,Wrist.L_z,Neck_x,Neck_y,Neck_z,Head_x,Head_y,Head_z,Nose_x,Nose_y,Nose_z,Eye.L_x,Eye.L_y,Eye.L_z,Eye.R_x,Eye.R_y,Eye.R_z,Ear.L_x,Ear.L_y,Ear.L_z,Ear.R_x,Ear.R_y,Ear.R_z,hip.Center_x,hip.Center_y,hip.Center_z
0,0.16867131,0.019860402,-0.0055358047,-0.06416748,0.04186157,0.30005535,-0.04565548,0.07973848,-0.05370398,0.009883219,0.33747813,-0.027105803,-0.05897377,0.23537575,0.30290002,0.10541781,0.46758705,0.03375465,-0.35360342,-0.36999083,0.18918784,-0.35187563,-0.14172348,0.065793514,-0.368859,0.1279614,0.083883576,-0.35443383,0.3929175,0.12410679,-0.37774894,0.6515351,0.14949119,-0.42437434,0.86436963,0.28234214,-0.3791489,0.27050194,0.14585392,-0.37363768,0.40017745,0.3034047,-0.3022964,0.36364067,0.17668173,-0.3375479,0.40413663,0.19992724,-0.2954452,0.3665655,0.23281506,-0.42728806,0.38497758,0.23014762,-0.3456347,0.30517837,0.30536744,-0.01788613200187683,0.20860829949378967,-0.04040488973259926
