frame,Ankle.R_x,Ankle.R_y,Ankle.R_z,Knee.R_x,Knee.R_y,Knee.R_z,Hip.R_x,Hip.R_y,Hip.R_z,Hip.L_x,Hip.L_y,Hip.L_z,Knee.L_x,Knee.L_y,Knee.L_z,Ankle.L_x,Ankle.L_y,Ankle.L_z,Wrist.R_x,Wrist.R_y,Wrist.R_z,Elbow.R_x,Elbow.R_y,Elbow.R_z,Shoulder.R_x,Shoulder.R_y,Shoulder.R_z,Shoulder.L_x,Shoulder.L_y,Shoulder.L_z,Elbow.L_x,Elbow.L_y,Elbow.L_z,Wrist.L_x,Wrist.L_y,Wrist.L_z,Neck_x,Neck_y,Neck_z,Head_x,Head_y,Head_z,Nose_x,Nose_y,Nose_z,Eye.L_x,Eye.L_y,Eye.L_z,Eye.R_x,Eye.R_y,Eye.R_z,Ear.L_x,Ear.L_y,Ear.L_z,Ear.R_x,Ear.R_y,Ear.R_z,hip.Center_x,hip.Center_y,hip.Center_z
0,0.1617271,0.02586721,-0.014386646,-0.054058958,0.043269765,0.30339336,-0.04099553,0.07845788,-0.05248317,0.005516288,0.33860183,-0.029230697,-0.070924014,0.24667953,0.29724842,0.098766215,0.4590721,0.016045349,-0.36520663,-0.38058445,0.19236436,-0.3453408,-0.1552605,0.06375062,-0.3721015,0.11314274,0.07830072,-0.36559913,0.37722677,0.121565044,-0.37678617,0.6414829,0.12561528,-0.41798884,0.85278916,0.26208246,-0.38625893,0.2555889,0.14288379,-0.38374725,0.40492427,0.27661544,-0.314886,0.34839964,0.15598238,-0.35154286,0.3908556,0.17312238,-0.30616832,0.36230037,0.21031523,-0.43872124,0.37333134,0.21035756,-0.35004485,0.31257474,0.29544705,-0.01773962192237377,0.20852985978126526,-0.04085693508386612
