frame,Ankle.R_x,Ankle.R_y,Ankle.R_z,Knee.R_x,Knee.R_y,Knee.R_z,Hip.R_x,Hip.R_y,Hip.R_z,Hip.L_x,Hip.L_y,Hip.L_z,Knee.L_x,Knee.L_y,Knee.L_z,Ankle.L_x,Ankle.L_y,Ankle.L_z,Wrist.R_x,Wrist.R_y,Wrist.R_z,Elbow.R_x,Elbow.R_y,Elbow.R_z,Shoulder.R_x,Shoulder.R_y,Shoulder.R_z,Shoulder.L_x,Shoulder.L_y,Shoulder.L_z,Elbow.L_x,Elbow.L_y,Elbow.L_z,Wrist.L_x,Wrist.L_y,Wrist.L_z,Neck_x,Neck_y,Neck_z,Head_x,Head_y,Head_z,Nose_x,Nose_y,Nose_z,Eye.L_x,Eye.L_y,Eye.L_z,Eye.R_x,Eye.R_y,Eye.R_z,Ear.L_x,Ear.L_y,Ear.L_z,Ear.R_x,Ear.R_y,Ear.R_z,hip.Center_x,hip.Center_y,hip.Center_z
0,0.13806905,0.022527575,-0.013022686,-0.07515959,0.047124594,0.3045706,-0.038997304,0.07747142,-0.049513526,0.008013949,0.33969855,-0.03518863,-0.072132915,0.24682283,0.30165303,0.1046202,0.43615428,0.010636815,-0.40492478,-0.37139022,0.20683248,-0.37400952,-0.16594157,0.049808882,-0.37399098,0.10346548,0.06456512,-0.3729795,0.3735624,0.0947857,-0.37152275,0.63861763,0.092971556,-0.41049525,0.87151504,0.1926516,-0.39500645,0.24602595,0.12143946,-0.4205469,0.3778882,0.2760938,-0.36021337,0.36394912,0.13948241,-0.40345484,0.38969022,0.16842204,-0.34635898,0.3715629,0.19357023,-0.4753245,0.3411173,0.21094379,-0.3604405,0.29953235,0.27222738,-0.015491677448153496,0.2085849940776825,-0.04235107824206352
