frame,Ankle.R_x,Ankle.R_y,Ankle.R_z,Knee.R_x,Knee.R_y,Knee.R_z,Hip.R_x,Hip.R_y,Hip.R_z,Hip.L_x,Hip.L_y,Hip.L_z,Knee.L_x,Knee.L_y,Knee.L_z,Ankle.L_x,Ankle.L_y,Ankle.L_z,Wrist.R_x,Wrist.R_y,Wrist.R_z,Elbow.R_x,Elbow.R_y,Elbow.R_z,Shoulder.R_x,Shoulder.R_y,Shoulder.R_z,Shoulder.L_x,Shoulder.L_y,Shoulder.L_z,Elbow.L_x,Elbow.L_y,Elbow.L_z,Wrist.L_x,Wrist.L_y,Wrist.L_z,Neck_x,Neck_y,Neck_z,Head_x,Head_y,Head_z,Nose_x,Nose_y,Nose_z,Eye.L_x,Eye.L_y,Eye.L_z,Eye.R_x,Eye.R_y,Eye.R_z,Ear.L_x,Ear.L_y,Ear.L_z,Ear.R_x,Ear.R_y,Ear.R_z,hip.Center_x,hip.Center_y,hip.Center_z
0,0.1535176,0.029202169,-0.00043224724,-0.06688898,0.0611439,0.31282133,-0.03363137,0.07493048,-0.044583056,0.0028680665,0.33945745,-0.04022028,-0.06449807,0.25219804,0.3068435,0.11279068,0.4537248,0.019602168,-0.39236212,-0.3731454,0.20442112,-0.38476667,-0.17371963,0.037564825,-0.3764571,0.096391596,0.07090364,-0.37688786,0.36659348,0.09946421,-0.37718856,0.63271874,0.100692,-0.41517535,0.86763,0.19788405,-0.39744323,0.2376832,0.1256625,-0.44263685,0.34525007,0.29808202,-0.38947242,0.3700918,0.15927224,-0.43537262,0.37886718,0.1930962,-0.37413892,0.37163728,0.21345682,-0.49097365,0.30796406,0.22761552,-0.36589432,0.28665316,0.27867562,-0.015381650999188423,0.20719397068023682,-0.042401667684316635
