frame,Ankle.R_x,Ankle.R_y,Ankle.R_z,Knee.R_x,Knee.R_y,Knee.R_z,Hip.R_x,Hip.R_y,Hip.R_z,Hip.L_x,Hip.L_y,Hip.L_z,Knee.L_x,Knee.L_y,Knee.L_z,Ankle.L_x,Ankle.L_y,Ankle.L_z,Wrist.R_x,Wrist.R_y,Wrist.R_z,Elbow.R_x,Elbow.R_y,Elbow.R_z,Shoulder.R_x,Shoulder.R_y,Shoulder.R_z,Shoulder.L_x,Shoulder.L_y,Shoulder.L_z,Elbow.L_x,Elbow.L_y,Elbow.L_z,Wrist.L_x,Wrist.L_y,Wrist.L_z,Neck_x,Neck_y,Neck_z,Head_x,Head_y,Head_z,Nose_x,Nose_y,Nose_z,Eye.L_x,Eye.L_y,Eye.L_z,Eye.R_x,Eye.R_y,Eye.R_z,Ear.L_x,Ear.L_y,Ear.L_z,Ear.R_x,Ear.R_y,Ear.R_z,hip.Center_x,hip.Center_y,hip.Center_z
0,0.15966743,0.043761745,0.015080952,-0.07348945,0.07133067,0.3181443,-0.03314412,0.074732035,-0.043425642,0.005366064,0.3395763,-0.04202656,-0.059129685,0.247231,0.31352353,0.114015475,0.44952324,0.025575107,-0.3873432,-0.36221898,0.214893,-0.38103893,-0.16793612,0.043742962,-0.37344003,0.10372147,0.07987981,-0.3742786,0.3751338,0.095877625,-0.3742583,0.6425561,0.09350177,-0.40891308,0.86767626,0.21177518,-0.39445007,0.24603635,0.12520266,-0.46321946,0.32007784,0.30844334,-0.3894684,0.3829807,0.19116297,-0.4410371,0.3813272,0.21750313,-0.3833342,0.36967975,0.24566467,-0.49751705,0.3030976,0.22278334,-0.38044205,0.27086058,0.28722724,-0.013889027759432793,0.20715416967868805,-0.042726099491119385
