frame,Ankle.R_x,Ankle.R_y,Ankle.R_z,Knee.R_x,Knee.R_y,Knee.R_z,Hip.R_x,Hip.R_y,Hip.R_z,Hip.L_x,Hip.L_y,Hip.L_z,Knee.L_x,Knee.L_y,Knee.L_z,Ankle.L_x,Ankle.L_y,Ankle.L_z,Wrist.R_x,Wrist.R_y,Wrist.R_z,Elbow.R_x,Elbow.R_y,Elbow.R_z,Shoulder.R_x,Shoulder.R_y,Shoulder.R_z,Shoulder.L_x,Shoulder.L_y,Shoulder.L_z,Elbow.L_x,Elbow.L_y,Elbow.L_z,Wrist.L_x,Wrist.L_y,Wrist.L_z,Neck_x,Neck_y,Neck_z,Head_x,Head_y,Head_z,Nose_x,Nose_y,Nose_z,Eye.L_x,Eye.L_y,Eye.L_z,Eye.R_x,Eye.R_y,Eye.R_z,Ear.L_x,Ear.L_y,Ear.L_z,Ear.R_x,Ear.R_y,Ear.R_z,hip.Center_x,hip.Center_y,hip.Center_z
0,0.16554272,0.0469128,0.023393573,-0.07035621,0.07430222,0.32370183,-0.033800676,0.07436567,-0.041802794,0.0073891487,0.3391147,-0.044346515,-0.051964395,0.2512001,0.318978,0.121398896,0.4520159,0.02836419,-0.3929041,-0.3572046,0.20652433,-0.39424032,-0.16118965,0.037797645,-0.37725142,0.11013793,0.07810434,-0.37029505,0.38221082,0.09418452,-0.36589533,0.64941794,0.09208042,-0.3907233,0.878268,0.20664938,-0.39443052,0.25338733,0.12161887,-0.4677283,0.3152094,0.30552828,-0.38984147,0.39087805,0.19804777,-0.44236404,0.38575473,0.22173923,-0.38568205,0.3723875,0.25115648,-0.49778414,0.30701005,0.21656665,-0.3832075,0.26955178,0.2830138,-0.013205763883888721,0.20674018561840057,-0.043074652552604675
