frame,Ankle.R_x,Ankle.R_y,Ankle.R_z,Knee.R_x,Knee.R_y,Knee.R_z,Hip.R_x,Hip.R_y,Hip.R_z,Hip.L_x,Hip.L_y,Hip.L_z,Knee.L_x,Knee.L_y,Knee.L_z,Ankle.L_x,Ankle.L_y,Ankle.L_z,Wrist.R_x,Wrist.R_y,Wrist.R_z,Elbow.R_x,Elbow.R_y,Elbow.R_z,Shoulder.R_x,Shoulder.R_y,Shoulder.R_z,Shoulder.L_x,Shoulder.L_y,Shoulder.L_z,Elbow.L_x,Elbow.L_y,Elbow.L_z,Wrist.L_x,Wrist.L_y,Wrist.L_z,Neck_x,Neck_y,Neck_z,Head_x,Head_y,Head_z,Nose_x,Nose_y,Nose_z,Eye.L_x,Eye.L_y,Eye.L_z,Eye.R_x,Eye.R_y,Eye.R_z,Ear.L_x,Ear.L_y,Ear.L_z,Ear.R_x,Ear.R_y,Ear.R_z,hip.Center_x,hip.Center_y,hip.Center_z
0,0.1658083,0.050264537,0.023776807,-0.07267865,0.07449833,0.32419708,-0.034579128,0.074692465,-0.040247656,0.008124213,0.3390174,-0.045810975,-0.052902374,0.25568604,0.31797388,0.12214525,0.45521912,0.02637994,-0.38444948,-0.35062537,0.2120409,-0.39417773,-0.15835492,0.038009617,-0.37909502,0.113541625,0.077935204,-0.37439007,0.386955,0.08513018,-0.36578602,0.6544232,0.08810835,-0.3940904,0.8836937,0.20348507,-0.3984387,0.25703713,0.11680308,-0.46628454,0.31592837,0.30467793,-0.3982777,0.39423054,0.19305146,-0.44889984,0.3874699,0.22009556,-0.39002782,0.37550727,0.2455771,-0.5024211,0.30696654,0.21786767,-0.38260192,0.2731212,0.27632326,-0.01322745718061924,0.2068549245595932,-0.043029315769672394
