frame,Ankle.R_x,Ankle.R_y,Ankle.R_z,Knee.R_x,Knee.R_y,Knee.R_z,Hip.R_x,Hip.R_y,Hip.R_z,Hip.L_x,Hip.L_y,Hip.L_z,Knee.L_x,Knee.L_y,Knee.L_z,Ankle.L_x,Ankle.L_y,Ankle.L_z,Wrist.R_x,Wrist.R_y,Wrist.R_z,Elbow.R_x,Elbow.R_y,Elbow.R_z,Shoulder.R_x,Shoulder.R_y,Shoulder.R_z,Shoulder.L_x,Shoulder.L_y,Shoulder.L_z,Elbow.L_x,Elbow.L_y,Elbow.L_z,Wrist.L_x,Wrist.L_y,Wrist.L_z,Neck_x,Neck_y,Neck_z,Head_x,Head_y,Head_z,Nose_x,Nose_y,Nose_z,Eye.L_x,Eye.L_y,Eye.L_z,Eye.R_x,Eye.R_y,Eye.R_z,Ear.L_x,Ear.L_y,Ear.L_z,Ear.R_x,Ear.R_y,Ear.R_z,hip.Center_x,hip.Center_y,hip.Center_z
0,0.15787259,0.060001694,0.039215453,-0.097426355,0.09095146,0.32120904,-0.039495945,0.07427404,-0.041396454,0.016005207,0.33767483,-0.04648383,-0.049161814,0.26447287,0.3230639,0.11056903,0.4710718,0.0318151,-0.3868097,-0.3339455,0.21618776,-0.38765818,-0.14265318,0.042060155,-0.3841636,0.13170011,0.056454476,-0.37419325,0.40265933,0.05999203,-0.37058952,0.66821903,0.06976286,-0.40111607,0.8932103,0.1900764,-0.40220386,0.27335888,0.08968572,-0.48676065,0.29583755,0.27600557,-0.39703178,0.39443016,0.20052324,-0.45158768,0.38651252,0.21849683,-0.39817205,0.36006442,0.24520873,-0.5116575,0.3176306,0.18666406,-0.40446353,0.2537858,0.24460863,-0.01174536906182766,0.20597442984580994,-0.043940141797065735
