frame,Ankle.R_x,Ankle.R_y,Ankle.R_z,Knee.R_x,Knee.R_y,Knee.R_z,Hip.R_x,Hip.R_y,Hip.R_z,Hip.L_x,Hip.L_y,Hip.L_z,Knee.L_x,Knee.L_y,Knee.L_z,Ankle.L_x,Ankle.L_y,Ankle.L_z,Wrist.R_x,Wrist.R_y,Wrist.R_z,Elbow.R_x,Elbow.R_y,Elbow.R_z,Shoulder.R_x,Shoulder.R_y,Shoulder.R_z,Shoulder.L_x,Shoulder.L_y,Shoulder.L_z,Elbow.L_x,Elbow.L_y,Elbow.L_z,Wrist.L_x,Wrist.L_y,Wrist.L_z,Neck_x,Neck_y,Neck_z,Head_x,Head_y,Head_z,Nose_x,Nose_y,Nose_z,Eye.L_x,Eye.L_y,Eye.L_z,Eye.R_x,Eye.R_y,Eye.R_z,Ear.L_x,Ear.L_y,Ear.L_z,Ear.R_x,Ear.R_y,Ear.R_z,hip.Center_x,hip.Center_y,hip.Center_z
0,0.3814521,0.08146651,-0.17652,0.30228415,0.0960043,0.19660379,-0.010445163,0.0759424,-0.0100001395,-0.012805993,0.32718834,-0.0035488324,0.20192489,0.27385047,-0.34579623,0.39642462,0.24741781,-0.7286798,-0.038842063,0.0016049125,0.12917626,-0.1753582,-0.029180696,-0.07584888,-0.39599466,0.075580806,0.054428957,-0.3944245,0.32228643,0.080290295,-0.22218342,0.40212524,-0.11297007,-0.04924246,0.4418256,0.033517696,-0.4479816,0.19249284,0.0967596,-0.63328946,0.2379722,0.12664703,-0.5468763,0.21096416,0.0022850037,-0.59998035,0.1978579,0.027959809,-0.5666718,0.25258324,0.039439708,-0.6092856,0.14261587,0.11025216,-0.54272306,0.25930473,0.13649328,-0.011625577695667744,0.20156536996364594,-0.006774486042559147
