frame,Ankle.R_x,Ankle.R_y,Ankle.R_z,Knee.R_x,Knee.R_y,Knee.R_z,Hip.R_x,Hip.R_y,Hip.R_z,Hip.L_x,Hip.L_y,Hip.L_z,Knee.L_x,Knee.L_y,Knee.L_z,Ankle.L_x,Ankle.L_y,Ankle.L_z,Wrist.R_x,Wrist.R_y,Wrist.R_z,Elbow.R_x,Elbow.R_y,Elbow.R_z,Shoulder.R_x,Shoulder.R_y,Shoulder.R_z,Shoulder.L_x,Shoulder.L_y,Shoulder.L_z,Elbow.L_x,Elbow.L_y,Elbow.L_z,Wrist.L_x,Wrist.L_y,Wrist.L_z,Neck_x,Neck_y,Neck_z,Head_x,Head_y,Head_z,Nose_x,Nose_y,Nose_z,Eye.L_x,Eye.L_y,Eye.L_z,Eye.R_x,Eye.R_y,Eye.R_z,Ear.L_x,Ear.L_y,Ear.L_z,Ear.R_x,Ear.R_y,Ear.R_z,hip.Center_x,hip.Center_y,hip.Center_z
0,0.13689186,0.0396565,0.23202132,-0.24789736,0.07749587,0.19628924,-0.04947204,0.08179266,-0.05372373,0.032648515,0.33407626,-0.033611644,0.09850703,0.2694031,0.35542992,0.08292704,0.45414716,0.025645219,-0.42855927,-0.32695407,0.21579418,-0.39232436,-0.15506253,0.026764635,-0.3727563,0.11548053,0.039838836,-0.38200057,0.3866614,0.04767865,-0.38281766,0.6509691,0.055332527,-0.40351206,0.8751577,0.17605323,-0.40247077,0.2577013,0.073634505,-0.49946928,0.3336179,0.23739152,-0.4029535,0.39562836,0.13726163,-0.4590907,0.39462534,0.15282653,-0.40777525,0.38268858,0.19180125,-0.5155468,0.31762025,0.14818032,-0.41578215,0.28292102,0.23163038,-0.008411763235926628,0.2079344540834427,-0.043667688965797424
