frame,Ankle.R_x,Ankle.R_y,Ankle.R_z,Knee.R_x,Knee.R_y,Knee.R_z,Hip.R_x,Hip.R_y,Hip.R_z,Hip.L_x,Hip.L_y,Hip.L_z,Knee.L_x,Knee.L_y,Knee.L_z,Ankle.L_x,Ankle.L_y,Ankle.L_z,Wrist.R_x,Wrist.R_y,Wrist.R_z,Elbow.R_x,Elbow.R_y,Elbow.R_z,Shoulder.R_x,Shoulder.R_y,Shoulder.R_z,Shoulder.L_x,Shoulder.L_y,Shoulder.L_z,Elbow.L_x,Elbow.L_y,Elbow.L_z,Wrist.L_x,Wrist.L_y,Wrist.L_z,Neck_x,Neck_y,Neck_z,Head_x,Head_y,Head_z,Nose_x,Nose_y,Nose_z,Eye.L_x,Eye.L_y,Eye.L_z,Eye.R_x,Eye.R_y,Eye.R_z,Ear.L_x,Ear.L_y,Ear.L_z,Ear.R_x,Ear.R_y,Ear.R_z,hip.Center_x,hip.Center_y,hip.Center_z
0,0.13422143,0.034204148,0.24398533,-0.2476088,0.0729229,0.19290398,-0.049041197,0.082152545,-0.05450431,0.030890312,0.33381268,-0.031778593,0.107932575,0.26959726,0.3541886,0.07731199,0.4565841,0.02711392,-0.44072214,-0.3205791,0.21668896,-0.3977448,-0.15344064,0.024819454,-0.37659588,0.116874844,0.03307571,-0.38250765,0.38781428,0.04583333,-0.38337573,0.65169376,0.062414132,-0.40852046,0.8729131,0.18797275,-0.4054423,0.25813934,0.0698358,-0.50298244,0.33234257,0.23599076,-0.4009086,0.39144072,0.14007047,-0.45744947,0.3934571,0.15464675,-0.40793392,0.37660113,0.19408673,-0.5186099,0.3206828,0.14608002,-0.42275727,0.27627861,0.22976586,-0.00907544232904911,0.2079826146364212,-0.043141450732946396
