frame,Ankle.R_x,Ankle.R_y,Ankle.R_z,Knee.R_x,Knee.R_y,Knee.R_z,Hip.R_x,Hip.R_y,Hip.R_z,Hip.L_x,Hip.L_y,Hip.L_z,Knee.L_x,Knee.L_y,Knee.L_z,Ankle.L_x,Ankle.L_y,Ankle.L_z,Wrist.R_x,Wrist.R_y,Wrist.R_z,Elbow.R_x,Elbow.R_y,Elbow.R_z,Shoulder.R_x,Shoulder.R_y,Shoulder.R_z,Shoulder.L_x,Shoulder.L_y,Shoulder.L_z,Elbow.L_x,Elbow.L_y,Elbow.L_z,Wrist.L_x,Wrist.L_y,Wrist.L_z,Neck_x,Neck_y,Neck_z,Head_x,Head_y,Head_z,Nose_x,Nose_y,Nose_z,Eye.L_x,Eye.L_y,Eye.L_z,Eye.R_x,Eye.R_y,Eye.R_z,Ear.L_x,Ear.L_y,Ear.L_z,Ear.R_x,Ear.R_y,Ear.R_z,hip.Center_x,hip.Center_y,hip.Center_z
0,0.41752636,0.093622215,0.04682457,0.11579338,0.08605557,0.29879782,-0.032994844,0.08058354,-0.03130825,-0.0006559004,0.33273232,0.0028940237,0.24531141,0.2812732,-0.31474963,0.40643972,0.25936723,-0.72245526,0.0797568,-0.054977186,0.053996976,-0.17047688,-0.029306881,0.0152109265,-0.40631476,0.107714266,0.0049429853,-0.36791116,0.3666398,0.091568984,-0.1096049,0.43641883,0.07597861,0.13572335,0.4430198,0.09241653,-0.45357662,0.23774268,0.058041625,-0.6293161,0.31750172,0.10669064,-0.5847194,0.266185,-0.03110551,-0.6303084,0.2637582,0.009060826,-0.5872903,0.3129389,0.004719697,-0.6241771,0.21696702,0.09953724,-0.5377814,0.32234815,0.09019887,-0.016825372353196144,0.20665793120861053,-0.014207112602889538
